timestamp,lat,lon,elevation,source
2026-10-05 08:00:00,44.7238,37.777,20.0,observed
2026-10-05 08:00:01,44.723664,37.777177,20.75,observed
2026-10-05 08:00:02,44.723527,37.777353,21.46,observed
2026-10-05 08:00:03,44.723391,37.77753,22.15,observed
2026-10-05 08:00:04,44.723254,37.777706,22.8,observed
2026-10-05 08:00:05,44.723182,37.7778,23.2,interp_short
2026-10-05 08:00:06,44.723118,37.777883,23.42,observed
2026-10-05 08:00:07,44.723047,37.777974,23.64,interp_short
2026-10-05 08:00:08,44.722981,37.77806,24.0,observed
2026-10-05 08:00:09,44.722845,37.778236,24.56,observed
2026-10-05 08:00:10,44.722708,37.778413,25.08,observed
2026-10-05 08:00:11,44.722572,37.77859,25.57,observed
2026-10-05 08:00:12,44.722502,37.778679,25.82,interp_short
2026-10-05 08:00:13,44.722435,37.778766,26.04,observed
2026-10-05 08:00:14,44.722299,37.778943,26.47,observed
2026-10-05 08:00:15,44.722162,37.77912,26.88,observed
2026-10-05 08:00:16,44.722093,37.779209,27.07,interp_short
2026-10-05 08:00:17,44.722026,37.779296,27.27,observed
2026-10-05 08:00:18,44.721889,37.779473,27.63,observed
2026-10-05 08:00:19,44.721821,37.779562,27.81,interp_short
2026-10-05 08:00:20,44.721753,37.77965,27.97,observed
2026-10-05 08:00:21,44.721616,37.779827,28.29,observed
2026-10-05 08:00:22,44.721547,37.779916,28.45,interp_short
2026-10-05 08:00:23,44.72148,37.780003,28.59,observed
2026-10-05 08:00:24,44.721343,37.78018,28.88,observed
2026-10-05 08:00:25,44.721251,37.780299,29.09,interp_short
2026-10-05 08:00:26,44.721162,37.780414,29.24,interp_short
2026-10-05 08:00:27,44.72107,37.780533,29.42,observed
2026-10-05 08:00:28,44.720933,37.78071,29.67,observed
2026-10-05 08:00:29,44.720865,37.780797,29.82,interp_short
2026-10-05 08:00:30,44.720796,37.780887,29.91,observed
2026-10-05 08:00:31,44.720705,37.781004,30.03,interp_short
2026-10-05 08:00:32,44.720615,37.78112,30.19,interp_short
2026-10-05 08:00:33,44.720522,37.78124,30.39,observed
2026-10-05 08:00:34,44.720386,37.781417,30.63,observed
2026-10-05 08:00:35,44.720249,37.781593,30.87,observed
2026-10-05 08:00:36,44.720181,37.781681,30.98,interp_short
2026-10-05 08:00:37,44.720112,37.78177,31.11,observed
2026-10-05 08:00:38,44.719975,37.781946,31.35,observed
2026-10-05 08:00:39,44.719907,37.782034,31.48,interp_short
2026-10-05 08:00:40,44.719838,37.782123,31.6,observed
2026-10-05 08:00:41,44.719701,37.782299,31.86,observed
2026-10-05 08:00:42,44.719564,37.782476,32.13,observed
2026-10-05 08:00:43,44.719495,37.782564,32.27,interp_short
2026-10-05 08:00:44,44.719426,37.782652,32.41,observed
2026-10-05 08:00:45,44.719289,37.782829,32.67,interp_short
2026-10-05 08:00:46,44.719152,37.783005,33.01,observed
2026-10-05 08:00:47,44.719015,37.783181,33.33,observed
2026-10-05 08:00:48,44.718946,37.78327,33.53,interp_short
2026-10-05 08:00:49,44.718877,37.783357,33.66,observed
2026-10-05 08:00:50,44.718784,37.783476,33.82,interp_short
2026-10-05 08:00:51,44.718695,37.78359,34.05,interp_short
2026-10-05 08:00:52,44.718603,37.783709,34.38,observed
2026-10-05 08:00:53,44.718465,37.783886,34.76,observed
2026-10-05 08:00:54,44.718397,37.783973,34.95,interp_short
2026-10-05 08:00:55,44.718328,37.784062,35.16,observed
2026-10-05 08:00:56,44.71819,37.784238,35.57,observed
2026-10-05 08:00:57,44.718123,37.784324,35.79,interp_short
2026-10-05 08:00:58,44.718053,37.784414,36.0,observed
2026-10-05 08:00:59,44.717915,37.784589,36.44,observed
2026-10-05 08:01:00,44.717778,37.784765,36.9,observed
2026-10-05 08:01:01,44.717711,37.784851,37.13,interp_short
2026-10-05 08:01:02,44.71764,37.784941,37.37,observed
2026-10-05 08:01:03,44.717503,37.785117,37.85,observed
2026-10-05 08:01:04,44.717365,37.785292,38.35,observed
2026-10-05 08:01:05,44.717273,37.785409,38.7,interp_short
2026-10-05 08:01:06,44.717183,37.785525,38.99,interp_short
2026-10-05 08:01:07,44.71709,37.785644,39.36,observed
2026-10-05 08:01:08,44.716952,37.785819,39.88,observed
2026-10-05 08:01:09,44.716815,37.785995,40.4,observed
2026-10-05 08:01:10,44.716677,37.78617,40.92,observed
2026-10-05 08:01:11,44.71654,37.786345,41.45,observed
2026-10-05 08:01:12,44.716402,37.786521,41.97,observed
2026-10-05 08:01:13,44.716331,37.786612,42.22,interp_short
2026-10-05 08:01:14,44.716264,37.786696,42.49,observed
2026-10-05 08:01:15,44.716127,37.786871,43.0,observed
2026-10-05 08:01:16,44.716056,37.786961,43.33,interp_short
2026-10-05 08:01:17,44.715989,37.787046,43.51,observed
2026-10-05 08:01:18,44.715919,37.787136,43.69,interp_short
2026-10-05 08:01:19,44.715852,37.787222,44.0,observed
2026-10-05 08:01:20,44.715714,37.787397,44.48,observed
2026-10-05 08:01:21,44.715577,37.787572,44.95,observed
2026-10-05 08:01:22,44.715484,37.78769,45.27,interp_short
2026-10-05 08:01:23,44.715395,37.787804,45.51,interp_short
2026-10-05 08:01:24,44.715302,37.787922,45.82,observed
2026-10-05 08:01:25,44.715164,37.788097,46.22,observed
2026-10-05 08:01:26,44.715096,37.788183,46.46,interp_short
2026-10-05 08:01:27,44.715027,37.788271,46.6,observed
2026-10-05 08:01:28,44.714936,37.788387,46.77,interp_short
2026-10-05 08:01:29,44.714847,37.788501,47.0,interp_short
2026-10-05 08:01:30,44.714753,37.788621,47.28,observed
2026-10-05 08:01:31,44.714616,37.788796,47.57,observed
2026-10-05 08:01:32,44.714548,37.788882,47.72,interp_short
2026-10-05 08:01:33,44.714478,37.788971,47.84,observed
2026-10-05 08:01:34,44.714341,37.789145,48.06,observed
2026-10-05 08:01:35,44.714204,37.78932,48.25,observed
2026-10-05 08:01:36,44.714068,37.789495,48.41,observed
2026-10-05 08:01:37,44.713999,37.789583,48.49,interp_short
2026-10-05 08:01:38,44.713931,37.78967,48.53,observed
2026-10-05 08:01:39,44.713794,37.789844,48.6,observed
2026-10-05 08:01:40,44.713657,37.790019,48.64,observed
2026-10-05 08:01:41,44.713589,37.790107,48.65,interp_short
2026-10-05 08:01:42,44.713521,37.790194,48.64,observed
2026-10-05 08:01:43,44.713384,37.790368,48.6,observed
2026-10-05 08:01:44,44.713248,37.790543,48.51,observed
2026-10-05 08:01:45,44.713179,37.790631,48.44,interp_short
2026-10-05 08:01:46,44.713111,37.790718,48.39,observed
2026-10-05 08:01:47,44.713009,37.790849,48.32,interp_short
2026-10-05 08:01:48,44.712907,37.790979,48.2,interp_short
2026-10-05 08:01:49,44.712806,37.79111,48.03,interp_short
2026-10-05 08:01:50,44.712703,37.791242,47.77,observed
2026-10-05 08:01:51,44.712567,37.791416,47.48,observed
2026-10-05 08:01:52,44.7125,37.791502,47.34,interp_short
2026-10-05 08:01:53,44.712431,37.791591,47.16,observed
2026-10-05 08:01:54,44.712295,37.791766,46.8,observed
2026-10-05 08:01:55,44.712228,37.791852,46.61,interp_short
2026-10-05 08:01:56,44.712159,37.791941,46.41,observed
2026-10-05 08:01:57,44.712024,37.792115,45.98,observed
2026-10-05 08:01:58,44.711888,37.79229,45.52,observed
2026-10-05 08:01:59,44.711752,37.792465,45.03,observed
2026-10-05 08:02:00,44.711617,37.79264,44.52,observed
2026-10-05 08:02:01,44.711549,37.792728,44.26,interp_short
2026-10-05 08:02:02,44.711482,37.792815,43.98,observed
2026-10-05 08:02:03,44.711346,37.79299,43.42,observed
2026-10-05 08:02:04,44.711211,37.793165,42.83,observed
2026-10-05 08:02:05,44.711118,37.793286,42.4,interp_short
2026-10-05 08:02:06,44.71103,37.7934,42.04,interp_short
2026-10-05 08:02:07,44.710941,37.793516,41.62,observed
2026-10-05 08:02:08,44.710804,37.793693,41.04,interp_short
2026-10-05 08:02:09,44.710671,37.793866,40.36,observed
2026-10-05 08:02:10,44.710536,37.794041,39.72,observed
2026-10-05 08:02:11,44.710467,37.794131,39.34,interp_short
2026-10-05 08:02:12,44.710401,37.794217,39.08,observed
2026-10-05 08:02:13,44.710332,37.794306,38.75,interp_short
2026-10-05 08:02:14,44.710266,37.794392,38.43,observed
2026-10-05 08:02:15,44.710198,37.794481,38.18,interp_short
2026-10-05 08:02:16,44.710132,37.794568,37.8,observed
2026-10-05 08:02:17,44.709997,37.794744,37.15,interp_short
2026-10-05 08:02:18,44.709862,37.794919,36.54,observed
2026-10-05 08:02:19,44.709795,37.795007,36.24,interp_short
2026-10-05 08:02:20,44.709727,37.795095,35.93,observed
2026-10-05 08:02:21,44.709593,37.795271,35.33,observed
2026-10-05 08:02:22,44.709458,37.795447,34.76,observed
2026-10-05 08:02:23,44.709392,37.795533,34.48,interp_short
2026-10-05 08:02:24,44.709324,37.795623,34.2,observed
2026-10-05 08:02:25,44.709189,37.795799,33.67,observed
2026-10-05 08:02:26,44.709054,37.795975,33.16,observed
2026-10-05 08:02:27,44.70899,37.79606,32.92,interp_short
2026-10-05 08:02:28,44.70892,37.796152,32.68,observed
2026-10-05 08:02:29,44.708785,37.796328,32.23,observed
2026-10-05 08:02:30,44.70872,37.796413,32.0,interp_short
2026-10-05 08:02:31,44.70865,37.796505,31.81,observed
2026-10-05 08:02:32,44.708516,37.796681,31.43,observed
2026-10-05 08:02:33,44.708381,37.796858,31.08,observed
2026-10-05 08:02:34,44.708246,37.797035,30.77,observed
2026-10-05 08:02:35,44.708112,37.797212,30.5,observed
2026-10-05 08:02:36,44.707977,37.797389,30.26,observed
2026-10-05 08:02:37,44.707909,37.797478,30.15,interp_short
2026-10-05 08:02:38,44.707842,37.797566,30.07,observed
2026-10-05 08:02:39,44.707707,37.797743,29.91,observed
2026-10-05 08:02:40,44.707572,37.79792,29.8,observed
2026-10-05 08:02:41,44.707437,37.798097,29.73,observed
2026-10-05 08:02:42,44.707302,37.798275,29.7,observed
2026-10-05 08:02:43,44.707232,37.798367,29.7,interp_short
2026-10-05 08:02:44,44.707167,37.798452,29.71,observed
2026-10-05 08:02:45,44.707097,37.798544,29.72,interp_short
2026-10-05 08:02:46,44.707032,37.79863,29.75,observed
2026-10-05 08:02:47,44.706896,37.798807,29.84,observed
2026-10-05 08:02:48,44.706761,37.798985,29.97,observed
2026-10-05 08:02:49,44.706693,37.799075,30.04,interp_short
2026-10-05 08:02:50,44.706626,37.799163,30.13,observed
2026-10-05 08:02:51,44.70649,37.799341,30.33,observed
2026-10-05 08:02:52,44.706354,37.799519,30.56,observed
2026-10-05 08:02:53,44.706287,37.799607,30.68,interp_short
2026-10-05 08:02:54,44.706219,37.799697,30.83,observed
2026-10-05 08:02:55,44.706083,37.799875,31.12,observed
2026-10-05 08:02:56,44.706017,37.799962,31.32,interp_short
2026-10-05 08:02:57,44.705947,37.800053,31.45,observed
2026-10-05 08:02:58,44.705857,37.80017,31.62,interp_short
2026-10-05 08:02:59,44.705769,37.800286,31.86,interp_short
2026-10-05 08:03:00,44.705675,37.800409,32.18,observed
2026-10-05 08:03:01,44.705538,37.800588,32.58,observed
2026-10-05 08:03:02,44.705402,37.800766,33.0,observed
2026-10-05 08:03:03,44.705265,37.800945,33.43,observed
2026-10-05 08:03:04,44.705197,37.801034,33.65,interp_short
2026-10-05 08:03:05,44.705129,37.801123,33.88,observed
2026-10-05 08:03:06,44.704992,37.801302,34.34,observed
2026-10-05 08:03:07,44.704855,37.80148,34.82,observed
2026-10-05 08:03:08,44.704718,37.801659,35.3,observed
2026-10-05 08:03:09,44.704648,37.80175,35.54,interp_short
2026-10-05 08:03:10,44.704581,37.801838,35.78,observed
2026-10-05 08:03:11,44.704444,37.802017,36.26,observed
2026-10-05 08:03:12,44.704307,37.802195,36.75,observed
2026-10-05 08:03:13,44.704236,37.802287,37.05,interp_short
2026-10-05 08:03:14,44.704169,37.802374,37.23,observed
2026-10-05 08:03:15,44.704099,37.802465,37.41,interp_short
2026-10-05 08:03:16,44.704032,37.802553,37.71,observed
2026-10-05 08:03:17,44.703894,37.802732,38.17,observed
2026-10-05 08:03:18,44.703756,37.802911,38.63,observed
2026-10-05 08:03:19,44.703688,37.803,38.91,interp_short
2026-10-05 08:03:20,44.703619,37.80309,39.08,observed
2026-10-05 08:03:21,44.703527,37.803209,39.28,interp_short
2026-10-05 08:03:22,44.703437,37.803325,39.56,interp_short
2026-10-05 08:03:23,44.703343,37.803447,39.92,observed
2026-10-05 08:03:24,44.703204,37.803626,40.32,observed
2026-10-05 08:03:25,44.703136,37.803714,40.51,interp_short
2026-10-05 08:03:26,44.703066,37.803805,40.69,observed
2026-10-05 08:03:27,44.702928,37.803984,41.05,observed
2026-10-05 08:03:28,44.70279,37.804163,41.38,observed
2026-10-05 08:03:29,44.702722,37.804251,41.54,interp_short
2026-10-05 08:03:30,44.702651,37.804342,41.7,observed
2026-10-05 08:03:31,44.702513,37.804521,41.98,observed
2026-10-05 08:03:32,44.70242,37.804641,42.18,interp_short
2026-10-05 08:03:33,44.702329,37.804758,42.32,interp_short
2026-10-05 08:03:34,44.702235,37.804878,42.48,observed
2026-10-05 08:03:35,44.702096,37.805057,42.7,observed
2026-10-05 08:03:36,44.701958,37.805236,42.88,observed
2026-10-05 08:03:37,44.701819,37.805414,43.04,observed
2026-10-05 08:03:38,44.701748,37.805505,43.12,interp_short
2026-10-05 08:03:39,44.70168,37.805593,43.18,observed
2026-10-05 08:03:40,44.701541,37.805772,43.29,observed
2026-10-05 08:03:41,44.70147,37.805863,43.34,interp_short
2026-10-05 08:03:42,44.701402,37.80595,43.38,observed
2026-10-05 08:03:43,44.701263,37.806129,43.45,observed
2026-10-05 08:03:44,44.701124,37.806307,43.49,observed
2026-10-05 08:03:45,44.701054,37.806397,43.51,interp_short
2026-10-05 08:03:46,44.700985,37.806485,43.52,observed
2026-10-05 08:03:47,44.700915,37.806575,43.53,interp_short
2026-10-05 08:03:48,44.700846,37.806664,43.52,observed
2026-10-05 08:03:49,44.700707,37.806842,43.5,interp_short
2026-10-05 08:03:50,44.700568,37.80702,43.48,observed
2026-10-05 08:03:51,44.700498,37.807109,43.46,interp_short
2026-10-05 08:03:52,44.700428,37.807198,43.43,observed
2026-10-05 08:03:53,44.700289,37.807376,43.37,observed
2026-10-05 08:03:54,44.70022,37.807464,43.34,interp_short
2026-10-05 08:03:55,44.70015,37.807554,43.3,observed
2026-10-05 08:03:56,44.700011,37.807732,43.22,observed
2026-10-05 08:03:57,44.699943,37.80782,43.18,interp_short
2026-10-05 08:03:58,44.699872,37.80791,43.14,observed
2026-10-05 08:03:59,44.699733,37.808088,43.05,observed
2026-10-05 08:04:00,44.699594,37.808266,42.95,observed
2026-10-05 08:04:01,44.699455,37.808443,42.86,observed
2026-10-05 08:04:02,44.699387,37.808531,42.8,interp_short
2026-10-05 08:04:03,44.699316,37.808621,42.76,observed
2026-10-05 08:04:04,44.699224,37.808739,42.71,interp_short
2026-10-05 08:04:05,44.699133,37.808854,42.66,interp_short
2026-10-05 08:04:06,44.699039,37.808975,42.59,observed
2026-10-05 08:04:07,44.6989,37.809153,42.51,observed
2026-10-05 08:04:08,44.698761,37.80933,42.44,observed
2026-10-05 08:04:09,44.698693,37.809418,42.41,interp_short
2026-10-05 08:04:10,44.698623,37.809507,42.38,observed
2026-10-05 08:04:11,44.698484,37.809684,42.33,observed
2026-10-05 08:04:12,44.698345,37.809861,42.3,observed
2026-10-05 08:04:13,44.698207,37.810038,42.28,observed
2026-10-05 08:04:14,44.698069,37.810214,42.28,observed
2026-10-05 08:04:15,44.698001,37.810301,42.29,interp_short
2026-10-05 08:04:16,44.69793,37.810391,42.3,observed
2026-10-05 08:04:17,44.697862,37.810478,42.31,interp_short
2026-10-05 08:04:18,44.697792,37.810567,42.34,observed
2026-10-05 08:04:19,44.697654,37.810744,42.4,observed
2026-10-05 08:04:20,44.697516,37.81092,42.47,observed
2026-10-05 08:04:21,44.697378,37.811096,42.57,observed
2026-10-05 08:04:22,44.69724,37.811272,42.69,observed
2026-10-05 08:04:23,44.69717,37.811361,42.76,interp_short
2026-10-05 08:04:24,44.697102,37.811448,42.84,observed
2026-10-05 08:04:25,44.696965,37.811624,43.0,observed
2026-10-05 08:04:26,44.696827,37.8118,43.18,observed
2026-10-05 08:04:27,44.69669,37.811976,43.39,observed
2026-10-05 08:04:28,44.69655,37.812154,43.63,interp_short
2026-10-05 08:04:29,44.696415,37.812327,43.86,observed
2026-10-05 08:04:30,44.696344,37.812418,44.02,interp_short
2026-10-05 08:04:31,44.696278,37.812503,44.13,observed
2026-10-05 08:04:32,44.696207,37.812594,44.23,interp_short
2026-10-05 08:04:33,44.696141,37.812678,44.41,observed
2026-10-05 08:04:34,44.696003,37.812854,44.71,observed
2026-10-05 08:04:35,44.695867,37.813029,45.02,observed
2026-10-05 08:04:36,44.695798,37.813117,45.22,interp_short
2026-10-05 08:04:37,44.69573,37.813204,45.34,observed
2026-10-05 08:04:38,44.695662,37.813292,45.46,interp_short
2026-10-05 08:04:39,44.695593,37.81338,45.68,observed
2026-10-05 08:04:40,44.695456,37.813555,46.02,observed
2026-10-05 08:04:41,44.695389,37.813642,46.2,interp_short
2026-10-05 08:04:42,44.69532,37.81373,46.37,observed
2026-10-05 08:04:43,44.695183,37.813905,46.73,observed
2026-10-05 08:04:44,44.695047,37.81408,47.09,observed
2026-10-05 08:04:45,44.69498,37.814165,47.27,interp_short
2026-10-05 08:04:46,44.69491,37.814254,47.45,observed
2026-10-05 08:04:47,44.694774,37.814429,47.8,observed
2026-10-05 08:04:48,44.694638,37.814604,48.15,observed
2026-10-05 08:04:49,44.694502,37.814779,48.49,observed
2026-10-05 08:04:50,44.694435,37.814865,48.66,interp_short
2026-10-05 08:04:51,44.694366,37.814953,48.82,observed
2026-10-05 08:04:52,44.69423,37.815128,49.14,observed
2026-10-05 08:04:53,44.694094,37.815302,49.44,observed
2026-10-05 08:04:54,44.694026,37.815389,49.59,interp_short
2026-10-05 08:04:55,44.693958,37.815477,49.73,observed
2026-10-05 08:04:56,44.693822,37.815652,49.99,observed
2026-10-05 08:04:57,44.693687,37.815826,50.22,observed
2026-10-05 08:04:58,44.693585,37.815957,50.41,interp_short
2026-10-05 08:04:59,44.693485,37.816086,50.56,interp_short
2026-10-05 08:05:00,44.693384,37.816216,50.68,interp_short
2026-10-05 08:05:01,44.69328,37.816349,50.77,observed
2026-10-05 08:05:02,44.693212,37.816436,50.83,interp_short
2026-10-05 08:05:03,44.693144,37.816524,50.89,observed
2026-10-05 08:05:04,44.693009,37.816698,50.97,observed
2026-10-05 08:05:05,44.692873,37.816872,51.01,observed
2026-10-05 08:05:06,44.692806,37.816959,51.03,interp_short
2026-10-05 08:05:07,44.692738,37.817047,51.02,observed
2026-10-05 08:05:08,44.692602,37.817221,50.98,observed
2026-10-05 08:05:09,44.692467,37.817395,50.91,observed
2026-10-05 08:05:10,44.692331,37.81757,50.79,interp_short
2026-10-05 08:05:11,44.692196,37.817744,50.62,observed
2026-10-05 08:05:12,44.692061,37.817918,50.41,observed
2026-10-05 08:05:13,44.691969,37.818037,50.25,interp_short
2026-10-05 08:05:14,44.691882,37.81815,50.1,interp_short
2026-10-05 08:05:15,44.691791,37.818267,49.85,observed
2026-10-05 08:05:16,44.691655,37.818442,49.5,observed
2026-10-05 08:05:17,44.691587,37.818529,49.25,interp_short
2026-10-05 08:05:18,44.69152,37.818616,49.1,observed
2026-10-05 08:05:19,44.691452,37.818703,48.95,interp_short
2026-10-05 08:05:20,44.691385,37.81879,48.66,observed
2026-10-05 08:05:21,44.69125,37.818965,48.17,observed
2026-10-05 08:05:22,44.691115,37.819139,47.62,interp_short
2026-10-05 08:05:23,44.690979,37.819314,47.05,observed
2026-10-05 08:05:24,44.690844,37.819488,46.43,observed
2026-10-05 08:05:25,44.690709,37.819663,45.76,observed
2026-10-05 08:05:26,44.690642,37.819749,45.32,interp_short
2026-10-05 08:05:27,44.690573,37.819838,45.06,observed
2026-10-05 08:05:28,44.690507,37.819923,44.79,interp_short
2026-10-05 08:05:29,44.690438,37.820012,44.31,observed
2026-10-05 08:05:30,44.690303,37.820187,43.53,observed
2026-10-05 08:05:31,44.690167,37.820362,42.71,observed
2026-10-05 08:05:32,44.690032,37.820537,41.86,observed
2026-10-05 08:05:33,44.689896,37.820711,40.98,observed
2026-10-05 08:05:34,44.689761,37.820886,40.07,observed
2026-10-05 08:05:35,44.689626,37.821061,39.14,observed
2026-10-05 08:05:36,44.689533,37.821181,38.49,interp_short
2026-10-05 08:05:37,44.689447,37.821292,37.95,interp_short
2026-10-05 08:05:38,44.689355,37.821411,37.2,observed
2026-10-05 08:05:39,44.689219,37.821586,36.21,observed
2026-10-05 08:05:40,44.689151,37.821674,35.7,interp_short
2026-10-05 08:05:41,44.689083,37.821761,35.2,observed
2026-10-05 08:05:42,44.688948,37.821936,34.18,observed
2026-10-05 08:05:43,44.688812,37.822112,33.15,observed
2026-10-05 08:05:44,44.688676,37.822287,32.12,observed
2026-10-05 08:05:45,44.688608,37.822375,31.61,interp_short
2026-10-05 08:05:46,44.688541,37.822462,31.09,observed
2026-10-05 08:05:47,44.688405,37.822637,30.05,observed
2026-10-05 08:05:48,44.688269,37.822813,29.03,observed
2026-10-05 08:05:49,44.688133,37.822988,28.01,observed
2026-10-05 08:05:50,44.688066,37.823075,27.49,interp_short
2026-10-05 08:05:51,44.687997,37.823164,26.99,observed
2026-10-05 08:05:52,44.687862,37.823338,26.0,interp_short
2026-10-05 08:05:53,44.687725,37.823515,25.01,observed
2026-10-05 08:05:54,44.687658,37.823602,24.52,interp_short
2026-10-05 08:05:55,44.687589,37.823691,24.05,observed
2026-10-05 08:05:56,44.687453,37.823866,23.11,observed
2026-10-05 08:05:57,44.687318,37.82404,22.08,interp_short
2026-10-05 08:05:58,44.687181,37.824218,21.29,observed
2026-10-05 08:05:59,44.687115,37.824304,20.88,interp_short
2026-10-05 08:06:00,44.687045,37.824394,20.42,observed
2026-10-05 08:06:01,44.686908,37.82457,19.58,observed
2026-10-05 08:06:02,44.686772,37.824746,18.77,observed
2026-10-05 08:06:03,44.686636,37.824922,17.99,observed
2026-10-05 08:06:04,44.6865,37.825098,17.24,observed
2026-10-05 08:06:05,44.686363,37.825274,16.53,observed
2026-10-05 08:06:06,44.686294,37.825363,16.18,interp_short
2026-10-05 08:06:07,44.686227,37.82545,15.85,observed
2026-10-05 08:06:08,44.68609,37.825626,15.21,observed
2026-10-05 08:06:09,44.685954,37.825802,14.61,observed
2026-10-05 08:06:10,44.685817,37.825978,14.04,observed
2026-10-05 08:06:11,44.685681,37.826155,13.51,observed
2026-10-05 08:06:12,44.685544,37.826331,13.01,observed
2026-10-05 08:06:13,44.685473,37.826423,12.78,interp_short
2026-10-05 08:06:14,44.685408,37.826507,12.55,observed
2026-10-05 08:06:15,44.685271,37.826684,12.12,observed
2026-10-05 08:06:16,44.6852,37.826775,11.91,interp_short
2026-10-05 08:06:17,44.685135,37.82686,11.73,observed
2026-10-05 08:06:18,44.684998,37.827036,11.37,observed
2026-10-05 08:06:19,44.684928,37.827127,11.18,interp_short
2026-10-05 08:06:20,44.684861,37.827213,11.04,observed
2026-10-05 08:06:21,44.684724,37.827389,10.74,observed
2026-10-05 08:06:22,44.684588,37.827566,10.48,observed
2026-10-05 08:06:23,44.684519,37.827655,10.36,interp_short
2026-10-05 08:06:24,44.684451,37.827742,10.24,observed
2026-10-05 08:06:25,44.684314,37.827919,10.02,observed
2026-10-05 08:06:26,44.684246,37.828007,9.89,interp_short
2026-10-05 08:06:27,44.684178,37.828095,9.83,observed
2026-10-05 08:06:28,44.684087,37.828213,9.75,interp_short
2026-10-05 08:06:29,44.683996,37.828329,9.65,interp_short
2026-10-05 08:06:30,44.683904,37.828448,9.52,observed
2026-10-05 08:06:31,44.683767,37.828625,9.39,observed
2026-10-05 08:06:32,44.683699,37.828712,9.33,interp_short
2026-10-05 08:06:33,44.68363,37.828801,9.28,observed
2026-10-05 08:06:34,44.683493,37.828978,9.18,observed
2026-10-05 08:06:35,44.683357,37.829155,9.09,observed
2026-10-05 08:06:36,44.68329,37.829241,9.05,interp_short
2026-10-05 08:06:37,44.68322,37.829331,9.01,observed
2026-10-05 08:06:38,44.683083,37.829508,8.94,observed
2026-10-05 08:06:39,44.683016,37.829594,8.9,interp_short
2026-10-05 08:06:40,44.682946,37.829684,8.87,observed
2026-10-05 08:06:41,44.682809,37.829861,8.81,observed
2026-10-05 08:06:42,44.682742,37.829948,8.78,interp_short
2026-10-05 08:06:43,44.682672,37.830038,8.75,observed
2026-10-05 08:06:44,44.682535,37.830214,8.69,observed
2026-10-05 08:06:45,44.682399,37.830391,8.62,observed
2026-10-05 08:06:46,44.682262,37.830568,8.55,observed
2026-10-05 08:06:47,44.682125,37.830744,8.47,observed
2026-10-05 08:06:48,44.682056,37.830833,8.43,interp_short
2026-10-05 08:06:49,44.681988,37.830921,8.39,observed
2026-10-05 08:06:50,44.681851,37.831098,8.29,observed
2026-10-05 08:06:51,44.681714,37.831274,8.19,observed
2026-10-05 08:06:52,44.681645,37.831363,8.14,interp_short
2026-10-05 08:06:53,44.681577,37.831451,8.07,observed
2026-10-05 08:06:54,44.68144,37.831628,7.94,observed
2026-10-05 08:06:55,44.681371,37.831717,7.87,interp_short
2026-10-05 08:06:56,44.681303,37.831804,7.79,observed
2026-10-05 08:06:57,44.681166,37.831981,7.63,observed
2026-10-05 08:06:58,44.68103,37.832158,7.46,observed
2026-10-05 08:06:59,44.680962,37.832246,7.37,interp_short
2026-10-05 08:07:00,44.680893,37.832335,7.27,observed
2026-10-05 08:07:01,44.680757,37.832511,7.07,interp_short
2026-10-05 08:07:02,44.680619,37.832688,6.85,observed
2026-10-05 08:07:03,44.680551,37.832775,6.71,interp_short
2026-10-05 08:07:04,44.680482,37.832865,6.61,observed
2026-10-05 08:07:05,44.68038,37.832996,6.48,interp_short
2026-10-05 08:07:06,44.680277,37.833129,6.31,interp_short
2026-10-05 08:07:07,44.680174,37.833263,6.1,interp_short
2026-10-05 08:07:08,44.680071,37.833395,5.83,observed
2026-10-05 08:07:09,44.679934,37.833573,5.52,interp_short
2026-10-05 08:07:10,44.679797,37.833749,5.25,observed
2026-10-05 08:07:11,44.679728,37.833838,5.07,interp_short
2026-10-05 08:07:12,44.67966,37.833926,5.0,observed
2026-10-05 08:07:13,44.679523,37.834103,5.0,observed
2026-10-05 08:07:14,44.679386,37.834279,5.0,observed
2026-10-05 08:07:15,44.679249,37.834456,5.0,observed
2026-10-05 08:07:16,44.679179,37.834546,5.0,interp_short
2026-10-05 08:07:17,44.679112,37.834633,5.0,observed
2026-10-05 08:07:18,44.678975,37.83481,5.0,observed
2026-10-05 08:07:19,44.678838,37.834987,5.0,observed
2026-10-05 08:07:20,44.678768,37.835078,5.0,interp_short
2026-10-05 08:07:21,44.678701,37.835164,5.0,observed
2026-10-05 08:07:22,44.678564,37.835341,5.0,observed
2026-10-05 08:07:23,44.678487,37.83544,5.0,interp_short
2026-10-05 08:07:24,44.678425,37.835521,5.0,interp_short
2026-10-05 08:07:25,44.678363,37.835601,5.0,interp_short
2026-10-05 08:07:26,44.67829,37.835695,5.0,observed
2026-10-05 08:07:27,44.678197,37.835815,5.0,interp_short
2026-10-05 08:07:28,44.678107,37.835931,5.0,interp_short
2026-10-05 08:07:29,44.678015,37.83605,5.0,observed
2026-10-05 08:07:30,44.677878,37.836227,5.0,observed
2026-10-05 08:07:31,44.677741,37.836404,5.0,observed
2026-10-05 08:07:32,44.677673,37.836492,5.0,interp_short
2026-10-05 08:07:33,44.677604,37.836582,5.0,observed
2026-10-05 08:07:34,44.677466,37.836759,5.0,observed
2026-10-05 08:07:35,44.677399,37.836846,5.0,interp_short
2026-10-05 08:07:36,44.677329,37.836936,5.0,observed
2026-10-05 08:07:37,44.677192,37.837114,5.0,observed
2026-10-05 08:07:38,44.677124,37.837201,5.0,interp_short
2026-10-05 08:07:39,44.677054,37.837291,5.0,observed
2026-10-05 08:07:40,44.676917,37.837469,5.0,observed
2026-10-05 08:07:41,44.67678,37.837646,5.0,observed
2026-10-05 08:07:42,44.676712,37.837734,5.0,interp_short
2026-10-05 08:07:43,44.676642,37.837824,5.0,observed
2026-10-05 08:07:44,44.676505,37.838002,5.0,observed
2026-10-05 08:07:45,44.676437,37.83809,5.0,interp_short
2026-10-05 08:07:46,44.676367,37.838179,5.0,observed
2026-10-05 08:07:47,44.67623,37.838357,5.0,observed
2026-10-05 08:07:48,44.676093,37.838534,5.0,interp_short
2026-10-05 08:07:49,44.675954,37.838713,5.0,observed
2026-10-05 08:07:50,44.675886,37.838801,5.0,interp_short
2026-10-05 08:07:51,44.675817,37.83889,5.0,observed
2026-10-05 08:07:52,44.675679,37.839068,5.0,observed
2026-10-05 08:07:53,44.675577,37.8392,5.0,interp_short
2026-10-05 08:07:54,44.675474,37.839333,5.0,interp_short
2026-10-05 08:07:55,44.675371,37.839467,5.0,interp_short
2026-10-05 08:07:56,44.675266,37.839602,5.0,observed
2026-10-05 08:07:57,44.675198,37.839689,5.0,interp_short
2026-10-05 08:07:58,44.675128,37.83978,5.0,observed
2026-10-05 08:07:59,44.67499,37.839958,5.0,observed
2026-10-05 08:08:00,44.674852,37.840137,5.0,observed
2026-10-05 08:08:01,44.674784,37.840225,5.0,interp_short
2026-10-05 08:08:02,44.674715,37.840315,5.0,observed
2026-10-05 08:08:03,44.674577,37.840493,5.0,observed
2026-10-05 08:08:04,44.674439,37.840671,5.0,observed
2026-10-05 08:08:05,44.674369,37.840761,4.94,interp_short
2026-10-05 08:08:06,44.674301,37.840849,5.13,observed
2026-10-05 08:08:07,44.674163,37.841027,5.76,observed
2026-10-05 08:08:08,44.674024,37.841206,6.4,observed
2026-10-05 08:08:09,44.673886,37.841384,7.07,observed
2026-10-05 08:08:10,44.673748,37.841562,7.76,observed
2026-10-05 08:08:11,44.67361,37.84174,8.46,observed
2026-10-05 08:08:12,44.673538,37.841833,8.91,interp_short
2026-10-05 08:08:13,44.673472,37.841918,9.18,observed
2026-10-05 08:08:14,44.6734,37.842011,9.44,interp_short
2026-10-05 08:08:15,44.673334,37.842097,9.91,observed
2026-10-05 08:08:16,44.673196,37.842275,10.65,observed
2026-10-05 08:08:17,44.673125,37.842366,11.13,interp_short
2026-10-05 08:08:18,44.673057,37.842453,11.39,observed
2026-10-05 08:08:19,44.672987,37.842543,11.65,interp_short
2026-10-05 08:08:20,44.672919,37.842631,12.14,observed
2026-10-05 08:08:21,44.672781,37.842809,12.88,observed
2026-10-05 08:08:22,44.672713,37.842897,13.24,interp_short
2026-10-05 08:08:23,44.672643,37.842987,13.62,observed
2026-10-05 08:08:24,44.672504,37.843165,14.36,observed
2026-10-05 08:08:25,44.672437,37.843251,14.75,interp_short
2026-10-05 08:08:26,44.672366,37.843343,15.09,observed
2026-10-05 08:08:27,44.672228,37.843521,15.8,observed
2026-10-05 08:08:28,44.67209,37.843698,16.5,observed
2026-10-05 08:08:29,44.672019,37.843789,16.93,interp_short
2026-10-05 08:08:30,44.671957,37.843869,17.19,interp_short
2026-10-05 08:08:31,44.671892,37.843952,17.44,interp_short
2026-10-05 08:08:32,44.671813,37.844054,17.85,observed
2026-10-05 08:08:33,44.671675,37.844231,18.48,observed
2026-10-05 08:08:34,44.671537,37.844408,19.1,observed
2026-10-05 08:08:35,44.671398,37.844586,19.68,observed
2026-10-05 08:08:36,44.67126,37.844763,20.23,observed
2026-10-05 08:08:37,44.671122,37.84494,20.76,observed
2026-10-05 08:08:38,44.671055,37.845027,21.01,interp_short
2026-10-05 08:08:39,44.670984,37.845117,21.24,observed
2026-10-05 08:08:40,44.670846,37.845293,21.69,observed
2026-10-05 08:08:41,44.670778,37.84538,21.92,interp_short
2026-10-05 08:08:42,44.670707,37.84547,22.11,observed
2026-10-05 08:08:43,44.670569,37.845646,22.48,observed
2026-10-05 08:08:44,44.670431,37.845823,22.82,observed
2026-10-05 08:08:45,44.670293,37.845999,23.11,observed
2026-10-05 08:08:46,44.670155,37.846175,23.37,observed
2026-10-05 08:08:47,44.670061,37.846295,23.54,interp_short
2026-10-05 08:08:48,44.669974,37.846406,23.64,interp_short
2026-10-05 08:08:49,44.66988,37.846526,23.75,observed
2026-10-05 08:08:50,44.669742,37.846701,23.88,observed
2026-10-05 08:08:51,44.669604,37.846877,23.96,observed
2026-10-05 08:08:52,44.669467,37.847052,24.01,observed
2026-10-05 08:08:53,44.669397,37.847141,24.02,interp_short
2026-10-05 08:08:54,44.669329,37.847226,24.01,observed
2026-10-05 08:08:55,44.669192,37.847401,23.98,observed
2026-10-05 08:08:56,44.669054,37.847575,23.9,observed
2026-10-05 08:08:57,44.668917,37.84775,23.79,observed
2026-10-05 08:08:58,44.668847,37.847838,23.73,interp_short
2026-10-05 08:08:59,44.66878,37.847923,23.64,observed
2026-10-05 08:09:00,44.668642,37.848097,23.46,observed
2026-10-05 08:09:01,44.668505,37.848271,23.24,observed
2026-10-05 08:09:02,44.668368,37.848444,22.99,observed
2026-10-05 08:09:03,44.6683,37.848531,22.87,interp_short
2026-10-05 08:09:04,44.668232,37.848617,22.72,observed
2026-10-05 08:09:05,44.668095,37.84879,22.41,observed
2026-10-05 08:09:06,44.668003,37.848907,22.12,interp_short
2026-10-05 08:09:07,44.667916,37.849016,21.9,interp_short
2026-10-05 08:09:08,44.667822,37.849135,21.74,observed
2026-10-05 08:09:09,44.667755,37.84922,21.6,interp_short
2026-10-05 08:09:10,44.667685,37.849307,21.37,observed
2026-10-05 08:09:11,44.667549,37.849479,20.99,observed
2026-10-05 08:09:12,44.667413,37.849651,20.59,observed
2026-10-05 08:09:13,44.667277,37.849822,20.18,observed
2026-10-05 08:09:14,44.667141,37.849994,19.76,observed
2026-10-05 08:09:15,44.667049,37.85011,19.46,interp_short
2026-10-05 08:09:16,44.666961,37.85022,19.22,interp_short
2026-10-05 08:09:17,44.666869,37.850336,18.91,observed
2026-10-05 08:09:18,44.666733,37.850507,18.48,observed
2026-10-05 08:09:19,44.666598,37.850677,18.06,observed
2026-10-05 08:09:20,44.666463,37.850848,17.64,observed
2026-10-05 08:09:21,44.666327,37.851018,17.22,observed
2026-10-05 08:09:22,44.666258,37.851105,17.03,interp_short
2026-10-05 08:09:23,44.666192,37.851188,16.82,observed
2026-10-05 08:09:24,44.666058,37.851358,16.42,observed
2026-10-05 08:09:25,44.665988,37.851446,16.21,interp_short
2026-10-05 08:09:26,44.665923,37.851528,16.04,observed
2026-10-05 08:09:27,44.665788,37.851698,15.68,observed
2026-10-05 08:09:28,44.665654,37.851868,15.34,observed
2026-10-05 08:09:29,44.665585,37.851954,15.17,interp_short
2026-10-05 08:09:30,44.665519,37.852037,15.01,observed
2026-10-05 08:09:31,44.665385,37.852207,14.71,observed
2026-10-05 08:09:32,44.665251,37.852376,14.42,observed
2026-10-05 08:09:33,44.66516,37.852491,14.23,interp_short
2026-10-05 08:09:34,44.665072,37.852602,14.09,interp_short
2026-10-05 08:09:35,44.664983,37.852715,13.93,observed
2026-10-05 08:09:36,44.664849,37.852885,13.73,observed
2026-10-05 08:09:37,44.664782,37.85297,13.63,interp_short
2026-10-05 08:09:38,44.664716,37.853054,13.55,observed
2026-10-05 08:09:39,44.664582,37.853223,13.39,observed
2026-10-05 08:09:40,44.664516,37.853308,13.32,interp_short
2026-10-05 08:09:41,44.664449,37.853393,13.27,observed
2026-10-05 08:09:42,44.664316,37.853562,13.17,observed
2026-10-05 08:09:43,44.664251,37.853645,13.12,interp_short
2026-10-05 08:09:44,44.664183,37.853732,13.1,observed
2026-10-05 08:09:45,44.66405,37.853902,13.06,observed
2026-10-05 08:09:46,44.663917,37.854071,13.04,observed
2026-10-05 08:09:47,44.663853,37.854153,13.04,interp_short
2026-10-05 08:09:48,44.663784,37.854241,13.05,observed
2026-10-05 08:09:49,44.663652,37.854411,13.08,observed
2026-10-05 08:09:50,44.663519,37.854582,13.14,observed
2026-10-05 08:09:51,44.663455,37.854664,13.18,interp_short
2026-10-05 08:09:52,44.663387,37.854752,13.22,observed
2026-10-05 08:09:53,44.663255,37.854923,13.32,observed
2026-10-05 08:09:54,44.663122,37.855094,13.45,observed
2026-10-05 08:09:55,44.66299,37.855265,13.59,observed
2026-10-05 08:09:56,44.662858,37.855436,13.75,observed
2026-10-05 08:09:57,44.662726,37.855608,13.92,observed
2026-10-05 08:09:58,44.662594,37.85578,14.11,observed
2026-10-05 08:09:59,44.662526,37.855868,14.21,interp_short
2026-10-05 08:10:00,44.662462,37.855952,14.31,observed
2026-10-05 08:10:01,44.662331,37.856125,14.51,observed
2026-10-05 08:10:02,44.662199,37.856297,14.73,observed
2026-10-05 08:10:03,44.662131,37.856386,14.84,interp_short
2026-10-05 08:10:04,44.662067,37.856471,14.95,observed
2026-10-05 08:10:05,44.661934,37.856646,15.17,interp_short
2026-10-05 08:10:06,44.661804,37.856818,15.4,observed
2026-10-05 08:10:07,44.661736,37.856907,15.51,interp_short
2026-10-05 08:10:08,44.661672,37.856993,15.63,observed
2026-10-05 08:10:09,44.661541,37.857168,15.85,observed
2026-10-05 08:10:10,44.661452,37.857286,16.03,interp_short
2026-10-05 08:10:11,44.661367,37.857399,16.16,interp_short
2026-10-05 08:10:12,44.661278,37.857519,16.27,observed
2026-10-05 08:10:13,44.661213,37.857606,16.38,interp_short
2026-10-05 08:10:14,44.661146,37.857695,16.48,observed
2026-10-05 08:10:15,44.661081,37.857782,16.56,interp_short
2026-10-05 08:10:16,44.661015,37.857872,16.67,observed
2026-10-05 08:10:17,44.660884,37.858048,16.83,interp_short
2026-10-05 08:10:18,44.660751,37.858227,17.01,observed
2026-10-05 08:10:19,44.66062,37.858405,17.16,observed
2026-10-05 08:10:20,44.660488,37.858584,17.3,observed
2026-10-05 08:10:21,44.6604,37.858703,17.39,interp_short
2026-10-05 08:10:22,44.660314,37.85882,17.45,interp_short
2026-10-05 08:10:23,44.660224,37.858942,17.52,observed
2026-10-05 08:10:24,44.660092,37.859122,17.6,observed
2026-10-05 08:10:25,44.660027,37.859211,17.64,interp_short
2026-10-05 08:10:26,44.65996,37.859303,17.66,observed
2026-10-05 08:10:27,44.659828,37.859484,17.71,observed
2026-10-05 08:10:28,44.659696,37.859666,17.73,observed
2026-10-05 08:10:29,44.659564,37.859848,17.73,observed
2026-10-05 08:10:30,44.659475,37.859971,17.72,interp_short
2026-10-05 08:10:31,44.65939,37.860087,17.7,interp_short
2026-10-05 08:10:32,44.659299,37.860214,17.68,observed
2026-10-05 08:10:33,44.659233,37.860304,17.66,interp_short
2026-10-05 08:10:34,44.659166,37.860397,17.63,observed
2026-10-05 08:10:35,44.659033,37.860581,17.56,observed
2026-10-05 08:10:36,44.6589,37.860765,17.47,observed
2026-10-05 08:10:37,44.658834,37.860856,17.42,interp_short
2026-10-05 08:10:38,44.658767,37.86095,17.36,observed
2026-10-05 08:10:39,44.658634,37.861136,17.25,observed
2026-10-05 08:10:40,44.6585,37.861321,17.11,observed
2026-10-05 08:10:41,44.658367,37.861507,16.97,observed
2026-10-05 08:10:42,44.658233,37.861694,16.82,observed
2026-10-05 08:10:43,44.658166,37.861787,16.74,interp_short
2026-10-05 08:10:44,44.658099,37.861881,16.66,observed
2026-10-05 08:10:45,44.657964,37.862068,16.52,interp_short
2026-10-05 08:10:46,44.65783,37.862255,16.33,observed
2026-10-05 08:10:47,44.657696,37.862443,16.16,observed
2026-10-05 08:10:48,44.657628,37.862538,16.06,interp_short
2026-10-05 08:10:49,44.657561,37.862631,15.99,observed
2026-10-05 08:10:50,44.657468,37.862761,15.91,interp_short
2026-10-05 08:10:51,44.657381,37.862881,15.8,interp_short
2026-10-05 08:10:52,44.65729,37.863007,15.67,observed
2026-10-05 08:10:53,44.657155,37.863196,15.52,observed
2026-10-05 08:10:54,44.657019,37.863385,15.38,observed
2026-10-05 08:10:55,44.656883,37.863574,15.25,observed
2026-10-05 08:10:56,44.656815,37.863669,15.19,interp_short
2026-10-05 08:10:57,44.656746,37.863763,15.14,observed
2026-10-05 08:10:58,44.65661,37.863952,15.05,observed
2026-10-05 08:10:59,44.656542,37.864046,15.01,interp_short
2026-10-05 08:11:00,44.656473,37.864141,14.99,observed
2026-10-05 08:11:01,44.656336,37.86433,14.94,observed
2026-10-05 08:11:02,44.656244,37.864457,14.91,interp_short
2026-10-05 08:11:03,44.656155,37.864579,14.92,interp_short
2026-10-05 08:11:04,44.656061,37.864708,14.94,observed
2026-10-05 08:11:05,44.655923,37.864897,14.98,observed
2026-10-05 08:11:06,44.655785,37.865085,15.06,observed
2026-10-05 08:11:07,44.655717,37.865179,15.11,interp_short
2026-10-05 08:11:08,44.655646,37.865274,15.17,observed
2026-10-05 08:11:09,44.655507,37.865462,15.31,observed
2026-10-05 08:11:10,44.655368,37.865651,15.5,observed
2026-10-05 08:11:11,44.655275,37.865777,15.64,interp_short
2026-10-05 08:11:12,44.655185,37.865899,15.77,interp_short
2026-10-05 08:11:13,44.655089,37.866026,15.99,observed
2026-10-05 08:11:14,44.65495,37.866214,16.3,observed
2026-10-05 08:11:15,44.65488,37.866308,16.46,interp_short
2026-10-05 08:11:16,44.65481,37.8664,16.65,observed
2026-10-05 08:11:17,44.654669,37.866587,17.05,observed
2026-10-05 08:11:18,44.654529,37.866773,17.49,observed
2026-10-05 08:11:19,44.654387,37.86696,18.01,interp_short
2026-10-05 08:11:20,44.654246,37.867144,18.51,observed
2026-10-05 08:11:21,44.65415,37.867271,18.86,interp_short
2026-10-05 08:11:22,44.654058,37.86739,19.2,interp_short
2026-10-05 08:11:23,44.653963,37.867513,19.7,observed
2026-10-05 08:11:24,44.653822,37.867697,20.37,observed
2026-10-05 08:11:25,44.653751,37.867789,20.7,interp_short
2026-10-05 08:11:26,44.653679,37.86788,21.08,observed
2026-10-05 08:11:27,44.653537,37.868063,21.83,observed
2026-10-05 08:11:28,44.653466,37.868155,22.22,interp_short
2026-10-05 08:11:29,44.653394,37.868245,22.62,observed
2026-10-05 08:11:30,44.653252,37.868426,23.45,observed
2026-10-05 08:11:31,44.653155,37.86855,24.1,interp_short
2026-10-05 08:11:32,44.653063,37.868666,24.59,interp_short
2026-10-05 08:11:33,44.652966,37.868787,25.22,observed
2026-10-05 08:11:34,44.652822,37.868966,26.16,observed
2026-10-05 08:11:35,44.652679,37.869145,27.13,observed
2026-10-05 08:11:36,44.652608,37.869234,27.62,interp_short
2026-10-05 08:11:37,44.652535,37.869323,28.13,observed
2026-10-05 08:11:38,44.652391,37.8695,29.16,observed
2026-10-05 08:11:39,44.652247,37.869676,30.22,observed
2026-10-05 08:11:40,44.652103,37.869852,31.29,observed
2026-10-05 08:11:41,44.651958,37.870027,32.39,observed
2026-10-05 08:11:42,44.651887,37.870114,33.09,interp_short
2026-10-05 08:11:43,44.651814,37.870202,33.5,observed
2026-10-05 08:11:44,44.651743,37.870289,33.91,interp_short
2026-10-05 08:11:45,44.65167,37.870375,34.62,observed
2026-10-05 08:11:46,44.651525,37.870548,35.76,observed
2026-10-05 08:11:47,44.65138,37.870721,36.9,observed
2026-10-05 08:11:48,44.651235,37.870892,38.05,observed
2026-10-05 08:11:49,44.651091,37.871063,39.19,observed
2026-10-05 08:11:50,44.650945,37.871235,40.31,interp_short
2026-10-05 08:11:51,44.650801,37.871403,41.48,observed
2026-10-05 08:11:52,44.650656,37.871572,42.61,observed
2026-10-05 08:11:53,44.650582,37.871658,43.17,interp_short
2026-10-05 08:11:54,44.650511,37.87174,43.74,observed
2026-10-05 08:11:55,44.650366,37.871907,44.84,observed
2026-10-05 08:11:56,44.650266,37.872023,45.66,interp_short
2026-10-05 08:11:57,44.650174,37.872129,46.27,interp_short
2026-10-05 08:11:58,44.650077,37.872241,47.01,observed
2026-10-05 08:11:59,44.649931,37.872408,48.1,interp_short
2026-10-05 08:12:00,44.649787,37.872572,49.08,observed
2026-10-05 08:12:01,44.649714,37.872656,49.56,interp_short
2026-10-05 08:12:02,44.649642,37.872737,50.08,observed
2026-10-05 08:12:03,44.649498,37.872901,51.06,observed
2026-10-05 08:12:04,44.649399,37.873014,51.76,interp_short
2026-10-05 08:12:05,44.649307,37.873119,52.26,interp_short
2026-10-05 08:12:06,44.649209,37.873229,52.9,observed
2026-10-05 08:12:07,44.649065,37.873392,53.78,observed
2026-10-05 08:12:08,44.648993,37.873474,54.22,interp_short
2026-10-05 08:12:09,44.648921,37.873555,54.62,observed
2026-10-05 08:12:10,44.648777,37.873717,55.42,observed
2026-10-05 08:12:11,44.648634,37.87388,56.18,observed
2026-10-05 08:12:12,44.64849,37.874042,56.91,observed
2026-10-05 08:12:13,44.648347,37.874203,57.6,observed
2026-10-05 08:12:14,44.648204,37.874365,58.25,observed
2026-10-05 08:12:15,44.648131,37.874447,58.58,interp_short
2026-10-05 08:12:16,44.648061,37.874527,58.86,observed
2026-10-05 08:12:17,44.647913,37.874684,59.4,interp_short
2026-10-05 08:12:18,44.647776,37.874849,59.96,observed
2026-10-05 08:12:19,44.647699,37.874926,60.28,interp_short
2026-10-05 08:12:20,44.647634,37.875011,60.45,observed
2026-10-05 08:12:21,44.647557,37.875087,60.62,interp_short
2026-10-05 08:12:22,44.647492,37.875172,60.9,observed
2026-10-05 08:12:23,44.647351,37.875334,61.32,observed
2026-10-05 08:12:24,44.647209,37.875495,61.7,observed
2026-10-05 08:12:25,44.647068,37.875657,62.05,observed
2026-10-05 08:12:26,44.646928,37.875819,62.36,observed
2026-10-05 08:12:27,44.646852,37.875895,62.54,interp_short
2026-10-05 08:12:28,44.646787,37.875981,62.64,observed
2026-10-05 08:12:29,44.646712,37.876057,62.74,interp_short
2026-10-05 08:12:30,44.646647,37.876144,62.89,observed
2026-10-05 08:12:31,44.646538,37.87634,63.07,observed
2026-10-05 08:12:32,44.646443,37.876553,63.18,observed
2026-10-05 08:12:33,44.646351,37.876687,63.25,reconstructed_gap
2026-10-05 08:12:34,44.646265,37.876827,63.32,reconstructed_gap
2026-10-05 08:12:35,44.64618,37.876967,63.37,reconstructed_gap
2026-10-05 08:12:36,44.646095,37.877108,63.41,reconstructed_gap
2026-10-05 08:12:37,44.646011,37.877249,63.43,reconstructed_gap
2026-10-05 08:12:38,44.645927,37.877391,63.44,reconstructed_gap
2026-10-05 08:12:39,44.645844,37.877534,63.43,reconstructed_gap
2026-10-05 08:12:40,44.645761,37.877677,63.41,reconstructed_gap
2026-10-05 08:12:41,44.645678,37.877821,63.37,reconstructed_gap
2026-10-05 08:12:42,44.645596,37.877965,63.32,reconstructed_gap
2026-10-05 08:12:43,44.645514,37.87811,63.26,reconstructed_gap
2026-10-05 08:12:44,44.645433,37.878255,63.19,reconstructed_gap
2026-10-05 08:12:45,44.645352,37.878401,63.11,reconstructed_gap
2026-10-05 08:12:46,44.645271,37.878547,63.01,reconstructed_gap
2026-10-05 08:12:47,44.645191,37.878694,62.91,reconstructed_gap
2026-10-05 08:12:48,44.645111,37.878842,62.79,reconstructed_gap
2026-10-05 08:12:49,44.645032,37.87899,62.67,reconstructed_gap
2026-10-05 08:12:50,44.644953,37.879138,62.54,reconstructed_gap
2026-10-05 08:12:51,44.644874,37.879287,62.4,reconstructed_gap
2026-10-05 08:12:52,44.644796,37.879436,62.24,reconstructed_gap
2026-10-05 08:12:53,44.644718,37.879586,62.09,reconstructed_gap
2026-10-05 08:12:54,44.644641,37.879737,61.92,reconstructed_gap
2026-10-05 08:12:55,44.644564,37.879887,61.75,reconstructed_gap
2026-10-05 08:12:56,44.644487,37.880039,61.57,reconstructed_gap
2026-10-05 08:12:57,44.644411,37.880191,61.38,reconstructed_gap
2026-10-05 08:12:58,44.644335,37.880343,61.19,reconstructed_gap
2026-10-05 08:12:59,44.644259,37.880495,60.99,reconstructed_gap
2026-10-05 08:13:00,44.644184,37.880649,60.78,reconstructed_gap
2026-10-05 08:13:01,44.644109,37.880802,60.57,reconstructed_gap
2026-10-05 08:13:02,44.644034,37.880956,60.36,reconstructed_gap
2026-10-05 08:13:03,44.64396,37.881111,60.14,reconstructed_gap
2026-10-05 08:13:04,44.643886,37.881266,59.91,reconstructed_gap
2026-10-05 08:13:05,44.643812,37.881421,59.69,reconstructed_gap
2026-10-05 08:13:06,44.643739,37.881577,59.45,reconstructed_gap
2026-10-05 08:13:07,44.643666,37.881733,59.22,reconstructed_gap
2026-10-05 08:13:08,44.643594,37.881889,58.98,reconstructed_gap
2026-10-05 08:13:09,44.643521,37.882046,58.74,reconstructed_gap
2026-10-05 08:13:10,44.643449,37.882203,58.49,reconstructed_gap
2026-10-05 08:13:11,44.643378,37.882361,58.25,reconstructed_gap
2026-10-05 08:13:12,44.643306,37.882519,58.0,reconstructed_gap
2026-10-05 08:13:13,44.643235,37.882678,57.75,reconstructed_gap
2026-10-05 08:13:14,44.643164,37.882836,57.49,reconstructed_gap
2026-10-05 08:13:15,44.643094,37.882996,57.24,reconstructed_gap
2026-10-05 08:13:16,44.643024,37.883155,56.98,reconstructed_gap
2026-10-05 08:13:17,44.642954,37.883315,56.72,reconstructed_gap
2026-10-05 08:13:18,44.642884,37.883475,56.46,reconstructed_gap
2026-10-05 08:13:19,44.642815,37.883636,56.21,reconstructed_gap
2026-10-05 08:13:20,44.642746,37.883797,55.95,reconstructed_gap
2026-10-05 08:13:21,44.642677,37.883958,55.68,reconstructed_gap
2026-10-05 08:13:22,44.642608,37.88412,55.42,reconstructed_gap
2026-10-05 08:13:23,44.64254,37.884281,55.16,reconstructed_gap
2026-10-05 08:13:24,44.642472,37.884444,54.9,reconstructed_gap
2026-10-05 08:13:25,44.642404,37.884606,54.64,reconstructed_gap
2026-10-05 08:13:26,44.642337,37.884769,54.38,reconstructed_gap
2026-10-05 08:13:27,44.64227,37.884932,54.12,reconstructed_gap
2026-10-05 08:13:28,44.642203,37.885096,53.86,reconstructed_gap
2026-10-05 08:13:29,44.642136,37.885259,53.61,reconstructed_gap
2026-10-05 08:13:30,44.642069,37.885423,53.35,reconstructed_gap
2026-10-05 08:13:31,44.642003,37.885588,53.1,reconstructed_gap
2026-10-05 08:13:32,44.641937,37.885752,52.84,reconstructed_gap
2026-10-05 08:13:33,44.641871,37.885917,52.59,reconstructed_gap
2026-10-05 08:13:34,44.641806,37.886082,52.34,reconstructed_gap
2026-10-05 08:13:35,44.64174,37.886248,52.09,reconstructed_gap
2026-10-05 08:13:36,44.641675,37.886413,51.84,reconstructed_gap
2026-10-05 08:13:37,44.64161,37.886579,51.6,reconstructed_gap
2026-10-05 08:13:38,44.641545,37.886745,51.35,reconstructed_gap
2026-10-05 08:13:39,44.641481,37.886911,51.11,reconstructed_gap
2026-10-05 08:13:40,44.641417,37.887078,50.88,reconstructed_gap
2026-10-05 08:13:41,44.641352,37.887245,50.64,reconstructed_gap
2026-10-05 08:13:42,44.641289,37.887412,50.41,reconstructed_gap
2026-10-05 08:13:43,44.641225,37.887579,50.18,reconstructed_gap
2026-10-05 08:13:44,44.641161,37.887747,49.95,reconstructed_gap
2026-10-05 08:13:45,44.641098,37.887914,49.72,reconstructed_gap
2026-10-05 08:13:46,44.641035,37.888082,49.5,reconstructed_gap
2026-10-05 08:13:47,44.640972,37.88825,49.28,reconstructed_gap
2026-10-05 08:13:48,44.640909,37.888419,49.07,reconstructed_gap
2026-10-05 08:13:49,44.640846,37.888587,48.86,reconstructed_gap
2026-10-05 08:13:50,44.640784,37.888756,48.65,reconstructed_gap
2026-10-05 08:13:51,44.640721,37.888925,48.44,reconstructed_gap
2026-10-05 08:13:52,44.640659,37.889094,48.24,reconstructed_gap
2026-10-05 08:13:53,44.640597,37.889263,48.04,reconstructed_gap
2026-10-05 08:13:54,44.640535,37.889432,47.85,reconstructed_gap
2026-10-05 08:13:55,44.640474,37.889602,47.66,reconstructed_gap
2026-10-05 08:13:56,44.640412,37.889772,47.47,reconstructed_gap
2026-10-05 08:13:57,44.640351,37.889941,47.29,reconstructed_gap
2026-10-05 08:13:58,44.640289,37.890111,47.11,reconstructed_gap
2026-10-05 08:13:59,44.640228,37.890282,46.93,reconstructed_gap
2026-10-05 08:14:00,44.640167,37.890452,46.76,reconstructed_gap
2026-10-05 08:14:01,44.640106,37.890622,46.6,reconstructed_gap
2026-10-05 08:14:02,44.640046,37.890793,46.43,reconstructed_gap
2026-10-05 08:14:03,44.639985,37.890963,46.28,reconstructed_gap
2026-10-05 08:14:04,44.639924,37.891134,46.12,reconstructed_gap
2026-10-05 08:14:05,44.639864,37.891305,45.97,reconstructed_gap
2026-10-05 08:14:06,44.639804,37.891476,45.83,reconstructed_gap
2026-10-05 08:14:07,44.639744,37.891647,45.69,reconstructed_gap
2026-10-05 08:14:08,44.639684,37.891818,45.55,reconstructed_gap
2026-10-05 08:14:09,44.639624,37.89199,45.42,reconstructed_gap
2026-10-05 08:14:10,44.639564,37.892161,45.3,reconstructed_gap
2026-10-05 08:14:11,44.639504,37.892333,45.18,reconstructed_gap
2026-10-05 08:14:12,44.639444,37.892504,45.06,reconstructed_gap
2026-10-05 08:14:13,44.639385,37.892676,44.95,reconstructed_gap
2026-10-05 08:14:14,44.639325,37.892848,44.84,reconstructed_gap
2026-10-05 08:14:15,44.639266,37.893019,44.74,reconstructed_gap
2026-10-05 08:14:16,44.639206,37.893191,44.65,reconstructed_gap
2026-10-05 08:14:17,44.639147,37.893363,44.56,reconstructed_gap
2026-10-05 08:14:18,44.639088,37.893535,44.47,reconstructed_gap
2026-10-05 08:14:19,44.639029,37.893707,44.39,reconstructed_gap
2026-10-05 08:14:20,44.63897,37.893879,44.31,reconstructed_gap
2026-10-05 08:14:21,44.63891,37.894051,44.24,reconstructed_gap
2026-10-05 08:14:22,44.638852,37.894223,44.18,reconstructed_gap
2026-10-05 08:14:23,44.638793,37.894395,44.12,reconstructed_gap
2026-10-05 08:14:24,44.638734,37.894567,44.07,reconstructed_gap
2026-10-05 08:14:25,44.638675,37.89474,44.02,reconstructed_gap
2026-10-05 08:14:26,44.638616,37.894912,43.98,reconstructed_gap
2026-10-05 08:14:27,44.638557,37.895084,43.94,reconstructed_gap
2026-10-05 08:14:28,44.638499,37.895256,43.91,reconstructed_gap
2026-10-05 08:14:29,44.63844,37.895428,43.88,reconstructed_gap
2026-10-05 08:14:30,44.638381,37.895601,43.86,reconstructed_gap
2026-10-05 08:14:31,44.638323,37.895773,43.84,reconstructed_gap
2026-10-05 08:14:32,44.638264,37.895945,43.83,reconstructed_gap
2026-10-05 08:14:33,44.638206,37.896117,43.83,reconstructed_gap
2026-10-05 08:14:34,44.638147,37.896289,43.83,reconstructed_gap
2026-10-05 08:14:35,44.638088,37.896461,43.84,reconstructed_gap
2026-10-05 08:14:36,44.63803,37.896634,43.85,reconstructed_gap
2026-10-05 08:14:37,44.637971,37.896806,43.87,reconstructed_gap
2026-10-05 08:14:38,44.637913,37.896978,43.89,reconstructed_gap
2026-10-05 08:14:39,44.637854,37.89715,43.92,reconstructed_gap
2026-10-05 08:14:40,44.637796,37.897322,43.96,reconstructed_gap
2026-10-05 08:14:41,44.637737,37.897493,44.0,reconstructed_gap
2026-10-05 08:14:42,44.637679,37.897665,44.05,reconstructed_gap
2026-10-05 08:14:43,44.63762,37.897837,44.1,reconstructed_gap
2026-10-05 08:14:44,44.637561,37.898009,44.16,reconstructed_gap
2026-10-05 08:14:45,44.637503,37.89818,44.23,reconstructed_gap
2026-10-05 08:14:46,44.637444,37.898352,44.3,reconstructed_gap
2026-10-05 08:14:47,44.637386,37.898523,44.37,reconstructed_gap
2026-10-05 08:14:48,44.637327,37.898695,44.45,reconstructed_gap
2026-10-05 08:14:49,44.637268,37.898866,44.54,reconstructed_gap
2026-10-05 08:14:50,44.637209,37.899037,44.63,reconstructed_gap
2026-10-05 08:14:51,44.637151,37.899208,44.73,reconstructed_gap
2026-10-05 08:14:52,44.637092,37.899379,44.84,reconstructed_gap
2026-10-05 08:14:53,44.637033,37.89955,44.95,reconstructed_gap
2026-10-05 08:14:54,44.636974,37.899721,45.06,reconstructed_gap
2026-10-05 08:14:55,44.636915,37.899891,45.18,reconstructed_gap
2026-10-05 08:14:56,44.636856,37.900062,45.31,reconstructed_gap
2026-10-05 08:14:57,44.636797,37.900232,45.44,reconstructed_gap
2026-10-05 08:14:58,44.636737,37.900402,45.58,reconstructed_gap
2026-10-05 08:14:59,44.636678,37.900572,45.72,reconstructed_gap
2026-10-05 08:15:00,44.636619,37.900742,45.87,reconstructed_gap
2026-10-05 08:15:01,44.636559,37.900912,46.03,reconstructed_gap
2026-10-05 08:15:02,44.6365,37.901082,46.18,reconstructed_gap
2026-10-05 08:15:03,44.63644,37.901251,46.35,reconstructed_gap
2026-10-05 08:15:04,44.636381,37.901421,46.52,reconstructed_gap
2026-10-05 08:15:05,44.636321,37.90159,46.69,reconstructed_gap
2026-10-05 08:15:06,44.636261,37.901759,46.87,reconstructed_gap
2026-10-05 08:15:07,44.636201,37.901928,47.05,reconstructed_gap
2026-10-05 08:15:08,44.636141,37.902097,47.24,reconstructed_gap
2026-10-05 08:15:09,44.636081,37.902265,47.43,reconstructed_gap
2026-10-05 08:15:10,44.636021,37.902433,47.62,reconstructed_gap
2026-10-05 08:15:11,44.63596,37.902601,47.83,reconstructed_gap
2026-10-05 08:15:12,44.6359,37.902769,48.03,reconstructed_gap
2026-10-05 08:15:13,44.635839,37.902937,48.24,reconstructed_gap
2026-10-05 08:15:14,44.635778,37.903105,48.45,reconstructed_gap
2026-10-05 08:15:15,44.635718,37.903272,48.66,reconstructed_gap
2026-10-05 08:15:16,44.635657,37.903439,48.88,reconstructed_gap
2026-10-05 08:15:17,44.635595,37.903606,49.11,reconstructed_gap
2026-10-05 08:15:18,44.635534,37.903772,49.33,reconstructed_gap
2026-10-05 08:15:19,44.635473,37.903939,49.56,reconstructed_gap
2026-10-05 08:15:20,44.635411,37.904105,49.79,reconstructed_gap
2026-10-05 08:15:21,44.63535,37.904271,50.02,reconstructed_gap
2026-10-05 08:15:22,44.635288,37.904437,50.26,reconstructed_gap
2026-10-05 08:15:23,44.635226,37.904602,50.49,reconstructed_gap
2026-10-05 08:15:24,44.635164,37.904767,50.73,reconstructed_gap
2026-10-05 08:15:25,44.635102,37.904932,50.97,reconstructed_gap
2026-10-05 08:15:26,44.635039,37.905097,51.21,reconstructed_gap
2026-10-05 08:15:27,44.634977,37.905261,51.45,reconstructed_gap
2026-10-05 08:15:28,44.634914,37.905425,51.69,reconstructed_gap
2026-10-05 08:15:29,44.634851,37.905589,51.93,reconstructed_gap
2026-10-05 08:15:30,44.634788,37.905753,52.17,reconstructed_gap
2026-10-05 08:15:31,44.634725,37.905916,52.41,reconstructed_gap
2026-10-05 08:15:32,44.634661,37.906079,52.65,reconstructed_gap
2026-10-05 08:15:33,44.634597,37.906242,52.89,reconstructed_gap
2026-10-05 08:15:34,44.634534,37.906404,53.12,reconstructed_gap
2026-10-05 08:15:35,44.63447,37.906566,53.35,reconstructed_gap
2026-10-05 08:15:36,44.634407,37.906747,53.36,observed
2026-10-05 08:15:37,44.634314,37.906971,53.74,observed
2026-10-05 08:15:38,44.634268,37.907083,53.92,interp_short
2026-10-05 08:15:39,44.634221,37.907195,54.11,observed
2026-10-05 08:15:40,44.634128,37.907419,54.46,observed
2026-10-05 08:15:41,44.634082,37.90753,54.63,interp_short
2026-10-05 08:15:42,44.634035,37.907644,54.78,observed
2026-10-05 08:15:43,44.633942,37.907868,55.08,observed
2026-10-05 08:15:44,44.633897,37.907979,55.23,interp_short
2026-10-05 08:15:45,44.63385,37.908093,55.35,observed
2026-10-05 08:15:46,44.633757,37.908318,55.6,observed
2026-10-05 08:15:47,44.633712,37.908428,55.72,interp_short
2026-10-05 08:15:48,44.633665,37.908543,55.81,observed
2026-10-05 08:15:49,44.633572,37.908768,56.0,observed
2026-10-05 08:15:50,44.633481,37.908991,56.18,interp_short
2026-10-05 08:15:51,44.633388,37.909219,56.29,observed
2026-10-05 08:15:52,44.633343,37.909329,56.34,interp_short
2026-10-05 08:15:53,44.633296,37.909444,56.38,observed
2026-10-05 08:15:54,44.633203,37.90967,56.45,observed
2026-10-05 08:15:55,44.633112,37.909895,56.49,observed
2026-10-05 08:15:56,44.63302,37.910121,56.5,observed
2026-10-05 08:15:57,44.632974,37.910233,56.51,interp_short
2026-10-05 08:15:58,44.632928,37.910347,56.49,observed
2026-10-05 08:15:59,44.632836,37.910573,56.44,observed
2026-10-05 08:16:00,44.632744,37.910799,56.37,observed
2026-10-05 08:16:01,44.632653,37.911025,56.27,observed
2026-10-05 08:16:02,44.63259,37.911181,56.19,interp_short
2026-10-05 08:16:03,44.632531,37.911327,56.12,interp_short
2026-10-05 08:16:04,44.63247,37.911478,56.01,observed
2026-10-05 08:16:05,44.632378,37.911704,55.84,observed
2026-10-05 08:16:06,44.632287,37.91193,55.66,observed
2026-10-05 08:16:07,44.63224,37.912046,55.57,interp_short
2026-10-05 08:16:08,44.632195,37.912157,55.46,observed
2026-10-05 08:16:09,44.632104,37.912383,55.24,observed
2026-10-05 08:16:10,44.632013,37.91261,55.01,observed
2026-10-05 08:16:11,44.631967,37.912725,54.89,interp_short
2026-10-05 08:16:12,44.631922,37.912837,54.77,observed
2026-10-05 08:16:13,44.631831,37.913063,54.52,observed
2026-10-05 08:16:14,44.631739,37.91329,54.26,observed
2026-10-05 08:16:15,44.631693,37.913404,54.13,interp_short
2026-10-05 08:16:16,44.631648,37.913517,53.99,observed
2026-10-05 08:16:17,44.631557,37.913744,53.73,observed
2026-10-05 08:16:18,44.631512,37.913856,53.59,interp_short
2026-10-05 08:16:19,44.631466,37.91397,53.46,observed
2026-10-05 08:16:20,44.631375,37.914197,53.19,observed
2026-10-05 08:16:21,44.631284,37.914424,52.92,observed
2026-10-05 08:16:22,44.631223,37.914575,52.74,interp_short
2026-10-05 08:16:23,44.631164,37.914722,52.59,interp_short
2026-10-05 08:16:24,44.631102,37.914878,52.41,observed
2026-10-05 08:16:25,44.631012,37.915106,52.16,observed
2026-10-05 08:16:26,44.630951,37.915258,51.98,interp_short
2026-10-05 08:16:27,44.630892,37.915405,51.85,interp_short
2026-10-05 08:16:28,44.63083,37.91556,51.7,observed
2026-10-05 08:16:29,44.630739,37.915787,51.49,observed
2026-10-05 08:16:30,44.630649,37.916014,51.29,observed
2026-10-05 08:16:31,44.630604,37.916128,51.19,interp_short
2026-10-05 08:16:32,44.630558,37.916242,51.11,observed
2026-10-05 08:16:33,44.630468,37.916469,50.95,observed
2026-10-05 08:16:34,44.630377,37.916697,50.8,observed
2026-10-05 08:16:35,44.630287,37.916924,50.67,observed
2026-10-05 08:16:36,44.630241,37.917038,50.6,interp_short
2026-10-05 08:16:37,44.630196,37.917152,50.55,observed
2026-10-05 08:16:38,44.630106,37.917379,50.46,observed
2026-10-05 08:16:39,44.630016,37.917607,50.38,observed
2026-10-05 08:16:40,44.62997,37.917721,50.34,interp_short
2026-10-05 08:16:41,44.629925,37.917835,50.32,observed
2026-10-05 08:16:42,44.629835,37.918063,50.28,observed
2026-10-05 08:16:43,44.629745,37.918291,50.26,observed
2026-10-05 08:16:44,44.6297,37.918405,50.25,interp_short
2026-10-05 08:16:45,44.629655,37.918519,50.25,observed
2026-10-05 08:16:46,44.629565,37.918747,50.26,observed
2026-10-05 08:16:47,44.629475,37.918975,50.28,observed
2026-10-05 08:16:48,44.629385,37.919203,50.32,observed
2026-10-05 08:16:49,44.62934,37.919317,50.34,interp_short
2026-10-05 08:16:50,44.629295,37.919431,50.37,observed
2026-10-05 08:16:51,44.629206,37.91966,50.43,observed
2026-10-05 08:16:52,44.629116,37.919888,50.5,observed
2026-10-05 08:16:53,44.629055,37.920044,50.55,interp_short
2026-10-05 08:16:54,44.628997,37.920192,50.59,interp_short
2026-10-05 08:16:55,44.628937,37.920346,50.65,observed
2026-10-05 08:16:56,44.628847,37.920575,50.74,observed
2026-10-05 08:16:57,44.628758,37.920804,50.82,observed
2026-10-05 08:16:58,44.628713,37.92092,50.86,interp_short
2026-10-05 08:16:59,44.628669,37.921033,50.9,observed
2026-10-05 08:17:00,44.628579,37.921262,50.98,observed
2026-10-05 08:17:01,44.62849,37.921491,51.05,observed
2026-10-05 08:17:02,44.628445,37.921607,51.08,interp_short
2026-10-05 08:17:03,44.628401,37.92172,51.11,observed
2026-10-05 08:17:04,44.628312,37.92195,51.16,observed
2026-10-05 08:17:05,44.628267,37.922065,51.19,interp_short
2026-10-05 08:17:06,44.628222,37.922179,51.2,observed
2026-10-05 08:17:07,44.628133,37.922409,51.22,observed
2026-10-05 08:17:08,44.628044,37.922639,51.22,observed
2026-10-05 08:17:09,44.627955,37.922869,51.2,observed
2026-10-05 08:17:10,44.627911,37.922984,51.19,interp_short
2026-10-05 08:17:11,44.627866,37.923099,51.16,observed
2026-10-05 08:17:12,44.627777,37.923329,51.09,observed
2026-10-05 08:17:13,44.627733,37.923443,51.05,interp_short
2026-10-05 08:17:14,44.627688,37.923559,51.0,observed
2026-10-05 08:17:15,44.627599,37.923789,50.87,observed
2026-10-05 08:17:16,44.62751,37.924019,50.71,observed
2026-10-05 08:17:17,44.627466,37.924134,50.62,interp_short
2026-10-05 08:17:18,44.627421,37.92425,50.52,observed
2026-10-05 08:17:19,44.627331,37.92448,50.3,observed
2026-10-05 08:17:20,44.627242,37.92471,50.03,observed
2026-10-05 08:17:21,44.627198,37.924825,49.88,interp_short
2026-10-05 08:17:22,44.627153,37.924941,49.73,observed
2026-10-05 08:17:23,44.627064,37.925171,49.43,interp_short
2026-10-05 08:17:24,44.626974,37.925402,49.0,observed
2026-10-05 08:17:25,44.626884,37.925633,48.58,observed
2026-10-05 08:17:26,44.62684,37.925747,48.38,interp_short
2026-10-05 08:17:27,44.626795,37.925863,48.11,observed
2026-10-05 08:17:28,44.626705,37.926094,47.6,observed
2026-10-05 08:17:29,44.62666,37.926209,47.33,interp_short
2026-10-05 08:17:30,44.626615,37.926325,47.05,observed
2026-10-05 08:17:31,44.626525,37.926556,46.46,observed
2026-10-05 08:17:32,44.626435,37.926786,45.82,observed
2026-10-05 08:17:33,44.626344,37.927017,45.14,observed
2026-10-05 08:17:34,44.626299,37.927132,44.79,interp_short
2026-10-05 08:17:35,44.626254,37.927247,44.42,observed
2026-10-05 08:17:36,44.626163,37.927478,43.66,observed
2026-10-05 08:17:37,44.626072,37.927708,42.86,observed
2026-10-05 08:17:38,44.626027,37.927823,42.45,interp_short
2026-10-05 08:17:39,44.625981,37.927939,42.02,observed
2026-10-05 08:17:40,44.62589,37.928169,41.14,observed
2026-10-05 08:17:41,44.625798,37.928399,40.23,observed
2026-10-05 08:17:42,44.625753,37.928513,39.78,interp_short
2026-10-05 08:17:43,44.625706,37.928629,39.29,observed
2026-10-05 08:17:44,44.625614,37.928859,38.31,observed
2026-10-05 08:17:45,44.625522,37.929089,37.31,observed
2026-10-05 08:17:46,44.625429,37.929319,36.28,observed
2026-10-05 08:17:47,44.625384,37.929433,35.76,interp_short
2026-10-05 08:17:48,44.625337,37.929548,35.23,observed
2026-10-05 08:17:49,44.625243,37.929778,34.15,observed
2026-10-05 08:17:50,44.62515,37.930007,33.06,observed
2026-10-05 08:17:51,44.625056,37.930236,31.95,observed
2026-10-05 08:17:52,44.62501,37.93035,31.39,interp_short
2026-10-05 08:17:53,44.624962,37.930465,30.83,observed
2026-10-05 08:17:54,44.624868,37.930693,29.7,observed
2026-10-05 08:17:55,44.624773,37.930921,28.56,observed
2026-10-05 08:17:56,44.624678,37.93115,27.42,observed
2026-10-05 08:17:57,44.624631,37.931264,26.86,interp_short
2026-10-05 08:17:58,44.624583,37.931377,26.28,observed
2026-10-05 08:17:59,44.624487,37.931605,25.14,observed
2026-10-05 08:18:00,44.624422,37.931761,24.28,interp_short
2026-10-05 08:18:01,44.62436,37.931907,23.65,interp_short
2026-10-05 08:18:02,44.624295,37.932059,22.88,observed
2026-10-05 08:18:03,44.624199,37.932286,21.77,observed
2026-10-05 08:18:04,44.624102,37.932512,20.67,observed
2026-10-05 08:18:05,44.624005,37.932738,19.59,observed
2026-10-05 08:18:06,44.623908,37.932964,18.53,observed
2026-10-05 08:18:07,44.623841,37.93312,17.78,interp_short
2026-10-05 08:18:08,44.623777,37.933266,17.19,interp_short
2026-10-05 08:18:09,44.623712,37.933414,16.48,observed
2026-10-05 08:18:10,44.623614,37.933639,15.49,observed
2026-10-05 08:18:11,44.623515,37.933863,14.54,observed
2026-10-05 08:18:12,44.623465,37.933978,13.95,interp_short
2026-10-05 08:18:13,44.623417,37.934087,13.62,observed
2026-10-05 08:18:14,44.623367,37.934201,13.3,interp_short
2026-10-05 08:18:15,44.623318,37.934311,12.73,observed
2026-10-05 08:18:16,44.623219,37.934534,11.88,observed
2026-10-05 08:18:17,44.623169,37.934647,11.45,interp_short
2026-10-05 08:18:18,44.623119,37.934757,11.07,observed
2026-10-05 08:18:19,44.62302,37.93498,10.29,observed
2026-10-05 08:18:20,44.62292,37.935202,9.56,observed
2026-10-05 08:18:21,44.62287,37.935313,9.2,interp_short
2026-10-05 08:18:22,44.62282,37.935423,8.86,observed
2026-10-05 08:18:23,44.62272,37.935645,8.21,observed
2026-10-05 08:18:24,44.62262,37.935866,7.6,observed
2026-10-05 08:18:25,44.62257,37.935976,7.3,interp_short
2026-10-05 08:18:26,44.62252,37.936087,7.03,observed
2026-10-05 08:18:27,44.62242,37.936307,6.52,interp_short
2026-10-05 08:18:28,44.62232,37.936527,6.02,observed
2026-10-05 08:18:29,44.62227,37.936636,5.79,interp_short
2026-10-05 08:18:30,44.62222,37.936746,5.58,observed
2026-10-05 08:18:31,44.62212,37.936965,5.18,observed
2026-10-05 08:18:32,44.622069,37.937075,5.0,interp_short
2026-10-05 08:18:33,44.622019,37.937184,5.0,observed
2026-10-05 08:18:34,44.621919,37.937403,5.0,observed
2026-10-05 08:18:35,44.621869,37.937512,5.0,interp_short
2026-10-05 08:18:36,44.621819,37.937621,5.0,observed
2026-10-05 08:18:37,44.621719,37.937839,5.0,observed
2026-10-05 08:18:38,44.62162,37.938056,5.0,observed
2026-10-05 08:18:39,44.62152,37.938273,5.0,observed
2026-10-05 08:18:40,44.621453,37.938419,5.0,interp_short
2026-10-05 08:18:41,44.621388,37.93856,5.0,interp_short
2026-10-05 08:18:42,44.621321,37.938707,5.0,observed
2026-10-05 08:18:43,44.621271,37.938815,5.0,interp_short
2026-10-05 08:18:44,44.621222,37.938923,5.0,observed
2026-10-05 08:18:45,44.621124,37.939139,5.0,observed
2026-10-05 08:18:46,44.621025,37.939355,5.0,interp_short
2026-10-05 08:18:47,44.620927,37.939571,5.0,observed
2026-10-05 08:18:48,44.62086,37.939717,5.0,interp_short
2026-10-05 08:18:49,44.620797,37.939857,5.0,interp_short
2026-10-05 08:18:50,44.620732,37.940001,5.0,observed
2026-10-05 08:18:51,44.620683,37.940109,5.0,interp_short
2026-10-05 08:18:52,44.620635,37.940216,5.0,observed
2026-10-05 08:18:53,44.620538,37.940431,5.0,observed
2026-10-05 08:18:54,44.620442,37.940645,5.0,observed
2026-10-05 08:18:55,44.620346,37.94086,5.0,observed
2026-10-05 08:18:56,44.620298,37.940968,5.0,interp_short
2026-10-05 08:18:57,44.620251,37.941074,5.0,observed
2026-10-05 08:18:58,44.620156,37.941288,5.0,observed
2026-10-05 08:18:59,44.620108,37.941395,5.0,interp_short
2026-10-05 08:19:00,44.620062,37.941502,5.0,observed
2026-10-05 08:19:01,44.619968,37.941717,5.0,observed
2026-10-05 08:19:02,44.619875,37.941931,5.0,observed
2026-10-05 08:19:03,44.619828,37.942037,5.0,interp_short
2026-10-05 08:19:04,44.619782,37.942145,5.0,observed
2026-10-05 08:19:05,44.61969,37.942359,5.0,observed
2026-10-05 08:19:06,44.619644,37.942465,5.0,interp_short
2026-10-05 08:19:07,44.619599,37.942573,5.0,observed
2026-10-05 08:19:08,44.619508,37.942787,5.0,observed
2026-10-05 08:19:09,44.619417,37.943001,5.0,observed
2026-10-05 08:19:10,44.619372,37.943106,5.0,interp_short
2026-10-05 08:19:11,44.619327,37.943215,5.0,observed
2026-10-05 08:19:12,44.619238,37.943429,5.0,observed
2026-10-05 08:19:13,44.61915,37.943642,5.0,interp_short
2026-10-05 08:19:14,44.619062,37.943858,5.0,observed
2026-10-05 08:19:15,44.619018,37.943964,5.0,interp_short
2026-10-05 08:19:16,44.618974,37.944073,5.0,observed
2026-10-05 08:19:17,44.618887,37.944287,5.0,interp_short
2026-10-05 08:19:18,44.618801,37.944503,5.0,observed
2026-10-05 08:19:19,44.618758,37.944609,5.0,interp_short
2026-10-05 08:19:20,44.618716,37.944718,5.0,observed
2026-10-05 08:19:21,44.618649,37.94488,5.02,reconstructed_gap
2026-10-05 08:19:22,44.618583,37.945043,5.04,reconstructed_gap
2026-10-05 08:19:23,44.618516,37.945207,5.06,reconstructed_gap
2026-10-05 08:19:24,44.618449,37.945371,5.08,reconstructed_gap
2026-10-05 08:19:25,44.618383,37.945535,5.11,reconstructed_gap
2026-10-05 08:19:26,44.618316,37.945699,5.14,reconstructed_gap
2026-10-05 08:19:27,44.61825,37.945863,5.18,reconstructed_gap
2026-10-05 08:19:28,44.618183,37.946027,5.22,reconstructed_gap
2026-10-05 08:19:29,44.618116,37.946191,5.26,reconstructed_gap
2026-10-05 08:19:30,44.61805,37.946355,5.32,reconstructed_gap
2026-10-05 08:19:31,44.617983,37.94652,5.37,reconstructed_gap
2026-10-05 08:19:32,44.617917,37.946684,5.43,reconstructed_gap
2026-10-05 08:19:33,44.61785,37.946849,5.5,reconstructed_gap
2026-10-05 08:19:34,44.617783,37.947014,5.57,reconstructed_gap
2026-10-05 08:19:35,44.617717,37.947179,5.64,reconstructed_gap
2026-10-05 08:19:36,44.61765,37.947343,5.72,reconstructed_gap
2026-10-05 08:19:37,44.617584,37.947508,5.81,reconstructed_gap
2026-10-05 08:19:38,44.617517,37.947674,5.9,reconstructed_gap
2026-10-05 08:19:39,44.617451,37.947839,5.99,reconstructed_gap
2026-10-05 08:19:40,44.617384,37.948004,6.09,reconstructed_gap
2026-10-05 08:19:41,44.617318,37.948169,6.19,reconstructed_gap
2026-10-05 08:19:42,44.617251,37.948335,6.3,reconstructed_gap
2026-10-05 08:19:43,44.617185,37.9485,6.41,reconstructed_gap
2026-10-05 08:19:44,44.617118,37.948666,6.52,reconstructed_gap
2026-10-05 08:19:45,44.617051,37.948832,6.64,reconstructed_gap
2026-10-05 08:19:46,44.616985,37.948998,6.76,reconstructed_gap
2026-10-05 08:19:47,44.616918,37.949163,6.89,reconstructed_gap
2026-10-05 08:19:48,44.616852,37.949329,7.02,reconstructed_gap
2026-10-05 08:19:49,44.616785,37.949496,7.15,reconstructed_gap
2026-10-05 08:19:50,44.616719,37.949662,7.28,reconstructed_gap
2026-10-05 08:19:51,44.616652,37.949828,7.42,reconstructed_gap
2026-10-05 08:19:52,44.616586,37.949994,7.56,reconstructed_gap
2026-10-05 08:19:53,44.616519,37.950161,7.7,reconstructed_gap
2026-10-05 08:19:54,44.616453,37.950327,7.85,reconstructed_gap
2026-10-05 08:19:55,44.616386,37.950494,8.0,reconstructed_gap
2026-10-05 08:19:56,44.616319,37.95066,8.15,reconstructed_gap
2026-10-05 08:19:57,44.616253,37.950827,8.3,reconstructed_gap
2026-10-05 08:19:58,44.616186,37.950994,8.45,reconstructed_gap
2026-10-05 08:19:59,44.61612,37.95116,8.6,reconstructed_gap
2026-10-05 08:20:00,44.616053,37.951327,8.76,reconstructed_gap
2026-10-05 08:20:01,44.615987,37.951494,8.92,reconstructed_gap
2026-10-05 08:20:02,44.61592,37.951661,9.08,reconstructed_gap
2026-10-05 08:20:03,44.615854,37.951828,9.24,reconstructed_gap
2026-10-05 08:20:04,44.615787,37.951996,9.4,reconstructed_gap
2026-10-05 08:20:05,44.61572,37.952163,9.56,reconstructed_gap
2026-10-05 08:20:06,44.615654,37.95233,9.72,reconstructed_gap
2026-10-05 08:20:07,44.615587,37.952498,9.88,reconstructed_gap
2026-10-05 08:20:08,44.615521,37.952665,10.04,reconstructed_gap
2026-10-05 08:20:09,44.615454,37.952832,10.21,reconstructed_gap
2026-10-05 08:20:10,44.615388,37.953,10.37,reconstructed_gap
2026-10-05 08:20:11,44.615321,37.953168,10.53,reconstructed_gap
2026-10-05 08:20:12,44.615254,37.953335,10.69,reconstructed_gap
2026-10-05 08:20:13,44.615188,37.953503,10.86,reconstructed_gap
2026-10-05 08:20:14,44.615121,37.953671,11.02,reconstructed_gap
2026-10-05 08:20:15,44.615055,37.953839,11.18,reconstructed_gap
2026-10-05 08:20:16,44.614988,37.954007,11.34,reconstructed_gap
2026-10-05 08:20:17,44.614922,37.954175,11.5,reconstructed_gap
2026-10-05 08:20:18,44.614855,37.954343,11.66,reconstructed_gap
2026-10-05 08:20:19,44.614788,37.954511,11.82,reconstructed_gap
2026-10-05 08:20:20,44.614722,37.954679,11.98,reconstructed_gap
2026-10-05 08:20:21,44.614655,37.954847,12.13,reconstructed_gap
2026-10-05 08:20:22,44.614588,37.955016,12.29,reconstructed_gap
2026-10-05 08:20:23,44.614522,37.955184,12.44,reconstructed_gap
2026-10-05 08:20:24,44.614455,37.955353,12.6,reconstructed_gap
2026-10-05 08:20:25,44.614389,37.955521,12.75,reconstructed_gap
2026-10-05 08:20:26,44.614322,37.955689,12.9,reconstructed_gap
2026-10-05 08:20:27,44.614255,37.955858,13.05,reconstructed_gap
2026-10-05 08:20:28,44.614189,37.956027,13.2,reconstructed_gap
2026-10-05 08:20:29,44.614122,37.956195,13.34,reconstructed_gap
2026-10-05 08:20:30,44.614055,37.956364,13.49,reconstructed_gap
2026-10-05 08:20:31,44.613989,37.956533,13.63,reconstructed_gap
2026-10-05 08:20:32,44.613922,37.956702,13.77,reconstructed_gap
2026-10-05 08:20:33,44.613855,37.95687,13.91,reconstructed_gap
2026-10-05 08:20:34,44.613789,37.957039,14.05,reconstructed_gap
2026-10-05 08:20:35,44.613722,37.957208,14.18,reconstructed_gap
2026-10-05 08:20:36,44.613655,37.957377,14.32,reconstructed_gap
2026-10-05 08:20:37,44.613589,37.957546,14.45,reconstructed_gap
2026-10-05 08:20:38,44.613522,37.957716,14.58,reconstructed_gap
2026-10-05 08:20:39,44.613455,37.957885,14.7,reconstructed_gap
2026-10-05 08:20:40,44.613388,37.958054,14.83,reconstructed_gap
2026-10-05 08:20:41,44.613322,37.958223,14.95,reconstructed_gap
2026-10-05 08:20:42,44.613255,37.958392,15.07,reconstructed_gap
2026-10-05 08:20:43,44.613188,37.958562,15.19,reconstructed_gap
2026-10-05 08:20:44,44.613122,37.958731,15.31,reconstructed_gap
2026-10-05 08:20:45,44.613055,37.9589,15.42,reconstructed_gap
2026-10-05 08:20:46,44.612988,37.95907,15.54,reconstructed_gap
2026-10-05 08:20:47,44.612921,37.959239,15.65,reconstructed_gap
2026-10-05 08:20:48,44.612855,37.959409,15.75,reconstructed_gap
2026-10-05 08:20:49,44.612788,37.959578,15.86,reconstructed_gap
2026-10-05 08:20:50,44.612721,37.959748,15.96,reconstructed_gap
2026-10-05 08:20:51,44.612654,37.959918,16.06,reconstructed_gap
2026-10-05 08:20:52,44.612587,37.960087,16.16,reconstructed_gap
2026-10-05 08:20:53,44.612521,37.960257,16.26,reconstructed_gap
2026-10-05 08:20:54,44.612454,37.960427,16.35,reconstructed_gap
2026-10-05 08:20:55,44.612387,37.960597,16.44,reconstructed_gap
2026-10-05 08:20:56,44.61232,37.960766,16.53,reconstructed_gap
2026-10-05 08:20:57,44.612253,37.960936,16.62,reconstructed_gap
2026-10-05 08:20:58,44.612186,37.961106,16.7,reconstructed_gap
2026-10-05 08:20:59,44.61212,37.961276,16.79,reconstructed_gap
2026-10-05 08:21:00,44.612053,37.961446,16.87,reconstructed_gap
2026-10-05 08:21:01,44.611986,37.961616,16.94,reconstructed_gap
2026-10-05 08:21:02,44.611919,37.961786,17.02,reconstructed_gap
2026-10-05 08:21:03,44.611852,37.961956,17.09,reconstructed_gap
2026-10-05 08:21:04,44.611785,37.962126,17.16,reconstructed_gap
2026-10-05 08:21:05,44.611718,37.962296,17.23,reconstructed_gap
2026-10-05 08:21:06,44.611651,37.962466,17.29,reconstructed_gap
2026-10-05 08:21:07,44.611585,37.962636,17.36,reconstructed_gap
2026-10-05 08:21:08,44.611518,37.962807,17.42,reconstructed_gap
2026-10-05 08:21:09,44.611451,37.962977,17.48,reconstructed_gap
2026-10-05 08:21:10,44.611384,37.963147,17.53,reconstructed_gap
2026-10-05 08:21:11,44.611317,37.963317,17.59,reconstructed_gap
2026-10-05 08:21:12,44.61125,37.963488,17.64,reconstructed_gap
2026-10-05 08:21:13,44.611183,37.963658,17.69,reconstructed_gap
2026-10-05 08:21:14,44.611116,37.963828,17.73,reconstructed_gap
2026-10-05 08:21:15,44.611049,37.963999,17.78,reconstructed_gap
2026-10-05 08:21:16,44.610982,37.964169,17.82,reconstructed_gap
2026-10-05 08:21:17,44.610915,37.96434,17.86,reconstructed_gap
2026-10-05 08:21:18,44.610848,37.96451,17.9,reconstructed_gap
2026-10-05 08:21:19,44.610781,37.96468,17.93,reconstructed_gap
2026-10-05 08:21:20,44.610714,37.964851,17.97,reconstructed_gap
2026-10-05 08:21:21,44.610647,37.965021,18.0,reconstructed_gap
2026-10-05 08:21:22,44.61058,37.965192,18.03,reconstructed_gap
2026-10-05 08:21:23,44.610513,37.965363,18.05,reconstructed_gap
2026-10-05 08:21:24,44.610446,37.965533,18.08,reconstructed_gap
2026-10-05 08:21:25,44.610379,37.965704,18.1,reconstructed_gap
2026-10-05 08:21:26,44.610312,37.965874,18.12,reconstructed_gap
2026-10-05 08:21:27,44.610245,37.966045,18.14,reconstructed_gap
2026-10-05 08:21:28,44.610178,37.966216,18.15,reconstructed_gap
2026-10-05 08:21:29,44.61011,37.966386,18.17,reconstructed_gap
2026-10-05 08:21:30,44.610043,37.966557,18.18,reconstructed_gap
2026-10-05 08:21:31,44.609976,37.966728,18.19,reconstructed_gap
2026-10-05 08:21:32,44.609909,37.966898,18.19,reconstructed_gap
2026-10-05 08:21:33,44.609842,37.967069,18.2,reconstructed_gap
2026-10-05 08:21:34,44.609775,37.96724,18.2,reconstructed_gap
2026-10-05 08:21:35,44.609708,37.967411,18.2,reconstructed_gap
2026-10-05 08:21:36,44.60964,37.967581,18.2,reconstructed_gap
2026-10-05 08:21:37,44.609573,37.967752,18.2,reconstructed_gap
2026-10-05 08:21:38,44.609506,37.967923,18.19,reconstructed_gap
2026-10-05 08:21:39,44.609439,37.968094,18.19,reconstructed_gap
2026-10-05 08:21:40,44.609372,37.968265,18.18,reconstructed_gap
2026-10-05 08:21:41,44.609305,37.968435,18.17,reconstructed_gap
2026-10-05 08:21:42,44.609237,37.968606,18.15,reconstructed_gap
2026-10-05 08:21:43,44.60917,37.968777,18.14,reconstructed_gap
2026-10-05 08:21:44,44.609103,37.968948,18.12,reconstructed_gap
2026-10-05 08:21:45,44.609036,37.969119,18.1,reconstructed_gap
2026-10-05 08:21:46,44.608968,37.96929,18.08,reconstructed_gap
2026-10-05 08:21:47,44.608901,37.969461,18.06,reconstructed_gap
2026-10-05 08:21:48,44.608834,37.969632,18.04,reconstructed_gap
2026-10-05 08:21:49,44.608767,37.969803,18.01,reconstructed_gap
2026-10-05 08:21:50,44.608699,37.969974,17.98,reconstructed_gap
2026-10-05 08:21:51,44.608632,37.970145,17.96,reconstructed_gap
2026-10-05 08:21:52,44.608565,37.970316,17.93,reconstructed_gap
2026-10-05 08:21:53,44.608497,37.970487,17.89,reconstructed_gap
2026-10-05 08:21:54,44.60843,37.970657,17.86,reconstructed_gap
2026-10-05 08:21:55,44.608363,37.970828,17.82,reconstructed_gap
2026-10-05 08:21:56,44.608295,37.970999,17.79,reconstructed_gap
2026-10-05 08:21:57,44.608228,37.97117,17.75,reconstructed_gap
2026-10-05 08:21:58,44.608161,37.971341,17.71,reconstructed_gap
2026-10-05 08:21:59,44.608093,37.971512,17.67,reconstructed_gap
2026-10-05 08:22:00,44.608026,37.971683,17.62,reconstructed_gap
2026-10-05 08:22:01,44.607958,37.971854,17.58,reconstructed_gap
2026-10-05 08:22:02,44.607891,37.972025,17.53,reconstructed_gap
2026-10-05 08:22:03,44.607824,37.972197,17.49,reconstructed_gap
2026-10-05 08:22:04,44.607756,37.972368,17.44,reconstructed_gap
2026-10-05 08:22:05,44.607689,37.972539,17.39,reconstructed_gap
2026-10-05 08:22:06,44.607621,37.97271,17.34,reconstructed_gap
2026-10-05 08:22:07,44.607554,37.972881,17.28,reconstructed_gap
2026-10-05 08:22:08,44.607486,37.973052,17.23,reconstructed_gap
2026-10-05 08:22:09,44.607419,37.973223,17.18,reconstructed_gap
2026-10-05 08:22:10,44.607351,37.973394,17.12,reconstructed_gap
2026-10-05 08:22:11,44.607284,37.973565,17.06,reconstructed_gap
2026-10-05 08:22:12,44.607216,37.973736,17.01,reconstructed_gap
2026-10-05 08:22:13,44.607149,37.973907,16.95,reconstructed_gap
2026-10-05 08:22:14,44.607081,37.974078,16.89,reconstructed_gap
2026-10-05 08:22:15,44.607014,37.974249,16.83,reconstructed_gap
2026-10-05 08:22:16,44.606946,37.97442,16.77,reconstructed_gap
2026-10-05 08:22:17,44.606879,37.974591,16.7,reconstructed_gap
2026-10-05 08:22:18,44.606811,37.974762,16.64,reconstructed_gap
2026-10-05 08:22:19,44.606743,37.974933,16.58,reconstructed_gap
2026-10-05 08:22:20,44.606676,37.975104,16.51,reconstructed_gap
2026-10-05 08:22:21,44.606608,37.975275,16.45,reconstructed_gap
2026-10-05 08:22:22,44.606541,37.975446,16.38,reconstructed_gap
2026-10-05 08:22:23,44.606473,37.975617,16.32,reconstructed_gap
2026-10-05 08:22:24,44.606405,37.975788,16.25,reconstructed_gap
2026-10-05 08:22:25,44.606338,37.975959,16.19,reconstructed_gap
2026-10-05 08:22:26,44.60627,37.97613,16.12,reconstructed_gap
2026-10-05 08:22:27,44.606202,37.976301,16.06,reconstructed_gap
2026-10-05 08:22:28,44.606135,37.976472,15.99,reconstructed_gap
2026-10-05 08:22:29,44.606067,37.976643,15.92,reconstructed_gap
2026-10-05 08:22:30,44.605999,37.976814,15.86,reconstructed_gap
2026-10-05 08:22:31,44.605932,37.976985,15.79,reconstructed_gap
2026-10-05 08:22:32,44.605864,37.977156,15.73,reconstructed_gap
2026-10-05 08:22:33,44.605796,37.977327,15.66,reconstructed_gap
2026-10-05 08:22:34,44.605729,37.977497,15.6,reconstructed_gap
2026-10-05 08:22:35,44.605661,37.977668,15.53,reconstructed_gap
2026-10-05 08:22:36,44.605593,37.977839,15.47,reconstructed_gap
2026-10-05 08:22:37,44.605525,37.97801,15.41,reconstructed_gap
2026-10-05 08:22:38,44.605457,37.978181,15.35,reconstructed_gap
2026-10-05 08:22:39,44.60539,37.978352,15.29,reconstructed_gap
2026-10-05 08:22:40,44.605322,37.978523,15.23,reconstructed_gap
2026-10-05 08:22:41,44.605254,37.978694,15.17,reconstructed_gap
2026-10-05 08:22:42,44.605186,37.978864,15.11,reconstructed_gap
2026-10-05 08:22:43,44.605118,37.979035,15.06,reconstructed_gap
2026-10-05 08:22:44,44.605051,37.979206,15.0,reconstructed_gap
2026-10-05 08:22:45,44.604983,37.979377,14.95,reconstructed_gap
2026-10-05 08:22:46,44.604915,37.979548,14.9,reconstructed_gap
2026-10-05 08:22:47,44.604847,37.979718,14.85,reconstructed_gap
2026-10-05 08:22:48,44.604779,37.979889,14.81,reconstructed_gap
2026-10-05 08:22:49,44.604711,37.98006,14.76,reconstructed_gap
2026-10-05 08:22:50,44.604643,37.980231,14.72,reconstructed_gap
2026-10-05 08:22:51,44.604576,37.980401,14.68,reconstructed_gap
2026-10-05 08:22:52,44.604508,37.980572,14.65,reconstructed_gap
2026-10-05 08:22:53,44.60444,37.980743,14.62,reconstructed_gap
2026-10-05 08:22:54,44.604372,37.980913,14.59,reconstructed_gap
2026-10-05 08:22:55,44.604304,37.981084,14.56,reconstructed_gap
2026-10-05 08:22:56,44.604236,37.981255,14.54,reconstructed_gap
2026-10-05 08:22:57,44.604168,37.981425,14.52,reconstructed_gap
2026-10-05 08:22:58,44.6041,37.981596,14.51,reconstructed_gap
2026-10-05 08:22:59,44.604032,37.981766,14.5,reconstructed_gap
2026-10-05 08:23:00,44.603964,37.981937,14.49,reconstructed_gap
2026-10-05 08:23:01,44.603896,37.982108,14.49,reconstructed_gap
2026-10-05 08:23:02,44.603828,37.982278,14.49,reconstructed_gap
2026-10-05 08:23:03,44.60376,37.982449,14.5,reconstructed_gap
2026-10-05 08:23:04,44.603692,37.982619,14.51,reconstructed_gap
2026-10-05 08:23:05,44.603624,37.982789,14.53,reconstructed_gap
2026-10-05 08:23:06,44.603556,37.98296,14.55,reconstructed_gap
2026-10-05 08:23:07,44.603488,37.98313,14.58,reconstructed_gap
2026-10-05 08:23:08,44.60342,37.983301,14.62,reconstructed_gap
2026-10-05 08:23:09,44.603352,37.983471,14.66,reconstructed_gap
2026-10-05 08:23:10,44.603284,37.983641,14.71,reconstructed_gap
2026-10-05 08:23:11,44.603216,37.983812,14.76,reconstructed_gap
2026-10-05 08:23:12,44.603148,37.983982,14.82,reconstructed_gap
2026-10-05 08:23:13,44.603079,37.984152,14.89,reconstructed_gap
2026-10-05 08:23:14,44.603011,37.984322,14.97,reconstructed_gap
2026-10-05 08:23:15,44.602943,37.984493,15.06,reconstructed_gap
2026-10-05 08:23:16,44.602875,37.984663,15.15,reconstructed_gap
2026-10-05 08:23:17,44.602807,37.984833,15.25,reconstructed_gap
2026-10-05 08:23:18,44.602739,37.985003,15.36,reconstructed_gap
2026-10-05 08:23:19,44.602671,37.985173,15.48,reconstructed_gap
2026-10-05 08:23:20,44.602602,37.985343,15.61,reconstructed_gap
2026-10-05 08:23:21,44.602534,37.985513,15.75,reconstructed_gap
2026-10-05 08:23:22,44.602466,37.985683,15.89,reconstructed_gap
2026-10-05 08:23:23,44.602398,37.985853,16.05,reconstructed_gap
2026-10-05 08:23:24,44.60233,37.986023,16.22,reconstructed_gap
2026-10-05 08:23:25,44.602262,37.986193,16.4,reconstructed_gap
2026-10-05 08:23:26,44.602193,37.986363,16.59,reconstructed_gap
2026-10-05 08:23:27,44.602125,37.986533,16.79,reconstructed_gap
2026-10-05 08:23:28,44.602057,37.986703,17.0,reconstructed_gap
2026-10-05 08:23:29,44.601989,37.986873,17.23,reconstructed_gap
2026-10-05 08:23:30,44.60192,37.987043,17.46,reconstructed_gap
2026-10-05 08:23:31,44.601852,37.987212,17.71,reconstructed_gap
2026-10-05 08:23:32,44.601784,37.987382,17.97,reconstructed_gap
2026-10-05 08:23:33,44.601716,37.987552,18.25,reconstructed_gap
2026-10-05 08:23:34,44.601647,37.987722,18.53,reconstructed_gap
2026-10-05 08:23:35,44.601579,37.987891,18.83,reconstructed_gap
2026-10-05 08:23:36,44.601511,37.988061,19.15,reconstructed_gap
2026-10-05 08:23:37,44.601442,37.98823,19.48,reconstructed_gap
2026-10-05 08:23:38,44.601374,37.9884,19.82,reconstructed_gap
2026-10-05 08:23:39,44.601306,37.988569,20.17,reconstructed_gap
2026-10-05 08:23:40,44.601237,37.988739,20.55,reconstructed_gap
2026-10-05 08:23:41,44.601169,37.988908,20.93,reconstructed_gap
2026-10-05 08:23:42,44.601101,37.989078,21.33,reconstructed_gap
2026-10-05 08:23:43,44.601032,37.989247,21.75,reconstructed_gap
2026-10-05 08:23:44,44.600964,37.989416,22.18,reconstructed_gap
2026-10-05 08:23:45,44.600896,37.989586,22.62,reconstructed_gap
2026-10-05 08:23:46,44.600827,37.989755,23.08,reconstructed_gap
2026-10-05 08:23:47,44.600759,37.989924,23.56,reconstructed_gap
2026-10-05 08:23:48,44.600691,37.990093,24.05,reconstructed_gap
2026-10-05 08:23:49,44.600622,37.990262,24.56,reconstructed_gap
2026-10-05 08:23:50,44.600554,37.990431,25.08,reconstructed_gap
2026-10-05 08:23:51,44.600486,37.990601,25.62,reconstructed_gap
2026-10-05 08:23:52,44.600417,37.99077,26.17,reconstructed_gap
2026-10-05 08:23:53,44.600349,37.990938,26.74,reconstructed_gap
2026-10-05 08:23:54,44.60028,37.991107,27.32,reconstructed_gap
2026-10-05 08:23:55,44.600212,37.991276,27.92,reconstructed_gap
2026-10-05 08:23:56,44.600144,37.991445,28.53,reconstructed_gap
2026-10-05 08:23:57,44.600075,37.991614,29.15,reconstructed_gap
2026-10-05 08:23:58,44.600007,37.991783,29.79,reconstructed_gap
2026-10-05 08:23:59,44.599938,37.991951,30.44,reconstructed_gap
2026-10-05 08:24:00,44.59987,37.99212,31.1,reconstructed_gap
2026-10-05 08:24:01,44.599801,37.992289,31.77,reconstructed_gap
2026-10-05 08:24:02,44.599733,37.992457,32.46,reconstructed_gap
2026-10-05 08:24:03,44.599664,37.992626,33.15,reconstructed_gap
2026-10-05 08:24:04,44.599596,37.992794,33.86,reconstructed_gap
2026-10-05 08:24:05,44.599528,37.992963,34.57,reconstructed_gap
2026-10-05 08:24:06,44.599459,37.993131,35.28,reconstructed_gap
2026-10-05 08:24:07,44.599391,37.9933,36.01,reconstructed_gap
2026-10-05 08:24:08,44.599322,37.993468,36.73,reconstructed_gap
2026-10-05 08:24:09,44.599254,37.993636,37.46,reconstructed_gap
2026-10-05 08:24:10,44.599185,37.993804,38.19,reconstructed_gap
2026-10-05 08:24:11,44.599136,37.993928,38.31,observed
2026-10-05 08:24:12,44.599042,37.994159,39.33,observed
2026-10-05 08:24:13,44.598947,37.994391,40.32,observed
2026-10-05 08:24:14,44.598899,37.994507,40.81,interp_short
2026-10-05 08:24:15,44.598852,37.994622,41.3,observed
2026-10-05 08:24:16,44.598757,37.994854,42.25,observed
2026-10-05 08:24:17,44.598686,37.995028,43.07,interp_short
2026-10-05 08:24:18,44.598614,37.995204,43.7,interp_short
2026-10-05 08:24:19,44.598541,37.995379,44.28,interp_short
2026-10-05 08:24:20,44.598471,37.995549,44.94,observed
2026-10-05 08:24:21,44.598376,37.995781,45.77,observed
2026-10-05 08:24:22,44.598281,37.996013,46.56,observed
2026-10-05 08:24:23,44.598233,37.996129,47.01,interp_short
2026-10-05 08:24:24,44.598185,37.996246,47.32,observed
2026-10-05 08:24:25,44.598121,37.996402,47.77,interp_short
2026-10-05 08:24:26,44.598059,37.996552,48.28,interp_short
2026-10-05 08:24:27,44.597994,37.99671,48.71,observed
2026-10-05 08:24:28,44.597947,37.996825,48.98,interp_short
2026-10-05 08:24:29,44.597899,37.996942,49.35,observed
2026-10-05 08:24:30,44.597803,37.997174,49.94,observed
2026-10-05 08:24:31,44.597756,37.997289,50.24,interp_short
2026-10-05 08:24:32,44.597708,37.997406,50.49,observed
2026-10-05 08:24:33,44.597612,37.997638,51.0,observed
2026-10-05 08:24:34,44.597516,37.997871,51.46,observed
2026-10-05 08:24:35,44.597421,37.998103,51.87,observed
2026-10-05 08:24:36,44.597374,37.998218,52.07,interp_short
2026-10-05 08:24:37,44.597325,37.998335,52.24,observed
2026-10-05 08:24:38,44.59723,37.998567,52.57,observed
2026-10-05 08:24:39,44.597166,37.998721,52.81,interp_short
2026-10-05 08:24:40,44.597104,37.998874,52.95,interp_short
2026-10-05 08:24:41,44.597039,37.99903,53.09,observed
2026-10-05 08:24:42,44.596943,37.999262,53.28,observed
2026-10-05 08:24:43,44.596848,37.999494,53.44,observed
2026-10-05 08:24:44,44.5968,37.99961,53.51,interp_short
2026-10-05 08:24:45,44.596753,37.999725,53.55,observed
2026-10-05 08:24:46,44.596657,37.999957,53.61,interp_short
2026-10-05 08:24:47,44.596562,38.000188,53.67,observed
2026-10-05 08:24:48,44.596514,38.000304,53.69,interp_short
2026-10-05 08:24:49,44.596467,38.00042,53.67,observed
2026-10-05 08:24:50,44.596372,38.000651,53.62,interp_short
2026-10-05 08:24:51,44.596277,38.000882,53.58,observed
2026-10-05 08:24:52,44.59623,38.000997,53.55,interp_short
2026-10-05 08:24:53,44.596182,38.001113,53.49,observed
2026-10-05 08:24:54,44.596087,38.001343,53.37,observed
2026-10-05 08:24:55,44.59604,38.001457,53.3,interp_short
2026-10-05 08:24:56,44.595992,38.001574,53.22,observed
2026-10-05 08:24:57,44.595897,38.001805,53.06,observed
2026-10-05 08:24:58,44.59585,38.00192,52.97,interp_short
2026-10-05 08:24:59,44.595803,38.002035,52.87,observed
2026-10-05 08:25:00,44.595708,38.002265,52.67,observed
2026-10-05 08:25:01,44.595613,38.002496,52.45,observed
2026-10-05 08:25:02,44.595519,38.002726,52.22,observed
2026-10-05 08:25:03,44.595425,38.002956,51.98,observed
2026-10-05 08:25:04,44.59533,38.003185,51.73,observed
2026-10-05 08:25:05,44.595282,38.003302,51.61,interp_short
2026-10-05 08:25:06,44.595236,38.003415,51.47,observed
2026-10-05 08:25:07,44.595142,38.003645,51.22,observed
2026-10-05 08:25:08,44.595094,38.003762,51.09,interp_short
2026-10-05 08:25:09,44.595048,38.003874,50.96,observed
2026-10-05 08:25:10,44.594954,38.004103,50.7,observed
2026-10-05 08:25:11,44.594906,38.004219,50.57,interp_short
2026-10-05 08:25:12,44.59486,38.004333,50.45,observed
2026-10-05 08:25:13,44.594766,38.004562,50.2,observed
2026-10-05 08:25:14,44.594672,38.004791,49.96,observed
2026-10-05 08:25:15,44.594625,38.004905,49.85,interp_short
2026-10-05 08:25:16,44.594578,38.00502,49.73,observed
2026-10-05 08:25:17,44.594485,38.005248,49.51,observed
2026-10-05 08:25:18,44.594439,38.00536,49.4,interp_short
2026-10-05 08:25:19,44.594391,38.005477,49.3,observed
2026-10-05 08:25:20,44.594297,38.005706,49.11,observed
2026-10-05 08:25:21,44.594236,38.005856,48.97,interp_short
2026-10-05 08:25:22,44.594175,38.006004,48.87,interp_short
2026-10-05 08:25:23,44.59411,38.006163,48.76,observed
2026-10-05 08:25:24,44.594017,38.006391,48.61,observed
2026-10-05 08:25:25,44.593924,38.006619,48.48,observed
2026-10-05 08:25:26,44.59383,38.006847,48.36,observed
2026-10-05 08:25:27,44.593768,38.006998,48.28,interp_short
2026-10-05 08:25:28,44.593709,38.007144,48.23,interp_short
2026-10-05 08:25:29,44.593644,38.007304,48.18,observed
2026-10-05 08:25:30,44.59355,38.007532,48.11,observed
2026-10-05 08:25:31,44.593505,38.007642,48.08,interp_short
2026-10-05 08:25:32,44.593457,38.00776,48.06,observed
2026-10-05 08:25:33,44.593364,38.007987,48.03,observed
2026-10-05 08:25:34,44.593271,38.008215,48.01,observed
2026-10-05 08:25:35,44.593177,38.008443,48.0,observed
2026-10-05 08:25:36,44.593084,38.008671,48.01,observed
2026-10-05 08:25:37,44.592991,38.008899,48.02,observed
2026-10-05 08:25:38,44.592898,38.009126,48.05,observed
2026-10-05 08:25:39,44.592851,38.009242,48.06,interp_short
2026-10-05 08:25:40,44.592805,38.009354,48.08,observed
2026-10-05 08:25:41,44.592712,38.009582,48.12,observed
2026-10-05 08:25:42,44.592619,38.009809,48.17,observed
2026-10-05 08:25:43,44.592526,38.010037,48.22,observed
2026-10-05 08:25:44,44.592432,38.010264,48.27,observed
2026-10-05 08:25:45,44.592384,38.010382,48.3,interp_short
2026-10-05 08:25:46,44.592339,38.010492,48.32,observed
2026-10-05 08:25:47,44.592246,38.010719,48.36,observed
2026-10-05 08:25:48,44.592181,38.010878,48.39,interp_short
2026-10-05 08:25:49,44.592122,38.011023,48.41,interp_short
2026-10-05 08:25:50,44.59206,38.011174,48.44,observed
2026-10-05 08:25:51,44.591967,38.011401,48.47,observed
2026-10-05 08:25:52,44.59192,38.011516,48.48,interp_short
2026-10-05 08:25:53,44.591874,38.011629,48.48,observed
2026-10-05 08:25:54,44.59178,38.011856,48.48,observed
2026-10-05 08:25:55,44.591687,38.012083,48.47,observed
2026-10-05 08:25:56,44.59164,38.012197,48.46,interp_short
2026-10-05 08:25:57,44.591594,38.01231,48.43,observed
2026-10-05 08:25:58,44.591501,38.012537,48.38,observed
2026-10-05 08:25:59,44.591408,38.012764,48.31,observed
2026-10-05 08:26:00,44.591314,38.012991,48.22,observed
2026-10-05 08:26:01,44.591268,38.013103,48.15,interp_short
2026-10-05 08:26:02,44.591221,38.013218,48.1,observed
2026-10-05 08:26:03,44.591175,38.01333,48.05,interp_short
2026-10-05 08:26:04,44.591128,38.013445,47.96,observed
2026-10-05 08:26:05,44.591035,38.013672,47.79,observed
2026-10-05 08:26:06,44.590942,38.013898,47.59,observed
2026-10-05 08:26:07,44.590848,38.014125,47.37,observed
2026-10-05 08:26:08,44.590802,38.014237,47.25,interp_short
2026-10-05 08:26:09,44.590755,38.014351,47.11,observed
2026-10-05 08:26:10,44.590662,38.014578,46.83,observed
2026-10-05 08:26:11,44.59057,38.014803,46.47,interp_short
2026-10-05 08:26:12,44.590476,38.01503,46.17,observed
2026-10-05 08:26:13,44.590429,38.015142,46.0,interp_short
2026-10-05 08:26:14,44.590382,38.015256,45.79,observed
2026-10-05 08:26:15,44.590289,38.015482,45.39,observed
2026-10-05 08:26:16,44.590196,38.015707,44.95,observed
2026-10-05 08:26:17,44.590103,38.015933,44.48,observed
2026-10-05 08:26:18,44.590056,38.016047,44.24,interp_short
2026-10-05 08:26:19,44.59001,38.016158,43.99,observed
2026-10-05 08:26:20,44.589917,38.016383,43.47,observed
2026-10-05 08:26:21,44.589824,38.016608,42.92,observed
2026-10-05 08:26:22,44.589777,38.016722,42.65,interp_short
2026-10-05 08:26:23,44.589731,38.016833,42.35,observed
2026-10-05 08:26:24,44.589638,38.017057,41.75,observed
2026-10-05 08:26:25,44.589546,38.017281,41.13,observed
2026-10-05 08:26:26,44.589453,38.017505,40.49,observed
2026-10-05 08:26:27,44.589407,38.017617,40.19,interp_short
2026-10-05 08:26:28,44.58936,38.017729,39.84,observed
2026-10-05 08:26:29,44.589268,38.017952,39.16,observed
2026-10-05 08:26:30,44.589222,38.018063,38.8,interp_short
2026-10-05 08:26:31,44.589175,38.018176,38.48,observed
2026-10-05 08:26:32,44.589083,38.018399,37.78,observed
2026-10-05 08:26:33,44.58899,38.018621,37.07,observed
2026-10-05 08:26:34,44.588944,38.018733,36.72,interp_short
2026-10-05 08:26:35,44.588898,38.018844,36.36,observed
2026-10-05 08:26:36,44.588806,38.019066,35.64,observed
2026-10-05 08:26:37,44.588714,38.019288,34.93,observed
2026-10-05 08:26:38,44.588622,38.019509,34.21,observed
2026-10-05 08:26:39,44.58853,38.019731,33.5,observed
2026-10-05 08:26:40,44.588439,38.019952,32.8,observed
2026-10-05 08:26:41,44.588392,38.020063,32.46,interp_short
2026-10-05 08:26:42,44.588347,38.020172,32.11,observed
2026-10-05 08:26:43,44.588256,38.020393,31.43,observed
2026-10-05 08:26:44,44.58821,38.020504,30.99,interp_short
2026-10-05 08:26:45,44.588165,38.020613,30.77,observed
2026-10-05 08:26:46,44.588119,38.020724,30.53,interp_short
2026-10-05 08:26:47,44.588074,38.020833,30.13,observed
2026-10-05 08:26:48,44.587983,38.021052,29.52,interp_short
2026-10-05 08:26:49,44.587892,38.021271,28.91,observed
2026-10-05 08:26:50,44.587831,38.021419,28.48,interp_short
2026-10-05 08:26:51,44.587772,38.02156,28.16,interp_short
2026-10-05 08:26:52,44.587711,38.021709,27.8,observed
2026-10-05 08:26:53,44.587621,38.021927,27.3,interp_short
2026-10-05 08:26:54,44.587531,38.022146,26.81,observed
2026-10-05 08:26:55,44.587471,38.022292,26.48,interp_short
2026-10-05 08:26:56,44.587413,38.022432,26.23,interp_short
2026-10-05 08:26:57,44.587352,38.022581,25.96,observed
2026-10-05 08:26:58,44.587263,38.022799,25.59,observed
2026-10-05 08:26:59,44.587173,38.023016,25.26,observed
2026-10-05 08:27:00,44.587114,38.023161,25.02,interp_short
2026-10-05 08:27:01,44.587057,38.023301,24.85,interp_short
2026-10-05 08:27:02,44.586996,38.02345,24.72,observed
2026-10-05 08:27:03,44.586937,38.023595,24.6,interp_short
2026-10-05 08:27:04,44.58688,38.023733,24.48,interp_short
2026-10-05 08:27:05,44.586819,38.023883,24.36,observed
2026-10-05 08:27:06,44.586731,38.0241,24.24,observed
2026-10-05 08:27:07,44.586643,38.024316,24.16,observed
2026-10-05 08:27:08,44.586555,38.024533,24.13,observed
2026-10-05 08:27:09,44.586468,38.024749,24.14,observed
2026-10-05 08:27:10,44.586424,38.024857,24.15,interp_short
2026-10-05 08:27:11,44.586381,38.024965,24.19,observed
2026-10-05 08:27:12,44.586294,38.025181,24.28,observed
2026-10-05 08:27:13,44.586207,38.025398,24.42,observed
2026-10-05 08:27:14,44.586164,38.025506,24.49,interp_short
2026-10-05 08:27:15,44.586121,38.025614,24.59,observed
2026-10-05 08:27:16,44.586034,38.02583,24.8,observed
2026-10-05 08:27:17,44.585948,38.026047,25.04,interp_short
2026-10-05 08:27:18,44.585862,38.026263,25.33,observed
2026-10-05 08:27:19,44.585777,38.02648,25.64,observed
2026-10-05 08:27:20,44.585733,38.026589,25.81,interp_short
2026-10-05 08:27:21,44.585691,38.026697,25.99,observed
2026-10-05 08:27:22,44.585606,38.026915,26.36,observed
2026-10-05 08:27:23,44.585521,38.027132,26.75,observed
2026-10-05 08:27:24,44.585479,38.02724,26.95,interp_short
2026-10-05 08:27:25,44.585436,38.02735,27.17,observed
2026-10-05 08:27:26,44.585352,38.027568,27.62,observed
2026-10-05 08:27:27,44.585267,38.027787,28.07,observed
2026-10-05 08:27:28,44.585226,38.027894,28.3,interp_short
2026-10-05 08:27:29,44.585183,38.028006,28.55,observed
2026-10-05 08:27:30,44.585099,38.028225,29.03,observed
2026-10-05 08:27:31,44.585015,38.028445,29.53,observed
2026-10-05 08:27:32,44.584931,38.028666,30.03,observed
2026-10-05 08:27:33,44.58489,38.028774,30.28,interp_short
2026-10-05 08:27:34,44.584847,38.028887,30.53,observed
2026-10-05 08:27:35,44.584764,38.029108,31.04,observed
2026-10-05 08:27:36,44.58468,38.02933,31.54,observed
2026-10-05 08:27:37,44.584597,38.029553,32.03,observed
2026-10-05 08:27:38,44.584513,38.029777,32.52,observed
2026-10-05 08:27:39,44.58443,38.030001,33.0,observed
2026-10-05 08:27:40,44.584347,38.030226,33.46,observed
2026-10-05 08:27:41,44.584304,38.030341,33.69,interp_short
2026-10-05 08:27:42,44.584264,38.030451,33.91,observed
2026-10-05 08:27:43,44.584181,38.030678,34.34,observed
2026-10-05 08:27:44,44.584098,38.030905,34.75,observed
2026-10-05 08:27:45,44.584055,38.031022,34.94,interp_short
2026-10-05 08:27:46,44.584015,38.031133,35.13,observed
2026-10-05 08:27:47,44.583932,38.031362,35.5,observed
2026-10-05 08:27:48,44.583849,38.031591,35.83,observed
2026-10-05 08:27:49,44.583806,38.031709,35.98,interp_short
2026-10-05 08:27:50,44.583766,38.031822,36.13,observed
2026-10-05 08:27:51,44.583683,38.032053,36.41,observed
2026-10-05 08:27:52,44.5836,38.032286,36.65,observed
2026-10-05 08:27:53,44.583543,38.032445,36.83,interp_short
2026-10-05 08:27:54,44.583489,38.032599,36.96,interp_short
2026-10-05 08:27:55,44.583434,38.032753,37.05,observed
2026-10-05 08:27:56,44.583391,38.032872,37.11,interp_short
2026-10-05 08:27:57,44.58335,38.032988,37.19,observed
2026-10-05 08:27:58,44.583267,38.033224,37.3,observed
2026-10-05 08:27:59,44.583224,38.033344,37.35,interp_short
2026-10-05 08:28:00,44.583183,38.033461,37.38,observed
2026-10-05 08:28:01,44.583099,38.033698,37.42,observed
2026-10-05 08:28:02,44.583015,38.033937,37.43,observed
2026-10-05 08:28:03,44.582973,38.034057,37.43,interp_short
2026-10-05 08:28:04,44.582931,38.034177,37.4,observed
2026-10-05 08:28:05,44.582847,38.034417,37.34,observed
2026-10-05 08:28:06,44.582805,38.034537,37.28,interp_short
2026-10-05 08:28:07,44.582762,38.034658,37.24,observed
2026-10-05 08:28:08,44.58272,38.034778,37.21,interp_short
2026-10-05 08:28:09,44.582677,38.0349,37.12,observed
2026-10-05 08:28:10,44.582592,38.035143,36.96,observed
2026-10-05 08:28:11,44.58255,38.035263,36.88,interp_short
2026-10-05 08:28:12,44.582506,38.035387,36.77,observed
2026-10-05 08:28:13,44.58242,38.035632,36.56,observed
2026-10-05 08:28:14,44.582378,38.035753,36.45,interp_short
2026-10-05 08:28:15,44.582334,38.035877,36.32,observed
2026-10-05 08:28:16,44.582248,38.036123,36.05,observed
2026-10-05 08:28:17,44.582161,38.03637,35.76,observed
2026-10-05 08:28:18,44.582074,38.036617,35.45,observed
2026-10-05 08:28:19,44.58203,38.036741,35.27,interp_short
2026-10-05 08:28:20,44.581986,38.036865,35.12,observed
2026-10-05 08:28:21,44.581927,38.037031,34.89,interp_short
2026-10-05 08:28:22,44.581869,38.037197,34.62,interp_short
2026-10-05 08:28:23,44.58181,38.037362,34.4,observed
2026-10-05 08:28:24,44.581766,38.037488,34.26,interp_short
2026-10-05 08:28:25,44.581721,38.037612,34.03,observed
2026-10-05 08:28:26,44.581631,38.037861,33.64,observed
2026-10-05 08:28:27,44.581586,38.037989,33.43,interp_short
2026-10-05 08:28:28,44.581542,38.038112,33.24,observed
2026-10-05 08:28:29,44.581451,38.038365,32.83,interp_short
2026-10-05 08:28:30,44.581361,38.038613,32.43,observed
2026-10-05 08:28:31,44.581314,38.038741,32.24,interp_short
2026-10-05 08:28:32,44.581269,38.038864,32.02,observed
2026-10-05 08:28:33,44.581178,38.039115,31.6,observed
2026-10-05 08:28:34,44.581131,38.039242,31.33,interp_short
2026-10-05 08:28:35,44.581085,38.039366,31.2,observed
2026-10-05 08:28:36,44.581039,38.039493,31.06,interp_short
2026-10-05 08:28:37,44.580992,38.039617,30.79,observed
2026-10-05 08:28:38,44.580899,38.039868,30.39,observed
2026-10-05 08:28:39,44.580852,38.039995,30.15,interp_short
2026-10-05 08:28:40,44.580805,38.040119,30.0,observed
2026-10-05 08:28:41,44.580742,38.040287,29.77,interp_short
2026-10-05 08:28:42,44.580679,38.040454,29.5,interp_short
2026-10-05 08:28:43,44.580615,38.04062,29.24,observed
2026-10-05 08:28:44,44.580568,38.040745,29.05,interp_short
2026-10-05 08:28:45,44.58052,38.04087,28.88,observed
2026-10-05 08:28:46,44.580472,38.040995,28.7,interp_short
2026-10-05 08:28:47,44.580423,38.04112,28.54,observed
2026-10-05 08:28:48,44.580376,38.041244,28.4,interp_short
2026-10-05 08:28:49,44.580327,38.041369,28.2,observed
2026-10-05 08:28:50,44.580229,38.041618,27.88,observed
2026-10-05 08:28:51,44.580131,38.041866,27.58,observed
2026-10-05 08:28:52,44.580033,38.042113,27.3,observed
2026-10-05 08:28:53,44.579985,38.042235,27.13,interp_short
2026-10-05 08:28:54,44.579934,38.04236,27.03,observed
2026-10-05 08:28:55,44.579886,38.042481,26.91,interp_short
2026-10-05 08:28:56,44.579834,38.042605,26.78,observed
2026-10-05 08:28:57,44.579785,38.042726,26.68,interp_short
2026-10-05 08:28:58,44.579733,38.04285,26.54,observed
2026-10-05 08:28:59,44.579633,38.043094,26.32,observed
2026-10-05 08:29:00,44.579531,38.043337,26.12,observed
2026-10-05 08:29:01,44.579482,38.043457,26.03,interp_short
2026-10-05 08:29:02,44.579429,38.043579,25.94,observed
2026-10-05 08:29:03,44.579326,38.04382,25.77,observed
2026-10-05 08:29:04,44.579276,38.043939,25.68,interp_short
2026-10-05 08:29:05,44.579223,38.04406,25.61,observed
2026-10-05 08:29:06,44.57912,38.044298,25.47,observed
2026-10-05 08:29:07,44.579069,38.044415,25.4,interp_short
2026-10-05 08:29:08,44.579015,38.044535,25.34,observed
2026-10-05 08:29:09,44.578911,38.044771,25.21,observed
2026-10-05 08:29:10,44.578806,38.045006,25.1,observed
2026-10-05 08:29:11,44.5787,38.045239,25.0,observed
2026-10-05 08:29:12,44.578648,38.045356,24.95,interp_short
2026-10-05 08:29:13,44.578594,38.045471,24.9,observed
2026-10-05 08:29:14,44.578487,38.045701,24.8,observed
2026-10-05 08:29:15,44.578434,38.045817,24.75,interp_short
2026-10-05 08:29:16,44.57838,38.045929,24.71,observed
2026-10-05 08:29:17,44.578273,38.046156,24.61,observed
2026-10-05 08:29:18,44.578165,38.046384,24.5,interp_short
2026-10-05 08:29:19,44.578057,38.046606,24.41,observed
2026-10-05 08:29:20,44.578002,38.04672,24.36,interp_short
2026-10-05 08:29:21,44.577948,38.046828,24.3,observed
2026-10-05 08:29:22,44.577839,38.047049,24.19,observed
2026-10-05 08:29:23,44.57773,38.047268,24.05,observed
2026-10-05 08:29:24,44.577656,38.047419,23.92,interp_short
2026-10-05 08:29:25,44.577585,38.047559,23.82,interp_short
2026-10-05 08:29:26,44.577511,38.047702,23.75,observed
2026-10-05 08:29:27,44.577457,38.047811,23.69,interp_short
2026-10-05 08:29:28,44.577401,38.047916,23.57,observed
2026-10-05 08:29:29,44.577291,38.048129,23.37,observed
2026-10-05 08:29:30,44.577237,38.048235,23.27,interp_short
2026-10-05 08:29:31,44.57718,38.04834,23.15,observed
2026-10-05 08:29:32,44.57707,38.04855,22.9,observed
2026-10-05 08:29:33,44.577016,38.048653,22.76,interp_short
2026-10-05 08:29:34,44.576959,38.048758,22.62,observed
2026-10-05 08:29:35,44.576849,38.048965,22.32,observed
2026-10-05 08:29:36,44.576738,38.04917,21.99,observed
2026-10-05 08:29:37,44.576685,38.049269,21.82,interp_short
2026-10-05 08:29:38,44.576627,38.049374,21.62,observed
2026-10-05 08:29:39,44.576517,38.049577,21.23,observed
2026-10-05 08:29:40,44.576406,38.049778,20.8,observed
2026-10-05 08:29:41,44.576297,38.049977,20.35,interp_short
2026-10-05 08:29:42,44.576185,38.050177,19.83,observed
2026-10-05 08:29:43,44.576075,38.050374,19.29,observed
2026-10-05 08:29:44,44.57602,38.050473,19.02,interp_short
2026-10-05 08:29:45,44.575965,38.050571,18.72,observed
2026-10-05 08:29:46,44.575855,38.050766,18.1,observed
2026-10-05 08:29:47,44.575746,38.050961,17.46,observed
2026-10-05 08:29:48,44.575636,38.051155,16.77,observed
2026-10-05 08:29:49,44.575527,38.051348,16.05,observed
2026-10-05 08:29:50,44.575419,38.05154,15.29,observed
2026-10-05 08:29:51,44.575364,38.051637,14.8,interp_short
2026-10-05 08:29:52,44.575311,38.051732,14.5,observed
2026-10-05 08:29:53,44.575256,38.051828,14.2,interp_short
2026-10-05 08:29:54,44.575203,38.051923,13.67,observed
2026-10-05 08:29:55,44.575096,38.052113,12.81,observed
2026-10-05 08:29:56,44.574989,38.052302,11.92,interp_short
2026-10-05 08:29:57,44.574883,38.052494,10.99,observed
2026-10-05 08:29:58,44.574777,38.052684,10.04,observed
2026-10-05 08:29:59,44.574705,38.052812,9.36,interp_short
2026-10-05 08:30:00,44.574639,38.052931,8.79,interp_short
2026-10-05 08:30:01,44.574567,38.053064,8.07,observed
2026-10-05 08:30:02,44.574463,38.053254,7.05,observed
2026-10-05 08:30:03,44.57436,38.053444,6.01,observed
2026-10-05 08:30:04,44.574258,38.053634,5.0,observed
2026-10-05 08:30:05,44.574188,38.053762,4.65,interp_short
2026-10-05 08:30:06,44.574124,38.053883,4.79,interp_short
2026-10-05 08:30:07,44.574055,38.054017,5.0,observed
2026-10-05 08:30:08,44.573954,38.054209,5.0,observed
2026-10-05 08:30:09,44.573854,38.0544,4.99,interp_short
2026-10-05 08:30:10,44.573756,38.054595,5.0,observed
2026-10-05 08:30:11,44.573658,38.05479,5.0,observed
2026-10-05 08:30:12,44.573561,38.054985,5.0,observed
2026-10-05 08:30:13,44.573485,38.055135,5.0,interp_short
2026-10-05 08:30:14,44.573415,38.055278,5.0,interp_short
2026-10-05 08:30:15,44.573346,38.055422,5.0,interp_short
2026-10-05 08:30:16,44.573275,38.055577,5.0,observed
2026-10-05 08:30:17,44.573182,38.055777,5.0,observed
2026-10-05 08:30:18,44.573089,38.055979,5.0,observed
2026-10-05 08:30:19,44.573041,38.056079,5.0,interp_short
2026-10-05 08:30:20,44.572997,38.056181,5.0,observed
2026-10-05 08:30:21,44.572907,38.056386,5.0,observed
2026-10-05 08:30:22,44.572817,38.056591,5.0,observed
2026-10-05 08:30:23,44.572726,38.056799,5.0,interp_short
2026-10-05 08:30:24,44.57264,38.057008,5.0,observed
2026-10-05 08:30:25,44.572553,38.057218,5.0,observed
2026-10-05 08:30:26,44.572467,38.057431,5.0,observed
2026-10-05 08:30:27,44.572422,38.057537,5.0,interp_short
2026-10-05 08:30:28,44.572381,38.057645,5.0,observed
2026-10-05 08:30:29,44.572297,38.057861,5.0,observed
2026-10-05 08:30:30,44.572213,38.058079,5.0,observed
2026-10-05 08:30:31,44.57217,38.058188,5.0,interp_short
2026-10-05 08:30:32,44.572131,38.058298,5.0,observed
2026-10-05 08:30:33,44.572049,38.05852,5.0,observed
2026-10-05 08:30:34,44.571968,38.058743,5.0,observed
2026-10-05 08:30:35,44.571911,38.058896,5.0,interp_short
2026-10-05 08:30:36,44.571861,38.05904,5.0,interp_short
2026-10-05 08:30:37,44.571809,38.059195,5.0,observed
2026-10-05 08:30:38,44.57173,38.059425,5.0,observed
2026-10-05 08:30:39,44.571653,38.059655,5.0,observed
2026-10-05 08:30:40,44.571613,38.05977,5.0,interp_short
2026-10-05 08:30:41,44.571576,38.059888,5.0,observed
2026-10-05 08:30:42,44.571499,38.060123,5.0,observed
2026-10-05 08:30:43,44.571424,38.060359,5.0,observed
2026-10-05 08:30:44,44.571372,38.06052,5.0,interp_short
2026-10-05 08:30:45,44.571323,38.060676,5.0,interp_short
2026-10-05 08:30:46,44.571275,38.060837,5.0,observed
2026-10-05 08:30:47,44.571201,38.061079,5.0,observed
2026-10-05 08:30:48,44.571128,38.061322,5.0,observed
2026-10-05 08:30:49,44.57109,38.061446,5.0,interp_short
2026-10-05 08:30:50,44.571055,38.061567,5.0,observed
2026-10-05 08:30:51,44.570983,38.061814,5.0,observed
2026-10-05 08:30:52,44.570946,38.061939,5.0,interp_short
2026-10-05 08:30:53,44.570911,38.062062,5.0,observed
2026-10-05 08:30:54,44.57084,38.062311,5.0,observed
2026-10-05 08:30:55,44.570769,38.062562,5.0,observed
2026-10-05 08:30:56,44.570733,38.062688,5.0,interp_short
2026-10-05 08:30:57,44.570699,38.062814,5.0,observed
2026-10-05 08:30:58,44.570651,38.062985,5.0,interp_short
2026-10-05 08:30:59,44.570605,38.063151,5.0,interp_short
2026-10-05 08:31:00,44.570558,38.063322,5.0,observed
2026-10-05 08:31:01,44.570511,38.063493,5.0,interp_short
2026-10-05 08:31:02,44.570465,38.063661,5.0,interp_short
2026-10-05 08:31:03,44.570419,38.063834,5.0,observed
2026-10-05 08:31:04,44.570349,38.064091,5.0,observed
2026-10-05 08:31:05,44.570315,38.064219,5.0,interp_short
2026-10-05 08:31:06,44.57028,38.064349,5.0,observed
2026-10-05 08:31:07,44.57021,38.064608,5.0,observed
2026-10-05 08:31:08,44.570176,38.064737,5.0,interp_short
2026-10-05 08:31:09,44.570141,38.064868,5.0,observed
2026-10-05 08:31:10,44.570071,38.065128,5.0,observed
2026-10-05 08:31:11,44.570025,38.065301,5.0,interp_short
2026-10-05 08:31:12,44.569979,38.065474,5.0,interp_short
2026-10-05 08:31:13,44.569932,38.065649,5.0,observed
2026-10-05 08:31:14,44.569897,38.065779,5.0,interp_short
2026-10-05 08:31:15,44.569862,38.06591,5.0,observed
2026-10-05 08:31:16,44.56981,38.066102,5.0,interp_short
2026-10-05 08:31:17,44.569757,38.066303,5.0,interp_short
2026-10-05 08:31:18,44.569702,38.066504,5.0,interp_short
2026-10-05 08:31:19,44.56965,38.066695,5.0,observed
2026-10-05 08:31:20,44.569579,38.066956,5.0,observed
2026-10-05 08:31:21,44.569507,38.067217,5.0,observed
2026-10-05 08:31:22,44.569459,38.067394,5.0,interp_short
2026-10-05 08:31:23,44.56941,38.067568,5.0,interp_short
2026-10-05 08:31:24,44.569362,38.067739,5.0,observed
2026-10-05 08:31:25,44.569326,38.067871,5.0,interp_short
2026-10-05 08:31:26,44.569289,38.067999,5.0,observed
2026-10-05 08:31:27,44.569215,38.068258,5.0,observed
2026-10-05 08:31:28,44.569178,38.06839,5.0,interp_short
2026-10-05 08:31:29,44.569141,38.068517,5.0,observed
2026-10-05 08:31:30,44.569104,38.068648,5.0,interp_short
2026-10-05 08:31:31,44.569066,38.068775,5.0,observed
2026-10-05 08:31:32,44.56899,38.069032,5.0,observed
2026-10-05 08:31:33,44.568914,38.069289,5.0,observed
2026-10-05 08:31:34,44.568876,38.069418,5.0,interp_short
2026-10-05 08:31:35,44.568836,38.069545,5.0,observed
2026-10-05 08:31:36,44.568799,38.069672,5.0,interp_short
2026-10-05 08:31:37,44.568759,38.069799,5.0,observed
2026-10-05 08:31:38,44.56868,38.070053,5.0,observed
2026-10-05 08:31:39,44.568642,38.070178,5.0,interp_short
2026-10-05 08:31:40,44.5686,38.070305,5.0,observed
2026-10-05 08:31:41,44.56852,38.070556,5.0,observed
2026-10-05 08:31:42,44.568439,38.070806,5.0,observed
2026-10-05 08:31:43,44.56839,38.07096,5.0,interp_short
2026-10-05 08:31:44,44.568343,38.071106,5.0,interp_short
2026-10-05 08:31:45,44.568295,38.07125,5.0,interp_short
2026-10-05 08:31:46,44.568245,38.071396,5.0,interp_short
2026-10-05 08:31:47,44.56819,38.071549,5.0,observed
2026-10-05 08:31:48,44.568135,38.071713,5.0,interp_short
2026-10-05 08:31:49,44.568078,38.071875,5.0,interp_short
2026-10-05 08:31:50,44.568019,38.072037,5.0,observed
2026-10-05 08:31:51,44.567932,38.072279,5.0,observed
2026-10-05 08:31:52,44.567845,38.072519,5.0,observed
2026-10-05 08:31:53,44.567756,38.072758,5.0,observed
2026-10-05 08:31:54,44.567713,38.072878,5.0,interp_short
2026-10-05 08:31:55,44.567667,38.072995,5.0,observed
2026-10-05 08:31:56,44.567577,38.073232,5.0,interp_short
2026-10-05 08:31:57,44.567485,38.073465,5.0,observed
2026-10-05 08:31:58,44.56744,38.073584,5.0,interp_short
2026-10-05 08:31:59,44.567393,38.073698,5.0,observed
2026-10-05 08:32:00,44.567332,38.073856,5.0,interp_short
2026-10-05 08:32:01,44.567271,38.074005,5.0,interp_short
2026-10-05 08:32:02,44.567206,38.074159,5.0,observed
2026-10-05 08:32:03,44.56716,38.074274,5.0,interp_short
2026-10-05 08:32:04,44.567111,38.074388,5.0,observed
2026-10-05 08:32:05,44.567017,38.074614,5.0,interp_short
2026-10-05 08:32:06,44.566918,38.07484,5.0,observed
2026-10-05 08:32:07,44.566872,38.074951,5.0,interp_short
2026-10-05 08:32:08,44.566821,38.075064,5.0,observed
2026-10-05 08:32:09,44.566722,38.075287,5.0,observed
2026-10-05 08:32:10,44.566623,38.075508,5.0,observed
2026-10-05 08:32:11,44.566576,38.075615,5.0,interp_short
2026-10-05 08:32:12,44.566523,38.075728,5.0,observed
2026-10-05 08:32:13,44.566423,38.075946,5.0,observed
2026-10-05 08:32:14,44.566321,38.076164,5.0,observed
2026-10-05 08:32:15,44.566273,38.07627,5.0,interp_short
2026-10-05 08:32:16,44.56622,38.07638,5.0,observed
2026-10-05 08:32:17,44.566117,38.076595,5.0,observed
2026-10-05 08:32:18,44.566014,38.076809,5.0,observed
2026-10-05 08:32:19,44.56591,38.077022,5.0,observed
2026-10-05 08:32:20,44.565805,38.077234,5.0,observed
2026-10-05 08:32:21,44.5657,38.077446,5.0,interp_short
2026-10-05 08:32:22,44.565595,38.077655,5.0,observed
2026-10-05 08:32:23,44.56549,38.077864,5.0,observed
2026-10-05 08:32:24,44.565436,38.077972,5.0,interp_short
2026-10-05 08:32:25,44.565383,38.078073,5.0,observed
2026-10-05 08:32:26,44.565277,38.07828,5.0,observed
2026-10-05 08:32:27,44.56517,38.078488,5.0,observed
2026-10-05 08:32:28,44.565116,38.078594,5.0,interp_short
2026-10-05 08:32:29,44.565063,38.078694,5.0,observed
2026-10-05 08:32:30,44.564956,38.0789,5.0,observed
2026-10-05 08:32:31,44.564848,38.079106,5.0,observed
2026-10-05 08:32:32,44.564741,38.079311,5.0,observed
2026-10-05 08:32:33,44.564687,38.079413,5.0,interp_short
2026-10-05 08:32:34,44.564633,38.079516,5.0,observed
2026-10-05 08:32:35,44.564525,38.079721,5.0,observed
2026-10-05 08:32:36,44.564473,38.079821,5.0,interp_short
2026-10-05 08:32:37,44.564418,38.079925,5.0,observed
2026-10-05 08:32:38,44.56431,38.08013,5.0,observed
2026-10-05 08:32:39,44.564202,38.080334,5.0,observed
2026-10-05 08:32:40,44.564095,38.080538,5.0,observed
2026-10-05 08:32:41,44.563987,38.080743,5.0,observed
2026-10-05 08:32:42,44.563934,38.080843,5.0,interp_short
2026-10-05 08:32:43,44.56388,38.080947,5.0,observed
2026-10-05 08:32:44,44.563773,38.081152,5.0,observed
2026-10-05 08:32:45,44.563666,38.081357,5.0,observed
2026-10-05 08:32:46,44.563559,38.081561,5.0,interp_short
2026-10-05 08:32:47,44.563453,38.081767,5.0,observed
2026-10-05 08:32:48,44.563347,38.081973,5.0,observed
2026-10-05 08:32:49,44.563241,38.082179,5.0,observed
2026-10-05 08:32:50,44.563167,38.082323,5.0,interp_short
2026-10-05 08:32:51,44.563101,38.082455,5.0,interp_short
2026-10-05 08:32:52,44.563032,38.082593,5.0,observed
2026-10-05 08:32:53,44.562927,38.082801,5.0,observed
2026-10-05 08:32:54,44.562823,38.083009,5.0,observed
2026-10-05 08:32:55,44.56272,38.083218,5.0,observed
2026-10-05 08:32:56,44.562666,38.083326,5.0,interp_short
2026-10-05 08:32:57,44.562617,38.083428,5.0,observed
2026-10-05 08:32:58,44.562515,38.083638,5.0,observed
2026-10-05 08:32:59,44.562413,38.083849,5.0,observed
2026-10-05 08:33:00,44.562312,38.08406,5.0,observed
2026-10-05 08:33:01,44.56226,38.084169,5.0,interp_short
2026-10-05 08:33:02,44.562212,38.084273,5.0,observed
2026-10-05 08:33:03,44.56216,38.084381,5.02,interp_short
2026-10-05 08:33:04,44.562112,38.084486,5.0,observed
2026-10-05 08:33:05,44.562012,38.0847,5.0,observed
2026-10-05 08:33:06,44.561914,38.084914,5.29,observed
2026-10-05 08:33:07,44.561864,38.085021,5.51,interp_short
2026-10-05 08:33:08,44.561816,38.085129,5.78,observed
2026-10-05 08:33:09,44.561718,38.085345,6.23,observed
2026-10-05 08:33:10,44.561653,38.085489,6.55,interp_short
2026-10-05 08:33:11,44.56159,38.08563,6.76,interp_short
2026-10-05 08:33:12,44.561525,38.08578,7.01,observed
2026-10-05 08:33:13,44.56143,38.085998,7.33,observed
2026-10-05 08:33:14,44.561383,38.086105,7.48,interp_short
2026-10-05 08:33:15,44.561335,38.086218,7.61,observed
2026-10-05 08:33:16,44.561241,38.086438,7.85,observed
2026-10-05 08:33:17,44.561194,38.086545,7.97,interp_short
2026-10-05 08:33:18,44.561147,38.086658,8.05,observed
2026-10-05 08:33:19,44.561054,38.08688,8.2,observed
2026-10-05 08:33:20,44.560961,38.087102,8.31,observed
2026-10-05 08:33:21,44.560869,38.087325,8.39,observed
2026-10-05 08:33:22,44.560823,38.087436,8.42,interp_short
2026-10-05 08:33:23,44.560777,38.087549,8.42,observed
2026-10-05 08:33:24,44.560686,38.087774,8.42,observed
2026-10-05 08:33:25,44.560596,38.087999,8.38,observed
2026-10-05 08:33:26,44.560506,38.088225,8.3,observed
2026-10-05 08:33:27,44.560461,38.088336,8.26,interp_short
2026-10-05 08:33:28,44.560416,38.088451,8.19,observed
2026-10-05 08:33:29,44.560327,38.088678,8.05,observed
2026-10-05 08:33:30,44.560282,38.088792,7.98,interp_short
2026-10-05 08:33:31,44.560238,38.088906,7.89,observed
2026-10-05 08:33:32,44.56015,38.089134,7.69,observed
2026-10-05 08:33:33,44.560062,38.089363,7.47,observed
2026-10-05 08:33:34,44.560017,38.089478,7.36,interp_short
2026-10-05 08:33:35,44.559974,38.089592,7.24,observed
2026-10-05 08:33:36,44.559887,38.089822,6.98,observed
2026-10-05 08:33:37,44.5598,38.090052,6.71,observed
2026-10-05 08:33:38,44.559714,38.090283,6.42,observed
2026-10-05 08:33:39,44.559627,38.090514,6.13,observed
2026-10-05 08:33:40,44.559541,38.090746,5.83,observed
2026-10-05 08:33:41,44.559497,38.090863,5.64,interp_short
2026-10-05 08:33:42,44.559455,38.090977,5.52,observed
2026-10-05 08:33:43,44.559411,38.091096,5.37,interp_short
2026-10-05 08:33:44,44.55937,38.09121,5.22,observed
2026-10-05 08:33:45,44.559311,38.091369,5.1,interp_short
2026-10-05 08:33:46,44.559256,38.09152,5.03,interp_short
2026-10-05 08:33:47,44.559199,38.091675,5.0,observed
2026-10-05 08:33:48,44.559114,38.091908,5.0,observed
2026-10-05 08:33:49,44.559029,38.092141,5.0,observed
2026-10-05 08:33:50,44.558971,38.092298,5.0,interp_short
2026-10-05 08:33:51,44.558916,38.092451,5.0,interp_short
2026-10-05 08:33:52,44.558859,38.092608,5.0,observed
2026-10-05 08:33:53,44.558774,38.092841,5.0,observed
2026-10-05 08:33:54,44.558732,38.092958,5.0,interp_short
2026-10-05 08:33:55,44.558689,38.093075,5.0,observed
2026-10-05 08:33:56,44.558632,38.093232,5.0,interp_short
2026-10-05 08:33:57,44.558576,38.093385,5.0,interp_short
2026-10-05 08:33:58,44.558519,38.093543,5.0,observed
2026-10-05 08:33:59,44.558434,38.093777,5.0,observed
2026-10-05 08:34:00,44.558392,38.093894,5.0,interp_short
2026-10-05 08:34:01,44.558349,38.094011,5.0,observed
2026-10-05 08:34:02,44.558264,38.094245,5.0,interp_short
2026-10-05 08:34:03,44.558179,38.094479,5.0,observed
2026-10-05 08:34:04,44.558137,38.094596,5.0,interp_short
2026-10-05 08:34:05,44.558094,38.094712,5.0,observed
2026-10-05 08:34:06,44.558008,38.094947,5.0,interp_short
2026-10-05 08:34:07,44.557923,38.09518,5.0,observed
2026-10-05 08:34:08,44.557837,38.095414,5.0,observed
2026-10-05 08:34:09,44.557795,38.09553,5.0,interp_short
2026-10-05 08:34:10,44.557752,38.095647,5.0,observed
2026-10-05 08:34:11,44.557666,38.095881,5.0,observed
2026-10-05 08:34:12,44.557624,38.095997,5.0,interp_short
2026-10-05 08:34:13,44.55758,38.096114,5.0,observed
2026-10-05 08:34:14,44.557537,38.096229,5.0,interp_short
2026-10-05 08:34:15,44.557493,38.096347,5.0,observed
2026-10-05 08:34:16,44.557407,38.09658,5.0,observed
2026-10-05 08:34:17,44.55732,38.096813,5.0,observed
2026-10-05 08:34:18,44.557278,38.096927,5.0,interp_short
2026-10-05 08:34:19,44.557234,38.097046,5.0,observed
2026-10-05 08:34:20,44.557148,38.097276,5.01,interp_short
2026-10-05 08:34:21,44.55706,38.09751,5.1,observed
2026-10-05 08:34:22,44.557003,38.097664,5.35,interp_short
2026-10-05 08:34:23,44.556946,38.097815,5.69,interp_short
2026-10-05 08:34:24,44.556885,38.097975,6.04,observed
2026-10-05 08:34:25,44.556827,38.098128,6.34,interp_short
2026-10-05 08:34:26,44.55677,38.098278,6.66,interp_short
2026-10-05 08:34:27,44.556709,38.098438,7.09,observed
2026-10-05 08:34:28,44.556622,38.098667,7.67,interp_short
2026-10-05 08:34:29,44.556533,38.098901,8.24,observed
2026-10-05 08:34:30,44.556474,38.099055,8.66,interp_short
2026-10-05 08:34:31,44.556417,38.099205,9.02,interp_short
2026-10-05 08:34:32,44.556356,38.099363,9.48,observed
2026-10-05 08:34:33,44.556267,38.099594,10.12,observed
2026-10-05 08:34:34,44.556178,38.099824,10.78,observed
2026-10-05 08:34:35,44.556089,38.100055,11.45,observed
2026-10-05 08:34:36,44.556,38.100285,12.13,observed
2026-10-05 08:34:37,44.555955,38.1004,12.46,interp_short
2026-10-05 08:34:38,44.55591,38.100515,12.82,observed
2026-10-05 08:34:39,44.555821,38.100745,13.51,observed
2026-10-05 08:34:40,44.555776,38.100861,13.9,interp_short
2026-10-05 08:34:41,44.555731,38.100975,14.21,observed
2026-10-05 08:34:42,44.555641,38.101206,14.81,interp_short
2026-10-05 08:34:43,44.555551,38.101435,15.6,observed
2026-10-05 08:34:44,44.555461,38.101664,16.3,observed
2026-10-05 08:34:45,44.555415,38.101781,16.65,interp_short
2026-10-05 08:34:46,44.555371,38.101893,16.99,observed
2026-10-05 08:34:47,44.55528,38.102123,17.67,observed
2026-10-05 08:34:48,44.55519,38.102352,18.34,observed
2026-10-05 08:34:49,44.555144,38.102468,18.67,interp_short
2026-10-05 08:34:50,44.555099,38.102581,19.0,observed
2026-10-05 08:34:51,44.555008,38.10281,19.65,observed
2026-10-05 08:34:52,44.554918,38.103039,20.29,observed
2026-10-05 08:34:53,44.554827,38.103267,20.92,observed
2026-10-05 08:34:54,44.554781,38.103384,21.21,interp_short
2026-10-05 08:34:55,44.554736,38.103496,21.52,observed
2026-10-05 08:34:56,44.554644,38.103725,22.12,observed
2026-10-05 08:34:57,44.554598,38.103841,22.41,interp_short
2026-10-05 08:34:58,44.554553,38.103953,22.69,observed
2026-10-05 08:34:59,44.554462,38.104182,23.25,observed
2026-10-05 08:35:00,44.554416,38.104297,23.55,interp_short
2026-10-05 08:35:01,44.55437,38.10441,23.8,observed
2026-10-05 08:35:02,44.554279,38.104638,24.32,observed
2026-10-05 08:35:03,44.554187,38.104867,24.87,interp_short
2026-10-05 08:35:04,44.554095,38.105095,25.32,observed
2026-10-05 08:35:05,44.554049,38.105209,25.61,interp_short
2026-10-05 08:35:06,44.554003,38.105323,25.79,observed
2026-10-05 08:35:07,44.553957,38.105436,25.97,interp_short
2026-10-05 08:35:08,44.553911,38.105551,26.25,observed
2026-10-05 08:35:09,44.553819,38.105779,26.7,observed
2026-10-05 08:35:10,44.553727,38.106007,27.13,observed
2026-10-05 08:35:11,44.553682,38.106119,27.33,interp_short
2026-10-05 08:35:12,44.553635,38.106235,27.54,observed
2026-10-05 08:35:13,44.553542,38.106463,27.95,observed
2026-10-05 08:35:14,44.553497,38.106575,28.16,interp_short
2026-10-05 08:35:15,44.55345,38.106691,28.34,observed
2026-10-05 08:35:16,44.553357,38.106919,28.73,observed
2026-10-05 08:35:17,44.553264,38.107147,29.11,observed
2026-10-05 08:35:18,44.553171,38.107374,29.49,observed
2026-10-05 08:35:19,44.553125,38.107487,29.68,interp_short
2026-10-05 08:35:20,44.553078,38.107602,29.86,observed
2026-10-05 08:35:21,44.552985,38.10783,30.23,observed
2026-10-05 08:35:22,44.552891,38.108057,30.61,observed
2026-10-05 08:35:23,44.552844,38.108172,30.8,interp_short
2026-10-05 08:35:24,44.552798,38.108284,30.99,observed
2026-10-05 08:35:25,44.552704,38.108512,31.37,observed
2026-10-05 08:35:26,44.55261,38.108739,31.76,observed
2026-10-05 08:35:27,44.552546,38.108895,32.02,interp_short
2026-10-05 08:35:28,44.552484,38.109044,32.25,interp_short
2026-10-05 08:35:29,44.552422,38.109193,32.57,observed
2026-10-05 08:35:30,44.552328,38.10942,33.0,observed
2026-10-05 08:35:31,44.552279,38.109536,33.22,interp_short
2026-10-05 08:35:32,44.552233,38.109646,33.44,observed
2026-10-05 08:35:33,44.552138,38.109873,33.9,observed
2026-10-05 08:35:34,44.552043,38.110099,34.39,observed
2026-10-05 08:35:35,44.551995,38.110215,34.7,interp_short
2026-10-05 08:35:36,44.551948,38.110325,34.89,observed
2026-10-05 08:35:37,44.551899,38.11044,35.09,interp_short
2026-10-05 08:35:38,44.551852,38.110551,35.42,observed
2026-10-05 08:35:39,44.551757,38.110777,35.97,observed
2026-10-05 08:35:40,44.551661,38.111003,36.55,observed
2026-10-05 08:35:41,44.551613,38.111116,36.84,interp_short
2026-10-05 08:35:42,44.551565,38.111228,37.17,observed
2026-10-05 08:35:43,44.551469,38.111453,37.81,observed
2026-10-05 08:35:44,44.551422,38.111564,38.25,interp_short
2026-10-05 08:35:45,44.551372,38.111678,38.48,observed
2026-10-05 08:35:46,44.551326,38.111788,38.71,interp_short
2026-10-05 08:35:47,44.551276,38.111903,39.18,observed
2026-10-05 08:35:48,44.551179,38.112128,39.92,observed
2026-10-05 08:35:49,44.551132,38.112236,40.3,interp_short
2026-10-05 08:35:50,44.551082,38.112352,40.69,observed
2026-10-05 08:35:51,44.550984,38.112576,41.49,observed
2026-10-05 08:35:52,44.550921,38.112721,42.13,interp_short
2026-10-05 08:35:53,44.550858,38.112867,42.62,interp_short
2026-10-05 08:35:54,44.55079,38.113023,43.2,observed
2026-10-05 08:35:55,44.550694,38.113243,44.03,interp_short
2026-10-05 08:35:56,44.550594,38.113469,45.05,observed
2026-10-05 08:35:57,44.550496,38.113692,46.02,observed
2026-10-05 08:35:58,44.550448,38.113801,46.51,interp_short
2026-10-05 08:35:59,44.550398,38.113914,47.02,observed
2026-10-05 08:36:00,44.550299,38.114136,48.05,observed
2026-10-05 08:36:01,44.550201,38.114357,49.12,observed
2026-10-05 08:36:02,44.550102,38.114579,50.21,observed
2026-10-05 08:36:03,44.550004,38.1148,51.32,observed
2026-10-05 08:36:04,44.549954,38.114912,51.89,interp_short
2026-10-05 08:36:05,44.549905,38.11502,52.46,observed
2026-10-05 08:36:06,44.549807,38.11524,53.63,observed
2026-10-05 08:36:07,44.549708,38.11546,54.81,observed
2026-10-05 08:36:08,44.549658,38.115572,55.4,interp_short
2026-10-05 08:36:09,44.549609,38.11568,56.01,observed
2026-10-05 08:36:10,44.549511,38.115899,57.23,observed
2026-10-05 08:36:11,44.549412,38.116118,58.46,observed
2026-10-05 08:36:12,44.549362,38.116228,59.08,interp_short
2026-10-05 08:36:13,44.549313,38.116336,59.7,observed
2026-10-05 08:36:14,44.549215,38.116555,60.94,observed
2026-10-05 08:36:15,44.549117,38.116772,62.19,observed
2026-10-05 08:36:16,44.549068,38.11688,62.78,interp_short
2026-10-05 08:36:17,44.549018,38.11699,63.45,observed
2026-10-05 08:36:18,44.54892,38.117207,64.7,observed
2026-10-05 08:36:19,44.548872,38.117314,65.35,interp_short
2026-10-05 08:36:20,44.548822,38.117424,65.94,observed
2026-10-05 08:36:21,44.548725,38.117641,67.18,observed
2026-10-05 08:36:22,44.548627,38.117857,68.41,observed
2026-10-05 08:36:23,44.54853,38.118073,69.62,observed
2026-10-05 08:36:24,44.548433,38.118288,70.82,observed
2026-10-05 08:36:25,44.548368,38.118433,71.64,interp_short
2026-10-05 08:36:26,44.548307,38.118571,72.29,interp_short
2026-10-05 08:36:27,44.548241,38.118719,73.15,observed
2026-10-05 08:36:28,44.548145,38.118934,74.28,observed
2026-10-05 08:36:29,44.548097,38.11904,74.86,interp_short
2026-10-05 08:36:30,44.54805,38.119148,75.39,observed
2026-10-05 08:36:31,44.547955,38.119363,76.46,observed
2026-10-05 08:36:32,44.54786,38.119577,77.5,observed
2026-10-05 08:36:33,44.547766,38.119791,78.5,observed
2026-10-05 08:36:34,44.547673,38.120005,79.46,observed
2026-10-05 08:36:35,44.54758,38.120218,80.39,observed
2026-10-05 08:36:36,44.547487,38.120432,81.27,observed
2026-10-05 08:36:37,44.547423,38.120579,81.98,interp_short
2026-10-05 08:36:38,44.547365,38.120714,82.52,interp_short
2026-10-05 08:36:39,44.547304,38.120858,82.91,observed
2026-10-05 08:36:40,44.547257,38.120966,83.21,interp_short
2026-10-05 08:36:41,44.547213,38.121072,83.66,observed
2026-10-05 08:36:42,44.547123,38.121285,84.37,observed
2026-10-05 08:36:43,44.547033,38.121498,85.03,observed
2026-10-05 08:36:44,44.546945,38.121711,85.64,observed
2026-10-05 08:36:45,44.546899,38.121818,85.94,interp_short
2026-10-05 08:36:46,44.546856,38.121924,86.2,observed
2026-10-05 08:36:47,44.546769,38.122137,86.71,observed
2026-10-05 08:36:48,44.546682,38.12235,87.17,observed
2026-10-05 08:36:49,44.546639,38.122455,87.39,interp_short
2026-10-05 08:36:50,44.546596,38.122564,87.59,observed
2026-10-05 08:36:51,44.54651,38.122777,87.96,observed
2026-10-05 08:36:52,44.546425,38.122991,88.28,observed
2026-10-05 08:36:53,44.546341,38.123204,88.55,observed
2026-10-05 08:36:54,44.5463,38.123308,88.68,interp_short
2026-10-05 08:36:55,44.546258,38.123418,88.78,observed
2026-10-05 08:36:56,44.546175,38.123632,88.97,observed
2026-10-05 08:36:57,44.546093,38.123847,89.11,observed
2026-10-05 08:36:58,44.546038,38.123989,89.2,interp_short
2026-10-05 08:36:59,44.545986,38.124124,89.25,interp_short
2026-10-05 08:37:00,44.54593,38.124276,89.28,observed
2026-10-05 08:37:01,44.54585,38.124489,89.3,interp_short
2026-10-05 08:37:02,44.54577,38.124707,89.3,observed
2026-10-05 08:37:03,44.545691,38.124923,89.26,observed
2026-10-05 08:37:04,44.545613,38.125139,89.2,observed
2026-10-05 08:37:05,44.545535,38.125356,89.1,observed
2026-10-05 08:37:06,44.545458,38.125573,88.98,observed
2026-10-05 08:37:07,44.545418,38.125682,88.91,interp_short
2026-10-05 08:37:08,44.545381,38.125791,88.84,observed
2026-10-05 08:37:09,44.545305,38.126006,88.7,interp_short
2026-10-05 08:37:10,44.545227,38.126233,88.51,interp_short
2026-10-05 08:37:11,44.545154,38.126447,88.3,observed
2026-10-05 08:37:12,44.545079,38.126667,88.1,observed
2026-10-05 08:37:13,44.545004,38.126888,87.89,observed
2026-10-05 08:37:14,44.54493,38.127109,87.67,observed
2026-10-05 08:37:15,44.544878,38.127263,87.49,interp_short
2026-10-05 08:37:16,44.544832,38.127401,87.35,interp_short
2026-10-05 08:37:17,44.544782,38.127553,87.22,observed
2026-10-05 08:37:18,44.54473,38.127707,87.09,interp_short
2026-10-05 08:37:19,44.544685,38.127847,86.95,interp_short
2026-10-05 08:37:20,44.544635,38.128,86.78,observed
2026-10-05 08:37:21,44.544562,38.128224,86.57,observed
2026-10-05 08:37:22,44.544488,38.128449,86.36,observed
2026-10-05 08:37:23,44.544415,38.128675,86.17,observed
2026-10-05 08:37:24,44.544342,38.128902,85.98,observed
2026-10-05 08:37:25,44.544305,38.129016,85.89,interp_short
2026-10-05 08:37:26,44.544269,38.129129,85.82,observed
2026-10-05 08:37:27,44.544195,38.129357,85.66,observed
2026-10-05 08:37:28,44.544122,38.129586,85.52,observed
2026-10-05 08:37:29,44.544048,38.129816,85.41,observed
2026-10-05 08:37:30,44.543974,38.130047,85.3,observed
2026-10-05 08:37:31,44.543936,38.130165,85.25,interp_short
2026-10-05 08:37:32,44.5439,38.130278,85.22,observed
2026-10-05 08:37:33,44.543825,38.13051,85.16,observed
2026-10-05 08:37:34,44.54375,38.130743,85.12,observed
2026-10-05 08:37:35,44.543712,38.130862,85.1,interp_short
2026-10-05 08:37:36,44.543675,38.130977,85.1,observed
2026-10-05 08:37:37,44.543599,38.131212,85.1,observed
2026-10-05 08:37:38,44.54356,38.131331,85.1,interp_short
2026-10-05 08:37:39,44.543522,38.131447,85.12,observed
2026-10-05 08:37:40,44.543445,38.131684,85.16,observed
2026-10-05 08:37:41,44.543407,38.131803,85.19,interp_short
2026-10-05 08:37:42,44.543368,38.131921,85.22,observed
2026-10-05 08:37:43,44.543316,38.132081,85.26,interp_short
2026-10-05 08:37:44,44.543264,38.132237,85.31,interp_short
2026-10-05 08:37:45,44.54321,38.132398,85.4,observed
2026-10-05 08:37:46,44.54313,38.132637,85.52,observed
2026-10-05 08:37:47,44.54305,38.132877,85.65,observed
2026-10-05 08:37:48,44.54301,38.132997,85.72,interp_short
2026-10-05 08:37:49,44.542969,38.133119,85.79,observed
2026-10-05 08:37:50,44.542886,38.13336,85.95,observed
2026-10-05 08:37:51,44.542803,38.133603,86.12,observed
2026-10-05 08:37:52,44.542761,38.133725,86.2,interp_short
2026-10-05 08:37:53,44.542719,38.133846,86.3,observed
2026-10-05 08:37:54,44.542634,38.134091,86.49,observed
2026-10-05 08:37:55,44.542591,38.134215,86.58,interp_short
2026-10-05 08:37:56,44.542548,38.134335,86.68,observed
2026-10-05 08:37:57,44.542461,38.134581,86.88,observed
2026-10-05 08:37:58,44.542417,38.134706,86.98,interp_short
2026-10-05 08:37:59,44.542373,38.134827,87.07,observed
2026-10-05 08:38:00,44.542284,38.135074,87.27,observed
2026-10-05 08:38:01,44.542194,38.135321,87.47,observed
2026-10-05 08:38:02,44.542149,38.135447,87.59,interp_short
2026-10-05 08:38:03,44.542103,38.13557,87.66,observed
2026-10-05 08:38:04,44.542057,38.135695,87.73,interp_short
2026-10-05 08:38:05,44.542011,38.135818,87.85,observed
2026-10-05 08:38:06,44.541917,38.136067,88.03,observed
2026-10-05 08:38:07,44.541871,38.136193,88.14,interp_short
2026-10-05 08:38:08,44.541823,38.136317,88.2,observed
2026-10-05 08:38:09,44.541776,38.136443,88.25,interp_short
2026-10-05 08:38:10,44.541727,38.136567,88.35,observed
2026-10-05 08:38:11,44.54163,38.136818,88.5,observed
2026-10-05 08:38:12,44.541582,38.136944,88.57,interp_short
2026-10-05 08:38:13,44.541532,38.137069,88.62,observed
2026-10-05 08:38:14,44.541434,38.137321,88.74,observed
2026-10-05 08:38:15,44.541333,38.137573,88.83,observed
2026-10-05 08:38:16,44.541284,38.137699,88.88,interp_short
2026-10-05 08:38:17,44.541232,38.137825,88.9,observed
2026-10-05 08:38:18,44.541182,38.137951,88.93,interp_short
2026-10-05 08:38:19,44.54113,38.138078,88.95,observed
2026-10-05 08:38:20,44.541063,38.138245,88.97,interp_short
2026-10-05 08:38:21,44.540993,38.138415,88.98,interp_short
2026-10-05 08:38:22,44.540922,38.138584,88.98,observed
2026-10-05 08:38:23,44.540871,38.13871,88.98,interp_short
2026-10-05 08:38:24,44.540817,38.138838,88.96,observed
2026-10-05 08:38:25,44.540711,38.139091,88.92,observed
2026-10-05 08:38:26,44.540658,38.139217,88.88,interp_short
2026-10-05 08:38:27,44.540603,38.139345,88.85,observed
2026-10-05 08:38:28,44.54055,38.139471,88.82,interp_short
2026-10-05 08:38:29,44.540495,38.139599,88.76,observed
2026-10-05 08:38:30,44.540385,38.139853,88.64,observed
2026-10-05 08:38:31,44.540275,38.140107,88.49,observed
2026-10-05 08:38:32,44.540221,38.140233,88.39,interp_short
2026-10-05 08:38:33,44.540164,38.140361,88.32,observed
2026-10-05 08:38:34,44.540091,38.140527,88.22,interp_short
2026-10-05 08:38:35,44.540016,38.140698,88.08,interp_short
2026-10-05 08:38:36,44.539939,38.140868,87.91,observed
2026-10-05 08:38:37,44.539866,38.141035,87.73,interp_short
2026-10-05 08:38:38,44.539789,38.141205,87.56,interp_short
2026-10-05 08:38:39,44.539712,38.141375,87.41,observed
2026-10-05 08:38:40,44.539656,38.141501,87.29,interp_short
2026-10-05 08:38:41,44.539597,38.141629,87.12,observed
2026-10-05 08:38:42,44.539481,38.141882,86.82,observed
2026-10-05 08:38:43,44.539365,38.142135,86.5,observed
2026-10-05 08:38:44,44.539307,38.142262,86.29,interp_short
2026-10-05 08:38:45,44.539249,38.142387,86.17,observed
2026-10-05 08:38:46,44.53919,38.142514,86.05,interp_short
2026-10-05 08:38:47,44.539131,38.142639,85.82,observed
2026-10-05 08:38:48,44.539014,38.142891,85.46,observed
2026-10-05 08:38:49,44.538954,38.143019,85.27,interp_short
2026-10-05 08:38:50,44.538896,38.143142,85.09,observed
2026-10-05 08:38:51,44.538778,38.143393,84.72,observed
2026-10-05 08:38:52,44.538659,38.143644,84.34,observed
2026-10-05 08:38:53,44.538599,38.143771,84.1,interp_short
2026-10-05 08:38:54,44.538541,38.143894,83.95,observed
2026-10-05 08:38:55,44.538481,38.144021,83.82,interp_short
2026-10-05 08:38:56,44.538422,38.144143,83.57,observed
2026-10-05 08:38:57,44.538303,38.144391,83.19,observed
2026-10-05 08:38:58,44.538243,38.144517,82.96,interp_short
2026-10-05 08:38:59,44.538184,38.144639,82.81,observed
2026-10-05 08:39:00,44.538105,38.144804,82.59,interp_short
2026-10-05 08:39:01,44.538024,38.14497,82.33,interp_short
2026-10-05 08:39:02,44.537945,38.145133,82.09,observed
2026-10-05 08:39:03,44.537886,38.145256,81.91,interp_short
2026-10-05 08:39:04,44.537827,38.145379,81.75,observed
2026-10-05 08:39:05,44.537768,38.145501,81.59,interp_short
2026-10-05 08:39:06,44.537708,38.145624,81.42,observed
2026-10-05 08:39:07,44.537649,38.145746,81.27,interp_short
2026-10-05 08:39:08,44.537589,38.145869,81.11,observed
2026-10-05 08:39:09,44.537512,38.146029,80.93,interp_short
2026-10-05 08:39:10,44.537432,38.146192,80.74,interp_short
2026-10-05 08:39:11,44.537353,38.146355,80.56,observed
2026-10-05 08:39:12,44.537276,38.146513,80.41,interp_short
2026-10-05 08:39:13,44.537197,38.146676,80.27,interp_short
2026-10-05 08:39:14,44.537119,38.146838,80.11,observed
2026-10-05 08:39:15,44.537002,38.147077,79.93,observed
2026-10-05 08:39:16,44.536886,38.147316,79.78,observed
2026-10-05 08:39:17,44.536828,38.147434,79.7,interp_short
2026-10-05 08:39:18,44.53677,38.147554,79.67,observed
2026-10-05 08:39:19,44.536713,38.147672,79.64,interp_short
2026-10-05 08:39:20,44.536656,38.147792,79.59,observed
2026-10-05 08:39:21,44.536541,38.148028,79.54,observed
2026-10-05 08:39:22,44.536466,38.148182,79.51,interp_short
2026-10-05 08:39:23,44.536391,38.148337,79.52,interp_short
2026-10-05 08:39:24,44.536315,38.148496,79.57,observed
2026-10-05 08:39:25,44.536203,38.148729,79.65,observed
2026-10-05 08:39:26,44.536148,38.148843,79.72,interp_short
2026-10-05 08:39:27,44.536092,38.148961,79.77,observed
2026-10-05 08:39:28,44.536037,38.149074,79.82,interp_short
2026-10-05 08:39:29,44.535982,38.149192,79.92,observed
2026-10-05 08:39:30,44.535873,38.149421,80.12,observed
2026-10-05 08:39:31,44.535794,38.149588,80.35,interp_short
2026-10-05 08:39:32,44.535713,38.149758,80.59,interp_short
2026-10-05 08:39:33,44.535632,38.14993,80.8,interp_short
2026-10-05 08:39:34,44.535551,38.150104,80.97,observed
2026-10-05 08:39:35,44.535499,38.150214,81.11,interp_short
2026-10-05 08:39:36,44.535446,38.150329,81.34,observed
2026-10-05 08:39:37,44.535341,38.150553,81.74,observed
2026-10-05 08:39:38,44.535238,38.150776,82.19,observed
2026-10-05 08:39:39,44.535136,38.150996,82.66,interp_short
2026-10-05 08:39:40,44.535035,38.151218,83.18,observed
2026-10-05 08:39:41,44.534935,38.151438,83.74,observed
2026-10-05 08:39:42,44.53486,38.151601,84.19,interp_short
2026-10-05 08:39:43,44.534787,38.151763,84.58,interp_short
2026-10-05 08:39:44,44.534715,38.151926,85.01,interp_short
2026-10-05 08:39:45,44.534643,38.15209,85.58,observed
2026-10-05 08:39:46,44.534548,38.152305,86.25,observed
2026-10-05 08:39:47,44.5345,38.152413,86.62,interp_short
2026-10-05 08:39:48,44.534454,38.15252,86.95,observed
2026-10-05 08:39:49,44.53436,38.152733,87.58,interp_short
2026-10-05 08:39:50,44.534269,38.152945,88.4,observed
2026-10-05 08:39:51,44.534179,38.153156,89.15,observed
2026-10-05 08:39:52,44.534132,38.153262,89.52,interp_short
2026-10-05 08:39:53,44.534089,38.153366,89.91,observed
2026-10-05 08:39:54,44.534001,38.153575,90.69,observed
2026-10-05 08:39:55,44.533914,38.153783,91.47,observed
2026-10-05 08:39:56,44.533828,38.153991,92.25,observed
2026-10-05 08:39:57,44.533743,38.154197,93.04,observed
2026-10-05 08:39:58,44.533699,38.154302,93.44,interp_short
2026-10-05 08:39:59,44.533659,38.154402,93.83,observed
2026-10-05 08:40:00,44.533577,38.154607,94.61,observed
2026-10-05 08:40:01,44.533495,38.154811,95.38,observed
2026-10-05 08:40:02,44.533414,38.155014,96.14,observed
2026-10-05 08:40:03,44.533335,38.155216,96.89,observed
2026-10-05 08:40:04,44.533294,38.155318,97.27,interp_short
2026-10-05 08:40:05,44.533256,38.155417,97.62,observed
2026-10-05 08:40:06,44.533178,38.155618,98.33,observed
2026-10-05 08:40:07,44.533102,38.155818,99.02,observed
2026-10-05 08:40:08,44.533063,38.155917,99.34,interp_short
2026-10-05 08:40:09,44.533026,38.156017,99.69,observed
2026-10-05 08:40:10,44.532951,38.156216,100.33,observed
2026-10-05 08:40:11,44.532914,38.156314,100.66,interp_short
2026-10-05 08:40:12,44.532876,38.156415,100.95,observed
2026-10-05 08:40:13,44.532803,38.156612,101.53,observed
2026-10-05 08:40:14,44.53273,38.15681,102.08,observed
2026-10-05 08:40:15,44.532658,38.157006,102.6,observed
2026-10-05 08:40:16,44.532587,38.157203,103.08,observed
2026-10-05 08:40:17,44.532516,38.157399,103.52,observed
2026-10-05 08:40:18,44.532446,38.157595,103.93,observed
2026-10-05 08:40:19,44.532376,38.15779,104.3,observed
2026-10-05 08:40:20,44.532341,38.157888,104.48,interp_short
2026-10-05 08:40:21,44.532307,38.157985,104.64,observed
2026-10-05 08:40:22,44.532239,38.15818,104.93,observed
2026-10-05 08:40:23,44.53217,38.158375,105.18,observed
2026-10-05 08:40:24,44.532103,38.15857,105.4,observed
2026-10-05 08:40:25,44.532035,38.158765,105.57,observed
2026-10-05 08:40:26,44.532001,38.158861,105.65,interp_short
2026-10-05 08:40:27,44.531968,38.158959,105.71,observed
2026-10-05 08:40:28,44.531901,38.159154,105.81,observed
2026-10-05 08:40:29,44.531851,38.159297,105.87,interp_short
2026-10-05 08:40:30,44.5318,38.159446,105.88,observed
2026-10-05 08:40:31,44.531751,38.159589,105.9,interp_short
2026-10-05 08:40:32,44.5317,38.159738,105.89,observed
2026-10-05 08:40:33,44.531634,38.159934,105.85,observed
2026-10-05 08:40:34,44.531567,38.160129,105.78,observed
2026-10-05 08:40:35,44.531501,38.160325,105.68,observed
2026-10-05 08:40:36,44.531434,38.160521,105.55,observed
2026-10-05 08:40:37,44.531367,38.160717,105.39,observed
2026-10-05 08:40:38,44.531301,38.160913,105.21,observed
2026-10-05 08:40:39,44.531234,38.161111,105.0,observed
2026-10-05 08:40:40,44.531166,38.161308,104.78,observed
2026-10-05 08:40:41,44.531099,38.161506,104.54,observed
2026-10-05 08:40:42,44.531065,38.161605,104.41,interp_short
2026-10-05 08:40:43,44.531031,38.161705,104.28,observed
2026-10-05 08:40:44,44.530963,38.161904,104.01,observed
2026-10-05 08:40:45,44.530894,38.162104,103.73,observed
2026-10-05 08:40:46,44.530825,38.162304,103.45,observed
2026-10-05 08:40:47,44.530755,38.162505,103.15,observed
2026-10-05 08:40:48,44.530686,38.162707,102.85,observed
2026-10-05 08:40:49,44.530615,38.16291,102.56,observed
2026-10-05 08:40:50,44.530544,38.163113,102.26,observed
2026-10-05 08:40:51,44.530473,38.163319,101.97,interp_short
2026-10-05 08:40:52,44.530401,38.163522,101.67,observed
2026-10-05 08:40:53,44.530328,38.163728,101.39,observed
2026-10-05 08:40:54,44.530291,38.163833,101.25,interp_short
2026-10-05 08:40:55,44.530254,38.163934,101.12,observed
2026-10-05 08:40:56,44.53018,38.164142,100.85,observed
2026-10-05 08:40:57,44.530106,38.16435,100.6,observed
2026-10-05 08:40:58,44.53003,38.164559,100.36,observed
2026-10-05 08:40:59,44.529954,38.16477,100.14,observed
2026-10-05 08:41:00,44.529916,38.164876,100.03,interp_short
2026-10-05 08:41:01,44.529878,38.164981,99.93,observed
2026-10-05 08:41:02,44.5298,38.165193,99.74,observed
2026-10-05 08:41:03,44.529722,38.165406,99.57,observed
2026-10-05 08:41:04,44.529643,38.165621,99.41,observed
2026-10-05 08:41:05,44.529604,38.165726,99.33,interp_short
2026-10-05 08:41:06,44.529563,38.165836,99.27,observed
2026-10-05 08:41:07,44.529482,38.166052,99.15,observed
2026-10-05 08:41:08,44.529422,38.166214,99.05,interp_short
2026-10-05 08:41:09,44.529363,38.166372,98.99,interp_short
2026-10-05 08:41:10,44.529302,38.166534,98.94,interp_short
2026-10-05 08:41:11,44.529236,38.166707,98.9,observed
2026-10-05 08:41:12,44.529152,38.166927,98.85,observed
2026-10-05 08:41:13,44.529067,38.167148,98.81,observed
2026-10-05 08:41:14,44.528982,38.167371,98.79,observed
2026-10-05 08:41:15,44.528896,38.167594,98.79,observed
2026-10-05 08:41:16,44.528809,38.167819,98.8,observed
2026-10-05 08:41:17,44.528721,38.168044,98.82,observed
2026-10-05 08:41:18,44.528677,38.168159,98.83,interp_short
2026-10-05 08:41:19,44.528633,38.16827,98.85,observed
2026-10-05 08:41:20,44.528543,38.168498,98.89,observed
2026-10-05 08:41:21,44.528453,38.168726,98.93,observed
2026-10-05 08:41:22,44.528363,38.168956,98.98,observed
2026-10-05 08:41:23,44.528271,38.169186,99.03,observed
2026-10-05 08:41:24,44.528224,38.169306,99.05,interp_short
2026-10-05 08:41:25,44.528179,38.169417,99.08,observed
2026-10-05 08:41:26,44.528086,38.169649,99.13,observed
2026-10-05 08:41:27,44.527993,38.169882,99.18,observed
2026-10-05 08:41:28,44.527898,38.170116,99.23,observed
2026-10-05 08:41:29,44.52785,38.170235,99.25,interp_short
2026-10-05 08:41:30,44.527803,38.170351,99.26,observed
2026-10-05 08:41:31,44.527756,38.170469,99.27,interp_short
2026-10-05 08:41:32,44.527708,38.170586,99.28,observed
2026-10-05 08:41:33,44.527661,38.170704,99.29,interp_short
2026-10-05 08:41:34,44.527612,38.170823,99.3,observed
2026-10-05 08:41:35,44.527515,38.17106,99.3,observed
2026-10-05 08:41:36,44.527418,38.171298,99.28,observed
2026-10-05 08:41:37,44.52732,38.171536,99.25,observed
2026-10-05 08:41:38,44.527272,38.171654,99.23,interp_short
2026-10-05 08:41:39,44.527221,38.171776,99.19,observed
2026-10-05 08:41:40,44.527122,38.172016,99.12,observed
2026-10-05 08:41:41,44.527023,38.172256,99.02,observed
2026-10-05 08:41:42,44.526974,38.172376,98.96,interp_short
2026-10-05 08:41:43,44.526923,38.172498,98.89,observed
2026-10-05 08:41:44,44.526823,38.172739,98.74,observed
2026-10-05 08:41:45,44.526722,38.172982,98.57,observed
2026-10-05 08:41:46,44.526671,38.173104,98.48,interp_short
2026-10-05 08:41:47,44.526621,38.173224,98.36,observed
2026-10-05 08:41:48,44.526519,38.173468,98.13,observed
2026-10-05 08:41:49,44.526449,38.173635,97.94,interp_short
2026-10-05 08:41:50,44.526382,38.173796,97.78,interp_short
2026-10-05 08:41:51,44.526315,38.173956,97.57,observed
2026-10-05 08:41:52,44.526213,38.1742,97.25,observed
2026-10-05 08:41:53,44.52611,38.174445,96.9,observed
2026-10-05 08:41:54,44.526058,38.17457,96.72,interp_short
2026-10-05 08:41:55,44.526007,38.17469,96.51,observed
2026-10-05 08:41:56,44.525903,38.174935,96.1,observed
2026-10-05 08:41:57,44.525851,38.17506,95.81,interp_short
2026-10-05 08:41:58,44.5258,38.175181,95.65,observed
2026-10-05 08:41:59,44.525748,38.175305,95.48,interp_short
2026-10-05 08:42:00,44.525696,38.175426,95.18,observed
2026-10-05 08:42:01,44.525592,38.175672,94.68,observed
2026-10-05 08:42:02,44.525489,38.175918,94.15,observed
2026-10-05 08:42:03,44.525436,38.176042,93.8,interp_short
2026-10-05 08:42:04,44.525384,38.176164,93.59,observed
2026-10-05 08:42:05,44.525332,38.176288,93.39,interp_short
2026-10-05 08:42:06,44.52528,38.17641,93.01,observed
2026-10-05 08:42:07,44.525176,38.176656,92.41,observed
2026-10-05 08:42:08,44.525124,38.176779,92.09,interp_short
2026-10-05 08:42:09,44.525072,38.176902,91.79,observed
2026-10-05 08:42:10,44.524968,38.177148,91.15,observed
2026-10-05 08:42:11,44.524863,38.177394,90.49,observed
2026-10-05 08:42:12,44.524811,38.177517,90.09,interp_short
2026-10-05 08:42:13,44.524759,38.17764,89.82,observed
2026-10-05 08:42:14,44.52469,38.177803,89.49,interp_short
2026-10-05 08:42:15,44.524621,38.177966,89.05,interp_short
2026-10-05 08:42:16,44.524551,38.178131,88.44,observed
2026-10-05 08:42:17,44.524447,38.178376,87.74,observed
2026-10-05 08:42:18,44.524395,38.178498,87.29,interp_short
2026-10-05 08:42:19,44.524343,38.178621,87.04,observed
2026-10-05 08:42:20,44.524291,38.178743,86.79,interp_short
2026-10-05 08:42:21,44.524239,38.178866,86.33,observed
2026-10-05 08:42:22,44.524136,38.17911,85.63,observed
2026-10-05 08:42:23,44.524085,38.179231,85.21,interp_short
2026-10-05 08:42:24,44.524032,38.179354,84.94,observed
2026-10-05 08:42:25,44.523953,38.17954,84.52,interp_short
2026-10-05 08:42:26,44.52387,38.179737,83.96,interp_short
2026-10-05 08:42:27,44.523785,38.179937,83.34,interp_short
2026-10-05 08:42:28,44.523701,38.180136,82.74,interp_short
2026-10-05 08:42:29,44.52362,38.180327,82.25,observed
2026-10-05 08:42:30,44.52357,38.180447,81.91,interp_short
2026-10-05 08:42:31,44.523518,38.180569,81.63,observed
2026-10-05 08:42:32,44.52345,38.180729,81.31,interp_short
2026-10-05 08:42:33,44.523382,38.180888,80.92,interp_short
2026-10-05 08:42:34,44.523313,38.181051,80.44,observed
2026-10-05 08:42:35,44.523212,38.181292,79.89,observed
2026-10-05 08:42:36,44.52311,38.181532,79.37,observed
2026-10-05 08:42:37,44.523042,38.181692,78.96,interp_short
2026-10-05 08:42:38,44.522975,38.18185,78.65,interp_short
2026-10-05 08:42:39,44.522908,38.18201,78.43,observed
2026-10-05 08:42:40,44.522858,38.18213,78.25,interp_short
2026-10-05 08:42:41,44.522808,38.182249,78.01,observed
2026-10-05 08:42:42,44.522707,38.182487,77.64,observed
2026-10-05 08:42:43,44.522607,38.182724,77.3,observed
2026-10-05 08:42:44,44.522508,38.182961,77.01,observed
2026-10-05 08:42:45,44.522457,38.18308,76.88,interp_short
2026-10-05 08:42:46,44.522408,38.183197,76.77,observed
2026-10-05 08:42:47,44.522309,38.183433,76.57,observed
2026-10-05 08:42:48,44.522259,38.183551,76.47,interp_short
2026-10-05 08:42:49,44.52221,38.183668,76.42,observed
2026-10-05 08:42:50,44.522112,38.183902,76.32,observed
2026-10-05 08:42:51,44.522063,38.184019,76.27,interp_short
2026-10-05 08:42:52,44.522014,38.184136,76.26,observed
2026-10-05 08:42:53,44.521916,38.184369,76.26,observed
2026-10-05 08:42:54,44.521868,38.184485,76.26,interp_short
2026-10-05 08:42:55,44.521819,38.184602,76.3,observed
2026-10-05 08:42:56,44.521722,38.184834,76.4,observed
2026-10-05 08:42:57,44.521625,38.185066,76.54,observed
2026-10-05 08:42:58,44.521528,38.185297,76.73,observed
2026-10-05 08:42:59,44.52148,38.185411,76.87,interp_short
2026-10-05 08:43:00,44.521432,38.185527,76.97,observed
2026-10-05 08:43:01,44.521368,38.18568,77.1,interp_short
2026-10-05 08:43:02,44.521306,38.18583,77.3,interp_short
2026-10-05 08:43:03,44.521241,38.185986,77.6,observed
2026-10-05 08:43:04,44.521146,38.186215,77.98,observed
2026-10-05 08:43:05,44.521082,38.186368,78.27,interp_short
2026-10-05 08:43:06,44.52102,38.186517,78.52,interp_short
2026-10-05 08:43:07,44.520956,38.186671,78.87,observed
2026-10-05 08:43:08,44.520862,38.186899,79.37,observed
2026-10-05 08:43:09,44.520768,38.187125,79.92,observed
2026-10-05 08:43:10,44.520674,38.187352,80.5,observed
2026-10-05 08:43:11,44.520626,38.187466,80.79,interp_short
2026-10-05 08:43:12,44.52058,38.187578,81.11,observed
2026-10-05 08:43:13,44.520487,38.187803,81.76,observed
2026-10-05 08:43:14,44.520424,38.187956,82.33,interp_short
2026-10-05 08:43:15,44.520363,38.188102,82.77,interp_short
2026-10-05 08:43:16,44.520301,38.188253,83.14,observed
2026-10-05 08:43:17,44.520238,38.188405,83.53,interp_short
2026-10-05 08:43:18,44.520179,38.188551,84.0,interp_short
2026-10-05 08:43:19,44.520117,38.188702,84.61,observed
2026-10-05 08:43:20,44.520024,38.188925,85.37,observed
2026-10-05 08:43:21,44.519933,38.189149,86.15,observed
2026-10-05 08:43:22,44.519841,38.189372,86.95,observed
2026-10-05 08:43:23,44.519795,38.189482,87.33,interp_short
2026-10-05 08:43:24,44.519749,38.189594,87.75,observed
2026-10-05 08:43:25,44.519658,38.189817,88.56,observed
2026-10-05 08:43:26,44.519613,38.189927,88.96,interp_short
2026-10-05 08:43:27,44.519567,38.190039,89.37,observed
2026-10-05 08:43:28,44.519476,38.190261,90.19,observed
2026-10-05 08:43:29,44.519431,38.19037,90.62,interp_short
2026-10-05 08:43:30,44.519385,38.190483,91.0,observed
2026-10-05 08:43:31,44.519295,38.190704,91.82,observed
2026-10-05 08:43:32,44.519205,38.190924,92.65,interp_short
2026-10-05 08:43:33,44.519114,38.191147,93.42,observed
2026-10-05 08:43:34,44.519023,38.191368,94.21,observed
2026-10-05 08:43:35,44.518933,38.191589,94.99,observed
2026-10-05 08:43:36,44.518888,38.1917,95.38,interp_short
2026-10-05 08:43:37,44.518843,38.19181,95.75,observed
2026-10-05 08:43:38,44.518753,38.192031,96.49,observed
2026-10-05 08:43:39,44.518663,38.192252,97.22,observed
2026-10-05 08:43:40,44.518617,38.192364,97.58,interp_short
2026-10-05 08:43:41,44.518573,38.192472,97.93,observed
2026-10-05 08:43:42,44.518484,38.192693,98.62,observed
2026-10-05 08:43:43,44.518394,38.192913,99.29,observed
2026-10-05 08:43:44,44.518325,38.193083,99.8,interp_short
2026-10-05 08:43:45,44.518257,38.19325,100.21,interp_short
2026-10-05 08:43:46,44.518191,38.193413,100.63,interp_short
2026-10-05 08:43:47,44.518125,38.193575,101.15,observed
2026-10-05 08:43:48,44.518036,38.193795,101.73,observed
2026-10-05 08:43:49,44.51799,38.193907,102.01,interp_short
2026-10-05 08:43:50,44.517946,38.194016,102.28,observed
2026-10-05 08:43:51,44.517857,38.194236,102.82,observed
2026-10-05 08:43:52,44.517812,38.194346,103.15,interp_short
2026-10-05 08:43:53,44.517767,38.194457,103.32,observed
2026-10-05 08:43:54,44.517707,38.194605,103.56,interp_short
2026-10-05 08:43:55,44.51765,38.194747,103.88,interp_short
2026-10-05 08:43:56,44.517589,38.194898,104.27,observed
2026-10-05 08:43:57,44.517499,38.195119,104.71,observed
2026-10-05 08:43:58,44.51741,38.195339,105.14,observed
2026-10-05 08:43:59,44.517366,38.195448,105.35,interp_short
2026-10-05 08:44:00,44.51732,38.19556,105.54,observed
2026-10-05 08:44:01,44.517231,38.195781,105.93,observed
2026-10-05 08:44:02,44.517142,38.196001,106.3,observed
2026-10-05 08:44:03,44.517098,38.19611,106.48,interp_short
2026-10-05 08:44:04,44.517052,38.196222,106.66,observed
2026-10-05 08:44:05,44.516963,38.196443,107.01,observed
2026-10-05 08:44:06,44.516873,38.196664,107.34,observed
2026-10-05 08:44:07,44.516784,38.196885,107.67,observed
2026-10-05 08:44:08,44.516694,38.197106,107.99,observed
2026-10-05 08:44:09,44.516649,38.197217,108.15,interp_short
2026-10-05 08:44:10,44.516605,38.197327,108.3,observed
2026-10-05 08:44:11,44.516516,38.197548,108.61,observed
2026-10-05 08:44:12,44.516426,38.197769,108.92,observed
2026-10-05 08:44:13,44.516381,38.19788,109.07,interp_short
2026-10-05 08:44:14,44.516337,38.19799,109.24,observed
2026-10-05 08:44:15,44.516247,38.198211,109.55,observed
2026-10-05 08:44:16,44.516202,38.198322,109.72,interp_short
2026-10-05 08:44:17,44.516158,38.198432,109.88,observed
2026-10-05 08:44:18,44.516068,38.198653,110.21,observed
2026-10-05 08:44:19,44.515979,38.198874,110.54,observed
2026-10-05 08:44:20,44.515918,38.199024,110.78,interp_short
2026-10-05 08:44:21,44.51586,38.199168,110.99,interp_short
2026-10-05 08:44:22,44.5158,38.199316,111.26,observed
2026-10-05 08:44:23,44.51571,38.199538,111.64,observed
2026-10-05 08:44:24,44.515621,38.199759,112.03,observed
2026-10-05 08:44:25,44.515576,38.19987,112.23,interp_short
2026-10-05 08:44:26,44.515532,38.19998,112.44,observed
2026-10-05 08:44:27,44.515442,38.200201,112.87,observed
2026-10-05 08:44:28,44.515353,38.200423,113.36,interp_short
2026-10-05 08:44:29,44.515264,38.200643,113.79,observed
2026-10-05 08:44:30,44.515219,38.200754,114.09,interp_short
2026-10-05 08:44:31,44.515174,38.200864,114.29,observed
2026-10-05 08:44:32,44.515129,38.200975,114.46,interp_short
2026-10-05 08:44:33,44.515085,38.201084,114.8,observed
2026-10-05 08:44:34,44.514996,38.201305,115.34,observed
2026-10-05 08:44:35,44.514951,38.201416,115.62,interp_short
2026-10-05 08:44:36,44.514907,38.201526,115.9,observed
2026-10-05 08:44:37,44.514818,38.201747,116.49,observed
2026-10-05 08:44:38,44.514729,38.201968,117.17,interp_short
2026-10-05 08:44:39,44.51464,38.202188,117.72,observed
2026-10-05 08:44:40,44.514595,38.202299,118.02,interp_short
2026-10-05 08:44:41,44.514551,38.202409,118.38,observed
2026-10-05 08:44:42,44.514463,38.20263,119.05,observed
2026-10-05 08:44:43,44.514374,38.20285,119.75,observed
2026-10-05 08:44:44,44.51433,38.20296,120.08,interp_short
2026-10-05 08:44:45,44.514286,38.203071,120.46,observed
2026-10-05 08:44:46,44.514197,38.203291,121.2,observed
2026-10-05 08:44:47,44.514153,38.2034,121.58,interp_short
2026-10-05 08:44:48,44.514109,38.203512,121.95,observed
2026-10-05 08:44:49,44.514021,38.203733,122.71,observed
2026-10-05 08:44:50,44.513962,38.203881,123.28,interp_short
2026-10-05 08:44:51,44.513905,38.204024,123.7,interp_short
2026-10-05 08:44:52,44.513845,38.204174,124.29,observed
2026-10-05 08:44:53,44.513757,38.204395,125.09,observed
2026-10-05 08:44:54,44.513713,38.204504,125.5,interp_short
2026-10-05 08:44:55,44.513669,38.204615,125.9,observed
2026-10-05 08:44:56,44.513582,38.204836,126.72,observed
2026-10-05 08:44:57,44.513494,38.205057,127.54,observed
2026-10-05 08:44:58,44.513429,38.20522,128.2,interp_short
2026-10-05 08:44:59,44.513364,38.205386,128.77,interp_short
2026-10-05 08:45:00,44.513299,38.205553,129.33,interp_short
2026-10-05 08:45:01,44.513233,38.205721,129.99,observed
2026-10-05 08:45:02,44.513146,38.205942,130.8,observed
2026-10-05 08:45:03,44.513059,38.206164,131.6,observed
2026-10-05 08:45:04,44.513017,38.206272,131.98,interp_short
2026-10-05 08:45:05,44.512973,38.206385,132.39,observed
2026-10-05 08:45:06,44.512886,38.206608,133.17,observed
2026-10-05 08:45:07,44.512843,38.206718,133.57,interp_short
2026-10-05 08:45:08,44.5128,38.20683,133.93,observed
2026-10-05 08:45:09,44.512714,38.207052,134.67,observed
2026-10-05 08:45:10,44.512628,38.207275,135.39,observed
2026-10-05 08:45:11,44.512542,38.207499,136.08,observed
2026-10-05 08:45:12,44.512456,38.207722,136.75,observed
2026-10-05 08:45:13,44.512413,38.207835,137.08,interp_short
2026-10-05 08:45:14,44.512371,38.207946,137.39,observed
2026-10-05 08:45:15,44.512285,38.208171,138.01,observed
2026-10-05 08:45:16,44.5122,38.208395,138.59,observed
2026-10-05 08:45:17,44.512114,38.208621,139.13,observed
2026-10-05 08:45:18,44.512029,38.208846,139.65,observed
2026-10-05 08:45:19,44.511985,38.208962,139.96,interp_short
2026-10-05 08:45:20,44.511944,38.209073,140.12,observed
2026-10-05 08:45:21,44.5119,38.209188,140.28,interp_short
2026-10-05 08:45:22,44.511859,38.209299,140.56,observed
2026-10-05 08:45:23,44.511774,38.209527,140.96,observed
2026-10-05 08:45:24,44.511716,38.209682,141.24,interp_short
2026-10-05 08:45:25,44.511661,38.20983,141.42,interp_short
2026-10-05 08:45:26,44.511605,38.209983,141.64,observed
2026-10-05 08:45:27,44.51152,38.210212,141.92,observed
2026-10-05 08:45:28,44.511477,38.210326,142.06,interp_short
2026-10-05 08:45:29,44.511435,38.210442,142.16,observed
2026-10-05 08:45:30,44.51135,38.210673,142.36,observed
2026-10-05 08:45:31,44.511266,38.210904,142.51,observed
2026-10-05 08:45:32,44.511224,38.211018,142.58,interp_short
2026-10-05 08:45:33,44.511181,38.211136,142.63,observed
2026-10-05 08:45:34,44.511096,38.211368,142.71,observed
2026-10-05 08:45:35,44.511012,38.211601,142.75,observed
2026-10-05 08:45:36,44.51097,38.211715,142.76,interp_short
2026-10-05 08:45:37,44.510927,38.211835,142.76,observed
2026-10-05 08:45:38,44.51087,38.211991,142.75,interp_short
2026-10-05 08:45:39,44.510815,38.212144,142.72,interp_short
2026-10-05 08:45:40,44.510757,38.212306,142.66,observed
2026-10-05 08:45:41,44.510672,38.212542,142.56,observed
2026-10-05 08:45:42,44.510587,38.212779,142.44,observed
2026-10-05 08:45:43,44.510545,38.212897,142.37,interp_short
2026-10-05 08:45:44,44.510502,38.213017,142.28,observed
2026-10-05 08:45:45,44.510417,38.213255,142.1,observed
2026-10-05 08:45:46,44.510331,38.213495,141.89,observed
2026-10-05 08:45:47,44.510246,38.213735,141.66,observed
2026-10-05 08:45:48,44.510203,38.213856,141.54,interp_short
2026-10-05 08:45:49,44.51016,38.213975,141.41,observed
2026-10-05 08:45:50,44.510074,38.214217,141.15,observed
2026-10-05 08:45:51,44.509987,38.214459,140.87,observed
2026-10-05 08:45:52,44.509943,38.214583,140.73,interp_short
2026-10-05 08:45:53,44.509901,38.214702,140.58,observed
2026-10-05 08:45:54,44.509814,38.214945,140.29,observed
2026-10-05 08:45:55,44.50977,38.215071,140.13,interp_short
2026-10-05 08:45:56,44.509727,38.21519,139.99,observed
2026-10-05 08:45:57,44.50964,38.215434,139.69,observed
2026-10-05 08:45:58,44.509552,38.21568,139.39,observed
2026-10-05 08:45:59,44.509508,38.215804,139.24,interp_short
2026-10-05 08:46:00,44.509464,38.215925,139.09,observed
2026-10-05 08:46:01,44.509375,38.216172,138.81,observed
2026-10-05 08:46:02,44.509331,38.216295,138.62,interp_short
2026-10-05 08:46:03,44.509286,38.216419,138.53,observed
2026-10-05 08:46:04,44.509242,38.216542,138.44,interp_short
2026-10-05 08:46:05,44.509197,38.216666,138.27,observed
2026-10-05 08:46:06,44.509108,38.216913,138.02,observed
2026-10-05 08:46:07,44.509064,38.217036,137.9,interp_short
2026-10-05 08:46:08,44.509018,38.217161,137.79,observed
2026-10-05 08:46:09,44.508927,38.217409,137.58,observed
2026-10-05 08:46:10,44.508883,38.217532,137.47,interp_short
2026-10-05 08:46:11,44.508836,38.217657,137.4,observed
2026-10-05 08:46:12,44.508744,38.217906,137.25,observed
2026-10-05 08:46:13,44.508652,38.218154,137.12,observed
2026-10-05 08:46:14,44.50856,38.218403,137.02,observed
2026-10-05 08:46:15,44.508515,38.218527,136.97,interp_short
2026-10-05 08:46:16,44.508467,38.218652,136.96,observed
2026-10-05 08:46:17,44.508395,38.218843,136.96,interp_short
2026-10-05 08:46:18,44.508319,38.219045,136.97,interp_short
2026-10-05 08:46:19,44.508242,38.219249,136.99,interp_short
2026-10-05 08:46:20,44.508164,38.219451,137.02,interp_short
2026-10-05 08:46:21,44.508089,38.219644,137.07,observed
2026-10-05 08:46:22,44.508042,38.219768,137.13,interp_short
2026-10-05 08:46:23,44.507993,38.219891,137.19,observed
2026-10-05 08:46:24,44.507945,38.220015,137.25,interp_short
2026-10-05 08:46:25,44.507896,38.220138,137.35,observed
2026-10-05 08:46:26,44.507799,38.220384,137.55,observed
2026-10-05 08:46:27,44.507701,38.22063,137.8,observed
2026-10-05 08:46:28,44.507653,38.220753,137.92,interp_short
2026-10-05 08:46:29,44.507603,38.220875,138.08,observed
2026-10-05 08:46:30,44.507504,38.221119,138.41,observed
2026-10-05 08:46:31,44.507438,38.221283,138.66,interp_short
2026-10-05 08:46:32,44.507373,38.221442,138.86,interp_short
2026-10-05 08:46:33,44.507304,38.221605,139.18,observed
2026-10-05 08:46:34,44.507203,38.221847,139.63,observed
2026-10-05 08:46:35,44.507153,38.221967,139.87,interp_short
2026-10-05 08:46:36,44.507101,38.222088,140.11,observed
2026-10-05 08:46:37,44.506999,38.222327,140.63,observed
2026-10-05 08:46:38,44.506896,38.222565,141.19,observed
2026-10-05 08:46:39,44.506846,38.222683,141.54,interp_short
2026-10-05 08:46:40,44.506793,38.222802,141.78,observed
2026-10-05 08:46:41,44.506724,38.222961,142.1,interp_short
2026-10-05 08:46:42,44.506657,38.223114,142.52,interp_short
2026-10-05 08:46:43,44.506584,38.223273,143.07,observed
2026-10-05 08:46:44,44.506479,38.223506,143.75,observed
2026-10-05 08:46:45,44.506373,38.223737,144.46,observed
2026-10-05 08:46:46,44.506321,38.223852,144.82,interp_short
2026-10-05 08:46:47,44.506266,38.223967,145.2,observed
2026-10-05 08:46:48,44.506159,38.224196,145.96,observed
2026-10-05 08:46:49,44.506051,38.224423,146.74,observed
2026-10-05 08:46:50,44.505943,38.224648,147.54,observed
2026-10-05 08:46:51,44.505889,38.224761,147.95,interp_short
2026-10-05 08:46:52,44.505834,38.224871,148.35,observed
2026-10-05 08:46:53,44.505725,38.225093,149.18,observed
2026-10-05 08:46:54,44.505615,38.225313,150.01,observed
2026-10-05 08:46:55,44.50556,38.225425,150.42,interp_short
2026-10-05 08:46:56,44.505505,38.225531,150.86,observed
2026-10-05 08:46:57,44.505394,38.225748,151.71,observed
2026-10-05 08:46:58,44.505283,38.225962,152.57,observed
2026-10-05 08:46:59,44.505172,38.226175,153.42,observed
2026-10-05 08:47:00,44.505116,38.226283,153.85,interp_short
2026-10-05 08:47:01,44.50506,38.226386,154.28,observed
2026-10-05 08:47:02,44.504948,38.226595,155.13,observed
2026-10-05 08:47:03,44.504836,38.226803,155.97,observed
2026-10-05 08:47:04,44.50478,38.226907,156.47,interp_short
2026-10-05 08:47:05,44.504723,38.227009,156.81,observed
2026-10-05 08:47:06,44.504648,38.227148,157.23,interp_short
2026-10-05 08:47:07,44.504576,38.227277,157.78,interp_short
2026-10-05 08:47:08,44.504497,38.227415,158.46,observed
2026-10-05 08:47:09,44.504384,38.227615,159.26,observed
2026-10-05 08:47:10,44.504271,38.227814,160.05,observed
2026-10-05 08:47:11,44.504216,38.227912,160.44,interp_short
2026-10-05 08:47:12,44.504157,38.228011,160.82,observed
2026-10-05 08:47:13,44.504044,38.228206,161.58,observed
2026-10-05 08:47:14,44.50393,38.228401,162.32,observed
2026-10-05 08:47:15,44.503817,38.228593,163.04,observed
2026-10-05 08:47:16,44.503704,38.228784,163.75,observed
2026-10-05 08:47:17,44.503648,38.228879,164.12,interp_short
2026-10-05 08:47:18,44.503591,38.228974,164.43,observed
2026-10-05 08:47:19,44.503479,38.229162,165.03,interp_short
2026-10-05 08:47:20,44.503365,38.22935,165.74,observed
2026-10-05 08:47:21,44.503252,38.229537,166.36,observed
2026-10-05 08:47:22,44.50314,38.229722,166.97,observed
2026-10-05 08:47:23,44.503029,38.229907,167.55,observed
2026-10-05 08:47:24,44.502972,38.229999,167.84,interp_short
2026-10-05 08:47:25,44.502917,38.23009,168.12,observed
2026-10-05 08:47:26,44.502806,38.230273,168.67,observed
2026-10-05 08:47:27,44.502696,38.230456,169.21,observed
2026-10-05 08:47:28,44.50262,38.230581,169.58,interp_short
2026-10-05 08:47:29,44.502551,38.230694,169.88,interp_short
2026-10-05 08:47:30,44.502477,38.230819,170.24,observed
2026-10-05 08:47:31,44.502368,38.231001,170.73,observed
2026-10-05 08:47:32,44.50226,38.231182,171.22,observed
2026-10-05 08:47:33,44.502153,38.231363,171.69,observed
2026-10-05 08:47:34,44.502046,38.231545,172.16,observed
2026-10-05 08:47:35,44.501993,38.231633,172.41,interp_short
2026-10-05 08:47:36,44.501941,38.231726,172.62,observed
2026-10-05 08:47:37,44.501836,38.231906,173.04,interp_short
2026-10-05 08:47:38,44.501732,38.232091,173.55,observed
2026-10-05 08:47:39,44.501629,38.232274,174.01,observed
2026-10-05 08:47:40,44.501527,38.232458,174.47,observed
2026-10-05 08:47:41,44.501425,38.232642,174.99,interp_short
2026-10-05 08:47:42,44.501326,38.232828,175.41,observed
2026-10-05 08:47:43,44.501275,38.23292,175.64,interp_short
2026-10-05 08:47:44,44.501227,38.233015,175.9,observed
2026-10-05 08:47:45,44.501129,38.233203,176.4,observed
2026-10-05 08:47:46,44.501033,38.233392,176.91,observed
2026-10-05 08:47:47,44.500937,38.233583,177.43,observed
2026-10-05 08:47:48,44.500843,38.233775,177.97,observed
2026-10-05 08:47:49,44.50075,38.233969,178.53,observed
2026-10-05 08:47:50,44.500658,38.234165,179.11,observed
2026-10-05 08:47:51,44.500592,38.234302,179.53,interp_short
2026-10-05 08:47:52,44.500536,38.234427,179.89,interp_short
2026-10-05 08:47:53,44.500478,38.234563,180.33,observed
2026-10-05 08:47:54,44.50039,38.234764,180.98,observed
2026-10-05 08:47:55,44.500303,38.234968,181.65,observed
2026-10-05 08:47:56,44.500258,38.235069,181.97,interp_short
2026-10-05 08:47:57,44.500217,38.235175,182.35,observed
2026-10-05 08:47:58,44.500133,38.235383,183.08,observed
2026-10-05 08:47:59,44.50009,38.235486,183.46,interp_short
2026-10-05 08:48:00,44.50005,38.235594,183.83,observed
2026-10-05 08:48:01,44.499969,38.235807,184.61,observed
2026-10-05 08:48:02,44.499888,38.236021,185.41,interp_short
2026-10-05 08:48:03,44.49981,38.236242,186.25,observed
2026-10-05 08:48:04,44.499732,38.236463,187.11,observed
2026-10-05 08:48:05,44.499692,38.236572,187.55,interp_short
2026-10-05 08:48:06,44.499656,38.236687,188.0,observed
2026-10-05 08:48:07,44.49958,38.236913,188.91,observed
2026-10-05 08:48:08,44.499507,38.237142,189.84,observed
2026-10-05 08:48:09,44.499433,38.237374,190.77,interp_short
2026-10-05 08:48:10,44.499363,38.237608,191.79,observed
2026-10-05 08:48:11,44.499292,38.237845,192.79,observed
2026-10-05 08:48:12,44.499255,38.237965,193.27,interp_short
2026-10-05 08:48:13,44.499223,38.238085,193.82,observed
2026-10-05 08:48:14,44.499155,38.238328,194.86,observed
2026-10-05 08:48:15,44.499119,38.238451,195.38,interp_short
2026-10-05 08:48:16,44.499088,38.238573,195.91,observed
2026-10-05 08:48:17,44.499023,38.23882,196.98,observed
2026-10-05 08:48:18,44.498988,38.238946,197.55,interp_short
2026-10-05 08:48:19,44.498958,38.239071,198.06,observed
2026-10-05 08:48:20,44.498894,38.239324,199.15,observed
2026-10-05 08:48:21,44.498831,38.239579,200.24,observed
2026-10-05 08:48:22,44.498798,38.239707,200.76,interp_short
2026-10-05 08:48:23,44.498769,38.239837,201.34,observed
2026-10-05 08:48:24,44.498708,38.240097,202.44,observed
2026-10-05 08:48:25,44.498677,38.240226,203.02,interp_short
2026-10-05 08:48:26,44.498647,38.240359,203.54,observed
2026-10-05 08:48:27,44.498588,38.240624,204.63,observed
2026-10-05 08:48:28,44.498529,38.24089,205.71,observed
2026-10-05 08:48:29,44.498489,38.241068,206.58,interp_short
2026-10-05 08:48:30,44.498451,38.241245,207.28,interp_short
2026-10-05 08:48:31,44.498412,38.241429,207.85,observed
2026-10-05 08:48:32,44.498383,38.241563,208.34,interp_short
2026-10-05 08:48:33,44.498355,38.241701,208.89,observed
2026-10-05 08:48:34,44.498316,38.241883,209.58,interp_short
2026-10-05 08:48:35,44.498279,38.242064,210.31,interp_short
2026-10-05 08:48:36,44.498241,38.242251,210.91,observed
2026-10-05 08:48:37,44.498212,38.242387,211.32,interp_short
2026-10-05 08:48:38,44.498184,38.242527,211.89,observed
2026-10-05 08:48:39,44.498128,38.242805,212.84,observed
2026-10-05 08:48:40,44.498086,38.243008,213.63,interp_short
2026-10-05 08:48:41,44.498044,38.243222,214.22,interp_short
2026-10-05 08:48:42,44.498001,38.243437,214.79,interp_short
2026-10-05 08:48:43,44.497959,38.243646,215.49,observed
2026-10-05 08:48:44,44.497903,38.243928,216.3,observed
2026-10-05 08:48:45,44.497875,38.244069,216.71,interp_short
2026-10-05 08:48:46,44.497847,38.244211,217.07,observed
2026-10-05 08:48:47,44.49779,38.244494,217.78,interp_short
2026-10-05 08:48:48,44.497733,38.244777,218.49,observed
2026-10-05 08:48:49,44.497705,38.244919,218.82,interp_short
2026-10-05 08:48:50,44.497676,38.24506,219.14,observed
2026-10-05 08:48:51,44.497618,38.245344,219.73,observed
2026-10-05 08:48:52,44.497589,38.245486,220.02,interp_short
2026-10-05 08:48:53,44.49756,38.245627,220.28,observed
2026-10-05 08:48:54,44.497501,38.24591,220.78,observed
2026-10-05 08:48:55,44.497472,38.246053,221.03,interp_short
2026-10-05 08:48:56,44.497441,38.246193,221.24,observed
2026-10-05 08:48:57,44.49738,38.246475,221.64,observed
2026-10-05 08:48:58,44.49735,38.246617,221.84,interp_short
2026-10-05 08:48:59,44.497319,38.246756,221.99,observed
2026-10-05 08:49:00,44.497257,38.247036,222.29,observed
2026-10-05 08:49:01,44.497227,38.247177,222.43,interp_short
2026-10-05 08:49:02,44.497194,38.247316,222.54,observed
2026-10-05 08:49:03,44.49713,38.247594,222.75,observed
2026-10-05 08:49:04,44.497099,38.247733,222.85,interp_short
2026-10-05 08:49:05,44.497065,38.247871,222.9,observed
2026-10-05 08:49:06,44.496998,38.248147,223.0,observed
2026-10-05 08:49:07,44.496955,38.24833,223.07,interp_short
2026-10-05 08:49:08,44.49691,38.248511,223.08,interp_short
2026-10-05 08:49:09,44.496862,38.248693,223.07,observed
2026-10-05 08:49:10,44.496792,38.248964,223.04,observed
2026-10-05 08:49:11,44.496758,38.2491,223.01,interp_short
2026-10-05 08:49:12,44.49672,38.249233,222.96,observed
2026-10-05 08:49:13,44.496647,38.2495,222.85,observed
2026-10-05 08:49:14,44.496573,38.249764,222.69,observed
2026-10-05 08:49:15,44.496537,38.249898,222.57,interp_short
2026-10-05 08:49:16,44.496497,38.250027,222.5,observed
2026-10-05 08:49:17,44.49646,38.25016,222.42,interp_short
2026-10-05 08:49:18,44.496419,38.250287,222.27,observed
2026-10-05 08:49:19,44.49634,38.250545,222.0,observed
2026-10-05 08:49:20,44.49626,38.250801,221.71,observed
2026-10-05 08:49:21,44.496178,38.251054,221.39,observed
2026-10-05 08:49:22,44.496137,38.251184,221.19,interp_short
2026-10-05 08:49:23,44.496094,38.251305,221.05,observed
2026-10-05 08:49:24,44.496032,38.251493,220.87,interp_short
2026-10-05 08:49:25,44.495966,38.251682,220.61,interp_short
2026-10-05 08:49:26,44.495899,38.251867,220.29,interp_short
2026-10-05 08:49:27,44.495832,38.252041,219.89,observed
2026-10-05 08:49:28,44.495741,38.252281,219.48,observed
2026-10-05 08:49:29,44.495696,38.252404,219.28,interp_short
2026-10-05 08:49:30,44.495649,38.252518,219.05,observed
2026-10-05 08:49:31,44.495555,38.252753,218.61,observed
2026-10-05 08:49:32,44.495509,38.252872,218.32,interp_short
2026-10-05 08:49:33,44.495459,38.252985,218.17,observed
2026-10-05 08:49:34,44.495413,38.253101,218.02,interp_short
2026-10-05 08:49:35,44.495362,38.253214,217.73,observed
2026-10-05 08:49:36,44.495263,38.25344,217.29,observed
2026-10-05 08:49:37,44.495215,38.253553,217.06,interp_short
2026-10-05 08:49:38,44.495162,38.253664,216.85,observed
2026-10-05 08:49:39,44.49506,38.253885,216.42,observed
2026-10-05 08:49:40,44.494956,38.254103,216.0,observed
2026-10-05 08:49:41,44.494906,38.254212,215.8,interp_short
2026-10-05 08:49:42,44.49485,38.254319,215.58,observed
2026-10-05 08:49:43,44.494743,38.254532,215.18,observed
2026-10-05 08:49:44,44.494691,38.254638,214.98,interp_short
2026-10-05 08:49:45,44.494634,38.254743,214.8,observed
2026-10-05 08:49:46,44.494524,38.254951,214.43,observed
2026-10-05 08:49:47,44.494413,38.255157,214.08,observed
2026-10-05 08:49:48,44.4943,38.25536,213.75,observed
2026-10-05 08:49:49,44.494187,38.255562,213.43,interp_short
2026-10-05 08:49:50,44.49407,38.25576,213.16,observed
2026-10-05 08:49:51,44.494013,38.255861,212.99,interp_short
2026-10-05 08:49:52,44.493953,38.255957,212.89,observed
2026-10-05 08:49:53,44.493895,38.256057,212.8,interp_short
2026-10-05 08:49:54,44.493835,38.256152,212.66,observed
2026-10-05 08:49:55,44.493716,38.256345,212.45,observed
2026-10-05 08:49:56,44.493596,38.256536,212.26,observed
2026-10-05 08:49:57,44.493537,38.256633,212.18,interp_short
2026-10-05 08:49:58,44.493476,38.256726,212.11,observed
2026-10-05 08:49:59,44.493354,38.256914,211.97,observed
2026-10-05 08:50:00,44.493231,38.2571,211.87,observed
2026-10-05 08:50:01,44.493109,38.257286,211.79,interp_short
2026-10-05 08:50:02,44.492984,38.257469,211.73,observed
2026-10-05 08:50:03,44.492924,38.257561,211.71,interp_short
2026-10-05 08:50:04,44.49286,38.257652,211.7,observed
2026-10-05 08:50:05,44.492735,38.257834,211.69,observed
2026-10-05 08:50:06,44.492609,38.258015,211.71,observed
2026-10-05 08:50:07,44.492549,38.258104,211.73,interp_short
2026-10-05 08:50:08,44.492484,38.258195,211.74,observed
2026-10-05 08:50:09,44.492423,38.258283,211.76,interp_short
2026-10-05 08:50:10,44.492358,38.258374,211.8,observed
2026-10-05 08:50:11,44.492231,38.258553,211.88,observed
2026-10-05 08:50:12,44.492105,38.258731,211.97,observed
2026-10-05 08:50:13,44.491979,38.25891,212.07,observed
2026-10-05 08:50:14,44.491853,38.259088,212.19,observed
2026-10-05 08:50:15,44.491727,38.259266,212.33,observed
2026-10-05 08:50:16,44.491602,38.259444,212.47,observed
2026-10-05 08:50:17,44.491476,38.259622,212.61,observed
2026-10-05 08:50:18,44.491413,38.259711,212.69,interp_short
2026-10-05 08:50:19,44.491352,38.259801,212.77,observed
2026-10-05 08:50:20,44.491227,38.25998,212.92,observed
2026-10-05 08:50:21,44.491103,38.26016,213.08,observed
2026-10-05 08:50:22,44.49098,38.26034,213.24,observed
2026-10-05 08:50:23,44.490858,38.260521,213.39,observed
2026-10-05 08:50:24,44.490771,38.260647,213.5,interp_short
2026-10-05 08:50:25,44.490695,38.260761,213.58,interp_short
2026-10-05 08:50:26,44.490615,38.260886,213.68,observed
2026-10-05 08:50:27,44.490495,38.26107,213.81,observed
2026-10-05 08:50:28,44.490375,38.261255,213.94,interp_short
2026-10-05 08:50:29,44.490259,38.261442,214.04,observed
2026-10-05 08:50:30,44.490198,38.261535,214.1,interp_short
2026-10-05 08:50:31,44.490142,38.261629,214.14,observed
2026-10-05 08:50:32,44.490061,38.261757,214.18,interp_short
2026-10-05 08:50:33,44.489987,38.261877,214.23,interp_short
2026-10-05 08:50:34,44.489912,38.262009,214.28,observed
2026-10-05 08:50:35,44.489799,38.262201,214.33,observed
2026-10-05 08:50:36,44.489687,38.262394,214.36,observed
2026-10-05 08:50:37,44.489576,38.262589,214.36,observed
2026-10-05 08:50:38,44.489467,38.262786,214.35,observed
2026-10-05 08:50:39,44.489391,38.26292,214.34,interp_short
2026-10-05 08:50:40,44.489321,38.263049,214.31,interp_short
2026-10-05 08:50:41,44.489252,38.263185,214.26,observed
2026-10-05 08:50:42,44.489147,38.263387,214.18,observed
2026-10-05 08:50:43,44.489044,38.263591,214.08,observed
2026-10-05 08:50:44,44.48899,38.263693,214.03,interp_short
2026-10-05 08:50:45,44.488942,38.263796,213.96,observed
2026-10-05 08:50:46,44.488841,38.264004,213.82,observed
2026-10-05 08:50:47,44.488771,38.264146,213.71,interp_short
2026-10-05 08:50:48,44.488707,38.264282,213.62,interp_short
2026-10-05 08:50:49,44.488644,38.264425,213.48,observed
2026-10-05 08:50:50,44.488547,38.264638,213.28,observed
2026-10-05 08:50:51,44.488497,38.264746,213.17,interp_short
2026-10-05 08:50:52,44.488452,38.264853,213.06,observed
2026-10-05 08:50:53,44.488359,38.26507,212.83,observed
2026-10-05 08:50:54,44.488267,38.265288,212.59,observed
2026-10-05 08:50:55,44.488219,38.265399,212.47,interp_short
2026-10-05 08:50:56,44.488176,38.265509,212.33,observed
2026-10-05 08:50:57,44.488087,38.265731,212.06,observed
2026-10-05 08:50:58,44.488041,38.265844,211.92,interp_short
2026-10-05 08:50:59,44.487999,38.265955,211.78,observed
2026-10-05 08:51:00,44.487912,38.266181,211.49,observed
2026-10-05 08:51:01,44.487827,38.266409,211.2,observed
2026-10-05 08:51:02,44.487783,38.266524,211.06,interp_short
2026-10-05 08:51:03,44.487743,38.266638,210.91,observed
2026-10-05 08:51:04,44.48766,38.266869,210.61,observed
2026-10-05 08:51:05,44.487618,38.266984,210.42,interp_short
2026-10-05 08:51:06,44.487579,38.267101,210.32,observed
2026-10-05 08:51:07,44.487537,38.267217,210.22,interp_short
2026-10-05 08:51:08,44.487498,38.267335,210.03,observed
2026-10-05 08:51:09,44.487419,38.267571,209.75,observed
2026-10-05 08:51:10,44.487379,38.267687,209.58,interp_short
2026-10-05 08:51:11,44.48734,38.267808,209.48,observed
2026-10-05 08:51:12,44.487301,38.267924,209.35,interp_short
2026-10-05 08:51:13,44.487263,38.268046,209.21,observed
2026-10-05 08:51:14,44.487212,38.268202,209.07,interp_short
2026-10-05 08:51:15,44.487161,38.268361,208.92,interp_short
2026-10-05 08:51:16,44.48711,38.268526,208.74,observed
2026-10-05 08:51:17,44.487036,38.268764,208.52,interp_short
2026-10-05 08:51:18,44.486961,38.269011,208.33,observed
2026-10-05 08:51:19,44.486925,38.269129,208.25,interp_short
2026-10-05 08:51:20,44.486888,38.269255,208.17,observed
2026-10-05 08:51:21,44.486815,38.2695,208.02,observed
2026-10-05 08:51:22,44.486742,38.269746,207.91,observed
2026-10-05 08:51:23,44.486706,38.269866,207.86,interp_short
2026-10-05 08:51:24,44.48667,38.269993,207.82,observed
2026-10-05 08:51:25,44.486599,38.27024,207.77,observed
2026-10-05 08:51:26,44.486564,38.270362,207.75,interp_short
2026-10-05 08:51:27,44.486528,38.270489,207.75,observed
2026-10-05 08:51:28,44.486457,38.270737,207.76,observed
2026-10-05 08:51:29,44.486422,38.27086,207.77,interp_short
2026-10-05 08:51:30,44.486386,38.270987,207.81,observed
2026-10-05 08:51:31,44.486316,38.271237,207.89,observed
2026-10-05 08:51:32,44.486246,38.271486,208.0,interp_short
2026-10-05 08:51:33,44.486176,38.271737,208.17,observed
2026-10-05 08:51:34,44.486105,38.271988,208.37,observed
2026-10-05 08:51:35,44.48607,38.272113,208.47,interp_short
2026-10-05 08:51:36,44.486035,38.272239,208.61,observed
2026-10-05 08:51:37,44.485964,38.27249,208.88,observed
2026-10-05 08:51:38,44.485929,38.272616,209.02,interp_short
2026-10-05 08:51:39,44.485894,38.272742,209.2,observed
2026-10-05 08:51:40,44.485823,38.272993,209.55,observed
2026-10-05 08:51:41,44.485787,38.27312,209.74,interp_short
2026-10-05 08:51:42,44.485752,38.273244,209.94,observed
2026-10-05 08:51:43,44.48568,38.273495,210.37,observed
2026-10-05 08:51:44,44.485608,38.273746,210.83,observed
2026-10-05 08:51:45,44.485536,38.273997,211.33,observed
2026-10-05 08:51:46,44.485499,38.274125,211.59,interp_short
2026-10-05 08:51:47,44.485463,38.274247,211.86,observed
2026-10-05 08:51:48,44.48539,38.274497,212.42,observed
2026-10-05 08:51:49,44.485316,38.274747,213.02,observed
2026-10-05 08:51:50,44.485266,38.274917,213.5,interp_short
2026-10-05 08:51:51,44.485216,38.275082,213.9,interp_short
2026-10-05 08:51:52,44.485166,38.275245,214.29,observed
2026-10-05 08:51:53,44.485115,38.275415,214.73,interp_short
2026-10-05 08:51:54,44.485065,38.275578,215.2,interp_short
2026-10-05 08:51:55,44.485014,38.275741,215.65,observed
2026-10-05 08:51:56,44.484976,38.275867,216.05,interp_short
2026-10-05 08:51:57,44.484937,38.275988,216.37,observed
2026-10-05 08:51:58,44.484898,38.276113,216.65,interp_short
2026-10-05 08:51:59,44.484859,38.276235,217.09,observed
2026-10-05 08:52:00,44.48478,38.27648,217.84,observed
2026-10-05 08:52:01,44.484701,38.276726,218.59,observed
2026-10-05 08:52:02,44.484661,38.276849,218.95,interp_short
2026-10-05 08:52:03,44.48462,38.27697,219.35,observed
2026-10-05 08:52:04,44.484539,38.277214,220.11,observed
2026-10-05 08:52:05,44.484499,38.277335,220.49,interp_short
2026-10-05 08:52:06,44.484457,38.277457,220.88,observed
2026-10-05 08:52:07,44.484375,38.277699,221.65,observed
2026-10-05 08:52:08,44.484334,38.277819,222.06,interp_short
2026-10-05 08:52:09,44.484291,38.277941,222.41,observed
2026-10-05 08:52:10,44.484207,38.278182,223.16,observed
2026-10-05 08:52:11,44.484122,38.278422,223.9,observed
2026-10-05 08:52:12,44.48408,38.278541,224.34,interp_short
2026-10-05 08:52:13,44.484036,38.278661,224.63,observed
2026-10-05 08:52:14,44.483979,38.27882,224.97,interp_short
2026-10-05 08:52:15,44.483923,38.278976,225.42,interp_short
2026-10-05 08:52:16,44.483862,38.279137,226.04,observed
2026-10-05 08:52:17,44.483774,38.279374,226.72,observed
2026-10-05 08:52:18,44.483732,38.279491,227.06,interp_short
2026-10-05 08:52:19,44.483686,38.27961,227.37,observed
2026-10-05 08:52:20,44.483596,38.279845,227.99,observed
2026-10-05 08:52:21,44.483506,38.28008,228.58,observed
2026-10-05 08:52:22,44.483415,38.280313,229.14,observed
2026-10-05 08:52:23,44.48337,38.28043,229.48,interp_short
2026-10-05 08:52:24,44.483323,38.280546,229.67,observed
2026-10-05 08:52:25,44.483278,38.280663,229.86,interp_short
2026-10-05 08:52:26,44.483231,38.280779,230.17,observed
2026-10-05 08:52:27,44.483138,38.28101,230.63,observed
2026-10-05 08:52:28,44.483044,38.281241,231.04,observed
2026-10-05 08:52:29,44.48295,38.281471,231.42,observed
2026-10-05 08:52:30,44.482856,38.2817,231.76,observed
2026-10-05 08:52:31,44.482806,38.281817,231.92,interp_short
2026-10-05 08:52:32,44.482761,38.281929,232.06,observed
2026-10-05 08:52:33,44.482665,38.282157,232.32,observed
2026-10-05 08:52:34,44.482614,38.282273,232.44,interp_short
2026-10-05 08:52:35,44.482569,38.282385,232.53,observed
2026-10-05 08:52:36,44.482473,38.282612,232.7,observed
2026-10-05 08:52:37,44.482421,38.282725,232.79,interp_short
2026-10-05 08:52:38,44.482376,38.282838,232.83,observed
2026-10-05 08:52:39,44.482279,38.283064,232.92,observed
2026-10-05 08:52:40,44.48223,38.283176,233.02,interp_short
2026-10-05 08:52:41,44.482188,38.283293,232.9,observed
2026-10-05 08:52:42,44.482137,38.283544,232.47,observed
2026-10-05 08:52:43,44.482108,38.283664,232.25,interp_short
2026-10-05 08:52:44,44.482085,38.283794,232.0,observed
2026-10-05 08:52:45,44.482034,38.284044,231.49,observed
2026-10-05 08:52:46,44.482006,38.284163,231.23,interp_short
2026-10-05 08:52:47,44.481982,38.284294,230.94,observed
2026-10-05 08:52:48,44.481931,38.284543,230.36,observed
2026-10-05 08:52:49,44.481904,38.284662,230.05,interp_short
2026-10-05 08:52:50,44.481879,38.284792,229.74,observed
2026-10-05 08:52:51,44.481827,38.28504,229.08,observed
2026-10-05 08:52:52,44.481774,38.285288,228.4,observed
2026-10-05 08:52:53,44.481722,38.285536,227.68,observed
2026-10-05 08:52:54,44.48167,38.285784,226.94,observed
2026-10-05 08:52:55,44.481618,38.286031,226.17,observed
2026-10-05 08:52:56,44.481592,38.286152,225.78,interp_short
2026-10-05 08:52:57,44.481565,38.286278,225.38,observed
2026-10-05 08:52:58,44.481513,38.286525,224.57,observed
2026-10-05 08:52:59,44.481461,38.286772,223.74,observed
2026-10-05 08:53:00,44.481425,38.28694,223.14,interp_short
2026-10-05 08:53:01,44.481392,38.287097,222.64,interp_short
2026-10-05 08:53:02,44.481356,38.287265,222.04,observed
2026-10-05 08:53:03,44.481304,38.287513,221.22,interp_short
2026-10-05 08:53:04,44.481253,38.287758,220.3,observed
2026-10-05 08:53:05,44.481201,38.288004,219.43,observed
2026-10-05 08:53:06,44.481149,38.28825,218.54,observed
2026-10-05 08:53:07,44.481097,38.288497,217.66,observed
2026-10-05 08:53:08,44.481071,38.288622,217.21,interp_short
2026-10-05 08:53:09,44.481046,38.288743,216.78,observed
2026-10-05 08:53:10,44.480995,38.288989,215.91,observed
2026-10-05 08:53:11,44.480944,38.289235,215.04,observed
2026-10-05 08:53:12,44.480918,38.289361,214.61,interp_short
2026-10-05 08:53:13,44.480893,38.289481,214.18,observed
2026-10-05 08:53:14,44.480842,38.289727,213.33,observed
2026-10-05 08:53:15,44.480791,38.289973,212.49,observed
2026-10-05 08:53:16,44.480741,38.290219,211.67,observed
2026-10-05 08:53:17,44.480715,38.290346,211.28,interp_short
2026-10-05 08:53:18,44.48069,38.290466,210.87,observed
2026-10-05 08:53:19,44.48064,38.290712,210.08,observed
2026-10-05 08:53:20,44.480614,38.290837,209.67,interp_short
2026-10-05 08:53:21,44.48059,38.290958,209.31,observed
2026-10-05 08:53:22,44.48054,38.291204,208.55,observed
2026-10-05 08:53:23,44.480491,38.291451,207.82,observed
2026-10-05 08:53:24,44.480465,38.291576,207.48,interp_short
2026-10-05 08:53:25,44.480441,38.291697,207.11,observed
2026-10-05 08:53:26,44.480392,38.291944,206.42,observed
2026-10-05 08:53:27,44.480367,38.292067,206.07,interp_short
2026-10-05 08:53:28,44.480343,38.29219,205.76,observed
2026-10-05 08:53:29,44.480294,38.292437,205.11,observed
2026-10-05 08:53:30,44.480245,38.292684,204.49,observed
2026-10-05 08:53:31,44.480221,38.292806,204.11,interp_short
2026-10-05 08:53:32,44.480196,38.29293,203.88,observed
2026-10-05 08:53:33,44.480172,38.293052,203.66,interp_short
2026-10-05 08:53:34,44.480148,38.293177,203.3,observed
2026-10-05 08:53:35,44.480099,38.293424,202.74,observed
2026-10-05 08:53:36,44.480051,38.293671,202.2,observed
2026-10-05 08:53:37,44.480019,38.293835,201.84,interp_short
2026-10-05 08:53:38,44.479987,38.293996,201.55,interp_short
2026-10-05 08:53:39,44.479954,38.294164,201.17,observed
2026-10-05 08:53:40,44.479907,38.294411,200.68,observed
2026-10-05 08:53:41,44.479883,38.294533,200.43,interp_short
2026-10-05 08:53:42,44.479859,38.294658,200.2,observed
2026-10-05 08:53:43,44.479811,38.294905,199.73,observed
2026-10-05 08:53:44,44.479763,38.295152,199.28,observed
2026-10-05 08:53:45,44.479731,38.29532,198.98,interp_short
2026-10-05 08:53:46,44.479699,38.295483,198.73,interp_short
2026-10-05 08:53:47,44.479668,38.295646,198.4,observed
2026-10-05 08:53:48,44.479621,38.295893,197.98,observed
2026-10-05 08:53:49,44.479597,38.296018,197.76,interp_short
2026-10-05 08:53:50,44.479574,38.296139,197.55,observed
2026-10-05 08:53:51,44.479527,38.296386,197.13,observed
2026-10-05 08:53:52,44.47948,38.296633,196.7,observed
2026-10-05 08:53:53,44.479433,38.29688,196.28,observed
2026-10-05 08:53:54,44.479409,38.297004,196.01,interp_short
2026-10-05 08:53:55,44.479386,38.297126,195.85,observed
2026-10-05 08:53:56,44.479363,38.29725,195.69,interp_short
2026-10-05 08:53:57,44.47934,38.297373,195.41,observed
2026-10-05 08:53:58,44.479293,38.297619,194.97,observed
2026-10-05 08:53:59,44.47927,38.297741,194.68,interp_short
2026-10-05 08:54:00,44.479247,38.297866,194.51,observed
2026-10-05 08:54:01,44.479224,38.297986,194.34,interp_short
2026-10-05 08:54:02,44.4792,38.298112,194.04,observed
2026-10-05 08:54:03,44.479154,38.298359,193.56,observed
2026-10-05 08:54:04,44.479109,38.298605,193.07,observed
2026-10-05 08:54:05,44.479063,38.298851,192.55,observed
2026-10-05 08:54:06,44.479017,38.299097,192.02,observed
2026-10-05 08:54:07,44.478995,38.299216,191.75,interp_short
2026-10-05 08:54:08,44.478972,38.299343,191.47,observed
2026-10-05 08:54:09,44.478927,38.299589,190.9,observed
2026-10-05 08:54:10,44.478882,38.299834,190.31,observed
2026-10-05 08:54:11,44.47886,38.299955,190.01,interp_short
2026-10-05 08:54:12,44.478837,38.30008,189.69,observed
2026-10-05 08:54:13,44.478792,38.300325,189.05,observed
2026-10-05 08:54:14,44.478748,38.300571,188.39,observed
2026-10-05 08:54:15,44.478704,38.300816,187.7,observed
2026-10-05 08:54:16,44.47866,38.301061,186.99,observed
2026-10-05 08:54:17,44.478626,38.301248,186.39,interp_short
2026-10-05 08:54:18,44.478594,38.301431,185.87,interp_short
2026-10-05 08:54:19,44.478562,38.301613,185.34,interp_short
2026-10-05 08:54:20,44.47853,38.301797,184.71,observed
2026-10-05 08:54:21,44.478488,38.302041,183.91,observed
2026-10-05 08:54:22,44.478445,38.302286,183.08,observed
2026-10-05 08:54:23,44.478423,38.302411,182.66,interp_short
2026-10-05 08:54:24,44.478403,38.302531,182.24,observed
2026-10-05 08:54:25,44.478362,38.302776,181.37,observed
2026-10-05 08:54:26,44.478321,38.303021,180.49,observed
2026-10-05 08:54:27,44.4783,38.303146,180.06,interp_short
2026-10-05 08:54:28,44.47828,38.303265,179.59,observed
2026-10-05 08:54:29,44.478239,38.30351,178.67,observed
2026-10-05 08:54:30,44.478199,38.303755,177.75,observed
2026-10-05 08:54:31,44.478159,38.304,176.81,observed
2026-10-05 08:54:32,44.478139,38.304123,176.36,interp_short
2026-10-05 08:54:33,44.47812,38.304244,175.87,observed
2026-10-05 08:54:34,44.478081,38.304489,174.92,observed
2026-10-05 08:54:35,44.478061,38.304611,174.44,interp_short
2026-10-05 08:54:36,44.478042,38.304734,173.96,observed
2026-10-05 08:54:37,44.478004,38.304979,173.01,observed
2026-10-05 08:54:38,44.477985,38.3051,172.51,interp_short
2026-10-05 08:54:39,44.477966,38.305224,172.06,observed
2026-10-05 08:54:40,44.477929,38.305469,171.11,observed
2026-10-05 08:54:41,44.477892,38.305715,170.17,observed
2026-10-05 08:54:42,44.477855,38.30596,169.24,observed
2026-10-05 08:54:43,44.477837,38.306081,168.77,interp_short
2026-10-05 08:54:44,44.477819,38.306206,168.32,observed
2026-10-05 08:54:45,44.477783,38.306452,167.42,observed
2026-10-05 08:54:46,44.477748,38.306698,166.54,observed
2026-10-05 08:54:47,44.477724,38.306862,165.93,interp_short
2026-10-05 08:54:48,44.477701,38.307021,165.43,interp_short
2026-10-05 08:54:49,44.477678,38.30719,164.84,observed
2026-10-05 08:54:50,44.477644,38.307437,164.03,observed
2026-10-05 08:54:51,44.47761,38.307684,163.26,observed
2026-10-05 08:54:52,44.477584,38.307871,162.65,interp_short
2026-10-05 08:54:53,44.477559,38.308055,162.14,interp_short
2026-10-05 08:54:54,44.477534,38.308239,161.66,interp_short
2026-10-05 08:54:55,44.477509,38.308428,161.12,observed
2026-10-05 08:54:56,44.477476,38.308676,160.48,observed
2026-10-05 08:54:57,44.477444,38.308925,159.88,observed
2026-10-05 08:54:58,44.477427,38.309049,159.6,interp_short
2026-10-05 08:54:59,44.477411,38.309174,159.33,observed
2026-10-05 08:55:00,44.477379,38.309424,158.82,observed
2026-10-05 08:55:01,44.477363,38.309548,158.56,interp_short
2026-10-05 08:55:02,44.477347,38.309674,158.35,observed
2026-10-05 08:55:03,44.477315,38.309925,157.94,observed
2026-10-05 08:55:04,44.477283,38.310176,157.57,observed
2026-10-05 08:55:05,44.477251,38.310428,157.24,observed
2026-10-05 08:55:06,44.47722,38.31068,156.97,observed
2026-10-05 08:55:07,44.477188,38.310933,156.75,observed
2026-10-05 08:55:08,44.477172,38.311059,156.65,interp_short
2026-10-05 08:55:09,44.477156,38.311186,156.58,observed
2026-10-05 08:55:10,44.477124,38.31144,156.46,observed
2026-10-05 08:55:11,44.477092,38.311695,156.38,observed
2026-10-05 08:55:12,44.477076,38.311823,156.35,interp_short
2026-10-05 08:55:13,44.47706,38.31195,156.36,observed
2026-10-05 08:55:14,44.477028,38.312207,156.41,interp_short
2026-10-05 08:55:15,44.476995,38.312462,156.46,observed
2026-10-05 08:55:16,44.476979,38.312591,156.5,interp_short
2026-10-05 08:55:17,44.476962,38.31272,156.58,observed
2026-10-05 08:55:18,44.476929,38.312977,156.74,observed
2026-10-05 08:55:19,44.476896,38.313236,156.95,observed
2026-10-05 08:55:20,44.476879,38.313366,157.06,interp_short
2026-10-05 08:55:21,44.476862,38.313495,157.2,observed
2026-10-05 08:55:22,44.476828,38.313755,157.49,observed
2026-10-05 08:55:23,44.476793,38.314016,157.82,observed
2026-10-05 08:55:24,44.476758,38.314277,158.18,observed
2026-10-05 08:55:25,44.476722,38.314539,158.58,observed
2026-10-05 08:55:26,44.476705,38.31467,158.83,interp_short
2026-10-05 08:55:27,44.476686,38.314802,159.01,observed
2026-10-05 08:55:28,44.476662,38.31498,159.23,interp_short
2026-10-05 08:55:29,44.476638,38.315149,159.54,interp_short
2026-10-05 08:55:30,44.476611,38.31533,159.94,observed
2026-10-05 08:55:31,44.476573,38.315594,160.45,observed
2026-10-05 08:55:32,44.476534,38.31586,160.97,observed
2026-10-05 08:55:33,44.476515,38.315993,161.22,interp_short
2026-10-05 08:55:34,44.476494,38.316127,161.51,observed
2026-10-05 08:55:35,44.476454,38.316394,162.07,observed
2026-10-05 08:55:36,44.476434,38.316526,162.38,interp_short
2026-10-05 08:55:37,44.476412,38.316661,162.64,observed
2026-10-05 08:55:38,44.47637,38.31693,163.16,interp_short
2026-10-05 08:55:39,44.476327,38.317199,163.79,observed
2026-10-05 08:55:40,44.476283,38.317469,164.37,observed
2026-10-05 08:55:41,44.476238,38.317739,164.95,observed
2026-10-05 08:55:42,44.476216,38.317875,165.24,interp_short
2026-10-05 08:55:43,44.476193,38.318011,165.53,observed
2026-10-05 08:55:44,44.476146,38.318282,166.1,observed
2026-10-05 08:55:45,44.476098,38.318555,166.67,observed
2026-10-05 08:55:46,44.47605,38.318828,167.22,observed
2026-10-05 08:55:47,44.476026,38.318967,167.56,interp_short
2026-10-05 08:55:48,44.476,38.319102,167.76,observed
2026-10-05 08:55:49,44.475975,38.319241,167.96,interp_short
2026-10-05 08:55:50,44.475949,38.319376,168.28,observed
2026-10-05 08:55:51,44.475898,38.319651,168.79,observed
2026-10-05 08:55:52,44.475845,38.319926,169.27,observed
2026-10-05 08:55:53,44.475819,38.320065,169.49,interp_short
2026-10-05 08:55:54,44.475791,38.320201,169.73,observed
2026-10-05 08:55:55,44.475736,38.320478,170.17,observed
2026-10-05 08:55:56,44.475709,38.320617,170.41,interp_short
2026-10-05 08:55:57,44.475681,38.320754,170.59,observed
2026-10-05 08:55:58,44.475624,38.321033,170.96,interp_short
2026-10-05 08:55:59,44.475566,38.321309,171.34,observed
2026-10-05 08:56:00,44.475537,38.32145,171.52,interp_short
2026-10-05 08:56:01,44.475507,38.321587,171.67,observed
2026-10-05 08:56:02,44.475447,38.321865,171.97,observed
2026-10-05 08:56:03,44.475387,38.322143,172.25,observed
2026-10-05 08:56:04,44.475356,38.322285,172.41,interp_short
2026-10-05 08:56:05,44.475325,38.322422,172.5,observed
2026-10-05 08:56:06,44.475294,38.322564,172.58,interp_short
2026-10-05 08:56:07,44.475262,38.322701,172.71,observed
2026-10-05 08:56:08,44.475199,38.32298,172.9,observed
2026-10-05 08:56:09,44.475134,38.323259,173.06,observed
2026-10-05 08:56:10,44.475102,38.3234,173.15,interp_short
2026-10-05 08:56:11,44.475069,38.323538,173.19,observed
2026-10-05 08:56:12,44.475037,38.323679,173.24,interp_short
2026-10-05 08:56:13,44.475003,38.323817,173.3,observed
2026-10-05 08:56:14,44.474936,38.324097,173.38,observed
2026-10-05 08:56:15,44.474903,38.324237,173.42,interp_short
2026-10-05 08:56:16,44.474869,38.324376,173.43,observed
2026-10-05 08:56:17,44.474824,38.324561,173.44,interp_short
2026-10-05 08:56:18,44.474778,38.324748,173.45,interp_short
2026-10-05 08:56:19,44.474731,38.324935,173.46,observed
2026-10-05 08:56:20,44.474698,38.325073,173.47,interp_short
2026-10-05 08:56:21,44.474662,38.325214,173.45,observed
2026-10-05 08:56:22,44.474592,38.325492,173.41,observed
2026-10-05 08:56:23,44.474558,38.32563,173.39,interp_short
2026-10-05 08:56:24,44.474521,38.325771,173.36,observed
2026-10-05 08:56:25,44.47445,38.326049,173.29,observed
2026-10-05 08:56:26,44.474378,38.326328,173.21,observed
2026-10-05 08:56:27,44.474332,38.32651,173.14,interp_short
2026-10-05 08:56:28,44.474284,38.326693,173.07,interp_short
2026-10-05 08:56:29,44.474234,38.326883,173.01,observed
2026-10-05 08:56:30,44.474199,38.327018,172.95,interp_short
2026-10-05 08:56:31,44.474161,38.327159,172.9,observed
2026-10-05 08:56:32,44.474125,38.327296,172.86,interp_short
2026-10-05 08:56:33,44.474088,38.327436,172.78,observed
2026-10-05 08:56:34,44.474015,38.327712,172.66,observed
2026-10-05 08:56:35,44.473967,38.327896,172.57,interp_short
2026-10-05 08:56:36,44.473918,38.32808,172.5,interp_short
2026-10-05 08:56:37,44.473869,38.328262,172.42,observed
2026-10-05 08:56:38,44.473796,38.328536,172.3,observed
2026-10-05 08:56:39,44.473722,38.328809,172.19,observed
2026-10-05 08:56:40,44.473685,38.328949,172.13,interp_short
2026-10-05 08:56:41,44.473649,38.329082,172.08,observed
2026-10-05 08:56:42,44.473577,38.329354,171.98,observed
2026-10-05 08:56:43,44.473504,38.329625,171.89,observed
2026-10-05 08:56:44,44.473432,38.329895,171.82,observed
2026-10-05 08:56:45,44.473395,38.330033,171.78,interp_short
2026-10-05 08:56:46,44.47336,38.330164,171.76,observed
2026-10-05 08:56:47,44.473323,38.330301,171.74,interp_short
2026-10-05 08:56:48,44.473288,38.330432,171.71,observed
2026-10-05 08:56:49,44.473239,38.330616,171.69,interp_short
2026-10-05 08:56:50,44.473193,38.330791,171.68,interp_short
2026-10-05 08:56:51,44.473147,38.330966,171.67,observed
2026-10-05 08:56:52,44.473111,38.331101,171.67,interp_short
2026-10-05 08:56:53,44.473077,38.331232,171.67,observed
2026-10-05 08:56:54,44.473042,38.331365,171.68,interp_short
2026-10-05 08:56:55,44.473008,38.331496,171.7,observed
2026-10-05 08:56:56,44.472939,38.331759,171.74,observed
2026-10-05 08:56:57,44.472905,38.331889,171.77,interp_short
2026-10-05 08:56:58,44.472872,38.332021,171.81,observed
2026-10-05 08:56:59,44.472805,38.332282,171.89,observed
2026-10-05 08:57:00,44.472739,38.332542,172.0,observed
2026-10-05 08:57:01,44.472706,38.332671,172.06,interp_short
2026-10-05 08:57:02,44.472674,38.332801,172.12,observed
2026-10-05 08:57:03,44.472609,38.333058,172.26,observed
2026-10-05 08:57:04,44.472546,38.333314,172.43,observed
2026-10-05 08:57:05,44.472514,38.333442,172.54,interp_short
2026-10-05 08:57:06,44.472484,38.333569,172.61,observed
2026-10-05 08:57:07,44.472452,38.333696,172.68,interp_short
2026-10-05 08:57:08,44.472423,38.333822,172.81,observed
2026-10-05 08:57:09,44.472363,38.334074,173.02,observed
2026-10-05 08:57:10,44.472304,38.334325,173.25,observed
2026-10-05 08:57:11,44.472247,38.334575,173.49,observed
2026-10-05 08:57:12,44.472217,38.334698,173.65,interp_short
2026-10-05 08:57:13,44.47219,38.334823,173.75,observed
2026-10-05 08:57:14,44.472161,38.334945,173.84,interp_short
2026-10-05 08:57:15,44.472135,38.33507,174.02,observed
2026-10-05 08:57:16,44.472081,38.335315,174.29,observed
2026-10-05 08:57:17,44.472054,38.335434,174.42,interp_short
2026-10-05 08:57:18,44.472029,38.335559,174.57,observed
2026-10-05 08:57:19,44.471978,38.335802,174.86,observed
2026-10-05 08:57:20,44.471952,38.335919,175.02,interp_short
2026-10-05 08:57:21,44.471928,38.336043,175.15,observed
2026-10-05 08:57:22,44.47188,38.336279,175.41,interp_short
2026-10-05 08:57:23,44.471833,38.336522,175.73,observed
2026-10-05 08:57:24,44.471787,38.336755,176.03,interp_short
2026-10-05 08:57:25,44.471743,38.336995,176.29,observed
2026-10-05 08:57:26,44.471708,38.337176,176.51,interp_short
2026-10-05 08:57:27,44.471675,38.33736,176.71,interp_short
2026-10-05 08:57:28,44.471642,38.337546,176.9,interp_short
2026-10-05 08:57:29,44.47161,38.337734,177.08,interp_short
2026-10-05 08:57:30,44.47158,38.337925,177.28,observed
2026-10-05 08:57:31,44.471543,38.338154,177.49,observed
2026-10-05 08:57:32,44.471507,38.338382,177.68,observed
2026-10-05 08:57:33,44.471473,38.338609,177.85,observed
2026-10-05 08:57:34,44.47144,38.338834,177.99,observed
2026-10-05 08:57:35,44.471422,38.338945,178.05,interp_short
2026-10-05 08:57:36,44.471408,38.339058,178.1,observed
2026-10-05 08:57:37,44.471378,38.339282,178.19,observed
2026-10-05 08:57:38,44.471349,38.339503,178.25,observed
2026-10-05 08:57:39,44.471322,38.339724,178.27,observed
2026-10-05 08:57:40,44.471295,38.339944,178.27,observed
2026-10-05 08:57:41,44.47127,38.340162,178.23,observed
2026-10-05 08:57:42,44.471246,38.34038,178.15,observed
2026-10-05 08:57:43,44.471224,38.340597,178.04,observed
2026-10-05 08:57:44,44.471211,38.340706,177.97,interp_short
2026-10-05 08:57:45,44.471202,38.340812,177.89,observed
2026-10-05 08:57:46,44.471182,38.341027,177.71,observed
2026-10-05 08:57:47,44.471153,38.341348,177.36,observed
2026-10-05 08:57:48,44.471126,38.341667,176.93,observed
2026-10-05 08:57:49,44.471113,38.341818,176.66,interp_short
2026-10-05 08:57:50,44.471103,38.341948,176.48,interp_short
2026-10-05 08:57:51,44.471094,38.342089,176.23,observed
2026-10-05 08:57:52,44.47108,38.3423,175.83,observed
2026-10-05 08:57:53,44.471065,38.342513,175.4,interp_short
2026-10-05 08:57:54,44.471052,38.342719,174.93,observed
2026-10-05 08:57:55,44.47104,38.342928,174.43,observed
2026-10-05 08:57:56,44.47103,38.343076,174.07,interp_short
2026-10-05 08:57:57,44.471024,38.343204,173.76,interp_short
2026-10-05 08:57:58,44.471017,38.343345,173.35,observed
2026-10-05 08:57:59,44.471006,38.343553,172.76,observed
2026-10-05 08:58:00,44.470995,38.343761,172.16,observed
2026-10-05 08:58:01,44.470985,38.343968,171.53,observed
2026-10-05 08:58:02,44.47098,38.344074,171.21,interp_short
2026-10-05 08:58:03,44.470976,38.344176,170.89,observed
2026-10-05 08:58:04,44.470966,38.344383,170.23,observed
2026-10-05 08:58:05,44.470957,38.344591,169.55,observed
2026-10-05 08:58:06,44.470948,38.344798,168.87,interp_short
2026-10-05 08:58:07,44.470939,38.345006,168.17,observed
2026-10-05 08:58:08,44.47093,38.345214,167.48,observed
2026-10-05 08:58:09,44.470924,38.345355,166.99,interp_short
2026-10-05 08:58:10,44.470919,38.345484,166.59,interp_short
2026-10-05 08:58:11,44.470913,38.345631,166.08,observed
2026-10-05 08:58:12,44.470904,38.34584,165.38,observed
2026-10-05 08:58:13,44.470894,38.346049,164.69,observed
2026-10-05 08:58:14,44.470885,38.346259,164.01,observed
2026-10-05 08:58:15,44.470881,38.34636,163.67,interp_short
2026-10-05 08:58:16,44.470875,38.34647,163.35,observed
2026-10-05 08:58:17,44.470865,38.346681,162.7,observed
2026-10-05 08:58:18,44.470855,38.346893,162.07,observed
2026-10-05 08:58:19,44.470844,38.347106,161.46,observed
2026-10-05 08:58:20,44.470833,38.347316,160.87,interp_short
2026-10-05 08:58:21,44.47082,38.347533,160.31,observed
2026-10-05 08:58:22,44.470808,38.347749,159.78,observed
2026-10-05 08:58:23,44.470794,38.347965,159.28,observed
2026-10-05 08:58:24,44.47078,38.348182,158.82,observed
2026-10-05 08:58:25,44.470766,38.3484,158.39,observed
2026-10-05 08:58:26,44.47075,38.34862,158.0,observed
2026-10-05 08:58:27,44.470734,38.348841,157.64,observed
2026-10-05 08:58:28,44.470716,38.349062,157.33,observed
2026-10-05 08:58:29,44.470698,38.349286,157.05,observed
2026-10-05 08:58:30,44.47069,38.349399,156.91,interp_short
2026-10-05 08:58:31,44.470679,38.34951,156.82,observed
2026-10-05 08:58:32,44.47066,38.349737,156.66,interp_short
2026-10-05 08:58:33,44.470638,38.349963,156.49,observed
2026-10-05 08:58:34,44.470616,38.350192,156.39,observed
2026-10-05 08:58:35,44.470605,38.350307,156.35,interp_short
2026-10-05 08:58:36,44.470592,38.350422,156.33,observed
2026-10-05 08:58:37,44.470568,38.350654,156.31,observed
2026-10-05 08:58:38,44.470543,38.350887,156.34,interp_short
2026-10-05 08:58:39,44.470516,38.351122,156.42,observed
2026-10-05 08:58:40,44.470488,38.351358,156.53,observed
2026-10-05 08:58:41,44.470459,38.351596,156.68,observed
2026-10-05 08:58:42,44.470429,38.351835,156.88,observed
2026-10-05 08:58:43,44.470398,38.352077,157.11,observed
2026-10-05 08:58:44,44.470383,38.3522,157.23,interp_short
2026-10-05 08:58:45,44.470365,38.35232,157.38,observed
2026-10-05 08:58:46,44.470331,38.352564,157.69,observed
2026-10-05 08:58:47,44.470296,38.35281,158.03,observed
2026-10-05 08:58:48,44.470279,38.352937,158.2,interp_short
2026-10-05 08:58:49,44.47026,38.353058,158.4,observed
2026-10-05 08:58:50,44.470222,38.353308,158.8,observed
2026-10-05 08:58:51,44.470183,38.353559,159.22,observed
2026-10-05 08:58:52,44.470143,38.353812,159.68,observed
2026-10-05 08:58:53,44.470124,38.35394,159.9,interp_short
2026-10-05 08:58:54,44.470102,38.354067,160.15,observed
2026-10-05 08:58:55,44.470059,38.354323,160.64,observed
2026-10-05 08:58:56,44.470038,38.354452,160.96,interp_short
2026-10-05 08:58:57,44.470015,38.354582,161.15,observed
2026-10-05 08:58:58,44.469986,38.354756,161.38,interp_short
2026-10-05 08:58:59,44.469957,38.354925,161.73,interp_short
2026-10-05 08:59:00,44.469924,38.355103,162.21,observed
2026-10-05 08:59:01,44.469876,38.355366,162.76,observed
2026-10-05 08:59:02,44.469853,38.355497,163.04,interp_short
2026-10-05 08:59:03,44.469827,38.355631,163.31,observed
2026-10-05 08:59:04,44.469778,38.355897,163.87,observed
2026-10-05 08:59:05,44.469727,38.356165,164.42,observed
2026-10-05 08:59:06,44.469693,38.356345,164.79,interp_short
2026-10-05 08:59:07,44.469658,38.356524,165.11,interp_short
2026-10-05 08:59:08,44.469621,38.356705,165.53,observed
2026-10-05 08:59:09,44.469567,38.356978,166.08,observed
2026-10-05 08:59:10,44.46954,38.357114,166.35,interp_short
2026-10-05 08:59:11,44.469511,38.357252,166.62,observed
2026-10-05 08:59:12,44.469455,38.357527,167.14,observed
2026-10-05 08:59:13,44.469427,38.357666,167.42,interp_short
2026-10-05 08:59:14,44.469398,38.357804,167.66,observed
2026-10-05 08:59:15,44.469339,38.358082,168.16,observed
2026-10-05 08:59:16,44.46928,38.358361,168.64,observed
2026-10-05 08:59:17,44.469248,38.358514,168.93,interp_short
2026-10-05 08:59:18,44.46922,38.358646,169.11,interp_short
2026-10-05 08:59:19,44.469192,38.358776,169.28,interp_short
2026-10-05 08:59:20,44.469159,38.358923,169.56,observed
2026-10-05 08:59:21,44.469097,38.359206,169.98,observed
2026-10-05 08:59:22,44.469055,38.359399,170.34,interp_short
2026-10-05 08:59:23,44.469012,38.35959,170.59,interp_short
2026-10-05 08:59:24,44.46897,38.359775,170.77,observed
2026-10-05 08:59:25,44.468938,38.359921,170.92,interp_short
2026-10-05 08:59:26,44.468906,38.360061,171.13,observed
2026-10-05 08:59:27,44.468841,38.360348,171.47,observed
2026-10-05 08:59:28,44.468775,38.360635,171.78,observed
2026-10-05 08:59:29,44.468742,38.360783,171.97,interp_short
2026-10-05 08:59:30,44.468709,38.360924,172.07,observed
2026-10-05 08:59:31,44.468675,38.361072,172.17,interp_short
2026-10-05 08:59:32,44.468642,38.361213,172.33,observed
2026-10-05 08:59:33,44.468575,38.361503,172.57,observed
2026-10-05 08:59:34,44.468541,38.361651,172.71,interp_short
2026-10-05 08:59:35,44.468507,38.361794,172.79,observed
2026-10-05 08:59:36,44.468473,38.361942,172.88,interp_short
2026-10-05 08:59:37,44.468439,38.362085,172.98,observed
2026-10-05 08:59:38,44.468404,38.362232,173.07,interp_short
2026-10-05 08:59:39,44.46837,38.362376,173.15,observed
2026-10-05 08:59:40,44.468335,38.362524,173.21,interp_short
2026-10-05 08:59:41,44.468301,38.362668,173.3,observed
2026-10-05 08:59:42,44.468231,38.362961,173.43,observed
2026-10-05 08:59:43,44.468197,38.363107,173.51,interp_short
2026-10-05 08:59:44,44.468162,38.363253,173.54,observed
2026-10-05 08:59:45,44.468127,38.363399,173.58,interp_short
2026-10-05 08:59:46,44.468092,38.363546,173.64,observed
2026-10-05 08:59:47,44.468021,38.363839,173.72,observed
2026-10-05 08:59:48,44.467985,38.36399,173.78,interp_short
2026-10-05 08:59:49,44.467951,38.364133,173.83,interp_short
2026-10-05 08:59:50,44.467917,38.364273,173.85,interp_short
2026-10-05 08:59:51,44.467883,38.364414,173.87,interp_short
2026-10-05 08:59:52,44.467848,38.364561,173.87,interp_short
2026-10-05 08:59:53,44.46781,38.364719,173.88,observed
2026-10-05 08:59:54,44.467775,38.364863,173.89,interp_short
2026-10-05 08:59:55,44.467739,38.365012,173.91,observed
2026-10-05 08:59:56,44.467668,38.365304,173.94,observed
2026-10-05 08:59:57,44.467634,38.365447,173.95,interp_short
2026-10-05 08:59:58,44.467598,38.365597,173.96,observed
2026-10-05 08:59:59,44.467563,38.36574,173.97,interp_short
2026-10-05 09:00:00,44.467527,38.365889,173.98,observed
2026-10-05 09:00:01,44.467481,38.366078,173.99,interp_short
2026-10-05 09:00:02,44.467433,38.366276,174.01,interp_short
2026-10-05 09:00:03,44.467386,38.366472,174.02,observed
2026-10-05 09:00:04,44.467352,38.366615,174.03,interp_short
2026-10-05 09:00:05,44.467316,38.366763,174.04,observed
2026-10-05 09:00:06,44.467246,38.367053,174.07,observed
2026-10-05 09:00:07,44.467176,38.367343,174.1,observed
2026-10-05 09:00:08,44.467142,38.367486,174.13,interp_short
2026-10-05 09:00:09,44.467107,38.367632,174.15,observed
2026-10-05 09:00:10,44.467072,38.367776,174.17,interp_short
2026-10-05 09:00:11,44.467038,38.36792,174.2,observed
2026-10-05 09:00:12,44.466969,38.368208,174.27,observed
2026-10-05 09:00:13,44.4669,38.368495,174.35,observed
2026-10-05 09:00:14,44.466865,38.368639,174.4,interp_short
2026-10-05 09:00:15,44.466832,38.36878,174.45,observed
2026-10-05 09:00:16,44.466786,38.368971,174.52,interp_short
2026-10-05 09:00:17,44.466741,38.369163,174.61,interp_short
2026-10-05 09:00:18,44.466697,38.369349,174.69,observed
2026-10-05 09:00:19,44.466663,38.369493,174.75,interp_short
2026-10-05 09:00:20,44.466631,38.369632,174.84,observed
2026-10-05 09:00:21,44.466564,38.369914,175.01,observed
2026-10-05 09:00:22,44.466499,38.370194,175.2,observed
2026-10-05 09:00:23,44.466466,38.370336,175.32,interp_short
2026-10-05 09:00:24,44.466434,38.370474,175.41,observed
2026-10-05 09:00:25,44.466401,38.370614,175.52,interp_short
2026-10-05 09:00:26,44.466369,38.370752,175.64,observed
2026-10-05 09:00:27,44.466337,38.37089,175.77,interp_short
2026-10-05 09:00:28,44.466305,38.371029,175.89,observed
2026-10-05 09:00:29,44.466273,38.371167,176.0,interp_short
2026-10-05 09:00:30,44.466242,38.371305,176.17,observed
2026-10-05 09:00:31,44.466179,38.37158,176.46,observed
2026-10-05 09:00:32,44.466117,38.371853,176.78,observed
2026-10-05 09:00:33,44.466086,38.371987,176.93,interp_short
2026-10-05 09:00:34,44.466055,38.372125,177.11,observed
2026-10-05 09:00:35,44.465994,38.372396,177.46,observed
2026-10-05 09:00:36,44.465964,38.372528,177.7,interp_short
2026-10-05 09:00:37,44.465934,38.372665,177.83,observed
2026-10-05 09:00:38,44.465904,38.372797,177.97,interp_short
2026-10-05 09:00:39,44.465875,38.372933,178.22,observed
2026-10-05 09:00:40,44.465816,38.3732,178.62,observed
2026-10-05 09:00:41,44.465758,38.373465,179.04,observed
2026-10-05 09:00:42,44.4657,38.373729,179.47,observed
2026-10-05 09:00:43,44.465671,38.37386,179.73,interp_short
2026-10-05 09:00:44,44.465644,38.373991,179.9,observed
2026-10-05 09:00:45,44.465606,38.374167,180.12,interp_short
2026-10-05 09:00:46,44.465569,38.374338,180.43,interp_short
2026-10-05 09:00:47,44.465533,38.374512,180.8,observed
2026-10-05 09:00:48,44.465478,38.374771,181.24,interp_short
2026-10-05 09:00:49,44.465424,38.375028,181.71,observed
2026-10-05 09:00:50,44.465371,38.375283,182.16,observed
2026-10-05 09:00:51,44.465345,38.37541,182.45,interp_short
2026-10-05 09:00:52,44.465319,38.375538,182.61,observed
2026-10-05 09:00:53,44.465293,38.375663,182.76,interp_short
2026-10-05 09:00:54,44.465267,38.375791,183.05,observed
2026-10-05 09:00:55,44.465216,38.376043,183.49,observed
2026-10-05 09:00:56,44.465191,38.376166,183.71,interp_short
2026-10-05 09:00:57,44.465166,38.376293,183.91,observed
2026-10-05 09:00:58,44.465116,38.376543,184.31,observed
2026-10-05 09:00:59,44.465068,38.376791,184.7,observed
2026-10-05 09:01:00,44.465019,38.377038,185.07,observed
2026-10-05 09:01:01,44.464995,38.37716,185.25,interp_short
2026-10-05 09:01:02,44.464972,38.377284,185.41,observed
2026-10-05 09:01:03,44.464925,38.377528,185.73,observed
2026-10-05 09:01:04,44.464879,38.377772,186.02,observed
2026-10-05 09:01:05,44.464833,38.378015,186.28,observed
2026-10-05 09:01:06,44.464788,38.378258,186.5,interp_short
2026-10-05 09:01:07,44.464744,38.378497,186.7,observed
2026-10-05 09:01:08,44.4647,38.378737,186.86,observed
2026-10-05 09:01:09,44.464677,38.37886,186.93,interp_short
2026-10-05 09:01:10,44.464657,38.378976,186.97,observed
2026-10-05 09:01:11,44.464614,38.379214,187.05,observed
2026-10-05 09:01:12,44.464592,38.379335,187.08,interp_short
2026-10-05 09:01:13,44.464572,38.379451,187.08,observed
2026-10-05 09:01:14,44.46453,38.379688,187.07,observed
2026-10-05 09:01:15,44.464509,38.379805,187.06,interp_short
2026-10-05 09:01:16,44.464489,38.379923,187.01,observed
2026-10-05 09:01:17,44.464448,38.380159,186.9,observed
2026-10-05 09:01:18,44.464408,38.380393,186.75,observed
2026-10-05 09:01:19,44.464368,38.380628,186.55,observed
2026-10-05 09:01:20,44.464349,38.380742,186.44,interp_short
2026-10-05 09:01:21,44.464329,38.380861,186.3,observed
2026-10-05 09:01:22,44.46429,38.381095,186.0,observed
2026-10-05 09:01:23,44.464252,38.381328,185.65,observed
2026-10-05 09:01:24,44.464214,38.38156,185.25,observed
2026-10-05 09:01:25,44.464176,38.381793,184.75,interp_short
2026-10-05 09:01:26,44.464138,38.382025,184.31,observed
2026-10-05 09:01:27,44.464119,38.382142,184.06,interp_short
2026-10-05 09:01:28,44.464101,38.382256,183.77,observed
2026-10-05 09:01:29,44.464063,38.38249,183.22,interp_short
2026-10-05 09:01:30,44.464027,38.38272,182.54,observed
2026-10-05 09:01:31,44.463991,38.382952,181.87,observed
2026-10-05 09:01:32,44.463955,38.383183,181.15,observed
2026-10-05 09:01:33,44.463919,38.383415,180.39,observed
2026-10-05 09:01:34,44.4639,38.383534,180.02,interp_short
2026-10-05 09:01:35,44.463883,38.383647,179.59,observed
2026-10-05 09:01:36,44.463847,38.383879,178.76,observed
2026-10-05 09:01:37,44.463828,38.383997,178.32,interp_short
2026-10-05 09:01:38,44.463811,38.384111,177.9,observed
2026-10-05 09:01:39,44.463776,38.384343,177.0,observed
2026-10-05 09:01:40,44.463741,38.384576,176.07,observed
2026-10-05 09:01:41,44.463723,38.384692,175.61,interp_short
2026-10-05 09:01:42,44.463705,38.384809,175.12,observed
2026-10-05 09:01:43,44.46367,38.385042,174.15,observed
2026-10-05 09:01:44,44.463635,38.385275,173.15,observed
2026-10-05 09:01:45,44.4636,38.385509,172.14,observed
2026-10-05 09:01:46,44.463583,38.385626,171.62,interp_short
2026-10-05 09:01:47,44.463565,38.385744,171.11,observed
2026-10-05 09:01:48,44.46353,38.385978,170.08,observed
2026-10-05 09:01:49,44.463494,38.386214,169.03,observed
2026-10-05 09:01:50,44.463476,38.386332,168.51,interp_short
2026-10-05 09:01:51,44.463459,38.38645,167.98,observed
2026-10-05 09:01:52,44.463424,38.386686,166.93,observed
2026-10-05 09:01:53,44.463389,38.386923,165.88,observed
2026-10-05 09:01:54,44.463353,38.38716,164.83,observed
2026-10-05 09:01:55,44.463318,38.387398,163.79,observed
2026-10-05 09:01:56,44.4633,38.387516,163.14,interp_short
2026-10-05 09:01:57,44.463282,38.387637,162.76,observed
2026-10-05 09:01:58,44.463264,38.387754,162.38,interp_short
2026-10-05 09:01:59,44.463246,38.387876,161.74,observed
2026-10-05 09:02:00,44.46321,38.388115,160.73,observed
2026-10-05 09:02:01,44.463174,38.388356,159.74,observed
2026-10-05 09:02:02,44.463157,38.388472,159.25,interp_short
2026-10-05 09:02:03,44.463138,38.388597,158.77,observed
2026-10-05 09:02:04,44.463102,38.388838,157.82,observed
2026-10-05 09:02:05,44.463066,38.38908,156.9,observed
2026-10-05 09:02:06,44.463029,38.389323,156.0,observed
2026-10-05 09:02:07,44.462992,38.389566,155.13,observed
2026-10-05 09:02:08,44.462955,38.38981,154.28,observed
2026-10-05 09:02:09,44.46293,38.389974,153.67,interp_short
2026-10-05 09:02:10,44.462907,38.390132,153.2,interp_short
2026-10-05 09:02:11,44.462881,38.3903,152.68,observed
2026-10-05 09:02:12,44.462843,38.390546,151.97,interp_short
2026-10-05 09:02:13,44.462805,38.390792,151.2,observed
2026-10-05 09:02:14,44.462768,38.391038,150.51,observed
2026-10-05 09:02:15,44.462729,38.391286,149.85,observed
2026-10-05 09:02:16,44.462691,38.391534,149.23,observed
2026-10-05 09:02:17,44.462672,38.391659,148.92,interp_short
2026-10-05 09:02:18,44.462653,38.391782,148.63,observed
2026-10-05 09:02:19,44.462614,38.392031,148.07,observed
2026-10-05 09:02:20,44.462575,38.39228,147.54,observed
2026-10-05 09:02:21,44.462556,38.392404,147.28,interp_short
2026-10-05 09:02:22,44.462536,38.39253,147.04,observed
2026-10-05 09:02:23,44.462497,38.39278,146.57,observed
2026-10-05 09:02:24,44.462457,38.393031,146.12,observed
2026-10-05 09:02:25,44.462437,38.393155,145.9,interp_short
2026-10-05 09:02:26,44.462417,38.393282,145.7,observed
2026-10-05 09:02:27,44.462377,38.393534,145.31,observed
2026-10-05 09:02:28,44.462337,38.393786,144.94,observed
2026-10-05 09:02:29,44.462297,38.394038,144.6,observed
2026-10-05 09:02:30,44.462258,38.394284,144.28,interp_short
2026-10-05 09:02:31,44.462215,38.394551,143.97,interp_short
2026-10-05 09:02:32,44.462176,38.394797,143.67,observed
2026-10-05 09:02:33,44.462135,38.39505,143.4,observed
2026-10-05 09:02:34,44.462114,38.395181,143.26,interp_short
2026-10-05 09:02:35,44.462094,38.395304,143.13,observed
2026-10-05 09:02:36,44.462053,38.395558,142.87,observed
2026-10-05 09:02:37,44.462011,38.395812,142.63,observed
2026-10-05 09:02:38,44.46199,38.395944,142.51,interp_short
2026-10-05 09:02:39,44.46197,38.396067,142.38,observed
2026-10-05 09:02:40,44.461928,38.396326,142.14,interp_short
2026-10-05 09:02:41,44.461887,38.396576,141.91,observed
2026-10-05 09:02:42,44.461865,38.396708,141.8,interp_short
2026-10-05 09:02:43,44.461845,38.396831,141.67,observed
2026-10-05 09:02:44,44.461803,38.397087,141.42,observed
2026-10-05 09:02:45,44.461761,38.397342,141.17,observed
2026-10-05 09:02:46,44.461719,38.397598,140.92,observed
2026-10-05 09:02:47,44.461696,38.397741,140.72,interp_short
2026-10-05 09:02:48,44.461676,38.397858,140.58,interp_short
2026-10-05 09:02:49,44.461658,38.397972,140.48,interp_short
2026-10-05 09:02:50,44.461635,38.398109,140.38,observed
2026-10-05 09:02:51,44.461614,38.398238,140.27,interp_short
2026-10-05 09:02:52,44.461593,38.398365,140.09,observed
2026-10-05 09:02:53,44.46155,38.398622,139.82,interp_short
2026-10-05 09:02:54,44.461508,38.398878,139.47,observed
2026-10-05 09:02:55,44.461466,38.399134,139.14,observed
2026-10-05 09:02:56,44.461445,38.399263,138.98,interp_short
2026-10-05 09:02:57,44.461424,38.399391,138.79,observed
2026-10-05 09:02:58,44.461381,38.399648,138.43,observed
2026-10-05 09:02:59,44.46136,38.399776,138.23,interp_short
2026-10-05 09:03:00,44.461339,38.399904,138.04,observed
2026-10-05 09:03:01,44.461296,38.400161,137.64,observed
2026-10-05 09:03:02,44.461254,38.400418,137.21,observed
2026-10-05 09:03:03,44.461231,38.400555,136.94,interp_short
2026-10-05 09:03:04,44.461212,38.400673,136.77,interp_short
2026-10-05 09:03:05,44.461192,38.400792,136.59,interp_short
2026-10-05 09:03:06,44.461169,38.400933,136.3,observed
2026-10-05 09:03:07,44.461126,38.40119,135.82,observed
2026-10-05 09:03:08,44.461083,38.401448,135.32,observed
2026-10-05 09:03:09,44.461062,38.401575,135.08,interp_short
2026-10-05 09:03:10,44.461041,38.401706,134.8,observed
2026-10-05 09:03:11,44.460998,38.401964,134.27,observed
2026-10-05 09:03:12,44.460978,38.402089,133.99,interp_short
2026-10-05 09:03:13,44.460956,38.402222,133.72,observed
2026-10-05 09:03:14,44.460913,38.40248,133.15,observed
2026-10-05 09:03:15,44.46087,38.402739,132.57,observed
2026-10-05 09:03:16,44.46085,38.402864,132.29,interp_short
2026-10-05 09:03:17,44.460828,38.402997,131.98,observed
2026-10-05 09:03:18,44.460785,38.403256,131.37,observed
2026-10-05 09:03:19,44.460757,38.403428,130.91,interp_short
2026-10-05 09:03:20,44.460729,38.403597,130.57,interp_short
2026-10-05 09:03:21,44.4607,38.403775,130.14,observed
2026-10-05 09:03:22,44.460657,38.404034,129.52,observed
2026-10-05 09:03:23,44.460614,38.404294,128.9,observed
2026-10-05 09:03:24,44.460572,38.404554,128.27,observed
2026-10-05 09:03:25,44.460529,38.404815,127.64,observed
2026-10-05 09:03:26,44.460499,38.404994,127.21,interp_short
2026-10-05 09:03:27,44.460471,38.405165,126.87,interp_short
2026-10-05 09:03:28,44.460443,38.405336,126.41,observed
2026-10-05 09:03:29,44.4604,38.405597,125.8,observed
2026-10-05 09:03:30,44.460378,38.405732,125.49,interp_short
2026-10-05 09:03:31,44.460357,38.405858,125.2,observed
2026-10-05 09:03:32,44.460314,38.40612,124.62,observed
2026-10-05 09:03:33,44.46027,38.406382,124.05,observed
2026-10-05 09:03:34,44.460248,38.406517,123.71,interp_short
2026-10-05 09:03:35,44.460227,38.406644,123.5,observed
2026-10-05 09:03:36,44.460205,38.406778,123.29,interp_short
2026-10-05 09:03:37,44.460184,38.406906,122.96,observed
2026-10-05 09:03:38,44.46014,38.407169,122.45,observed
2026-10-05 09:03:39,44.460096,38.407431,121.96,observed
2026-10-05 09:03:40,44.460074,38.407562,121.73,interp_short
2026-10-05 09:03:41,44.460052,38.407694,121.5,observed
2026-10-05 09:03:42,44.460008,38.407957,121.06,observed
2026-10-05 09:03:43,44.459985,38.408096,120.71,interp_short
2026-10-05 09:03:44,44.459965,38.408216,120.5,interp_short
2026-10-05 09:03:45,44.459945,38.408338,120.38,interp_short
2026-10-05 09:03:46,44.45992,38.408484,120.27,observed
2026-10-05 09:03:47,44.459898,38.408613,120.13,interp_short
2026-10-05 09:03:48,44.459875,38.408748,119.93,observed
2026-10-05 09:03:49,44.459831,38.409008,119.64,interp_short
2026-10-05 09:03:50,44.459785,38.409275,119.33,observed
2026-10-05 09:03:51,44.45974,38.409539,119.08,observed
2026-10-05 09:03:52,44.459719,38.409667,118.96,interp_short
2026-10-05 09:03:53,44.459695,38.409803,118.87,observed
2026-10-05 09:03:54,44.45965,38.410063,118.7,interp_short
2026-10-05 09:03:55,44.459603,38.410331,118.54,observed
2026-10-05 09:03:56,44.459581,38.410459,118.47,interp_short
2026-10-05 09:03:57,44.459556,38.410595,118.43,observed
2026-10-05 09:03:58,44.45951,38.410859,118.36,observed
2026-10-05 09:03:59,44.459463,38.411123,118.31,observed
2026-10-05 09:04:00,44.45944,38.411254,118.29,interp_short
2026-10-05 09:04:01,44.459415,38.411387,118.3,observed
2026-10-05 09:04:02,44.459368,38.41165,118.33,observed
2026-10-05 09:04:03,44.45932,38.411913,118.38,observed
2026-10-05 09:04:04,44.459271,38.412176,118.47,observed
2026-10-05 09:04:05,44.459247,38.412311,118.52,interp_short
2026-10-05 09:04:06,44.459223,38.412439,118.58,observed
2026-10-05 09:04:07,44.459173,38.412701,118.72,observed
2026-10-05 09:04:08,44.459124,38.412962,118.89,observed
2026-10-05 09:04:09,44.459074,38.413224,119.08,observed
2026-10-05 09:04:10,44.459049,38.413358,119.18,interp_short
2026-10-05 09:04:11,44.459024,38.413484,119.29,observed
2026-10-05 09:04:12,44.458973,38.413744,119.52,observed
2026-10-05 09:04:13,44.458947,38.413876,119.67,interp_short
2026-10-05 09:04:14,44.458921,38.414004,119.76,observed
2026-10-05 09:04:15,44.458896,38.414134,119.85,interp_short
2026-10-05 09:04:16,44.45887,38.414263,120.02,observed
2026-10-05 09:04:17,44.458818,38.41452,120.29,interp_short
2026-10-05 09:04:18,44.458765,38.414778,120.56,observed
2026-10-05 09:04:19,44.45874,38.414905,120.74,interp_short
2026-10-05 09:04:20,44.458712,38.415035,120.85,observed
2026-10-05 09:04:21,44.458686,38.41516,120.96,interp_short
2026-10-05 09:04:22,44.458658,38.415291,121.13,observed
2026-10-05 09:04:23,44.458605,38.415545,121.41,observed
2026-10-05 09:04:24,44.45855,38.415799,121.69,observed
2026-10-05 09:04:25,44.458524,38.415923,121.83,interp_short
2026-10-05 09:04:26,44.458495,38.416052,121.97,observed
2026-10-05 09:04:27,44.45844,38.416304,122.23,observed
2026-10-05 09:04:28,44.458384,38.416554,122.48,observed
2026-10-05 09:04:29,44.458328,38.416804,122.72,observed
2026-10-05 09:04:30,44.458271,38.417052,122.94,observed
2026-10-05 09:04:31,44.458214,38.417299,123.14,observed
2026-10-05 09:04:32,44.458185,38.417426,123.23,interp_short
2026-10-05 09:04:33,44.458157,38.417545,123.31,observed
2026-10-05 09:04:34,44.458099,38.41779,123.46,observed
2026-10-05 09:04:35,44.458041,38.418034,123.58,observed
2026-10-05 09:04:36,44.458,38.418206,123.65,interp_short
2026-10-05 09:04:37,44.457962,38.418361,123.69,interp_short
2026-10-05 09:04:38,44.457923,38.418517,123.72,observed
2026-10-05 09:04:39,44.457864,38.418756,123.74,observed
2026-10-05 09:04:40,44.457834,38.418879,123.73,interp_short
2026-10-05 09:04:41,44.457804,38.418994,123.72,observed
2026-10-05 09:04:42,44.457774,38.419116,123.71,interp_short
2026-10-05 09:04:43,44.457745,38.419231,123.67,observed
2026-10-05 09:04:44,44.457684,38.419467,123.57,observed
2026-10-05 09:04:45,44.457654,38.419585,123.51,interp_short
2026-10-05 09:04:46,44.457624,38.419701,123.44,observed
2026-10-05 09:04:47,44.457563,38.419934,123.26,observed
2026-10-05 09:04:48,44.457502,38.420166,123.03,observed
2026-10-05 09:04:49,44.457473,38.420279,122.91,interp_short
2026-10-05 09:04:50,44.457441,38.420396,122.77,observed
2026-10-05 09:04:51,44.45738,38.420625,122.46,observed
2026-10-05 09:04:52,44.457319,38.420853,122.1,observed
2026-10-05 09:04:53,44.45729,38.420963,121.91,interp_short
2026-10-05 09:04:54,44.457258,38.42108,121.7,observed
2026-10-05 09:04:55,44.457196,38.421305,121.26,observed
2026-10-05 09:04:56,44.457135,38.421529,120.77,observed
2026-10-05 09:04:57,44.457105,38.421639,120.52,interp_short
2026-10-05 09:04:58,44.457074,38.421753,120.24,observed
2026-10-05 09:04:59,44.457012,38.421975,119.67,observed
2026-10-05 09:05:00,44.456951,38.422196,119.05,observed
2026-10-05 09:05:01,44.45689,38.422417,118.4,observed
2026-10-05 09:05:02,44.456829,38.422637,117.71,observed
2026-10-05 09:05:03,44.456769,38.422854,116.94,interp_short
2026-10-05 09:05:04,44.456708,38.423074,116.22,observed
2026-10-05 09:05:05,44.456667,38.423222,115.68,interp_short
2026-10-05 09:05:06,44.45663,38.423357,115.19,interp_short
2026-10-05 09:05:07,44.456589,38.423509,114.59,observed
2026-10-05 09:05:08,44.456529,38.423726,113.74,observed
2026-10-05 09:05:09,44.45647,38.423941,112.75,interp_short
2026-10-05 09:05:10,44.456412,38.424158,111.95,observed
2026-10-05 09:05:11,44.456382,38.424265,111.52,interp_short
2026-10-05 09:05:12,44.456354,38.424374,111.02,observed
2026-10-05 09:05:13,44.456297,38.424591,110.08,observed
2026-10-05 09:05:14,44.45624,38.424807,109.11,observed
2026-10-05 09:05:15,44.456184,38.42502,108.14,interp_short
2026-10-05 09:05:16,44.456127,38.425243,107.15,interp_short
2026-10-05 09:05:17,44.456075,38.425457,106.16,observed
2026-10-05 09:05:18,44.456021,38.425675,105.17,observed
2026-10-05 09:05:19,44.455968,38.425893,104.17,observed
2026-10-05 09:05:20,44.455916,38.426112,103.17,observed
2026-10-05 09:05:21,44.455889,38.426222,102.64,interp_short
2026-10-05 09:05:22,44.455865,38.426332,102.18,observed
2026-10-05 09:05:23,44.455813,38.426554,101.29,interp_short
2026-10-05 09:05:24,44.455766,38.426775,100.2,observed
2026-10-05 09:05:25,44.455717,38.426999,99.23,observed
2026-10-05 09:05:26,44.455668,38.427225,98.29,interp_short
2026-10-05 09:05:27,44.455624,38.427449,97.33,observed
2026-10-05 09:05:28,44.455579,38.427677,96.41,observed
2026-10-05 09:05:29,44.455546,38.427836,95.78,interp_short
2026-10-05 09:05:30,44.45552,38.427978,95.27,interp_short
2026-10-05 09:05:31,44.455493,38.428137,94.61,observed
2026-10-05 09:05:32,44.455452,38.42837,93.75,observed
2026-10-05 09:05:33,44.45543,38.428485,93.31,interp_short
2026-10-05 09:05:34,44.455411,38.428604,92.9,observed
2026-10-05 09:05:35,44.455373,38.428841,92.09,observed
2026-10-05 09:05:36,44.455335,38.42908,91.29,observed
2026-10-05 09:05:37,44.455298,38.429321,90.53,observed
2026-10-05 09:05:38,44.455279,38.429438,90.15,interp_short
2026-10-05 09:05:39,44.455263,38.429564,89.78,observed
2026-10-05 09:05:40,44.45523,38.42981,89.07,observed
2026-10-05 09:05:41,44.455197,38.430058,88.38,observed
2026-10-05 09:05:42,44.455166,38.430309,87.72,observed
2026-10-05 09:05:43,44.455136,38.430562,87.09,observed
2026-10-05 09:05:44,44.455107,38.430817,86.48,observed
2026-10-05 09:05:45,44.455092,38.430945,86.18,interp_short
2026-10-05 09:05:46,44.45508,38.431075,85.9,observed
2026-10-05 09:05:47,44.455054,38.431336,85.34,observed
2026-10-05 09:05:48,44.455029,38.431599,84.81,observed
2026-10-05 09:05:49,44.455006,38.431865,84.3,observed
2026-10-05 09:05:50,44.454982,38.432136,83.76,interp_short
2026-10-05 09:05:51,44.454962,38.432405,83.34,observed
2026-10-05 09:05:52,44.45495,38.432543,83.13,interp_short
2026-10-05 09:05:53,44.454942,38.432679,82.89,observed
2026-10-05 09:05:54,44.454924,38.432956,82.46,observed
2026-10-05 09:05:55,44.454913,38.433097,82.24,interp_short
2026-10-05 09:05:56,44.454906,38.433235,82.04,observed
2026-10-05 09:05:57,44.45489,38.433517,81.64,observed
2026-10-05 09:05:58,44.454881,38.43366,81.42,interp_short
2026-10-05 09:05:59,44.454874,38.433801,81.24,observed
2026-10-05 09:06:00,44.45486,38.434088,80.86,observed
2026-10-05 09:06:01,44.454846,38.434377,80.49,observed
2026-10-05 09:06:02,44.454839,38.434524,80.31,interp_short
2026-10-05 09:06:03,44.454834,38.434668,80.12,observed
2026-10-05 09:06:04,44.454822,38.434962,79.75,observed
2026-10-05 09:06:05,44.454811,38.435258,79.39,observed
2026-10-05 09:06:06,44.454805,38.435408,79.21,interp_short
2026-10-05 09:06:07,44.454801,38.435556,79.02,observed
2026-10-05 09:06:08,44.454791,38.435856,78.65,observed
2026-10-05 09:06:09,44.454786,38.436009,78.41,interp_short
2026-10-05 09:06:10,44.454782,38.436158,78.28,observed
2026-10-05 09:06:11,44.454777,38.436312,78.15,interp_short
2026-10-05 09:06:12,44.454774,38.436462,77.91,observed
2026-10-05 09:06:13,44.454766,38.436768,77.52,observed
2026-10-05 09:06:14,44.454758,38.437075,77.13,observed
2026-10-05 09:06:15,44.454754,38.43723,76.9,interp_short
2026-10-05 09:06:16,44.454751,38.437383,76.72,observed
2026-10-05 09:06:17,44.454746,38.43759,76.47,interp_short
2026-10-05 09:06:18,44.454742,38.437798,76.17,interp_short
2026-10-05 09:06:19,44.454737,38.438004,75.87,observed
2026-10-05 09:06:20,44.454734,38.438159,75.62,interp_short
2026-10-05 09:06:21,44.454731,38.438316,75.43,observed
2026-10-05 09:06:22,44.454728,38.438472,75.26,interp_short
2026-10-05 09:06:23,44.454724,38.438629,74.96,observed
2026-10-05 09:06:24,44.454717,38.438942,74.48,observed
2026-10-05 09:06:25,44.454714,38.439097,74.17,interp_short
2026-10-05 09:06:26,44.45471,38.439256,73.99,observed
2026-10-05 09:06:27,44.454707,38.439412,73.8,interp_short
2026-10-05 09:06:28,44.454703,38.439571,73.47,observed
2026-10-05 09:06:29,44.454695,38.439885,72.94,observed
2026-10-05 09:06:30,44.454688,38.4402,72.38,observed
2026-10-05 09:06:31,44.454684,38.440357,72.06,interp_short
2026-10-05 09:06:32,44.454679,38.440515,71.81,observed
2026-10-05 09:06:33,44.454674,38.440722,71.44,interp_short
2026-10-05 09:06:34,44.454668,38.440935,71.0,interp_short
2026-10-05 09:06:35,44.45466,38.441143,70.62,observed
2026-10-05 09:06:36,44.454656,38.4413,70.36,interp_short
2026-10-05 09:06:37,44.45465,38.441457,69.99,observed
2026-10-05 09:06:38,44.454638,38.441769,69.35,observed
2026-10-05 09:06:39,44.454626,38.442081,68.7,observed
2026-10-05 09:06:40,44.454621,38.442238,68.32,interp_short
2026-10-05 09:06:41,44.454613,38.442392,68.03,observed
2026-10-05 09:06:42,44.454604,38.442599,67.61,interp_short
2026-10-05 09:06:43,44.454594,38.442806,67.11,interp_short
2026-10-05 09:06:44,44.454582,38.443009,66.65,observed
2026-10-05 09:06:45,44.454576,38.443163,66.3,interp_short
2026-10-05 09:06:46,44.454566,38.443316,65.95,observed
2026-10-05 09:06:47,44.454555,38.44352,65.47,interp_short
2026-10-05 09:06:48,44.454542,38.443722,64.95,interp_short
2026-10-05 09:06:49,44.454527,38.443924,64.52,observed
2026-10-05 09:06:50,44.454518,38.444074,64.23,interp_short
2026-10-05 09:06:51,44.454506,38.444224,63.79,observed
2026-10-05 09:06:52,44.454483,38.444523,63.07,observed
2026-10-05 09:06:53,44.454473,38.444672,62.72,interp_short
2026-10-05 09:06:54,44.454459,38.44482,62.35,observed
2026-10-05 09:06:55,44.454433,38.445114,61.63,observed
2026-10-05 09:06:56,44.454421,38.44526,61.27,interp_short
2026-10-05 09:06:57,44.454405,38.445405,60.92,observed
2026-10-05 09:06:58,44.454375,38.445694,60.21,observed
2026-10-05 09:06:59,44.454361,38.445838,59.84,interp_short
2026-10-05 09:07:00,44.454343,38.44598,59.52,observed
2026-10-05 09:07:01,44.45431,38.446263,58.84,observed
2026-10-05 09:07:02,44.454274,38.446544,58.17,observed
2026-10-05 09:07:03,44.454236,38.446821,57.53,observed
2026-10-05 09:07:04,44.454219,38.44696,57.13,interp_short
2026-10-05 09:07:05,44.454197,38.447095,56.9,observed
2026-10-05 09:07:06,44.454179,38.447233,56.69,interp_short
2026-10-05 09:07:07,44.454155,38.447366,56.3,observed
2026-10-05 09:07:08,44.454111,38.447634,55.72,observed
2026-10-05 09:07:09,44.454091,38.447769,55.42,interp_short
2026-10-05 09:07:10,44.454065,38.447898,55.18,observed
2026-10-05 09:07:11,44.454019,38.44816,54.68,interp_short
2026-10-05 09:07:12,44.453966,38.448417,54.18,observed
2026-10-05 09:07:13,44.453943,38.448546,53.95,interp_short
2026-10-05 09:07:14,44.453914,38.448671,53.73,observed
2026-10-05 09:07:15,44.453859,38.448922,53.32,observed
2026-10-05 09:07:16,44.453834,38.449047,53.11,interp_short
2026-10-05 09:07:17,44.453802,38.449169,52.95,observed
2026-10-05 09:07:18,44.453743,38.449413,52.63,observed
2026-10-05 09:07:19,44.453682,38.449654,52.34,observed
2026-10-05 09:07:20,44.453643,38.449814,52.15,interp_short
2026-10-05 09:07:21,44.453602,38.449967,52.03,interp_short
2026-10-05 09:07:22,44.453553,38.450125,51.9,observed
2026-10-05 09:07:23,44.453486,38.450355,51.75,observed
2026-10-05 09:07:24,44.453443,38.450511,51.65,interp_short
2026-10-05 09:07:25,44.453398,38.450656,51.61,interp_short
2026-10-05 09:07:26,44.453345,38.450807,51.59,observed
2026-10-05 09:07:27,44.453272,38.451027,51.58,observed
2026-10-05 09:07:28,44.453225,38.451177,51.59,interp_short
2026-10-05 09:07:29,44.453175,38.451315,51.63,interp_short
2026-10-05 09:07:30,44.453119,38.45146,51.71,observed
2026-10-05 09:07:31,44.45304,38.451672,51.84,observed
2026-10-05 09:07:32,44.45296,38.451881,52.02,observed
2026-10-05 09:07:33,44.452877,38.452087,52.25,observed
2026-10-05 09:07:34,44.452794,38.452291,52.52,observed
2026-10-05 09:07:35,44.452709,38.452492,52.84,observed
2026-10-05 09:07:36,44.452668,38.452595,53.01,interp_short
2026-10-05 09:07:37,44.452622,38.452691,53.2,observed
2026-10-05 09:07:38,44.452535,38.45289,53.62,interp_short
2026-10-05 09:07:39,44.452445,38.453083,54.04,observed
2026-10-05 09:07:40,44.452402,38.453182,54.26,interp_short
2026-10-05 09:07:41,44.452355,38.453275,54.52,observed
2026-10-05 09:07:42,44.452264,38.453466,55.04,observed
2026-10-05 09:07:43,44.452172,38.453656,55.59,observed
2026-10-05 09:07:44,44.45208,38.453844,56.2,interp_short
2026-10-05 09:07:45,44.451986,38.45403,56.77,observed
2026-10-05 09:07:46,44.451923,38.454159,57.2,interp_short
2026-10-05 09:07:47,44.451864,38.454274,57.58,interp_short
2026-10-05 09:07:48,44.451798,38.4544,58.06,observed
2026-10-05 09:07:49,44.451703,38.454583,58.73,observed
2026-10-05 09:07:50,44.451608,38.454766,59.43,observed
2026-10-05 09:07:51,44.451561,38.454857,59.78,interp_short
2026-10-05 09:07:52,44.451513,38.454949,60.13,observed
2026-10-05 09:07:53,44.451418,38.455131,60.85,observed
2026-10-05 09:07:54,44.451324,38.455313,61.57,observed
2026-10-05 09:07:55,44.451229,38.455495,62.3,observed
2026-10-05 09:07:56,44.451135,38.455677,63.04,observed
2026-10-05 09:07:57,44.451042,38.455859,63.77,observed
2026-10-05 09:07:58,44.450949,38.456042,64.49,observed
2026-10-05 09:07:59,44.450902,38.456133,64.85,interp_short
2026-10-05 09:08:00,44.450857,38.456226,65.21,observed
2026-10-05 09:08:01,44.450766,38.456411,65.92,observed
2026-10-05 09:08:02,44.450676,38.456596,66.62,observed
2026-10-05 09:08:03,44.450587,38.456783,67.3,observed
2026-10-05 09:08:04,44.450524,38.456911,67.78,interp_short
2026-10-05 09:08:05,44.450469,38.457029,68.16,interp_short
2026-10-05 09:08:06,44.450412,38.45716,68.61,observed
2026-10-05 09:08:07,44.450327,38.457351,69.23,observed
2026-10-05 09:08:08,44.450243,38.457544,69.82,observed
2026-10-05 09:08:09,44.450161,38.457738,70.39,observed
2026-10-05 09:08:10,44.450119,38.457833,70.67,interp_short
2026-10-05 09:08:11,44.450081,38.457935,70.93,observed
2026-10-05 09:08:12,44.450002,38.458133,71.44,observed
2026-10-05 09:08:13,44.449926,38.458334,71.92,observed
2026-10-05 09:08:14,44.449851,38.458537,72.37,observed
2026-10-05 09:08:15,44.449778,38.458742,72.78,observed
2026-10-05 09:08:16,44.449726,38.458881,73.06,interp_short
2026-10-05 09:08:17,44.449682,38.459012,73.26,interp_short
2026-10-05 09:08:18,44.449639,38.459161,73.5,observed
2026-10-05 09:08:19,44.449573,38.459374,73.81,observed
2026-10-05 09:08:20,44.449522,38.459533,74.04,interp_short
2026-10-05 09:08:21,44.449478,38.459699,74.2,observed
2026-10-05 09:08:22,44.449429,38.459861,74.36,interp_short
2026-10-05 09:08:23,44.449387,38.46003,74.53,observed
2026-10-05 09:08:24,44.449327,38.460252,74.69,interp_short
2026-10-05 09:08:25,44.449275,38.460481,74.83,observed
2026-10-05 09:08:26,44.449223,38.460712,74.93,observed
2026-10-05 09:08:27,44.449173,38.460945,75.0,observed
2026-10-05 09:08:28,44.449145,38.46106,75.03,interp_short
2026-10-05 09:08:29,44.449125,38.461181,75.04,observed
2026-10-05 09:08:30,44.44908,38.46142,75.05,observed
2026-10-05 09:08:31,44.449043,38.461602,75.05,interp_short
2026-10-05 09:08:32,44.449012,38.461784,75.03,interp_short
2026-10-05 09:08:33,44.448984,38.461968,74.99,interp_short
2026-10-05 09:08:34,44.448959,38.462155,74.93,observed
2026-10-05 09:08:35,44.448923,38.462406,74.84,observed
2026-10-05 09:08:36,44.448889,38.46266,74.73,observed
2026-10-05 09:08:37,44.448858,38.462917,74.6,observed
2026-10-05 09:08:38,44.44884,38.463048,74.53,interp_short
2026-10-05 09:08:39,44.448829,38.463177,74.45,observed
2026-10-05 09:08:40,44.448802,38.463439,74.3,observed
2026-10-05 09:08:41,44.448777,38.463704,74.13,observed
2026-10-05 09:08:42,44.448763,38.463838,74.04,interp_short
2026-10-05 09:08:43,44.448754,38.463972,73.95,observed
2026-10-05 09:08:44,44.448733,38.464243,73.76,observed
2026-10-05 09:08:45,44.448714,38.464516,73.57,observed
2026-10-05 09:08:46,44.448703,38.464655,73.45,interp_short
2026-10-05 09:08:47,44.448697,38.464791,73.38,observed
2026-10-05 09:08:48,44.448687,38.464931,73.31,interp_short
2026-10-05 09:08:49,44.448681,38.465069,73.19,observed
2026-10-05 09:08:50,44.448667,38.465349,73.0,observed
2026-10-05 09:08:51,44.448659,38.46549,72.9,interp_short
2026-10-05 09:08:52,44.448655,38.465631,72.81,observed
2026-10-05 09:08:53,44.448644,38.465915,72.63,observed
2026-10-05 09:08:54,44.448634,38.466202,72.46,observed
2026-10-05 09:08:55,44.448626,38.46649,72.3,observed
2026-10-05 09:08:56,44.448621,38.466636,72.2,interp_short
2026-10-05 09:08:57,44.448619,38.46678,72.14,observed
2026-10-05 09:08:58,44.448614,38.466927,72.09,interp_short
2026-10-05 09:08:59,44.448612,38.467072,72.01,observed
2026-10-05 09:09:00,44.448607,38.467365,71.88,observed
2026-10-05 09:09:01,44.448604,38.467512,71.8,interp_short
2026-10-05 09:09:02,44.448602,38.467659,71.77,observed
2026-10-05 09:09:03,44.448599,38.467807,71.73,interp_short
2026-10-05 09:09:04,44.448598,38.467955,71.68,observed
2026-10-05 09:09:05,44.448595,38.468252,71.61,observed
2026-10-05 09:09:06,44.448593,38.468451,71.56,interp_short
2026-10-05 09:09:07,44.448591,38.468651,71.53,interp_short
2026-10-05 09:09:08,44.44859,38.46885,71.51,observed
2026-10-05 09:09:09,44.448588,38.469,71.5,interp_short
2026-10-05 09:09:10,44.448587,38.46915,71.49,observed
2026-10-05 09:09:11,44.448585,38.469451,71.49,observed
2026-10-05 09:09:12,44.448584,38.469601,71.5,interp_short
2026-10-05 09:09:13,44.448583,38.469752,71.51,observed
2026-10-05 09:09:14,44.448582,38.469902,71.52,interp_short
2026-10-05 09:09:15,44.448581,38.470054,71.55,observed
2026-10-05 09:09:16,44.448578,38.470356,71.61,observed
2026-10-05 09:09:17,44.448577,38.470508,71.64,interp_short
2026-10-05 09:09:18,44.448575,38.470659,71.69,observed
2026-10-05 09:09:19,44.448572,38.470961,71.78,observed
2026-10-05 09:09:20,44.44857,38.471114,71.83,interp_short
2026-10-05 09:09:21,44.448568,38.471264,71.89,observed
2026-10-05 09:09:22,44.448564,38.471566,72.01,observed
2026-10-05 09:09:23,44.448562,38.47172,72.08,interp_short
2026-10-05 09:09:24,44.448558,38.471869,72.15,observed
2026-10-05 09:09:25,44.448552,38.472171,72.3,observed
2026-10-05 09:09:26,44.448549,38.472324,72.4,interp_short
2026-10-05 09:09:27,44.448545,38.472472,72.46,observed
2026-10-05 09:09:28,44.448542,38.472625,72.52,interp_short
2026-10-05 09:09:29,44.448537,38.472774,72.63,observed
2026-10-05 09:09:30,44.448528,38.473074,72.81,observed
2026-10-05 09:09:31,44.448524,38.473225,72.92,interp_short
2026-10-05 09:09:32,44.448518,38.473374,72.99,observed
2026-10-05 09:09:33,44.448513,38.473524,73.08,interp_short
2026-10-05 09:09:34,44.448506,38.473673,73.18,observed
2026-10-05 09:09:35,44.448501,38.473821,73.25,interp_short
2026-10-05 09:09:36,44.448493,38.473971,73.37,observed
2026-10-05 09:09:37,44.448479,38.474268,73.56,observed
2026-10-05 09:09:38,44.448473,38.474413,73.67,interp_short
2026-10-05 09:09:39,44.448463,38.474564,73.74,observed
2026-10-05 09:09:40,44.448456,38.474707,73.82,interp_short
2026-10-05 09:09:41,44.448446,38.474859,73.92,observed
2026-10-05 09:09:42,44.448439,38.475001,74.01,interp_short
2026-10-05 09:09:43,44.448427,38.475153,74.1,observed
2026-10-05 09:09:44,44.448416,38.47534,74.19,interp_short
2026-10-05 09:09:45,44.448402,38.475535,74.3,interp_short
2026-10-05 09:09:46,44.448385,38.475737,74.42,observed
2026-10-05 09:09:47,44.448361,38.476027,74.56,observed
2026-10-05 09:09:48,44.448335,38.476315,74.68,observed
2026-10-05 09:09:49,44.448324,38.476454,74.74,interp_short
2026-10-05 09:09:50,44.448308,38.476602,74.79,observed
2026-10-05 09:09:51,44.448279,38.476888,74.87,observed
2026-10-05 09:09:52,44.448248,38.477171,74.94,observed
2026-10-05 09:09:53,44.448234,38.477312,74.97,interp_short
2026-10-05 09:09:54,44.448216,38.477454,74.98,observed
2026-10-05 09:09:55,44.448181,38.477734,75.0,observed
2026-10-05 09:09:56,44.448145,38.478013,74.99,observed
2026-10-05 09:09:57,44.448108,38.478291,74.95,observed
2026-10-05 09:09:58,44.44809,38.478431,74.93,interp_short
2026-10-05 09:09:59,44.448068,38.478566,74.88,observed
2026-10-05 09:10:00,44.448027,38.47884,74.78,observed
2026-10-05 09:10:01,44.448007,38.478979,74.73,interp_short
2026-10-05 09:10:02,44.447984,38.479112,74.66,observed
2026-10-05 09:10:03,44.447939,38.479383,74.5,observed
2026-10-05 09:10:04,44.447893,38.479652,74.3,observed
2026-10-05 09:10:05,44.447871,38.479787,74.21,interp_short
2026-10-05 09:10:06,44.447845,38.479919,74.08,observed
2026-10-05 09:10:07,44.447795,38.480184,73.82,observed
2026-10-05 09:10:08,44.447772,38.480317,73.68,interp_short
2026-10-05 09:10:09,44.447745,38.480448,73.53,observed
2026-10-05 09:10:10,44.447692,38.48071,73.21,observed
2026-10-05 09:10:11,44.447638,38.48097,72.86,observed
2026-10-05 09:10:12,44.447612,38.4811,72.68,interp_short
2026-10-05 09:10:13,44.447583,38.481229,72.48,observed
2026-10-05 09:10:14,44.447527,38.481486,72.06,observed
2026-10-05 09:10:15,44.447469,38.481742,71.62,observed
2026-10-05 09:10:16,44.44741,38.481996,71.15,observed
2026-10-05 09:10:17,44.447381,38.482123,70.9,interp_short
2026-10-05 09:10:18,44.44735,38.482248,70.65,observed
2026-10-05 09:10:19,44.447289,38.4825,70.13,observed
2026-10-05 09:10:20,44.447227,38.482749,69.59,observed
2026-10-05 09:10:21,44.447197,38.482876,69.32,interp_short
2026-10-05 09:10:22,44.447165,38.482998,69.03,observed
2026-10-05 09:10:23,44.447101,38.483245,68.45,observed
2026-10-05 09:10:24,44.447037,38.48349,67.85,observed
2026-10-05 09:10:25,44.447005,38.483616,67.55,interp_short
2026-10-05 09:10:26,44.446972,38.483735,67.24,observed
2026-10-05 09:10:27,44.446906,38.483978,66.62,observed
2026-10-05 09:10:28,44.44684,38.484221,65.98,observed
2026-10-05 09:10:29,44.446807,38.484344,65.66,interp_short
2026-10-05 09:10:30,44.446773,38.484462,65.35,observed
2026-10-05 09:10:31,44.446706,38.484702,64.71,observed
2026-10-05 09:10:32,44.446639,38.484942,64.01,interp_short
2026-10-05 09:10:33,44.446572,38.485179,63.43,observed
2026-10-05 09:10:34,44.446538,38.485299,63.05,interp_short
2026-10-05 09:10:35,44.446504,38.485417,62.8,observed
2026-10-05 09:10:36,44.446471,38.485536,62.58,interp_short
2026-10-05 09:10:37,44.446437,38.485654,62.18,observed
2026-10-05 09:10:38,44.446369,38.485889,61.57,observed
2026-10-05 09:10:39,44.446335,38.486008,61.26,interp_short
2026-10-05 09:10:40,44.446301,38.486125,60.98,observed
2026-10-05 09:10:41,44.446234,38.486359,60.4,observed
2026-10-05 09:10:42,44.446167,38.486594,59.84,observed
2026-10-05 09:10:43,44.446122,38.486751,59.46,interp_short
2026-10-05 09:10:44,44.446078,38.486903,59.16,interp_short
2026-10-05 09:10:45,44.446033,38.48706,58.8,observed
2026-10-05 09:10:46,44.445967,38.487293,58.31,observed
2026-10-05 09:10:47,44.445901,38.487526,57.86,observed
2026-10-05 09:10:48,44.445835,38.487758,57.44,observed
2026-10-05 09:10:49,44.445802,38.487873,57.19,interp_short
2026-10-05 09:10:50,44.44577,38.48799,57.06,observed
2026-10-05 09:10:51,44.445738,38.488105,56.93,interp_short
2026-10-05 09:10:52,44.445706,38.488222,56.71,observed
2026-10-05 09:10:53,44.445642,38.488453,56.4,observed
2026-10-05 09:10:54,44.44561,38.488568,56.25,interp_short
2026-10-05 09:10:55,44.445579,38.488685,56.13,observed
2026-10-05 09:10:56,44.445517,38.488916,55.9,observed
2026-10-05 09:10:57,44.445455,38.489148,55.71,observed
2026-10-05 09:10:58,44.445394,38.48938,55.57,observed
2026-10-05 09:10:59,44.445334,38.489612,55.47,observed
2026-10-05 09:11:00,44.445293,38.489765,55.41,interp_short
2026-10-05 09:11:01,44.445255,38.489914,55.39,interp_short
2026-10-05 09:11:02,44.445215,38.490076,55.4,observed
2026-10-05 09:11:03,44.445157,38.490308,55.44,observed
2026-10-05 09:11:04,44.445128,38.490421,55.47,interp_short
2026-10-05 09:11:05,44.4451,38.49054,55.52,observed
2026-10-05 09:11:06,44.445044,38.490773,55.64,observed
2026-10-05 09:11:07,44.444988,38.491006,55.81,observed
2026-10-05 09:11:08,44.444961,38.49112,55.9,interp_short
2026-10-05 09:11:09,44.444934,38.49124,56.02,observed
2026-10-05 09:11:10,44.44488,38.491474,56.27,observed
2026-10-05 09:11:11,44.444827,38.491708,56.56,observed
2026-10-05 09:11:12,44.444775,38.491943,56.89,observed
2026-10-05 09:11:13,44.444723,38.492178,57.26,observed
2026-10-05 09:11:14,44.444673,38.492414,57.66,observed
2026-10-05 09:11:15,44.444623,38.49265,58.1,observed
2026-10-05 09:11:16,44.444597,38.492768,58.33,interp_short
2026-10-05 09:11:17,44.444574,38.492886,58.57,observed
2026-10-05 09:11:18,44.444525,38.493123,59.07,observed
2026-10-05 09:11:19,44.444478,38.493361,59.6,observed
2026-10-05 09:11:20,44.444431,38.493599,60.15,observed
2026-10-05 09:11:21,44.444385,38.493838,60.72,observed
2026-10-05 09:11:22,44.444361,38.493958,61.02,interp_short
2026-10-05 09:11:23,44.444339,38.494077,61.32,observed
2026-10-05 09:11:24,44.444294,38.494317,61.93,observed
2026-10-05 09:11:25,44.44425,38.494557,62.55,observed
2026-10-05 09:11:26,44.444227,38.494677,62.86,interp_short
2026-10-05 09:11:27,44.444206,38.494798,63.19,observed
2026-10-05 09:11:28,44.444163,38.495039,63.83,observed
2026-10-05 09:11:29,44.44412,38.495281,64.48,observed
2026-10-05 09:11:30,44.444078,38.495523,65.13,observed
2026-10-05 09:11:31,44.444035,38.495769,65.77,interp_short
2026-10-05 09:11:32,44.443995,38.49601,66.43,observed
2026-10-05 09:11:33,44.443954,38.496254,67.07,observed
2026-10-05 09:11:34,44.443933,38.496379,67.4,interp_short
2026-10-05 09:11:35,44.443914,38.496498,67.71,observed
2026-10-05 09:11:36,44.443874,38.496743,68.33,observed
2026-10-05 09:11:37,44.443834,38.496988,68.94,observed
2026-10-05 09:11:38,44.443813,38.497116,69.25,interp_short
2026-10-05 09:11:39,44.443795,38.497234,69.54,observed
2026-10-05 09:11:40,44.443754,38.497485,70.11,interp_short
2026-10-05 09:11:41,44.443716,38.497727,70.67,observed
2026-10-05 09:11:42,44.443695,38.497855,70.94,interp_short
2026-10-05 09:11:43,44.443677,38.497974,71.21,observed
2026-10-05 09:11:44,44.443639,38.498222,71.73,observed
2026-10-05 09:11:45,44.443619,38.498349,72.05,interp_short
2026-10-05 09:11:46,44.4436,38.49847,72.21,observed
2026-10-05 09:11:47,44.44358,38.498596,72.39,interp_short
2026-10-05 09:11:48,44.443562,38.498718,72.68,observed
2026-10-05 09:11:49,44.443524,38.498967,73.11,observed
2026-10-05 09:11:50,44.443486,38.499216,73.52,observed
2026-10-05 09:11:51,44.443448,38.499465,73.9,observed
2026-10-05 09:11:52,44.443429,38.49959,74.13,interp_short
2026-10-05 09:11:53,44.44341,38.499715,74.25,observed
2026-10-05 09:11:54,44.443391,38.49984,74.37,interp_short
2026-10-05 09:11:55,44.443372,38.499965,74.57,observed
2026-10-05 09:11:56,44.443334,38.500215,74.86,observed
2026-10-05 09:11:57,44.443315,38.500339,75.0,interp_short
2026-10-05 09:11:58,44.443296,38.500465,75.12,observed
2026-10-05 09:11:59,44.443258,38.500716,75.35,observed
2026-10-05 09:12:00,44.443239,38.50084,75.46,interp_short
2026-10-05 09:12:01,44.44322,38.500967,75.55,observed
2026-10-05 09:12:02,44.443182,38.501218,75.73,observed
2026-10-05 09:12:03,44.443163,38.501342,75.81,interp_short
2026-10-05 09:12:04,44.443144,38.501469,75.87,observed
2026-10-05 09:12:05,44.443106,38.501721,75.99,observed
2026-10-05 09:12:06,44.443068,38.501973,76.08,observed
2026-10-05 09:12:07,44.443043,38.502138,76.13,interp_short
2026-10-05 09:12:08,44.443017,38.502303,76.17,interp_short
2026-10-05 09:12:09,44.442991,38.502476,76.19,observed
2026-10-05 09:12:10,44.442972,38.502599,76.21,interp_short
2026-10-05 09:12:11,44.442953,38.502728,76.22,observed
2026-10-05 09:12:12,44.442915,38.502981,76.22,observed
2026-10-05 09:12:13,44.442896,38.503105,76.22,interp_short
2026-10-05 09:12:14,44.442876,38.503233,76.21,observed
2026-10-05 09:12:15,44.442838,38.503485,76.17,observed
2026-10-05 09:12:16,44.442799,38.503738,76.13,observed
2026-10-05 09:12:17,44.442761,38.50399,76.07,observed
2026-10-05 09:12:18,44.442742,38.504114,76.04,interp_short
2026-10-05 09:12:19,44.442722,38.504243,76.0,observed
2026-10-05 09:12:20,44.442683,38.504496,75.92,observed
2026-10-05 09:12:21,44.442657,38.504665,75.86,interp_short
2026-10-05 09:12:22,44.442632,38.504829,75.81,interp_short
2026-10-05 09:12:23,44.442606,38.505001,75.75,observed
2026-10-05 09:12:24,44.442567,38.505254,75.66,observed
2026-10-05 09:12:25,44.442528,38.505507,75.57,observed
2026-10-05 09:12:26,44.442508,38.505635,75.53,interp_short
2026-10-05 09:12:27,44.442489,38.50576,75.48,observed
2026-10-05 09:12:28,44.44245,38.506013,75.39,observed
2026-10-05 09:12:29,44.442411,38.506266,75.31,observed
2026-10-05 09:12:30,44.442371,38.506519,75.23,observed
2026-10-05 09:12:31,44.442332,38.506772,75.17,observed
2026-10-05 09:12:32,44.442312,38.506901,75.14,interp_short
2026-10-05 09:12:33,44.442293,38.507025,75.11,observed
2026-10-05 09:12:34,44.442254,38.507278,75.07,observed
2026-10-05 09:12:35,44.442227,38.507453,75.04,interp_short
2026-10-05 09:12:36,44.442202,38.507617,75.03,interp_short
2026-10-05 09:12:37,44.442176,38.507785,75.02,observed
2026-10-05 09:12:38,44.442156,38.507914,75.02,interp_short
2026-10-05 09:12:39,44.442136,38.508038,75.02,observed
2026-10-05 09:12:40,44.442097,38.508292,75.03,observed
2026-10-05 09:12:41,44.442077,38.508419,75.04,interp_short
2026-10-05 09:12:42,44.442058,38.508545,75.06,observed
2026-10-05 09:12:43,44.442019,38.508799,75.1,observed
2026-10-05 09:12:44,44.441999,38.508926,75.12,interp_short
2026-10-05 09:12:45,44.441979,38.509053,75.16,observed
2026-10-05 09:12:46,44.44194,38.509307,75.24,observed
2026-10-05 09:12:47,44.441901,38.509561,75.33,observed
2026-10-05 09:12:48,44.441861,38.509815,75.44,observed
2026-10-05 09:12:49,44.441842,38.509939,75.51,interp_short
2026-10-05 09:12:50,44.441822,38.510069,75.56,observed
2026-10-05 09:12:51,44.441803,38.510194,75.61,interp_short
2026-10-05 09:12:52,44.441782,38.510324,75.7,observed
2026-10-05 09:12:53,44.441743,38.510575,75.87,interp_short
2026-10-05 09:12:54,44.441703,38.510833,76.02,observed
2026-10-05 09:12:55,44.441684,38.510958,76.1,interp_short
2026-10-05 09:12:56,44.441663,38.511088,76.19,observed
2026-10-05 09:12:57,44.441624,38.511343,76.38,observed
2026-10-05 09:12:58,44.441595,38.51153,76.57,interp_short
2026-10-05 09:12:59,44.441565,38.51172,76.74,interp_short
2026-10-05 09:13:00,44.441535,38.511913,76.87,interp_short
2026-10-05 09:13:01,44.441504,38.51211,76.98,observed
2026-10-05 09:13:02,44.441485,38.512236,77.07,interp_short
2026-10-05 09:13:03,44.441464,38.512367,77.19,observed
2026-10-05 09:13:04,44.441423,38.512623,77.39,observed
2026-10-05 09:13:05,44.441383,38.51288,77.6,observed
2026-10-05 09:13:06,44.441342,38.513136,77.81,interp_short
2026-10-05 09:13:07,44.441301,38.513394,78.0,observed
2026-10-05 09:13:08,44.441274,38.513567,78.13,interp_short
2026-10-05 09:13:09,44.441247,38.513735,78.24,interp_short
2026-10-05 09:13:10,44.441219,38.51391,78.36,observed
2026-10-05 09:13:11,44.441177,38.514168,78.52,observed
2026-10-05 09:13:12,44.441135,38.514426,78.67,observed
2026-10-05 09:13:13,44.441114,38.514557,78.74,interp_short
2026-10-05 09:13:14,44.441093,38.514685,78.79,observed
2026-10-05 09:13:15,44.441051,38.514945,78.9,observed
2026-10-05 09:13:16,44.441008,38.515205,78.98,observed
2026-10-05 09:13:17,44.440987,38.515337,79.01,interp_short
2026-10-05 09:13:18,44.440965,38.515465,79.03,observed
2026-10-05 09:13:19,44.440921,38.515725,79.06,observed
2026-10-05 09:13:20,44.440899,38.515858,79.07,interp_short
2026-10-05 09:13:21,44.440877,38.515986,79.05,observed
2026-10-05 09:13:22,44.440833,38.516248,79.01,observed
2026-10-05 09:13:23,44.440788,38.516509,78.94,observed
2026-10-05 09:13:24,44.440743,38.516772,78.83,observed
2026-10-05 09:13:25,44.44072,38.516904,78.75,interp_short
2026-10-05 09:13:26,44.440697,38.517034,78.68,observed
2026-10-05 09:13:27,44.440666,38.517212,78.56,interp_short
2026-10-05 09:13:28,44.440636,38.517384,78.41,interp_short
2026-10-05 09:13:29,44.440604,38.517561,78.26,observed
2026-10-05 09:13:30,44.440573,38.517738,78.12,interp_short
2026-10-05 09:13:31,44.440542,38.517911,77.95,interp_short
2026-10-05 09:13:32,44.440509,38.518089,77.67,observed
2026-10-05 09:13:33,44.440461,38.518353,77.31,observed
2026-10-05 09:13:34,44.440437,38.518485,77.13,interp_short
2026-10-05 09:13:35,44.440412,38.518618,76.9,observed
2026-10-05 09:13:36,44.440362,38.518884,76.45,observed
2026-10-05 09:13:37,44.440338,38.519017,76.2,interp_short
2026-10-05 09:13:38,44.440312,38.51915,75.95,observed
2026-10-05 09:13:39,44.440262,38.519416,75.41,observed
2026-10-05 09:13:40,44.44021,38.519683,74.82,observed
2026-10-05 09:13:41,44.440185,38.519817,74.51,interp_short
2026-10-05 09:13:42,44.440158,38.51995,74.18,observed
2026-10-05 09:13:43,44.440106,38.520217,73.5,observed
2026-10-05 09:13:44,44.440053,38.520485,72.77,observed
2026-10-05 09:13:45,44.440026,38.520621,72.42,interp_short
2026-10-05 09:13:46,44.439999,38.520753,72.0,observed
2026-10-05 09:13:47,44.439944,38.521022,71.19,observed
2026-10-05 09:13:48,44.439917,38.521158,70.77,interp_short
2026-10-05 09:13:49,44.439889,38.52129,70.34,observed
2026-10-05 09:13:50,44.439834,38.521559,69.45,observed
2026-10-05 09:13:51,44.439804,38.521706,68.83,interp_short
2026-10-05 09:13:52,44.439778,38.521832,68.49,interp_short
2026-10-05 09:13:53,44.439752,38.521956,68.16,interp_short
2026-10-05 09:13:54,44.439721,38.522098,67.57,observed
2026-10-05 09:13:55,44.439663,38.522368,66.57,observed
2026-10-05 09:13:56,44.439605,38.522638,65.55,observed
2026-10-05 09:13:57,44.439576,38.522773,65.05,interp_short
2026-10-05 09:13:58,44.439546,38.522908,64.5,observed
2026-10-05 09:13:59,44.439487,38.523178,63.42,observed
2026-10-05 09:14:00,44.439458,38.523313,62.7,interp_short
2026-10-05 09:14:01,44.439427,38.523449,62.32,observed
2026-10-05 09:14:02,44.439398,38.523583,61.92,interp_short
2026-10-05 09:14:03,44.439367,38.523719,61.21,observed
2026-10-05 09:14:04,44.439306,38.52399,60.07,observed
2026-10-05 09:14:05,44.439245,38.524261,58.92,observed
2026-10-05 09:14:06,44.439215,38.524394,58.2,interp_short
2026-10-05 09:14:07,44.439183,38.524531,57.76,observed
2026-10-05 09:14:08,44.439153,38.524665,57.32,interp_short
2026-10-05 09:14:09,44.439121,38.524802,56.6,observed
2026-10-05 09:14:10,44.439058,38.525073,55.43,observed
2026-10-05 09:14:11,44.438995,38.525343,54.26,observed
2026-10-05 09:14:12,44.438964,38.525476,53.7,interp_short
2026-10-05 09:14:13,44.438932,38.525614,53.08,observed
2026-10-05 09:14:14,44.438868,38.525884,51.92,observed
2026-10-05 09:14:15,44.438837,38.526018,51.32,interp_short
2026-10-05 09:14:16,44.438804,38.526154,50.76,observed
2026-10-05 09:14:17,44.43874,38.526424,49.61,observed
2026-10-05 09:14:18,44.438676,38.526694,48.48,observed
2026-10-05 09:14:19,44.438611,38.526963,47.36,observed
2026-10-05 09:14:20,44.438579,38.527097,46.66,interp_short
2026-10-05 09:14:21,44.438546,38.527232,46.26,observed
2026-10-05 09:14:22,44.438514,38.527365,45.87,interp_short
2026-10-05 09:14:23,44.438482,38.527501,45.19,observed
2026-10-05 09:14:24,44.438417,38.527769,44.13,observed
2026-10-05 09:14:25,44.438352,38.528037,43.11,observed
2026-10-05 09:14:26,44.438287,38.528305,42.11,observed
2026-10-05 09:14:27,44.438255,38.528436,41.49,interp_short
2026-10-05 09:14:28,44.438223,38.528571,41.14,observed
2026-10-05 09:14:29,44.438191,38.528703,40.79,interp_short
2026-10-05 09:14:30,44.438158,38.528838,40.2,observed
2026-10-05 09:14:31,44.438094,38.529104,39.3,observed
2026-10-05 09:14:32,44.43803,38.529369,38.43,observed
2026-10-05 09:14:33,44.437966,38.529633,37.6,observed
2026-10-05 09:14:34,44.437902,38.529897,36.8,observed
2026-10-05 09:14:35,44.43787,38.530031,36.41,interp_short
2026-10-05 09:14:36,44.437839,38.53016,36.04,observed
2026-10-05 09:14:37,44.437776,38.530422,35.32,observed
2026-10-05 09:14:38,44.437714,38.530684,34.63,observed
2026-10-05 09:14:39,44.437652,38.530945,33.99,observed
2026-10-05 09:14:40,44.43762,38.531079,33.67,interp_short
2026-10-05 09:14:41,44.437591,38.531205,33.38,observed
2026-10-05 09:14:42,44.437531,38.531463,32.81,observed
2026-10-05 09:14:43,44.437489,38.531643,32.33,interp_short
2026-10-05 09:14:44,44.43745,38.531809,32.0,interp_short
2026-10-05 09:14:45,44.437412,38.531978,31.78,observed
2026-10-05 09:14:46,44.437381,38.532109,31.6,interp_short
2026-10-05 09:14:47,44.437353,38.532234,31.32,observed
2026-10-05 09:14:48,44.437295,38.532489,30.89,observed
2026-10-05 09:14:49,44.437266,38.532616,30.64,interp_short
2026-10-05 09:14:50,44.437239,38.532743,30.5,observed
2026-10-05 09:14:51,44.4372,38.532912,30.32,interp_short
2026-10-05 09:14:52,44.437164,38.533076,30.09,interp_short
2026-10-05 09:14:53,44.437127,38.533248,29.8,observed
2026-10-05 09:14:54,44.437073,38.533499,29.49,observed
2026-10-05 09:14:55,44.43702,38.533748,29.21,observed
2026-10-05 09:14:56,44.436985,38.533912,28.99,interp_short
2026-10-05 09:14:57,44.436952,38.534072,28.83,interp_short
2026-10-05 09:14:58,44.436917,38.534244,28.72,observed
2026-10-05 09:14:59,44.436892,38.534364,28.63,interp_short
2026-10-05 09:15:00,44.436867,38.534489,28.51,observed
2026-10-05 09:15:01,44.436818,38.534734,28.31,observed
2026-10-05 09:15:02,44.43677,38.534978,28.13,observed
2026-10-05 09:15:03,44.436723,38.53522,27.96,observed
2026-10-05 09:15:04,44.436678,38.535461,27.8,observed
2026-10-05 09:15:05,44.436633,38.5357,27.65,observed
2026-10-05 09:15:06,44.436614,38.535822,27.58,interp_short
2026-10-05 09:15:07,44.43659,38.535939,27.51,observed
2026-10-05 09:15:08,44.436548,38.536176,27.37,observed
2026-10-05 09:15:09,44.436508,38.536412,27.23,observed
2026-10-05 09:15:10,44.436474,38.536649,27.06,interp_short
2026-10-05 09:15:11,44.43643,38.536879,26.94,observed
2026-10-05 09:15:12,44.436389,38.536982,26.93,interp_short
2026-10-05 09:15:13,44.436338,38.537078,26.97,observed
2026-10-05 09:15:14,44.436247,38.537274,26.99,observed
2026-10-05 09:15:15,44.436206,38.537375,27.0,interp_short
2026-10-05 09:15:16,44.436157,38.537469,27.01,observed
2026-10-05 09:15:17,44.436068,38.537663,27.01,observed
2026-10-05 09:15:18,44.43598,38.537856,27.01,observed
2026-10-05 09:15:19,44.435894,38.538048,26.98,observed
2026-10-05 09:15:20,44.435809,38.538238,26.95,observed
2026-10-05 09:15:21,44.435725,38.538427,26.89,observed
2026-10-05 09:15:22,44.435643,38.538616,26.82,interp_short
2026-10-05 09:15:23,44.435561,38.538802,26.73,observed
2026-10-05 09:15:24,44.43548,38.538987,26.62,observed
2026-10-05 09:15:25,44.435401,38.539172,26.49,observed
2026-10-05 09:15:26,44.435361,38.539265,26.42,interp_short
2026-10-05 09:15:27,44.435323,38.539356,26.35,observed
2026-10-05 09:15:28,44.435245,38.539538,26.2,interp_short
2026-10-05 09:15:29,44.43517,38.53972,25.99,observed
2026-10-05 09:15:30,44.435095,38.539899,25.75,interp_short
2026-10-05 09:15:31,44.435022,38.54008,25.56,observed
2026-10-05 09:15:32,44.434985,38.540168,25.45,interp_short
2026-10-05 09:15:33,44.434949,38.540259,25.32,observed
2026-10-05 09:15:34,44.434877,38.540437,25.06,observed
2026-10-05 09:15:35,44.434806,38.540611,24.78,interp_short
2026-10-05 09:15:36,44.434736,38.54079,24.49,observed
2026-10-05 09:15:37,44.434666,38.540966,24.19,observed
2026-10-05 09:15:38,44.434598,38.541141,23.88,observed
2026-10-05 09:15:39,44.43453,38.541316,23.55,observed
2026-10-05 09:15:40,44.434464,38.541484,23.22,interp_short
2026-10-05 09:15:41,44.434397,38.541659,22.88,interp_short
2026-10-05 09:15:42,44.43433,38.541836,22.53,observed
2026-10-05 09:15:43,44.434265,38.542009,22.18,observed
2026-10-05 09:15:44,44.434199,38.542182,21.83,observed
2026-10-05 09:15:45,44.434102,38.54244,21.31,observed
2026-10-05 09:15:46,44.434022,38.542654,20.84,interp_short
2026-10-05 09:15:47,44.433942,38.54287,20.46,observed
2026-10-05 09:15:48,44.433879,38.543042,20.14,observed
2026-10-05 09:15:49,44.433833,38.543166,19.91,interp_short
2026-10-05 09:15:50,44.433796,38.543266,19.73,interp_short
2026-10-05 09:15:51,44.433752,38.543386,19.54,observed
2026-10-05 09:15:52,44.433688,38.543559,19.26,observed
2026-10-05 09:15:53,44.433592,38.543818,18.87,observed
2026-10-05 09:15:54,44.433497,38.544079,18.53,observed
2026-10-05 09:15:55,44.433432,38.544253,18.33,observed
2026-10-05 09:15:56,44.433368,38.544428,18.16,observed
2026-10-05 09:15:57,44.433303,38.544603,18.01,observed
2026-10-05 09:15:58,44.433238,38.544779,17.89,observed
2026-10-05 09:15:59,44.433172,38.544956,17.8,observed
2026-10-05 09:16:00,44.433138,38.545047,17.75,interp_short
2026-10-05 09:16:01,44.433105,38.545134,17.73,observed
2026-10-05 09:16:02,44.433038,38.545314,17.7,interp_short
2026-10-05 09:16:03,44.432971,38.545493,17.69,observed
2026-10-05 09:16:04,44.432902,38.545674,17.72,observed
2026-10-05 09:16:05,44.432833,38.545856,17.78,observed
2026-10-05 09:16:06,44.432763,38.546039,17.86,observed
2026-10-05 09:16:07,44.432693,38.546224,17.98,observed
2026-10-05 09:16:08,44.432621,38.54641,18.12,observed
2026-10-05 09:16:09,44.432586,38.546501,18.2,interp_short
2026-10-05 09:16:10,44.432548,38.546597,18.29,observed
2026-10-05 09:16:11,44.432474,38.546786,18.49,observed
2026-10-05 09:16:12,44.4324,38.546976,18.72,observed
2026-10-05 09:16:13,44.432324,38.547168,18.97,observed
2026-10-05 09:16:14,44.432247,38.547361,19.25,observed
2026-10-05 09:16:15,44.432169,38.547556,19.55,observed
2026-10-05 09:16:16,44.432089,38.547753,19.86,observed
2026-10-05 09:16:17,44.432009,38.547951,20.2,observed
2026-10-05 09:16:18,44.431927,38.548152,20.55,observed
2026-10-05 09:16:19,44.431843,38.548354,20.92,observed
2026-10-05 09:16:20,44.431802,38.548456,21.1,interp_short
2026-10-05 09:16:21,44.431759,38.548558,21.29,observed
2026-10-05 09:16:22,44.431673,38.548764,21.68,observed
2026-10-05 09:16:23,44.431586,38.548972,22.07,observed
2026-10-05 09:16:24,44.431497,38.549182,22.47,observed
2026-10-05 09:16:25,44.431407,38.549395,22.86,observed
2026-10-05 09:16:26,44.431315,38.549609,23.26,observed
2026-10-05 09:16:27,44.431222,38.549825,23.65,observed
2026-10-05 09:16:28,44.431176,38.549934,23.85,interp_short
2026-10-05 09:16:29,44.431128,38.550043,24.03,observed
2026-10-05 09:16:30,44.431033,38.550261,24.36,interp_short
2026-10-05 09:16:31,44.430931,38.550494,24.77,interp_short
2026-10-05 09:16:32,44.430835,38.550711,25.09,observed
2026-10-05 09:16:33,44.430785,38.550825,25.25,interp_short
2026-10-05 09:16:34,44.430735,38.550938,25.42,observed
2026-10-05 09:16:35,44.430633,38.551166,25.72,observed
2026-10-05 09:16:36,44.430581,38.551283,25.87,interp_short
2026-10-05 09:16:37,44.430529,38.551397,25.99,observed
2026-10-05 09:16:38,44.430424,38.551631,26.24,observed
2026-10-05 09:16:39,44.430318,38.551866,26.46,observed
2026-10-05 09:16:40,44.43021,38.552106,26.64,interp_short
2026-10-05 09:16:41,44.430101,38.552343,26.8,observed
2026-10-05 09:16:42,44.42999,38.552584,26.92,observed
2026-10-05 09:16:43,44.429934,38.552707,26.98,interp_short
2026-10-05 09:16:44,44.429878,38.552828,27.0,observed
2026-10-05 09:16:45,44.429821,38.552952,27.03,interp_short
2026-10-05 09:16:46,44.429764,38.553074,27.05,observed
2026-10-05 09:16:47,44.429649,38.553321,27.05,observed
2026-10-05 09:16:48,44.429591,38.553448,27.04,interp_short
2026-10-05 09:16:49,44.429533,38.553571,27.01,observed
2026-10-05 09:16:50,44.429454,38.553742,26.96,interp_short
2026-10-05 09:16:51,44.429375,38.55391,26.89,interp_short
2026-10-05 09:16:52,44.429296,38.554076,26.81,observed
2026-10-05 09:16:53,44.429215,38.554249,26.73,interp_short
2026-10-05 09:16:54,44.429135,38.55442,26.61,interp_short
2026-10-05 09:16:55,44.429055,38.554588,26.42,observed
2026-10-05 09:16:56,44.428932,38.554846,26.17,observed
2026-10-05 09:16:57,44.42887,38.554978,26.04,interp_short
2026-10-05 09:16:58,44.428808,38.555107,25.86,observed
2026-10-05 09:16:59,44.428683,38.555369,25.52,observed
2026-10-05 09:17:00,44.42862,38.555501,25.34,interp_short
2026-10-05 09:17:01,44.428557,38.555632,25.13,observed
2026-10-05 09:17:02,44.42843,38.555897,24.69,observed
2026-10-05 09:17:03,44.428363,38.556037,24.4,interp_short
2026-10-05 09:17:04,44.428301,38.556165,24.24,interp_short
2026-10-05 09:17:05,44.42824,38.556292,24.06,interp_short
2026-10-05 09:17:06,44.428172,38.556431,23.7,observed
2026-10-05 09:17:07,44.428042,38.5567,23.15,observed
2026-10-05 09:17:08,44.427977,38.556835,22.8,interp_short
2026-10-05 09:17:09,44.427911,38.55697,22.55,observed
2026-10-05 09:17:10,44.427845,38.557106,22.24,interp_short
2026-10-05 09:17:11,44.427779,38.557242,21.92,observed
2026-10-05 09:17:12,44.427713,38.557378,21.66,interp_short
2026-10-05 09:17:13,44.427647,38.557514,21.26,observed
2026-10-05 09:17:14,44.427513,38.557787,20.56,observed
2026-10-05 09:17:15,44.427379,38.558062,19.83,observed
2026-10-05 09:17:16,44.427331,38.558161,19.45,interp_short
2026-10-05 09:17:17,44.427294,38.558235,19.28,interp_short
2026-10-05 09:17:18,44.427244,38.558336,19.08,observed
2026-10-05 09:17:19,44.427156,38.558517,18.64,interp_short
2026-10-05 09:17:20,44.427063,38.558705,18.06,interp_short
2026-10-05 09:17:21,44.426973,38.558888,17.49,observed
2026-10-05 09:17:22,44.426906,38.559026,17.05,interp_short
2026-10-05 09:17:23,44.426837,38.559165,16.67,observed
2026-10-05 09:17:24,44.426747,38.559347,16.24,interp_short
2026-10-05 09:17:25,44.426653,38.559537,15.69,interp_short
2026-10-05 09:17:26,44.426562,38.55972,14.97,observed
2026-10-05 09:17:27,44.426425,38.559997,14.11,observed
2026-10-05 09:17:28,44.426334,38.560181,13.39,interp_short
2026-10-05 09:17:29,44.426239,38.560372,12.82,interp_short
2026-10-05 09:17:30,44.426149,38.560553,12.35,observed
2026-10-05 09:17:31,44.426079,38.560694,11.91,interp_short
2026-10-05 09:17:32,44.42601,38.560831,11.46,observed
2026-10-05 09:17:33,44.42594,38.560972,10.99,interp_short
2026-10-05 09:17:34,44.425872,38.561109,10.58,observed
2026-10-05 09:17:35,44.425801,38.56125,10.25,interp_short
2026-10-05 09:17:36,44.425733,38.561386,9.7,observed
2026-10-05 09:17:37,44.425595,38.561663,8.82,observed
2026-10-05 09:17:38,44.425525,38.561804,8.25,interp_short
2026-10-05 09:17:39,44.425456,38.56194,7.95,observed
2026-10-05 09:17:40,44.425386,38.56208,7.65,interp_short
2026-10-05 09:17:41,44.425318,38.562216,7.1,observed
2026-10-05 09:17:42,44.42518,38.562491,6.25,observed
2026-10-05 09:17:43,44.42511,38.56263,5.71,interp_short
2026-10-05 09:17:44,44.425042,38.562766,5.43,observed
2026-10-05 09:17:45,44.424973,38.562903,5.18,interp_short
2026-10-05 09:17:46,44.424904,38.563039,5.0,observed
2026-10-05 09:17:47,44.424835,38.563175,4.97,interp_short
2026-10-05 09:17:48,44.424766,38.563312,5.0,observed
2026-10-05 09:17:49,44.424698,38.563447,5.01,interp_short
2026-10-05 09:17:50,44.424629,38.563584,5.0,observed
2026-10-05 09:17:51,44.424562,38.563718,5.0,interp_short
2026-10-05 09:17:52,44.424492,38.563855,5.0,observed
2026-10-05 09:17:53,44.424425,38.563987,5.0,interp_short
2026-10-05 09:17:54,44.424355,38.564124,5.0,observed
2026-10-05 09:17:55,44.424288,38.564256,5.0,interp_short
2026-10-05 09:17:56,44.424219,38.564393,5.0,observed
2026-10-05 09:17:57,44.424085,38.564657,5.0,interp_short
2026-10-05 09:17:58,44.423949,38.564925,5.0,observed
2026-10-05 09:17:59,44.423883,38.565055,5.0,interp_short
2026-10-05 09:18:00,44.423815,38.565189,5.0,observed
2026-10-05 09:18:01,44.423749,38.565318,5.0,interp_short
2026-10-05 09:18:02,44.423681,38.565451,5.0,observed
2026-10-05 09:18:03,44.423548,38.565712,5.0,observed
2026-10-05 09:18:04,44.423416,38.565971,5.0,observed
2026-10-05 09:18:05,44.423351,38.566098,5.0,interp_short
2026-10-05 09:18:06,44.423284,38.566228,5.0,observed
2026-10-05 09:18:07,44.423219,38.566355,5.0,interp_short
2026-10-05 09:18:08,44.423153,38.566483,5.0,observed
2026-10-05 09:18:09,44.423024,38.566736,5.0,observed
2026-10-05 09:18:10,44.422959,38.566863,5.0,interp_short
2026-10-05 09:18:11,44.422895,38.566988,5.0,observed
2026-10-05 09:18:12,44.422766,38.567237,5.0,observed
2026-10-05 09:18:13,44.422702,38.567361,5.0,interp_short
2026-10-05 09:18:14,44.422639,38.567484,5.0,observed
2026-10-05 09:18:15,44.422513,38.56773,5.0,observed
2026-10-05 09:18:16,44.42245,38.567852,5.0,interp_short
2026-10-05 09:18:17,44.422388,38.567972,5.0,observed
2026-10-05 09:18:18,44.422263,38.568213,5.0,observed
2026-10-05 09:18:19,44.42214,38.568452,5.0,observed
2026-10-05 09:18:20,44.422058,38.568611,5.0,interp_short
2026-10-05 09:18:21,44.421977,38.568767,5.0,interp_short
2026-10-05 09:18:22,44.421897,38.568922,5.0,observed
2026-10-05 09:18:23,44.421836,38.56904,5.0,interp_short
2026-10-05 09:18:24,44.421777,38.569154,5.0,observed
2026-10-05 09:18:25,44.421716,38.569271,5.0,interp_short
2026-10-05 09:18:26,44.421658,38.569383,5.0,observed
2026-10-05 09:18:27,44.42154,38.569611,5.0,observed
2026-10-05 09:18:28,44.421422,38.569838,5.0,interp_short
2026-10-05 09:18:29,44.421307,38.570058,5.0,observed
2026-10-05 09:18:30,44.421193,38.570278,5.0,observed
2026-10-05 09:18:31,44.421134,38.57039,5.0,interp_short
2026-10-05 09:18:32,44.421079,38.570496,5.0,observed
2026-10-05 09:18:33,44.421022,38.570607,5.0,interp_short
2026-10-05 09:18:34,44.420967,38.570712,5.0,observed
2026-10-05 09:18:35,44.420856,38.570925,5.0,observed
2026-10-05 09:18:36,44.4208,38.571032,5.0,interp_short
2026-10-05 09:18:37,44.420746,38.571136,5.0,observed
2026-10-05 09:18:38,44.420638,38.571345,5.0,observed
2026-10-05 09:18:39,44.420584,38.571448,5.0,interp_short
2026-10-05 09:18:40,44.42053,38.571552,5.0,observed
2026-10-05 09:18:41,44.420423,38.571757,5.0,observed
2026-10-05 09:18:42,44.420371,38.571857,5.0,interp_short
2026-10-05 09:18:43,44.420318,38.571959,5.0,observed
2026-10-05 09:18:44,44.420214,38.57216,5.0,observed
2026-10-05 09:18:45,44.420163,38.572257,5.0,interp_short
2026-10-05 09:18:46,44.420111,38.572358,5.0,observed
2026-10-05 09:18:47,44.420009,38.572555,5.0,observed
2026-10-05 09:18:48,44.419908,38.57275,5.0,observed
2026-10-05 09:18:49,44.419808,38.572942,5.0,observed
2026-10-05 09:18:50,44.41971,38.573133,5.0,observed
2026-10-05 09:18:51,44.419612,38.573323,5.0,observed
2026-10-05 09:18:52,44.419515,38.573511,5.0,observed
2026-10-05 09:18:53,44.419449,38.573639,5.0,interp_short
2026-10-05 09:18:54,44.419389,38.573756,5.0,interp_short
2026-10-05 09:18:55,44.419325,38.573882,5.0,observed
2026-10-05 09:18:56,44.419231,38.574065,5.0,observed
2026-10-05 09:18:57,44.419184,38.574157,5.0,interp_short
2026-10-05 09:18:58,44.419139,38.574247,5.0,observed
2026-10-05 09:18:59,44.419047,38.574428,5.0,observed
2026-10-05 09:19:00,44.418956,38.574608,5.0,observed
2026-10-05 09:19:01,44.418866,38.574786,5.0,observed
2026-10-05 09:19:02,44.418821,38.574875,5.0,interp_short
2026-10-05 09:19:03,44.418777,38.574964,5.0,observed
2026-10-05 09:19:04,44.418688,38.575141,5.0,observed
2026-10-05 09:19:05,44.418601,38.575317,5.0,observed
2026-10-05 09:19:06,44.418514,38.575492,5.0,observed
2026-10-05 09:19:07,44.418428,38.575667,5.0,observed
2026-10-05 09:19:08,44.418342,38.575842,5.0,observed
2026-10-05 09:19:09,44.4183,38.575928,5.0,interp_short
2026-10-05 09:19:10,44.418258,38.576016,5.0,observed
2026-10-05 09:19:11,44.418173,38.576189,5.0,observed
2026-10-05 09:19:12,44.41809,38.576363,5.0,observed
2026-10-05 09:19:13,44.418007,38.576536,5.0,observed
2026-10-05 09:19:14,44.417924,38.576709,5.0,observed
2026-10-05 09:19:15,44.417842,38.576883,5.0,observed
2026-10-05 09:19:16,44.417761,38.577056,5.0,observed
2026-10-05 09:19:17,44.41768,38.57723,5.0,observed
2026-10-05 09:19:18,44.417599,38.577404,5.0,observed
2026-10-05 09:19:19,44.417558,38.577491,5.0,interp_short
2026-10-05 09:19:20,44.417518,38.577579,5.0,observed
2026-10-05 09:19:21,44.417438,38.577754,5.0,observed
2026-10-05 09:19:22,44.417358,38.577929,5.0,observed
2026-10-05 09:19:23,44.417278,38.578105,5.0,interp_short
2026-10-05 09:19:24,44.417199,38.578283,5.0,observed
2026-10-05 09:19:25,44.41712,38.578461,5.0,observed
2026-10-05 09:19:26,44.417061,38.578592,5.0,interp_short
2026-10-05 09:19:27,44.417002,38.57873,5.0,observed
2026-10-05 09:19:28,44.416943,38.578861,5.0,interp_short
2026-10-05 09:19:29,44.416883,38.579001,5.0,observed
2026-10-05 09:19:30,44.416804,38.579183,5.0,observed
2026-10-05 09:19:31,44.416725,38.579366,5.0,observed
2026-10-05 09:19:32,44.416646,38.57955,5.0,observed
2026-10-05 09:19:33,44.416567,38.579736,5.0,observed
2026-10-05 09:19:34,44.416488,38.579923,5.0,observed
2026-10-05 09:19:35,44.416409,38.580111,5.0,observed
2026-10-05 09:19:36,44.416329,38.580301,5.0,observed
2026-10-05 09:19:37,44.41625,38.580492,5.0,observed
2026-10-05 09:19:38,44.41617,38.580685,5.0,observed
2026-10-05 09:19:39,44.41609,38.580879,5.0,observed
2026-10-05 09:19:40,44.416009,38.581075,5.0,observed
2026-10-05 09:19:41,44.415929,38.581272,5.0,observed
2026-10-05 09:19:42,44.415848,38.581471,5.0,observed
2026-10-05 09:19:43,44.415806,38.581571,5.0,interp_short
2026-10-05 09:19:44,44.415766,38.581671,5.0,observed
2026-10-05 09:19:45,44.415685,38.581873,5.0,observed
2026-10-05 09:19:46,44.415603,38.582076,5.0,observed
2026-10-05 09:19:47,44.41552,38.582281,5.0,observed
2026-10-05 09:19:48,44.415437,38.582488,5.0,observed
2026-10-05 09:19:49,44.415354,38.582696,5.0,observed
2026-10-05 09:19:50,44.41527,38.582906,5.0,observed
2026-10-05 09:19:51,44.415186,38.583117,5.0,observed
2026-10-05 09:19:52,44.415143,38.583226,5.0,interp_short
2026-10-05 09:19:53,44.415101,38.58333,5.0,observed
2026-10-05 09:19:54,44.415016,38.583544,5.0,observed
2026-10-05 09:19:55,44.41493,38.58376,5.0,observed
2026-10-05 09:19:56,44.414844,38.583977,5.0,observed
2026-10-05 09:19:57,44.4148,38.584088,5.0,interp_short
2026-10-05 09:19:58,44.414757,38.584195,5.0,observed
2026-10-05 09:19:59,44.41467,38.584415,5.0,observed
2026-10-05 09:20:00,44.414582,38.584636,5.0,observed
2026-10-05 09:20:01,44.414538,38.584749,5.0,interp_short
2026-10-05 09:20:02,44.414494,38.584859,5.0,observed
2026-10-05 09:20:03,44.414405,38.585082,5.0,observed
2026-10-05 09:20:04,44.414315,38.585307,5.0,observed
2026-10-05 09:20:05,44.41427,38.585421,5.32,interp_short
2026-10-05 09:20:06,44.414225,38.585533,5.86,observed
2026-10-05 09:20:07,44.414163,38.585688,6.42,interp_short
2026-10-05 09:20:08,44.414104,38.585837,7.05,interp_short
2026-10-05 09:20:09,44.414043,38.585988,7.85,observed
2026-10-05 09:20:10,44.413951,38.586217,8.84,observed
2026-10-05 09:20:11,44.413859,38.586446,9.81,observed
2026-10-05 09:20:12,44.413766,38.586677,10.77,observed
2026-10-05 09:20:13,44.41372,38.586793,11.24,interp_short
2026-10-05 09:20:14,44.413673,38.586909,11.72,observed
2026-10-05 09:20:15,44.413579,38.587141,12.64,observed
2026-10-05 09:20:16,44.413532,38.587257,13.21,interp_short
2026-10-05 09:20:17,44.413484,38.587374,13.54,observed
2026-10-05 09:20:18,44.413437,38.58749,13.95,interp_short
2026-10-05 09:20:19,44.413389,38.587607,14.42,observed
2026-10-05 09:20:20,44.413326,38.587763,14.88,interp_short
2026-10-05 09:20:21,44.413263,38.587917,15.39,interp_short
2026-10-05 09:20:22,44.413197,38.588076,16.08,observed
2026-10-05 09:20:23,44.413101,38.588311,16.87,observed
2026-10-05 09:20:24,44.413053,38.588427,17.26,interp_short
2026-10-05 09:20:25,44.413003,38.588546,17.63,observed
2026-10-05 09:20:26,44.412906,38.588782,18.35,observed
2026-10-05 09:20:27,44.412808,38.589018,19.03,observed
2026-10-05 09:20:28,44.412709,38.589254,19.68,observed
2026-10-05 09:20:29,44.41266,38.589372,20.0,interp_short
2026-10-05 09:20:30,44.41261,38.589491,20.28,observed
2026-10-05 09:20:31,44.412511,38.589727,20.85,observed
2026-10-05 09:20:32,44.412411,38.589964,21.38,observed
2026-10-05 09:20:33,44.412361,38.590083,21.69,interp_short
2026-10-05 09:20:34,44.412311,38.5902,21.87,observed
2026-10-05 09:20:35,44.41226,38.590321,22.05,interp_short
2026-10-05 09:20:36,44.41221,38.590437,22.31,observed
2026-10-05 09:20:37,44.412108,38.590675,22.68,interp_short
2026-10-05 09:20:38,44.412008,38.590909,23.08,observed
2026-10-05 09:20:39,44.411906,38.591145,23.41,observed
2026-10-05 09:20:40,44.411855,38.591265,23.56,interp_short
2026-10-05 09:20:41,44.411804,38.591381,23.7,observed
2026-10-05 09:20:42,44.411702,38.591617,23.94,observed
2026-10-05 09:20:43,44.411651,38.591735,24.09,interp_short
2026-10-05 09:20:44,44.411599,38.591852,24.16,observed
2026-10-05 09:20:45,44.411548,38.59197,24.23,interp_short
2026-10-05 09:20:46,44.411496,38.592087,24.33,observed
2026-10-05 09:20:47,44.411393,38.592322,24.47,observed
2026-10-05 09:20:48,44.411289,38.592556,24.58,observed
2026-10-05 09:20:49,44.411238,38.592673,24.63,interp_short
2026-10-05 09:20:50,44.411186,38.59279,24.65,observed
2026-10-05 09:20:51,44.411134,38.592907,24.67,interp_short
2026-10-05 09:20:52,44.411082,38.593024,24.7,observed
2026-10-05 09:20:53,44.410978,38.593257,24.72,observed
2026-10-05 09:20:54,44.410874,38.59349,24.71,observed
2026-10-05 09:20:55,44.410769,38.593722,24.69,observed
2026-10-05 09:20:56,44.410717,38.593838,24.68,interp_short
2026-10-05 09:20:57,44.410665,38.593953,24.64,observed
2026-10-05 09:20:58,44.41056,38.594184,24.57,observed
2026-10-05 09:20:59,44.410508,38.5943,24.53,interp_short
2026-10-05 09:21:00,44.410455,38.594415,24.48,observed
2026-10-05 09:21:01,44.41035,38.594645,24.39,observed
2026-10-05 09:21:02,44.410298,38.594761,24.33,interp_short
2026-10-05 09:21:03,44.410245,38.594875,24.28,observed
2026-10-05 09:21:04,44.410167,38.595045,24.2,interp_short
2026-10-05 09:21:05,44.410088,38.595218,24.1,interp_short
2026-10-05 09:21:06,44.410008,38.595391,23.99,interp_short
2026-10-05 09:21:07,44.409929,38.595561,23.91,observed
2026-10-05 09:21:08,44.409877,38.595674,23.86,interp_short
2026-10-05 09:21:09,44.409824,38.595788,23.78,observed
2026-10-05 09:21:10,44.409719,38.596015,23.66,observed
2026-10-05 09:21:11,44.409667,38.596127,23.59,interp_short
2026-10-05 09:21:12,44.409613,38.596242,23.53,observed
2026-10-05 09:21:13,44.409508,38.596468,23.41,observed
2026-10-05 09:21:14,44.409438,38.596618,23.31,interp_short
2026-10-05 09:21:15,44.409369,38.596767,23.25,interp_short
2026-10-05 09:21:16,44.409297,38.596919,23.2,observed
2026-10-05 09:21:17,44.409227,38.597068,23.15,interp_short
2026-10-05 09:21:18,44.409157,38.597217,23.1,interp_short
2026-10-05 09:21:19,44.409086,38.597368,23.04,observed
2026-10-05 09:21:20,44.408981,38.597592,22.98,interp_short
2026-10-05 09:21:21,44.408875,38.597815,22.93,observed
2026-10-05 09:21:22,44.408823,38.597927,22.91,interp_short
2026-10-05 09:21:23,44.40877,38.598038,22.9,observed
2026-10-05 09:21:24,44.408665,38.598261,22.89,observed
2026-10-05 09:21:25,44.408559,38.598483,22.89,observed
2026-10-05 09:21:26,44.408454,38.598705,22.92,observed
2026-10-05 09:21:27,44.408349,38.598926,22.97,observed
2026-10-05 09:21:28,44.408295,38.599038,23.01,interp_short
2026-10-05 09:21:29,44.408243,38.599147,23.04,observed
2026-10-05 09:21:30,44.40819,38.599259,23.08,interp_short
2026-10-05 09:21:31,44.408138,38.599368,23.12,observed
2026-10-05 09:21:32,44.408085,38.59948,23.16,interp_short
2026-10-05 09:21:33,44.408033,38.599589,23.23,observed
2026-10-05 09:21:34,44.407928,38.599809,23.36,observed
2026-10-05 09:21:35,44.407823,38.600029,23.51,observed
2026-10-05 09:21:36,44.40777,38.60014,23.59,interp_short
2026-10-05 09:21:37,44.407717,38.600249,23.68,observed
2026-10-05 09:21:38,44.407612,38.600468,23.86,observed
2026-10-05 09:21:39,44.407507,38.600687,24.07,observed
2026-10-05 09:21:40,44.407402,38.600906,24.28,observed
2026-10-05 09:21:41,44.407346,38.601024,24.42,interp_short
2026-10-05 09:21:42,44.407296,38.601126,24.5,interp_short
2026-10-05 09:21:43,44.407248,38.601228,24.6,interp_short
2026-10-05 09:21:44,44.407192,38.601343,24.76,observed
2026-10-05 09:21:45,44.407087,38.601561,25.02,observed
2026-10-05 09:21:46,44.406981,38.601779,25.29,observed
2026-10-05 09:21:47,44.406928,38.601889,25.46,interp_short
2026-10-05 09:21:48,44.406876,38.601997,25.57,observed
2026-10-05 09:21:49,44.406805,38.602144,25.7,interp_short
2026-10-05 09:21:50,44.406736,38.602287,25.89,interp_short
2026-10-05 09:21:51,44.406666,38.602431,26.14,observed
2026-10-05 09:21:52,44.40656,38.602648,26.43,observed
2026-10-05 09:21:53,44.406508,38.602756,26.62,interp_short
2026-10-05 09:21:54,44.406455,38.602865,26.72,observed
2026-10-05 09:21:55,44.406403,38.602972,26.82,interp_short
2026-10-05 09:21:56,44.40635,38.603081,27.01,observed
2026-10-05 09:21:57,44.406244,38.603297,27.3,observed
2026-10-05 09:21:58,44.406192,38.603403,27.45,interp_short
2026-10-05 09:21:59,44.406138,38.603513,27.58,observed
2026-10-05 09:22:00,44.406033,38.603728,27.85,observed
2026-10-05 09:22:01,44.405927,38.603943,28.11,observed
2026-10-05 09:22:02,44.405875,38.604049,28.24,interp_short
2026-10-05 09:22:03,44.405821,38.604158,28.36,observed
2026-10-05 09:22:04,44.405715,38.604372,28.6,observed
2026-10-05 09:22:05,44.405609,38.604587,28.82,observed
2026-10-05 09:22:06,44.405557,38.604693,28.92,interp_short
2026-10-05 09:22:07,44.405503,38.6048,29.02,observed
2026-10-05 09:22:08,44.405396,38.605014,29.2,observed
2026-10-05 09:22:09,44.405325,38.605156,29.33,interp_short
2026-10-05 09:22:10,44.405255,38.605295,29.41,interp_short
2026-10-05 09:22:11,44.405183,38.605439,29.5,observed
2026-10-05 09:22:12,44.405077,38.605651,29.62,observed
2026-10-05 09:22:13,44.40497,38.605863,29.71,observed
2026-10-05 09:22:14,44.404916,38.60597,29.75,interp_short
2026-10-05 09:22:15,44.404863,38.606074,29.77,observed
2026-10-05 09:22:16,44.404756,38.606285,29.81,observed
2026-10-05 09:22:17,44.404648,38.606495,29.83,observed
2026-10-05 09:22:18,44.404595,38.6066,29.82,interp_short
2026-10-05 09:22:19,44.404541,38.606705,29.81,observed
2026-10-05 09:22:20,44.404488,38.606809,29.8,interp_short
2026-10-05 09:22:21,44.404433,38.606914,29.77,observed
2026-10-05 09:22:22,44.404326,38.607123,29.69,observed
2026-10-05 09:22:23,44.404218,38.607331,29.59,observed
2026-10-05 09:22:24,44.40411,38.607539,29.47,observed
2026-10-05 09:22:25,44.404002,38.607746,29.31,observed
2026-10-05 09:22:26,44.40395,38.607847,29.2,interp_short
2026-10-05 09:22:27,44.403894,38.607952,29.13,observed
2026-10-05 09:22:28,44.403841,38.608053,29.06,interp_short
2026-10-05 09:22:29,44.403785,38.608158,28.93,observed
2026-10-05 09:22:30,44.403677,38.608364,28.7,observed
2026-10-05 09:22:31,44.403569,38.608569,28.44,observed
2026-10-05 09:22:32,44.40346,38.608773,28.17,observed
2026-10-05 09:22:33,44.403351,38.608977,27.88,observed
2026-10-05 09:22:34,44.403243,38.609181,27.56,observed
2026-10-05 09:22:35,44.403189,38.609282,27.41,interp_short
2026-10-05 09:22:36,44.403134,38.609384,27.24,observed
2026-10-05 09:22:37,44.403026,38.609586,26.89,observed
2026-10-05 09:22:38,44.402917,38.609788,26.54,observed
2026-10-05 09:22:39,44.402811,38.609985,26.14,interp_short
2026-10-05 09:22:40,44.402697,38.610196,25.75,interp_short
2026-10-05 09:22:41,44.402591,38.610391,25.44,observed
2026-10-05 09:22:42,44.402536,38.610493,25.26,interp_short
2026-10-05 09:22:43,44.402483,38.610592,25.06,observed
2026-10-05 09:22:44,44.402375,38.610792,24.69,observed
2026-10-05 09:22:45,44.402266,38.610992,24.32,observed
2026-10-05 09:22:46,44.402211,38.611094,24.13,interp_short
2026-10-05 09:22:47,44.402158,38.611191,23.95,observed
2026-10-05 09:22:48,44.402051,38.61139,23.6,observed
2026-10-05 09:22:49,44.401943,38.61159,23.26,observed
2026-10-05 09:22:50,44.401836,38.611789,22.93,observed
2026-10-05 09:22:51,44.401729,38.611988,22.62,observed
2026-10-05 09:22:52,44.401674,38.612089,22.47,interp_short
2026-10-05 09:22:53,44.401622,38.612187,22.33,observed
2026-10-05 09:22:54,44.401515,38.612386,22.06,observed
2026-10-05 09:22:55,44.401461,38.612487,21.92,interp_short
2026-10-05 09:22:56,44.401409,38.612586,21.82,observed
2026-10-05 09:22:57,44.401304,38.612785,21.61,observed
2026-10-05 09:22:58,44.401198,38.612985,21.42,observed
2026-10-05 09:22:59,44.401145,38.613085,21.34,interp_short
2026-10-05 09:23:00,44.401094,38.613185,21.27,observed
2026-10-05 09:23:01,44.400989,38.613386,21.15,observed
2026-10-05 09:23:02,44.400885,38.613587,21.07,observed
2026-10-05 09:23:03,44.400782,38.613788,21.03,observed
2026-10-05 09:23:04,44.40073,38.613887,21.01,interp_short
2026-10-05 09:23:05,44.400679,38.61399,21.02,observed
2026-10-05 09:23:06,44.400577,38.614191,21.07,interp_short
2026-10-05 09:23:07,44.400476,38.614397,21.13,observed
2026-10-05 09:23:08,44.400425,38.614496,21.19,interp_short
2026-10-05 09:23:09,44.400375,38.614601,21.25,observed
2026-10-05 09:23:10,44.400307,38.614737,21.33,interp_short
2026-10-05 09:23:11,44.400243,38.614868,21.45,interp_short
2026-10-05 09:23:12,44.400175,38.615013,21.62,observed
2026-10-05 09:23:13,44.400077,38.615217,21.85,interp_short
2026-10-05 09:23:14,44.399979,38.615429,22.16,observed
2026-10-05 09:23:15,44.399882,38.615639,22.5,observed
2026-10-05 09:23:16,44.399833,38.615742,22.68,interp_short
2026-10-05 09:23:17,44.399785,38.61585,22.88,observed
2026-10-05 09:23:18,44.39969,38.616062,23.3,observed
2026-10-05 09:23:19,44.399595,38.616276,23.77,observed
2026-10-05 09:23:20,44.399501,38.616491,24.27,observed
2026-10-05 09:23:21,44.399454,38.616597,24.53,interp_short
2026-10-05 09:23:22,44.399409,38.616707,24.82,observed
2026-10-05 09:23:23,44.399317,38.616925,25.4,observed
2026-10-05 09:23:24,44.399225,38.617145,26.03,interp_short
2026-10-05 09:23:25,44.399135,38.617367,26.67,observed
2026-10-05 09:23:26,44.399046,38.61759,27.36,observed
2026-10-05 09:23:27,44.398958,38.617815,28.08,observed
2026-10-05 09:23:28,44.398912,38.617928,28.54,interp_short
2026-10-05 09:23:29,44.39887,38.618041,28.82,observed
2026-10-05 09:23:30,44.398825,38.618155,29.11,interp_short
2026-10-05 09:23:31,44.398784,38.61827,29.6,observed
2026-10-05 09:23:32,44.398698,38.6185,30.39,observed
2026-10-05 09:23:33,44.398614,38.618732,31.2,observed
2026-10-05 09:23:34,44.39857,38.618849,31.61,interp_short
2026-10-05 09:23:35,44.39853,38.618966,32.04,observed
2026-10-05 09:23:36,44.398447,38.619202,32.88,observed
2026-10-05 09:23:37,44.398365,38.619439,33.74,observed
2026-10-05 09:23:38,44.398284,38.619679,34.61,observed
2026-10-05 09:23:39,44.398204,38.61992,35.48,observed
2026-10-05 09:23:40,44.398149,38.620084,36.23,interp_short
2026-10-05 09:23:41,44.398097,38.620244,36.82,interp_short
2026-10-05 09:23:42,44.398046,38.620408,37.24,observed
2026-10-05 09:23:43,44.398006,38.620531,37.56,interp_short
2026-10-05 09:23:44,44.397969,38.620655,38.11,observed
2026-10-05 09:23:45,44.397892,38.620903,38.98,observed
2026-10-05 09:23:46,44.397852,38.621029,39.41,interp_short
2026-10-05 09:23:47,44.397815,38.621153,39.84,observed
2026-10-05 09:23:48,44.39774,38.621405,40.69,observed
2026-10-05 09:23:49,44.397701,38.621532,41.11,interp_short
2026-10-05 09:23:50,44.397665,38.621658,41.52,observed
2026-10-05 09:23:51,44.39759,38.621913,42.34,observed
2026-10-05 09:23:52,44.397552,38.622041,42.77,interp_short
2026-10-05 09:23:53,44.397517,38.622169,43.13,observed
2026-10-05 09:23:54,44.397443,38.622427,43.91,observed
2026-10-05 09:23:55,44.39737,38.622686,44.66,observed
2026-10-05 09:23:56,44.397334,38.622815,45.01,interp_short
2026-10-05 09:23:57,44.397298,38.622946,45.39,observed
2026-10-05 09:23:58,44.397225,38.623207,46.09,observed
2026-10-05 09:23:59,44.397189,38.623337,46.44,interp_short
2026-10-05 09:24:00,44.397154,38.62347,46.76,observed
2026-10-05 09:24:01,44.397082,38.623733,47.39,observed
2026-10-05 09:24:02,44.397046,38.623863,47.71,interp_short
2026-10-05 09:24:03,44.39701,38.623997,48.0,observed
2026-10-05 09:24:04,44.396939,38.624261,48.57,observed
2026-10-05 09:24:05,44.396904,38.624391,48.93,interp_short
2026-10-05 09:24:06,44.396867,38.624527,49.11,observed
2026-10-05 09:24:07,44.396832,38.624657,49.3,interp_short
2026-10-05 09:24:08,44.396795,38.624792,49.61,observed
2026-10-05 09:24:09,44.396724,38.625058,50.08,observed
2026-10-05 09:24:10,44.396652,38.625324,50.51,observed
2026-10-05 09:24:11,44.396617,38.625456,50.72,interp_short
2026-10-05 09:24:12,44.396579,38.625591,50.91,observed
2026-10-05 09:24:13,44.396507,38.625857,51.27,observed
2026-10-05 09:24:14,44.396434,38.626123,51.59,observed
2026-10-05 09:24:15,44.396385,38.626301,51.8,interp_short
2026-10-05 09:24:16,44.396337,38.626477,51.96,interp_short
2026-10-05 09:24:17,44.396286,38.626653,52.13,observed
2026-10-05 09:24:18,44.396211,38.626918,52.35,observed
2026-10-05 09:24:19,44.396135,38.627182,52.54,observed
2026-10-05 09:24:20,44.396097,38.627316,52.63,interp_short
2026-10-05 09:24:21,44.396058,38.627444,52.7,observed
2026-10-05 09:24:22,44.395981,38.627706,52.82,observed
2026-10-05 09:24:23,44.395942,38.627841,52.88,interp_short
2026-10-05 09:24:24,44.395903,38.627967,52.92,observed
2026-10-05 09:24:25,44.395823,38.628226,52.99,observed
2026-10-05 09:24:26,44.395769,38.628404,53.03,interp_short
2026-10-05 09:24:27,44.395717,38.628573,53.05,interp_short
2026-10-05 09:24:28,44.395661,38.62874,53.05,observed
2026-10-05 09:24:29,44.39562,38.628871,53.05,interp_short
2026-10-05 09:24:30,44.395577,38.628995,53.05,observed
2026-10-05 09:24:31,44.395493,38.629247,53.03,observed
2026-10-05 09:24:32,44.395451,38.629376,53.01,interp_short
2026-10-05 09:24:33,44.395407,38.629498,52.99,observed
2026-10-05 09:24:34,44.39535,38.629667,52.96,interp_short
2026-10-05 09:24:35,44.395291,38.629832,52.93,interp_short
2026-10-05 09:24:36,44.39523,38.629993,52.87,observed
2026-10-05 09:24:37,44.395139,38.630237,52.8,observed
2026-10-05 09:24:38,44.395095,38.63036,52.76,interp_short
2026-10-05 09:24:39,44.395047,38.630479,52.71,observed
2026-10-05 09:24:40,44.394953,38.630718,52.62,observed
2026-10-05 09:24:41,44.394908,38.630837,52.57,interp_short
2026-10-05 09:24:42,44.394857,38.630954,52.52,observed
2026-10-05 09:24:43,44.394759,38.631188,52.42,observed
2026-10-05 09:24:44,44.39466,38.631419,52.31,observed
2026-10-05 09:24:45,44.394613,38.631533,52.24,interp_short
2026-10-05 09:24:46,44.394558,38.631647,52.21,observed
2026-10-05 09:24:47,44.394509,38.63176,52.18,interp_short
2026-10-05 09:24:48,44.394454,38.631872,52.12,observed
2026-10-05 09:24:49,44.394349,38.632094,52.02,observed
2026-10-05 09:24:50,44.394298,38.632205,51.98,interp_short
2026-10-05 09:24:51,44.394241,38.632313,51.94,observed
2026-10-05 09:24:52,44.394132,38.632529,51.86,observed
2026-10-05 09:24:53,44.39402,38.632742,51.79,observed
2026-10-05 09:24:54,44.393907,38.632952,51.73,observed
2026-10-05 09:24:55,44.393791,38.633159,51.69,observed
2026-10-05 09:24:56,44.393673,38.633362,51.65,observed
2026-10-05 09:24:57,44.393615,38.633466,51.63,interp_short
2026-10-05 09:24:58,44.393553,38.633562,51.63,observed
2026-10-05 09:24:59,44.393431,38.633759,51.62,observed
2026-10-05 09:25:00,44.393372,38.633859,51.62,interp_short
2026-10-05 09:25:01,44.393307,38.633953,51.63,observed
2026-10-05 09:25:02,44.393247,38.634052,51.64,interp_short
2026-10-05 09:25:03,44.393181,38.634144,51.65,observed
2026-10-05 09:25:04,44.393053,38.634332,51.68,observed
2026-10-05 09:25:05,44.392969,38.634459,51.71,interp_short
2026-10-05 09:25:06,44.392885,38.634577,51.74,interp_short
2026-10-05 09:25:07,44.392792,38.634698,51.79,observed
2026-10-05 09:25:08,44.392658,38.634877,51.86,observed
2026-10-05 09:25:09,44.392523,38.635053,51.95,observed
2026-10-05 09:25:10,44.392457,38.635142,52.0,interp_short
2026-10-05 09:25:11,44.392386,38.635226,52.05,observed
2026-10-05 09:25:12,44.392247,38.635396,52.15,observed
2026-10-05 09:25:13,44.392106,38.635564,52.27,observed
2026-10-05 09:25:14,44.391964,38.635729,52.39,observed
2026-10-05 09:25:15,44.391821,38.635892,52.52,observed
2026-10-05 09:25:16,44.39175,38.635976,52.58,interp_short
2026-10-05 09:25:17,44.391676,38.636053,52.65,observed
2026-10-05 09:25:18,44.39153,38.636211,52.79,observed
2026-10-05 09:25:19,44.391383,38.636367,52.92,observed
2026-10-05 09:25:20,44.391309,38.636448,52.98,interp_short
2026-10-05 09:25:21,44.391235,38.636522,53.05,observed
2026-10-05 09:25:22,44.391085,38.636675,53.18,observed
2026-10-05 09:25:23,44.390984,38.63678,53.29,interp_short
2026-10-05 09:25:24,44.390887,38.636876,53.37,interp_short
2026-10-05 09:25:25,44.390784,38.636976,53.42,observed
2026-10-05 09:25:26,44.390709,38.637051,53.46,interp_short
2026-10-05 09:25:27,44.390632,38.637124,53.52,observed
2026-10-05 09:25:28,44.39048,38.637271,53.61,observed
2026-10-05 09:25:29,44.390379,38.63737,53.68,interp_short
2026-10-05 09:25:30,44.39028,38.637464,53.72,interp_short
2026-10-05 09:25:31,44.390175,38.637563,53.75,observed
2026-10-05 09:25:32,44.390022,38.637708,53.78,observed
2026-10-05 09:25:33,44.389869,38.637853,53.8,observed
2026-10-05 09:25:34,44.389716,38.637997,53.79,observed
2026-10-05 09:25:35,44.38964,38.638068,53.78,interp_short
2026-10-05 09:25:36,44.389563,38.638141,53.76,observed
2026-10-05 09:25:37,44.389411,38.638285,53.69,observed
2026-10-05 09:25:38,44.389259,38.638429,53.6,observed
2026-10-05 09:25:39,44.389183,38.6385,53.55,interp_short
2026-10-05 09:25:40,44.389108,38.638574,53.47,observed
2026-10-05 09:25:41,44.388957,38.638719,53.31,observed
2026-10-05 09:25:42,44.388808,38.638866,53.12,observed
2026-10-05 09:25:43,44.388659,38.639013,52.89,observed
2026-10-05 09:25:44,44.388584,38.639086,52.76,interp_short
2026-10-05 09:25:45,44.388512,38.639161,52.62,observed
2026-10-05 09:25:46,44.388366,38.639311,52.31,observed
2026-10-05 09:25:47,44.388221,38.639462,51.96,observed
2026-10-05 09:25:48,44.388148,38.639536,51.78,interp_short
2026-10-05 09:25:49,44.388078,38.639614,51.57,observed
2026-10-05 09:25:50,44.387936,38.639768,51.14,observed
2026-10-05 09:25:51,44.387796,38.639925,50.67,observed
2026-10-05 09:25:52,44.387658,38.640083,50.16,observed
2026-10-05 09:25:53,44.387563,38.64019,49.8,interp_short
2026-10-05 09:25:54,44.387477,38.640293,49.49,interp_short
2026-10-05 09:25:55,44.387389,38.640407,49.02,observed
2026-10-05 09:25:56,44.387257,38.640572,48.38,observed
2026-10-05 09:25:57,44.38719,38.640652,48.05,interp_short
2026-10-05 09:25:58,44.387128,38.64074,47.71,observed
2026-10-05 09:25:59,44.387,38.640911,47.0,observed
2026-10-05 09:26:00,44.386876,38.641084,46.26,observed
2026-10-05 09:26:01,44.386754,38.641261,45.47,observed
2026-10-05 09:26:02,44.386691,38.641347,45.07,interp_short
2026-10-05 09:26:03,44.386634,38.64144,44.66,observed
2026-10-05 09:26:04,44.386517,38.641623,43.81,observed
2026-10-05 09:26:05,44.386403,38.641809,42.93,observed
2026-10-05 09:26:06,44.386344,38.641899,42.49,interp_short
2026-10-05 09:26:07,44.386292,38.641998,42.02,observed
2026-10-05 09:26:08,44.386183,38.64219,41.09,observed
2026-10-05 09:26:09,44.386078,38.642386,40.13,observed
2026-10-05 09:26:10,44.385975,38.642585,39.16,observed
2026-10-05 09:26:11,44.385875,38.642788,38.16,observed
2026-10-05 09:26:12,44.385822,38.642889,37.68,interp_short
2026-10-05 09:26:13,44.385778,38.642994,37.15,observed
2026-10-05 09:26:14,44.385684,38.643204,36.13,observed
2026-10-05 09:26:15,44.385634,38.643309,35.59,interp_short
2026-10-05 09:26:16,44.385592,38.643418,35.1,observed
2026-10-05 09:26:17,44.385504,38.643635,34.06,observed
2026-10-05 09:26:18,44.385416,38.643855,32.88,interp_short
2026-10-05 09:26:19,44.385336,38.644079,31.98,observed
2026-10-05 09:26:20,44.385292,38.644191,31.52,interp_short
2026-10-05 09:26:21,44.385256,38.644307,30.94,observed
2026-10-05 09:26:22,44.385179,38.644538,29.91,observed
2026-10-05 09:26:23,44.385138,38.644653,29.4,interp_short
2026-10-05 09:26:24,44.385105,38.644772,28.89,observed
2026-10-05 09:26:25,44.385033,38.64501,27.88,observed
2026-10-05 09:26:26,44.384996,38.645127,27.37,interp_short
2026-10-05 09:26:27,44.384964,38.645251,26.88,observed
2026-10-05 09:26:28,44.384897,38.645496,25.9,observed
2026-10-05 09:26:29,44.384863,38.645615,25.38,interp_short
2026-10-05 09:26:30,44.384833,38.645744,24.94,observed
2026-10-05 09:26:31,44.384771,38.645995,24.01,observed
2026-10-05 09:26:32,44.384711,38.646249,23.1,observed
2026-10-05 09:26:33,44.384681,38.646371,22.67,interp_short
2026-10-05 09:26:34,44.384654,38.646505,22.22,observed
2026-10-05 09:26:35,44.384598,38.646765,21.37,observed
2026-10-05 09:26:36,44.38457,38.64689,20.92,interp_short
2026-10-05 09:26:37,44.384544,38.647028,20.55,observed
2026-10-05 09:26:38,44.384493,38.647293,19.77,observed
2026-10-05 09:26:39,44.384443,38.647561,19.02,observed
2026-10-05 09:26:40,44.384417,38.647691,18.66,interp_short
2026-10-05 09:26:41,44.384394,38.647831,18.31,observed
2026-10-05 09:26:42,44.384347,38.648103,17.64,observed
2026-10-05 09:26:43,44.384301,38.648378,17.01,observed
2026-10-05 09:26:44,44.384256,38.648655,16.42,observed
2026-10-05 09:26:45,44.384225,38.648842,16.01,interp_short
2026-10-05 09:26:46,44.384197,38.649024,15.71,interp_short
2026-10-05 09:26:47,44.384169,38.649214,15.37,observed
2026-10-05 09:26:48,44.384127,38.649496,14.91,observed
2026-10-05 09:26:49,44.384086,38.649779,14.49,observed
2026-10-05 09:26:50,44.384064,38.649923,14.29,interp_short
2026-10-05 09:26:51,44.384044,38.650064,14.11,observed
2026-10-05 09:26:52,44.384003,38.65035,13.78,observed
2026-10-05 09:26:53,44.383982,38.650496,13.62,interp_short
2026-10-05 09:26:54,44.383962,38.650637,13.49,observed
2026-10-05 09:26:55,44.383921,38.650925,13.23,observed
2026-10-05 09:26:56,44.38388,38.651213,13.02,observed
2026-10-05 09:26:57,44.383859,38.65136,12.91,interp_short
2026-10-05 09:26:58,44.383838,38.651502,12.85,observed
2026-10-05 09:26:59,44.38381,38.651699,12.78,interp_short
2026-10-05 09:27:00,44.383782,38.65189,12.7,interp_short
2026-10-05 09:27:01,44.383753,38.652082,12.62,observed
2026-10-05 09:27:02,44.383709,38.652372,12.55,observed
2026-10-05 09:27:03,44.383665,38.652661,12.52,observed
2026-10-05 09:27:04,44.383643,38.65281,12.51,interp_short
2026-10-05 09:27:05,44.383619,38.652951,12.52,observed
2026-10-05 09:27:06,44.383572,38.65324,12.54,observed
2026-10-05 09:27:07,44.383548,38.653389,12.55,interp_short
2026-10-05 09:27:08,44.383523,38.653529,12.59,observed
2026-10-05 09:27:09,44.383473,38.653817,12.67,observed
2026-10-05 09:27:10,44.383449,38.653965,12.71,interp_short
2026-10-05 09:27:11,44.383422,38.654105,12.77,observed
2026-10-05 09:27:12,44.383368,38.654391,12.88,observed
2026-10-05 09:27:13,44.383342,38.654537,12.94,interp_short
2026-10-05 09:27:14,44.383313,38.654677,13.01,observed
2026-10-05 09:27:15,44.383256,38.654961,13.16,observed
2026-10-05 09:27:16,44.383229,38.655104,13.26,interp_short
2026-10-05 09:27:17,44.383197,38.655245,13.32,observed
2026-10-05 09:27:18,44.383169,38.655385,13.39,interp_short
2026-10-05 09:27:19,44.383135,38.655526,13.48,observed
2026-10-05 09:27:20,44.383106,38.655665,13.57,interp_short
2026-10-05 09:27:21,44.383071,38.655807,13.65,observed
2026-10-05 09:27:22,44.383041,38.655943,13.72,interp_short
2026-10-05 09:27:23,44.383005,38.656085,13.83,observed
2026-10-05 09:27:24,44.382937,38.656362,14.0,observed
2026-10-05 09:27:25,44.382865,38.656637,14.18,observed
2026-10-05 09:27:26,44.382832,38.656772,14.27,interp_short
2026-10-05 09:27:27,44.382792,38.65691,14.35,observed
2026-10-05 09:27:28,44.382716,38.657181,14.51,observed
2026-10-05 09:27:29,44.382637,38.65745,14.67,observed
2026-10-05 09:27:30,44.3826,38.657583,14.74,interp_short
2026-10-05 09:27:31,44.382555,38.657717,14.81,observed
2026-10-05 09:27:32,44.382471,38.657982,14.95,observed
2026-10-05 09:27:33,44.382384,38.658244,15.07,observed
2026-10-05 09:27:34,44.382342,38.658376,15.12,interp_short
2026-10-05 09:27:35,44.382294,38.658504,15.17,observed
2026-10-05 09:27:36,44.382201,38.658761,15.26,observed
2026-10-05 09:27:37,44.382106,38.659016,15.33,observed
2026-10-05 09:27:38,44.382059,38.659148,15.36,interp_short
2026-10-05 09:27:39,44.382008,38.659269,15.38,observed
2026-10-05 09:27:40,44.381959,38.659399,15.39,interp_short
2026-10-05 09:27:41,44.381907,38.659519,15.41,observed
2026-10-05 09:27:42,44.381804,38.659766,15.42,observed
2026-10-05 09:27:43,44.381697,38.660011,15.41,observed
2026-10-05 09:27:44,44.381589,38.660253,15.38,observed
2026-10-05 09:27:45,44.381534,38.660378,15.36,interp_short
2026-10-05 09:27:46,44.381477,38.660493,15.32,observed
2026-10-05 09:27:47,44.381363,38.66073,15.24,observed
2026-10-05 09:27:48,44.381306,38.660852,15.18,interp_short
2026-10-05 09:27:49,44.381247,38.660964,15.14,observed
2026-10-05 09:27:50,44.381189,38.661084,15.1,interp_short
2026-10-05 09:27:51,44.381128,38.661196,15.02,observed
2026-10-05 09:27:52,44.381007,38.661425,14.88,observed
2026-10-05 09:27:53,44.380947,38.661542,14.81,interp_short
2026-10-05 09:27:54,44.380884,38.661652,14.72,observed
2026-10-05 09:27:55,44.380758,38.661876,14.55,observed
2026-10-05 09:27:56,44.380696,38.66199,14.42,interp_short
2026-10-05 09:27:57,44.380631,38.662097,14.35,observed
2026-10-05 09:27:58,44.380567,38.66221,14.28,interp_short
2026-10-05 09:27:59,44.380501,38.662316,14.14,observed
2026-10-05 09:28:00,44.38037,38.662532,13.91,observed
2026-10-05 09:28:01,44.380305,38.662641,13.78,interp_short
2026-10-05 09:28:02,44.380237,38.662746,13.66,observed
2026-10-05 09:28:03,44.380102,38.662958,13.41,observed
2026-10-05 09:28:04,44.379966,38.663167,13.15,observed
2026-10-05 09:28:05,44.379898,38.663272,12.98,interp_short
2026-10-05 09:28:06,44.379828,38.663374,12.87,observed
2026-10-05 09:28:07,44.37976,38.663479,12.78,interp_short
2026-10-05 09:28:08,44.379689,38.663579,12.6,observed
2026-10-05 09:28:09,44.379549,38.663782,12.31,observed
2026-10-05 09:28:10,44.37948,38.663883,12.13,interp_short
2026-10-05 09:28:11,44.379408,38.663982,12.03,observed
2026-10-05 09:28:12,44.379338,38.664083,11.93,interp_short
2026-10-05 09:28:13,44.379266,38.664181,11.74,observed
2026-10-05 09:28:14,44.379123,38.664378,11.46,observed
2026-10-05 09:28:15,44.379052,38.664476,11.32,interp_short
2026-10-05 09:28:16,44.378979,38.664573,11.18,observed
2026-10-05 09:28:17,44.378835,38.664766,10.9,observed
2026-10-05 09:28:18,44.378764,38.664862,10.77,interp_short
2026-10-05 09:28:19,44.37869,38.664957,10.64,observed
2026-10-05 09:28:20,44.378546,38.665147,10.38,observed
2026-10-05 09:28:21,44.378474,38.665241,10.25,interp_short
2026-10-05 09:28:22,44.378401,38.665335,10.14,observed
2026-10-05 09:28:23,44.378255,38.665522,9.91,observed
2026-10-05 09:28:24,44.378183,38.665616,9.79,interp_short
2026-10-05 09:28:25,44.37811,38.665707,9.69,observed
2026-10-05 09:28:26,44.377965,38.665891,9.5,observed
2026-10-05 09:28:27,44.377821,38.666074,9.32,observed
2026-10-05 09:28:28,44.377748,38.666166,9.24,interp_short
2026-10-05 09:28:29,44.377677,38.666256,9.16,observed
2026-10-05 09:28:30,44.377533,38.666437,9.02,observed
2026-10-05 09:28:31,44.377461,38.666528,8.94,interp_short
2026-10-05 09:28:32,44.37739,38.666617,8.91,observed
2026-10-05 09:28:33,44.377319,38.666707,8.88,interp_short
2026-10-05 09:28:34,44.377248,38.666796,8.82,observed
2026-10-05 09:28:35,44.377107,38.666974,8.75,observed
2026-10-05 09:28:36,44.377037,38.667062,8.72,interp_short
2026-10-05 09:28:37,44.376966,38.667152,8.71,observed
2026-10-05 09:28:38,44.376827,38.667329,8.69,observed
2026-10-05 09:28:39,44.376759,38.667415,8.68,interp_short
2026-10-05 09:28:40,44.376689,38.667506,8.7,observed
2026-10-05 09:28:41,44.376552,38.667682,8.74,observed
2026-10-05 09:28:42,44.376416,38.667859,8.8,observed
2026-10-05 09:28:43,44.376349,38.667944,8.83,interp_short
2026-10-05 09:28:44,44.376281,38.668035,8.89,observed
2026-10-05 09:28:45,44.376148,38.66821,9.0,observed
2026-10-05 09:28:46,44.376083,38.668294,9.06,interp_short
2026-10-05 09:28:47,44.376017,38.668386,9.14,observed
2026-10-05 09:28:48,44.375887,38.668562,9.3,observed
2026-10-05 09:28:49,44.375758,38.668738,9.48,observed
2026-10-05 09:28:50,44.375632,38.668915,9.68,observed
2026-10-05 09:28:51,44.375547,38.669032,9.83,interp_short
2026-10-05 09:28:52,44.375466,38.669145,9.96,interp_short
2026-10-05 09:28:53,44.375383,38.669268,10.14,observed
2026-10-05 09:28:54,44.375261,38.669445,10.4,observed
2026-10-05 09:28:55,44.375141,38.669623,10.67,observed
2026-10-05 09:28:56,44.375023,38.669802,10.95,observed
2026-10-05 09:28:57,44.374963,38.66989,11.1,interp_short
2026-10-05 09:28:58,44.374907,38.669981,11.25,observed
2026-10-05 09:28:59,44.374792,38.670161,11.55,observed
2026-10-05 09:29:00,44.374679,38.670341,11.85,observed
2026-10-05 09:29:01,44.374568,38.670522,12.16,observed
2026-10-05 09:29:02,44.37451,38.670613,12.32,interp_short
2026-10-05 09:29:03,44.374458,38.670705,12.47,observed
2026-10-05 09:29:04,44.374351,38.670888,12.77,observed
2026-10-05 09:29:05,44.374245,38.671072,13.07,observed
2026-10-05 09:29:06,44.37414,38.671257,13.37,observed
2026-10-05 09:29:07,44.374087,38.671349,13.51,interp_short
2026-10-05 09:29:08,44.374038,38.671443,13.65,observed
2026-10-05 09:29:09,44.373937,38.67163,13.92,observed
2026-10-05 09:29:10,44.373837,38.671818,14.17,observed
2026-10-05 09:29:11,44.373739,38.672007,14.41,observed
2026-10-05 09:29:12,44.373689,38.6721,14.52,interp_short
2026-10-05 09:29:13,44.373643,38.672197,14.62,observed
2026-10-05 09:29:14,44.373548,38.672389,14.82,observed
2026-10-05 09:29:15,44.373454,38.672582,14.98,observed
2026-10-05 09:29:16,44.373407,38.672676,15.06,interp_short
2026-10-05 09:29:17,44.373362,38.672775,15.12,observed
2026-10-05 09:29:18,44.37327,38.672969,15.21,interp_short
2026-10-05 09:29:19,44.373181,38.673167,15.3,observed
2026-10-05 09:29:20,44.373093,38.673364,15.34,observed
2026-10-05 09:29:21,44.373048,38.673462,15.35,interp_short
2026-10-05 09:29:22,44.373005,38.673563,15.35,observed
2026-10-05 09:29:23,44.372918,38.673763,15.32,observed
2026-10-05 09:29:24,44.372833,38.673964,15.25,observed
2026-10-05 09:29:25,44.372748,38.674167,15.14,observed
2026-10-05 09:29:26,44.372664,38.67437,14.98,observed
2026-10-05 09:29:27,44.372581,38.674575,14.79,observed
2026-10-05 09:29:28,44.372538,38.674679,14.69,interp_short
2026-10-05 09:29:29,44.372498,38.674781,14.55,observed
2026-10-05 09:29:30,44.372416,38.674988,14.28,observed
2026-10-05 09:29:31,44.372374,38.675092,14.13,interp_short
2026-10-05 09:29:32,44.372334,38.675196,13.96,observed
2026-10-05 09:29:33,44.372253,38.675406,13.59,observed
2026-10-05 09:29:34,44.372172,38.675616,13.19,observed
2026-10-05 09:29:35,44.372117,38.675758,12.82,interp_short
2026-10-05 09:29:36,44.372066,38.675894,12.5,interp_short
2026-10-05 09:29:37,44.372012,38.676041,12.25,observed
2026-10-05 09:29:38,44.371972,38.676146,12.05,interp_short
2026-10-05 09:29:39,44.371932,38.676255,11.72,observed
2026-10-05 09:29:40,44.371852,38.676469,11.15,observed
2026-10-05 09:29:41,44.371772,38.676685,10.55,observed
2026-10-05 09:29:42,44.371692,38.676902,9.9,observed
2026-10-05 09:29:43,44.371653,38.677008,9.57,interp_short
2026-10-05 09:29:44,44.371612,38.67712,9.23,observed
2026-10-05 09:29:45,44.371532,38.677338,8.52,observed
2026-10-05 09:29:46,44.371452,38.677558,7.78,observed
2026-10-05 09:29:47,44.371372,38.677778,7.01,observed
2026-10-05 09:29:48,44.371291,38.677999,6.22,observed
2026-10-05 09:29:49,44.371251,38.678109,5.76,interp_short
2026-10-05 09:29:50,44.37121,38.678221,5.41,observed
2026-10-05 09:29:51,44.371128,38.678444,5.0,observed
2026-10-05 09:29:52,44.371088,38.678556,4.92,interp_short
2026-10-05 09:29:53,44.371047,38.678667,5.0,observed
2026-10-05 09:29:54,44.370964,38.678891,5.0,observed
2026-10-05 09:29:55,44.370881,38.679116,5.0,observed
2026-10-05 09:29:56,44.370798,38.679341,5.0,observed
2026-10-05 09:29:57,44.370714,38.679567,5.0,observed
2026-10-05 09:29:58,44.37063,38.679793,5.0,observed
2026-10-05 09:29:59,44.370588,38.679906,5.0,interp_short
2026-10-05 09:30:00,44.370545,38.68002,5.0,observed
2026-10-05 09:30:01,44.370459,38.680247,5.0,observed
2026-10-05 09:30:02,44.370417,38.680359,5.0,interp_short
2026-10-05 09:30:03,44.370373,38.680474,5.0,observed
2026-10-05 09:30:04,44.370286,38.680702,5.0,observed
2026-10-05 09:30:05,44.370198,38.68093,5.0,observed
2026-10-05 09:30:06,44.370155,38.681044,5.0,interp_short
2026-10-05 09:30:07,44.37011,38.681159,5.0,observed
2026-10-05 09:30:08,44.370051,38.681314,5.0,interp_short
2026-10-05 09:30:09,44.369994,38.681461,5.0,interp_short
2026-10-05 09:30:10,44.369932,38.681617,5.0,observed
2026-10-05 09:30:11,44.369842,38.681845,5.0,interp_short
2026-10-05 09:30:12,44.36975,38.682075,5.0,observed
2026-10-05 09:30:13,44.369659,38.682305,5.0,observed
2026-10-05 09:30:14,44.369567,38.682535,5.0,observed
2026-10-05 09:30:15,44.369474,38.682764,5.0,observed
2026-10-05 09:30:16,44.36938,38.682994,5.0,observed
2026-10-05 09:30:17,44.369333,38.68311,5.0,interp_short
2026-10-05 09:30:18,44.369286,38.683224,5.0,observed
2026-10-05 09:30:19,44.369191,38.683454,5.0,observed
2026-10-05 09:30:20,44.369095,38.683684,5.0,observed
2026-10-05 09:30:21,44.369048,38.683799,5.0,interp_short
2026-10-05 09:30:22,44.368999,38.683914,5.0,observed
2026-10-05 09:30:23,44.368934,38.684071,5.0,interp_short
2026-10-05 09:30:24,44.368873,38.684216,5.0,interp_short
2026-10-05 09:30:25,44.368806,38.684373,5.0,observed
2026-10-05 09:30:26,44.368708,38.684603,5.0,observed
2026-10-05 09:30:27,44.36861,38.684832,5.0,observed
2026-10-05 09:30:28,44.368561,38.684947,5.0,interp_short
2026-10-05 09:30:29,44.368511,38.685061,5.0,observed
2026-10-05 09:30:30,44.368411,38.685291,5.0,observed
2026-10-05 09:30:31,44.368312,38.68552,5.0,observed
2026-10-05 09:30:32,44.368212,38.685748,5.0,observed
2026-10-05 09:30:33,44.368111,38.685977,5.0,observed
2026-10-05 09:30:34,44.36801,38.686206,5.0,observed
2026-10-05 09:30:35,44.367959,38.686323,5.0,interp_short
2026-10-05 09:30:36,44.367909,38.686434,5.0,observed
2026-10-05 09:30:37,44.367807,38.686662,5.0,observed
2026-10-05 09:30:38,44.367737,38.686821,5.0,interp_short
2026-10-05 09:30:39,44.367671,38.686968,5.0,interp_short
2026-10-05 09:30:40,44.367603,38.687118,5.0,observed
2026-10-05 09:30:41,44.3675,38.687345,5.0,observed
2026-10-05 09:30:42,44.367448,38.687461,5.0,interp_short
2026-10-05 09:30:43,44.367397,38.687573,5.0,observed
2026-10-05 09:30:44,44.367346,38.687687,5.0,interp_short
2026-10-05 09:30:45,44.367294,38.6878,5.0,observed
2026-10-05 09:30:46,44.367191,38.688027,5.0,interp_short
2026-10-05 09:30:47,44.367088,38.688254,5.0,observed
2026-10-05 09:30:48,44.366984,38.68848,5.0,observed
2026-10-05 09:30:49,44.366933,38.688591,5.0,interp_short
2026-10-05 09:30:50,44.36688,38.688706,5.0,observed
2026-10-05 09:30:51,44.366829,38.688818,5.0,interp_short
2026-10-05 09:30:52,44.366776,38.688933,5.0,observed
2026-10-05 09:30:53,44.366672,38.689159,5.0,observed
2026-10-05 09:30:54,44.366567,38.689384,5.0,observed
2026-10-05 09:30:55,44.366463,38.68961,5.0,observed
2026-10-05 09:30:56,44.366411,38.689721,5.0,interp_short
2026-10-05 09:30:57,44.366358,38.689835,5.0,observed
2026-10-05 09:30:58,44.366254,38.690061,5.0,observed
2026-10-05 09:30:59,44.366149,38.690286,5.0,observed
2026-10-05 09:31:00,44.366044,38.690511,5.0,observed
2026-10-05 09:31:01,44.365991,38.690625,5.0,interp_short
2026-10-05 09:31:02,44.365939,38.690736,5.0,observed
2026-10-05 09:31:03,44.365835,38.69096,5.0,observed
2026-10-05 09:31:04,44.36573,38.691185,5.0,observed
2026-10-05 09:31:05,44.365676,38.6913,5.0,interp_short
2026-10-05 09:31:06,44.365624,38.69141,5.0,observed
2026-10-05 09:31:07,44.365519,38.691634,5.0,observed
2026-10-05 09:31:08,44.365466,38.691749,5.0,interp_short
2026-10-05 09:31:09,44.365414,38.691859,5.0,observed
2026-10-05 09:31:10,44.365309,38.692083,5.0,observed
2026-10-05 09:31:11,44.365204,38.692307,5.0,observed
2026-10-05 09:31:12,44.36515,38.69242,5.0,interp_short
2026-10-05 09:31:13,44.365098,38.692531,5.0,observed
2026-10-05 09:31:14,44.364993,38.692756,5.0,observed
2026-10-05 09:31:15,44.364887,38.69298,5.0,observed
2026-10-05 09:31:16,44.364834,38.693093,5.0,interp_short
2026-10-05 09:31:17,44.364782,38.693204,5.0,observed
2026-10-05 09:31:18,44.364729,38.693317,5.0,interp_short
2026-10-05 09:31:19,44.364676,38.693428,5.0,observed
2026-10-05 09:31:20,44.36457,38.693652,5.0,observed
2026-10-05 09:31:21,44.364464,38.693877,5.0,observed
2026-10-05 09:31:22,44.364392,38.694029,5.0,interp_short
2026-10-05 09:31:23,44.364322,38.694178,5.0,interp_short
2026-10-05 09:31:24,44.364253,38.694325,5.0,observed
2026-10-05 09:31:25,44.364199,38.694439,5.0,interp_short
2026-10-05 09:31:26,44.364146,38.694549,5.0,observed
2026-10-05 09:31:27,44.36404,38.694774,5.0,observed
2026-10-05 09:31:28,44.363934,38.694998,5.0,observed
2026-10-05 09:31:29,44.36388,38.695112,5.0,interp_short
2026-10-05 09:31:30,44.363827,38.695223,5.0,observed
2026-10-05 09:31:31,44.363721,38.695447,5.0,observed
2026-10-05 09:31:32,44.363667,38.69556,5.0,interp_short
2026-10-05 09:31:33,44.363614,38.695672,5.0,observed
2026-10-05 09:31:34,44.36356,38.695785,5.0,interp_short
2026-10-05 09:31:35,44.363507,38.695897,5.0,observed
2026-10-05 09:31:36,44.3634,38.696122,5.0,observed
2026-10-05 09:31:37,44.363347,38.696233,5.0,interp_short
2026-10-05 09:31:38,44.363293,38.696346,5.0,observed
2026-10-05 09:31:39,44.36324,38.696457,5.0,interp_short
2026-10-05 09:31:40,44.363186,38.696571,5.0,observed
2026-10-05 09:31:41,44.363078,38.696797,5.0,observed
2026-10-05 09:31:42,44.362971,38.697022,5.0,observed
2026-10-05 09:31:43,44.362918,38.697133,5.0,interp_short
2026-10-05 09:31:44,44.362863,38.697247,5.0,observed
2026-10-05 09:31:45,44.362755,38.697472,5.0,observed
2026-10-05 09:31:46,44.362702,38.697583,5.0,interp_short
2026-10-05 09:31:47,44.362647,38.697698,5.0,observed
2026-10-05 09:31:48,44.362539,38.697923,5.0,observed
2026-10-05 09:31:49,44.362485,38.698035,5.0,interp_short
2026-10-05 09:31:50,44.36243,38.698149,5.0,observed
2026-10-05 09:31:51,44.362322,38.698374,5.0,observed
2026-10-05 09:31:52,44.362213,38.6986,5.0,observed
2026-10-05 09:31:53,44.362104,38.698825,5.0,observed
2026-10-05 09:31:54,44.362049,38.698939,5.0,interp_short
2026-10-05 09:31:55,44.361995,38.699051,5.0,observed
2026-10-05 09:31:56,44.361886,38.699277,5.0,observed
2026-10-05 09:31:57,44.361832,38.699389,5.0,interp_short
2026-10-05 09:31:58,44.361777,38.699502,5.0,observed
2026-10-05 09:31:59,44.361723,38.699614,5.0,interp_short
2026-10-05 09:32:00,44.361668,38.699728,5.0,observed
2026-10-05 09:32:01,44.361559,38.699953,5.0,interp_short
2026-10-05 09:32:02,44.361449,38.700179,5.0,observed
2026-10-05 09:32:03,44.361395,38.700291,5.0,interp_short
2026-10-05 09:32:04,44.361339,38.700405,5.0,observed
2026-10-05 09:32:05,44.361229,38.70063,5.0,observed
2026-10-05 09:32:06,44.361175,38.700742,5.0,interp_short
2026-10-05 09:32:07,44.361119,38.700856,5.0,observed
2026-10-05 09:32:08,44.361009,38.701081,5.0,observed
2026-10-05 09:32:09,44.3609,38.701306,5.0,observed
2026-10-05 09:32:10,44.360846,38.701418,5.0,interp_short
2026-10-05 09:32:11,44.36079,38.701531,5.0,observed
2026-10-05 09:32:12,44.36068,38.701756,5.0,observed
2026-10-05 09:32:13,44.36057,38.701981,5.0,observed
2026-10-05 09:32:14,44.36046,38.702205,5.0,observed
2026-10-05 09:32:15,44.360384,38.70236,5.0,interp_short
2026-10-05 09:32:16,44.360311,38.70251,5.0,interp_short
2026-10-05 09:32:17,44.360238,38.702658,5.0,interp_short
2026-10-05 09:32:18,44.360167,38.702804,5.0,interp_short
2026-10-05 09:32:19,44.360095,38.702951,5.0,interp_short
2026-10-05 09:32:20,44.360022,38.7031,5.0,observed
2026-10-05 09:32:21,44.359939,38.703269,5.0,interp_short
2026-10-05 09:32:22,44.359856,38.703438,5.0,interp_short
2026-10-05 09:32:23,44.359774,38.703605,5.0,interp_short
2026-10-05 09:32:24,44.359695,38.703768,5.0,observed
2026-10-05 09:32:25,44.359587,38.70399,5.0,observed
2026-10-05 09:32:26,44.359532,38.704102,5.0,interp_short
2026-10-05 09:32:27,44.359479,38.704211,5.0,observed
2026-10-05 09:32:28,44.359424,38.704323,5.0,interp_short
2026-10-05 09:32:29,44.359371,38.704432,5.0,observed
2026-10-05 09:32:30,44.359263,38.704652,5.0,observed
2026-10-05 09:32:31,44.359156,38.704872,5.0,interp_short
2026-10-05 09:32:32,44.359049,38.705091,5.0,observed
2026-10-05 09:32:33,44.358996,38.705201,5.05,interp_short
2026-10-05 09:32:34,44.358943,38.70531,5.53,observed
2026-10-05 09:32:35,44.358837,38.705528,6.54,observed
2026-10-05 09:32:36,44.358784,38.705637,7.21,interp_short
2026-10-05 09:32:37,44.358732,38.705746,7.56,observed
2026-10-05 09:32:38,44.358679,38.705855,7.93,interp_short
2026-10-05 09:32:39,44.358627,38.705963,8.58,observed
2026-10-05 09:32:40,44.358522,38.706179,9.6,observed
2026-10-05 09:32:41,44.358419,38.706394,10.61,observed
2026-10-05 09:32:42,44.358315,38.706609,11.61,observed
2026-10-05 09:32:43,44.358264,38.706716,12.11,interp_short
2026-10-05 09:32:44,44.358213,38.706823,12.59,observed
2026-10-05 09:32:45,44.358111,38.707037,13.56,observed
2026-10-05 09:32:46,44.358009,38.707249,14.52,observed
2026-10-05 09:32:47,44.357908,38.707461,15.45,observed
2026-10-05 09:32:48,44.357858,38.707565,16.03,interp_short
2026-10-05 09:32:49,44.357808,38.707672,16.36,observed
2026-10-05 09:32:50,44.357758,38.707776,16.68,interp_short
2026-10-05 09:32:51,44.357709,38.707882,17.24,observed
2026-10-05 09:32:52,44.357611,38.708091,18.1,observed
2026-10-05 09:32:53,44.357545,38.708231,18.73,interp_short
2026-10-05 09:32:54,44.357482,38.708365,19.18,interp_short
2026-10-05 09:32:55,44.357416,38.708507,19.71,observed
2026-10-05 09:32:56,44.357319,38.708714,20.46,observed
2026-10-05 09:32:57,44.357224,38.70892,21.18,observed
2026-10-05 09:32:58,44.357129,38.709125,21.86,observed
2026-10-05 09:32:59,44.357035,38.709329,22.49,observed
2026-10-05 09:33:00,44.356988,38.709431,22.8,interp_short
2026-10-05 09:33:01,44.356942,38.709532,23.09,observed
2026-10-05 09:33:02,44.35685,38.709734,23.64,observed
2026-10-05 09:33:03,44.356759,38.709935,24.15,observed
2026-10-05 09:33:04,44.356668,38.710136,24.62,observed
2026-10-05 09:33:05,44.356622,38.710237,24.84,interp_short
2026-10-05 09:33:06,44.356579,38.710335,25.04,observed
2026-10-05 09:33:07,44.35649,38.710533,25.42,observed
2026-10-05 09:33:08,44.356402,38.710731,25.75,observed
2026-10-05 09:33:09,44.356315,38.710928,26.04,observed
2026-10-05 09:33:10,44.356272,38.711024,26.17,interp_short
2026-10-05 09:33:11,44.356229,38.711124,26.28,observed
2026-10-05 09:33:12,44.356143,38.711318,26.48,observed
2026-10-05 09:33:13,44.356102,38.711412,26.58,interp_short
2026-10-05 09:33:14,44.356059,38.711513,26.64,observed
2026-10-05 09:33:15,44.355975,38.711706,26.76,observed
2026-10-05 09:33:16,44.355892,38.711898,26.84,observed
2026-10-05 09:33:17,44.35581,38.71209,26.88,observed
2026-10-05 09:33:18,44.355728,38.712281,26.88,observed
2026-10-05 09:33:19,44.355648,38.712468,26.85,interp_short
2026-10-05 09:33:20,44.355568,38.71266,26.79,observed
2026-10-05 09:33:21,44.355488,38.712849,26.69,observed
2026-10-05 09:33:22,44.35541,38.713037,26.57,observed
2026-10-05 09:33:23,44.355332,38.713224,26.42,observed
2026-10-05 09:33:24,44.355255,38.71341,26.25,observed
2026-10-05 09:33:25,44.355216,38.713504,26.21,interp_short
2026-10-05 09:33:26,44.355178,38.713597,26.05,observed
2026-10-05 09:33:27,44.355026,38.713967,25.61,observed
2026-10-05 09:33:28,44.354988,38.71406,25.44,interp_short
2026-10-05 09:33:29,44.354951,38.714152,25.37,observed
2026-10-05 09:33:30,44.354876,38.714336,25.12,observed
2026-10-05 09:33:31,44.354802,38.71452,24.86,observed
2026-10-05 09:33:32,44.354728,38.714703,24.59,observed
2026-10-05 09:33:33,44.354655,38.714887,24.32,observed
2026-10-05 09:33:34,44.354582,38.71507,24.05,observed
2026-10-05 09:33:35,44.354509,38.715252,23.78,observed
2026-10-05 09:33:36,44.354436,38.715435,23.52,observed
2026-10-05 09:33:37,44.354363,38.715618,23.27,observed
2026-10-05 09:33:38,44.354291,38.715801,23.02,observed
2026-10-05 09:33:39,44.354218,38.715983,22.79,observed
2026-10-05 09:33:40,44.354146,38.716166,22.57,observed
2026-10-05 09:33:41,44.354074,38.716349,22.36,observed
2026-10-05 09:33:42,44.354037,38.716443,22.26,interp_short
2026-10-05 09:33:43,44.354001,38.716533,22.17,observed
2026-10-05 09:33:44,44.353929,38.716716,22.0,observed
2026-10-05 09:33:45,44.353856,38.7169,21.85,observed
2026-10-05 09:33:46,44.353783,38.717085,21.72,observed
2026-10-05 09:33:47,44.35371,38.71727,21.61,observed
2026-10-05 09:33:48,44.353636,38.717455,21.53,observed
2026-10-05 09:33:49,44.353562,38.717641,21.46,observed
2026-10-05 09:33:50,44.353488,38.717828,21.42,observed
2026-10-05 09:33:51,44.35345,38.717922,21.41,interp_short
2026-10-05 09:33:52,44.353413,38.718015,21.41,observed
2026-10-05 09:33:53,44.353338,38.718204,21.42,observed
2026-10-05 09:33:54,44.353262,38.718393,21.45,observed
2026-10-05 09:33:55,44.353186,38.718583,21.5,observed
2026-10-05 09:33:56,44.353109,38.718774,21.58,observed
2026-10-05 09:33:57,44.35307,38.718871,21.62,interp_short
2026-10-05 09:33:58,44.353031,38.718967,21.68,observed
2026-10-05 09:33:59,44.352953,38.71916,21.8,observed
2026-10-05 09:34:00,44.352873,38.719355,21.94,observed
2026-10-05 09:34:01,44.352793,38.719551,22.09,observed
2026-10-05 09:34:02,44.352754,38.719647,22.17,interp_short
2026-10-05 09:34:03,44.352712,38.719748,22.27,observed
2026-10-05 09:34:04,44.35263,38.719947,22.46,observed
2026-10-05 09:34:05,44.352547,38.720147,22.66,observed
2026-10-05 09:34:06,44.352464,38.720348,22.88,observed
2026-10-05 09:34:07,44.352423,38.720447,22.99,interp_short
2026-10-05 09:34:08,44.352379,38.720551,23.1,observed
2026-10-05 09:34:09,44.352293,38.720756,23.34,observed
2026-10-05 09:34:10,44.352206,38.720962,23.58,observed
2026-10-05 09:34:11,44.352117,38.72117,23.82,observed
2026-10-05 09:34:12,44.352028,38.72138,24.07,observed
2026-10-05 09:34:13,44.351937,38.721592,24.32,observed
2026-10-05 09:34:14,44.351892,38.721698,24.45,interp_short
2026-10-05 09:34:15,44.351846,38.721805,24.57,observed
2026-10-05 09:34:16,44.351752,38.722021,24.81,observed
2026-10-05 09:34:17,44.351658,38.722238,25.05,observed
2026-10-05 09:34:18,44.351562,38.722457,25.27,observed
2026-10-05 09:34:19,44.351466,38.722678,25.49,observed
2026-10-05 09:34:20,44.351416,38.722792,25.62,interp_short
2026-10-05 09:34:21,44.351367,38.722901,25.7,observed
2026-10-05 09:34:22,44.351298,38.723058,25.8,interp_short
2026-10-05 09:34:23,44.351234,38.723205,25.92,interp_short
2026-10-05 09:34:24,44.351167,38.723354,26.07,observed
2026-10-05 09:34:25,44.351064,38.723583,26.23,observed
2026-10-05 09:34:26,44.35096,38.723814,26.37,observed
2026-10-05 09:34:27,44.350855,38.724048,26.5,observed
2026-10-05 09:34:28,44.350802,38.724166,26.57,interp_short
2026-10-05 09:34:29,44.350749,38.724283,26.6,observed
2026-10-05 09:34:30,44.350695,38.724402,26.64,interp_short
2026-10-05 09:34:31,44.350641,38.724521,26.68,observed
2026-10-05 09:34:32,44.350586,38.724641,26.71,interp_short
2026-10-05 09:34:33,44.350531,38.724761,26.74,observed
2026-10-05 09:34:34,44.350421,38.725003,26.78,observed
2026-10-05 09:34:35,44.350309,38.725247,26.79,observed
2026-10-05 09:34:36,44.350253,38.725369,26.79,interp_short
2026-10-05 09:34:37,44.350195,38.725493,26.78,observed
2026-10-05 09:34:38,44.35008,38.725741,26.74,observed
2026-10-05 09:34:39,44.350022,38.725866,26.72,interp_short
2026-10-05 09:34:40,44.349964,38.725991,26.68,observed
2026-10-05 09:34:41,44.349846,38.726243,26.6,observed
2026-10-05 09:34:42,44.349786,38.726371,26.56,interp_short
2026-10-05 09:34:43,44.349727,38.726497,26.49,observed
2026-10-05 09:34:44,44.349607,38.726753,26.36,observed
2026-10-05 09:34:45,44.349546,38.726883,26.29,interp_short
2026-10-05 09:34:46,44.349486,38.727011,26.21,observed
2026-10-05 09:34:47,44.349363,38.727271,26.04,observed
2026-10-05 09:34:48,44.349301,38.727403,25.92,interp_short
2026-10-05 09:34:49,44.349239,38.727532,25.85,observed
2026-10-05 09:34:50,44.349176,38.727666,25.78,interp_short
2026-10-05 09:34:51,44.349114,38.727796,25.64,observed
2026-10-05 09:34:52,44.348987,38.728061,25.42,observed
2026-10-05 09:34:53,44.348923,38.728195,25.28,interp_short
2026-10-05 09:34:54,44.348859,38.728328,25.18,observed
2026-10-05 09:34:55,44.348795,38.728463,25.06,interp_short
2026-10-05 09:34:56,44.348731,38.728596,24.93,observed
2026-10-05 09:34:57,44.348666,38.728731,24.8,interp_short
2026-10-05 09:34:58,44.348601,38.728866,24.66,observed
2026-10-05 09:34:59,44.348536,38.729002,24.52,interp_short
2026-10-05 09:35:00,44.34847,38.729138,24.39,observed
2026-10-05 09:35:01,44.348405,38.729273,24.28,interp_short
2026-10-05 09:35:02,44.348338,38.72941,24.11,observed
2026-10-05 09:35:03,44.348205,38.729685,23.83,observed
2026-10-05 09:35:04,44.348071,38.72996,23.54,observed
2026-10-05 09:35:05,44.348004,38.730098,23.37,interp_short
2026-10-05 09:35:06,44.347936,38.730237,23.26,observed
2026-10-05 09:35:07,44.347869,38.730375,23.13,interp_short
2026-10-05 09:35:08,44.347801,38.730515,22.98,observed
2026-10-05 09:35:09,44.347733,38.730653,22.83,interp_short
2026-10-05 09:35:10,44.347664,38.730793,22.71,observed
2026-10-05 09:35:11,44.347596,38.730932,22.6,interp_short
2026-10-05 09:35:12,44.347527,38.731073,22.44,observed
2026-10-05 09:35:13,44.347389,38.731353,22.18,observed
2026-10-05 09:35:14,44.347318,38.731498,21.98,interp_short
2026-10-05 09:35:15,44.34725,38.731637,21.87,interp_short
2026-10-05 09:35:16,44.347183,38.731772,21.8,interp_short
2026-10-05 09:35:17,44.347116,38.731908,21.74,interp_short
2026-10-05 09:35:18,44.347046,38.732049,21.65,interp_short
2026-10-05 09:35:19,44.346971,38.732199,21.51,observed
2026-10-05 09:35:20,44.346831,38.732482,21.32,observed
2026-10-05 09:35:21,44.346761,38.732623,21.21,interp_short
2026-10-05 09:35:22,44.34669,38.732765,21.16,observed
2026-10-05 09:35:23,44.34662,38.732906,21.09,interp_short
2026-10-05 09:35:24,44.346549,38.733048,21.02,observed
2026-10-05 09:35:25,44.346478,38.73319,20.97,interp_short
2026-10-05 09:35:26,44.346407,38.733331,20.91,observed
2026-10-05 09:35:27,44.346265,38.733615,20.83,observed
2026-10-05 09:35:28,44.346194,38.733757,20.8,interp_short
2026-10-05 09:35:29,44.346123,38.733898,20.79,observed
2026-10-05 09:35:30,44.345981,38.734181,20.77,observed
2026-10-05 09:35:31,44.345909,38.734324,20.77,interp_short
2026-10-05 09:35:32,44.345838,38.734464,20.79,observed
2026-10-05 09:35:33,44.345766,38.734607,20.8,interp_short
2026-10-05 09:35:34,44.345696,38.734746,20.85,observed
2026-10-05 09:35:35,44.345553,38.735028,20.95,observed
2026-10-05 09:35:36,44.345481,38.735171,21.02,interp_short
2026-10-05 09:35:37,44.345411,38.735309,21.08,observed
2026-10-05 09:35:38,44.345338,38.735452,21.16,interp_short
2026-10-05 09:35:39,44.345268,38.735589,21.26,observed
2026-10-05 09:35:40,44.345196,38.735731,21.36,interp_short
2026-10-05 09:35:41,44.345126,38.735868,21.47,observed
2026-10-05 09:35:42,44.345054,38.736009,21.6,interp_short
2026-10-05 09:35:43,44.344984,38.736147,21.73,observed
2026-10-05 09:35:44,44.344912,38.736287,21.87,interp_short
2026-10-05 09:35:45,44.344842,38.736424,22.03,observed
2026-10-05 09:35:46,44.344749,38.736606,22.24,interp_short
2026-10-05 09:35:47,44.344652,38.736795,22.48,interp_short
2026-10-05 09:35:48,44.344559,38.736974,22.74,observed
2026-10-05 09:35:49,44.344489,38.73711,22.99,interp_short
2026-10-05 09:35:50,44.344418,38.737247,23.16,observed
2026-10-05 09:35:51,44.344369,38.737344,23.23,interp_short
2026-10-05 09:35:52,44.34433,38.737419,23.32,interp_short
2026-10-05 09:35:53,44.344278,38.737519,23.62,observed
2026-10-05 09:35:54,44.344138,38.737788,24.12,observed
2026-10-05 09:35:55,44.344069,38.737921,24.38,interp_short
2026-10-05 09:35:56,44.343999,38.738056,24.66,observed
2026-10-05 09:35:57,44.343861,38.738323,25.23,observed
2026-10-05 09:35:58,44.343793,38.738455,25.62,interp_short
2026-10-05 09:35:59,44.343723,38.738587,25.84,observed
2026-10-05 09:36:00,44.343655,38.738718,26.06,interp_short
2026-10-05 09:36:01,44.343586,38.738849,26.49,observed
2026-10-05 09:36:02,44.34345,38.739109,27.16,observed
2026-10-05 09:36:03,44.343382,38.739239,27.61,interp_short
2026-10-05 09:36:04,44.343314,38.739367,27.87,observed
2026-10-05 09:36:05,44.343247,38.739495,28.14,interp_short
2026-10-05 09:36:06,44.343179,38.739622,28.6,observed
2026-10-05 09:36:07,44.343046,38.739875,29.36,observed
2026-10-05 09:36:08,44.342913,38.740126,30.14,observed
2026-10-05 09:36:09,44.342847,38.740251,30.61,interp_short
2026-10-05 09:36:10,44.342781,38.740374,30.94,observed
2026-10-05 09:36:11,44.342716,38.740497,31.34,interp_short
2026-10-05 09:36:12,44.342651,38.740619,31.75,observed
2026-10-05 09:36:13,44.342583,38.740747,32.05,interp_short
2026-10-05 09:36:14,44.342523,38.740859,32.35,interp_short
2026-10-05 09:36:15,44.342463,38.740973,32.76,interp_short
2026-10-05 09:36:16,44.342393,38.741102,33.43,observed
2026-10-05 09:36:17,44.342265,38.741339,34.28,observed
2026-10-05 09:36:18,44.342203,38.741455,34.69,interp_short
2026-10-05 09:36:19,44.342139,38.741574,35.14,observed
2026-10-05 09:36:20,44.342014,38.741806,36.0,observed
2026-10-05 09:36:21,44.341954,38.741918,36.45,interp_short
2026-10-05 09:36:22,44.341891,38.742034,36.86,observed
2026-10-05 09:36:23,44.341768,38.74226,37.72,observed
2026-10-05 09:36:24,44.341647,38.742483,38.57,observed
2026-10-05 09:36:25,44.341527,38.742703,39.41,observed
2026-10-05 09:36:26,44.341469,38.74281,39.82,interp_short
2026-10-05 09:36:27,44.341409,38.74292,40.24,observed
2026-10-05 09:36:28,44.341292,38.743134,41.05,observed
2026-10-05 09:36:29,44.341215,38.743275,41.66,interp_short
2026-10-05 09:36:30,44.34114,38.743411,42.09,interp_short
2026-10-05 09:36:31,44.341062,38.743553,42.62,observed
2026-10-05 09:36:32,44.340949,38.743758,43.37,observed
2026-10-05 09:36:33,44.340838,38.74396,44.1,observed
2026-10-05 09:36:34,44.340728,38.744159,44.79,observed
2026-10-05 09:36:35,44.340673,38.744258,45.15,interp_short
2026-10-05 09:36:36,44.340619,38.744355,45.46,observed
2026-10-05 09:36:37,44.340513,38.744548,46.03,interp_short
2026-10-05 09:36:38,44.340407,38.744739,46.7,observed
2026-10-05 09:36:39,44.340303,38.744927,47.26,observed
2026-10-05 09:36:40,44.3402,38.745112,47.79,observed
2026-10-05 09:36:41,44.34015,38.745202,48.04,interp_short
2026-10-05 09:36:42,44.340099,38.745294,48.27,observed
2026-10-05 09:36:43,44.339999,38.745474,48.72,observed
2026-10-05 09:36:44,44.3399,38.745652,49.13,observed
2026-10-05 09:36:45,44.339804,38.745827,49.5,observed
2026-10-05 09:36:46,44.339708,38.745999,49.82,observed
2026-10-05 09:36:47,44.339614,38.74617,50.11,observed
2026-10-05 09:36:48,44.339521,38.746338,50.35,observed
2026-10-05 09:36:49,44.33943,38.746504,50.55,interp_short
2026-10-05 09:36:50,44.33934,38.746668,50.71,observed
2026-10-05 09:36:51,44.339251,38.74683,50.83,observed
2026-10-05 09:36:52,44.339164,38.746991,50.91,observed
2026-10-05 09:36:53,44.339078,38.74715,50.95,observed
2026-10-05 09:36:54,44.338992,38.747308,50.94,interp_short
2026-10-05 09:36:55,44.338909,38.747463,50.92,observed
2026-10-05 09:36:56,44.338866,38.747542,50.91,interp_short
2026-10-05 09:36:57,44.338827,38.747618,50.85,observed
2026-10-05 09:36:58,44.338706,38.747848,50.68,observed
2026-10-05 09:36:59,44.338587,38.748075,50.46,observed
2026-10-05 09:37:00,44.338547,38.748149,50.38,interp_short
2026-10-05 09:37:01,44.338509,38.748226,50.27,observed
2026-10-05 09:37:02,44.338394,38.748452,49.94,observed
2026-10-05 09:37:03,44.338281,38.748676,49.56,observed
2026-10-05 09:37:04,44.338207,38.748825,49.29,observed
2026-10-05 09:37:05,44.338134,38.748974,48.99,observed
2026-10-05 09:37:06,44.33808,38.749081,48.8,interp_short
2026-10-05 09:37:07,44.338026,38.749199,48.53,observed
2026-10-05 09:37:08,44.33792,38.749423,48.04,observed
2026-10-05 09:37:09,44.337849,38.749573,47.71,observed
2026-10-05 09:37:10,44.33778,38.749724,47.37,observed
2026-10-05 09:37:11,44.337711,38.749876,47.03,observed
2026-10-05 09:37:12,44.337609,38.750106,46.52,observed
2026-10-05 09:37:13,44.337508,38.750337,46.01,observed
2026-10-05 09:37:14,44.337439,38.750494,45.67,interp_short
2026-10-05 09:37:15,44.337374,38.750651,45.35,observed
2026-10-05 09:37:16,44.337275,38.75089,44.88,observed
2026-10-05 09:37:17,44.337176,38.751132,44.43,observed
2026-10-05 09:37:18,44.33711,38.751297,44.15,observed
2026-10-05 09:37:19,44.337044,38.751463,43.88,observed
2026-10-05 09:37:20,44.336979,38.751631,43.62,observed
2026-10-05 09:37:21,44.336913,38.751801,43.38,observed
2026-10-05 09:37:22,44.336848,38.751973,43.15,observed
2026-10-05 09:37:23,44.336812,38.752064,43.03,interp_short
2026-10-05 09:37:24,44.336782,38.752148,42.93,observed
2026-10-05 09:37:25,44.336716,38.752325,42.73,observed
2026-10-05 09:37:26,44.336648,38.752507,42.54,interp_short
2026-10-05 09:37:27,44.336584,38.752687,42.37,observed
2026-10-05 09:37:28,44.336516,38.752873,42.22,interp_short
2026-10-05 09:37:29,44.336451,38.753058,42.07,observed
2026-10-05 09:37:30,44.336383,38.753249,41.92,interp_short
2026-10-05 09:37:31,44.336316,38.753441,41.8,observed
2026-10-05 09:37:32,44.336281,38.753538,41.74,interp_short
2026-10-05 09:37:33,44.336248,38.753636,41.69,observed
2026-10-05 09:37:34,44.336179,38.753833,41.58,observed
2026-10-05 09:37:35,44.33611,38.754034,41.47,observed
2026-10-05 09:37:36,44.336075,38.754135,41.42,interp_short
2026-10-05 09:37:37,44.336041,38.754237,41.37,observed
2026-10-05 09:37:38,44.33597,38.754443,41.28,observed
2026-10-05 09:37:39,44.335899,38.754652,41.18,observed
2026-10-05 09:37:40,44.335828,38.754864,41.08,observed
2026-10-05 09:37:41,44.335778,38.75501,41.01,interp_short
2026-10-05 09:37:42,44.335732,38.755149,40.96,interp_short
2026-10-05 09:37:43,44.335683,38.755295,40.88,observed
2026-10-05 09:37:44,44.335609,38.755514,40.76,observed
2026-10-05 09:37:45,44.335553,38.755681,40.64,interp_short
2026-10-05 09:37:46,44.335496,38.755851,40.53,interp_short
2026-10-05 09:37:47,44.335439,38.756021,40.43,interp_short
2026-10-05 09:37:48,44.335383,38.756188,40.36,observed
2026-10-05 09:37:49,44.335345,38.756303,40.3,interp_short
2026-10-05 09:37:50,44.335306,38.756418,40.19,observed
2026-10-05 09:37:51,44.335228,38.75665,40.01,observed
2026-10-05 09:37:52,44.335189,38.756767,39.92,interp_short
2026-10-05 09:37:53,44.335149,38.756884,39.81,observed
2026-10-05 09:37:54,44.335069,38.757121,39.58,observed
2026-10-05 09:37:55,44.335009,38.757299,39.33,interp_short
2026-10-05 09:37:56,44.334947,38.757483,39.1,interp_short
2026-10-05 09:37:57,44.334885,38.757667,38.91,interp_short
2026-10-05 09:37:58,44.334824,38.757844,38.76,observed
2026-10-05 09:37:59,44.334782,38.757967,38.64,interp_short
2026-10-05 09:38:00,44.33474,38.758089,38.43,observed
2026-10-05 09:38:01,44.334655,38.758335,38.07,observed
2026-10-05 09:38:02,44.334612,38.75846,37.82,interp_short
2026-10-05 09:38:03,44.334569,38.758584,37.68,observed
2026-10-05 09:38:04,44.334526,38.758709,37.55,interp_short
2026-10-05 09:38:05,44.334483,38.758834,37.26,observed
2026-10-05 09:38:06,44.334395,38.759085,36.8,observed
2026-10-05 09:38:07,44.334351,38.759211,36.56,interp_short
2026-10-05 09:38:08,44.334306,38.759338,36.31,observed
2026-10-05 09:38:09,44.334216,38.759593,35.78,observed
2026-10-05 09:38:10,44.334125,38.759848,35.23,observed
2026-10-05 09:38:11,44.33408,38.759976,34.88,interp_short
2026-10-05 09:38:12,44.334033,38.760105,34.63,observed
2026-10-05 09:38:13,44.333988,38.760234,34.35,interp_short
2026-10-05 09:38:14,44.333941,38.760363,34.0,observed
2026-10-05 09:38:15,44.333879,38.760534,33.57,interp_short
2026-10-05 09:38:16,44.333816,38.760709,33.1,interp_short
2026-10-05 09:38:17,44.333752,38.76088,32.64,observed
2026-10-05 09:38:18,44.333705,38.76101,32.23,interp_short
2026-10-05 09:38:19,44.333656,38.76114,31.91,observed
2026-10-05 09:38:20,44.333608,38.76127,31.63,interp_short
2026-10-05 09:38:21,44.333559,38.7614,31.15,observed
2026-10-05 09:38:22,44.333461,38.761661,30.35,observed
2026-10-05 09:38:23,44.333397,38.761834,29.76,interp_short
2026-10-05 09:38:24,44.33333,38.762011,29.3,interp_short
2026-10-05 09:38:25,44.333263,38.762184,28.67,observed
2026-10-05 09:38:26,44.333162,38.762445,27.79,observed
2026-10-05 09:38:27,44.333112,38.762576,27.21,interp_short
2026-10-05 09:38:28,44.333061,38.762706,26.89,observed
2026-10-05 09:38:29,44.33301,38.762837,26.57,interp_short
2026-10-05 09:38:30,44.332958,38.762967,25.96,observed
2026-10-05 09:38:31,44.332855,38.763228,25.01,observed
2026-10-05 09:38:32,44.332803,38.763359,24.42,interp_short
2026-10-05 09:38:33,44.332751,38.763488,24.04,observed
2026-10-05 09:38:34,44.332699,38.76362,23.56,interp_short
2026-10-05 09:38:35,44.332646,38.763748,23.06,observed
2026-10-05 09:38:36,44.332593,38.76388,22.65,interp_short
2026-10-05 09:38:37,44.33254,38.764008,22.06,observed
2026-10-05 09:38:38,44.332434,38.764266,21.06,observed
2026-10-05 09:38:39,44.332326,38.764524,20.04,observed
2026-10-05 09:38:40,44.332273,38.764654,19.55,interp_short
2026-10-05 09:38:41,44.332218,38.764782,19.02,observed
2026-10-05 09:38:42,44.33211,38.765038,18.0,observed
2026-10-05 09:38:43,44.332056,38.765166,17.35,interp_short
2026-10-05 09:38:44,44.332,38.765293,16.97,observed
2026-10-05 09:38:45,44.331947,38.76542,16.5,interp_short
2026-10-05 09:38:46,44.331891,38.765547,15.96,observed
2026-10-05 09:38:47,44.331837,38.765674,15.45,interp_short
2026-10-05 09:38:48,44.33178,38.7658,14.94,observed
2026-10-05 09:38:49,44.331726,38.765926,14.41,interp_short
2026-10-05 09:38:50,44.331669,38.766052,13.94,observed
2026-10-05 09:38:51,44.331615,38.766176,13.54,interp_short
2026-10-05 09:38:52,44.331557,38.766303,12.95,observed
2026-10-05 09:38:53,44.331445,38.766552,11.98,observed
2026-10-05 09:38:54,44.331333,38.7668,11.02,observed
2026-10-05 09:38:55,44.33126,38.766961,10.29,interp_short
2026-10-05 09:38:56,44.331183,38.767127,9.71,interp_short
2026-10-05 09:38:57,44.331106,38.767291,9.18,observed
2026-10-05 09:38:58,44.331033,38.767451,8.6,interp_short
2026-10-05 09:38:59,44.330956,38.767615,8.0,interp_short
2026-10-05 09:39:00,44.330878,38.767777,7.44,observed
2026-10-05 09:39:01,44.330823,38.767896,6.97,interp_short
2026-10-05 09:39:02,44.330764,38.768018,6.62,observed
2026-10-05 09:39:03,44.330708,38.768136,6.34,interp_short
2026-10-05 09:39:04,44.330649,38.768256,5.83,observed
2026-10-05 09:39:05,44.330534,38.768494,5.07,observed
2026-10-05 09:39:06,44.330419,38.76873,5.0,observed
2026-10-05 09:39:07,44.330362,38.768847,5.02,interp_short
2026-10-05 09:39:08,44.330303,38.768964,5.0,observed
2026-10-05 09:39:09,44.330188,38.769197,5.0,observed
2026-10-05 09:39:10,44.330072,38.769428,5.0,observed
2026-10-05 09:39:11,44.330015,38.769543,5.0,interp_short
2026-10-05 09:39:12,44.329956,38.769657,5.0,observed
2026-10-05 09:39:13,44.329899,38.769771,5.0,interp_short
2026-10-05 09:39:14,44.32984,38.769885,5.0,observed
2026-10-05 09:39:15,44.329724,38.770112,5.0,observed
2026-10-05 09:39:16,44.329667,38.770224,5.0,interp_short
2026-10-05 09:39:17,44.329609,38.770337,5.0,observed
2026-10-05 09:39:18,44.329494,38.77056,5.0,interp_short
2026-10-05 09:39:19,44.329377,38.770783,5.0,observed
2026-10-05 09:39:20,44.329261,38.771003,5.0,observed
2026-10-05 09:39:21,44.329146,38.771223,5.0,observed
2026-10-05 09:39:22,44.329089,38.771331,5.0,interp_short
2026-10-05 09:39:23,44.32903,38.771441,5.0,observed
2026-10-05 09:39:24,44.328974,38.771548,5.0,interp_short
2026-10-05 09:39:25,44.328915,38.771658,5.0,observed
2026-10-05 09:39:26,44.3288,38.771873,5.0,observed
2026-10-05 09:39:27,44.328724,38.772017,5.0,interp_short
2026-10-05 09:39:28,44.328649,38.772155,5.0,interp_short
2026-10-05 09:39:29,44.32857,38.772301,5.0,observed
2026-10-05 09:39:30,44.328455,38.772513,5.0,observed
2026-10-05 09:39:31,44.328341,38.772724,5.0,observed
2026-10-05 09:39:32,44.328264,38.772867,5.0,interp_short
2026-10-05 09:39:33,44.32819,38.773002,5.0,interp_short
2026-10-05 09:39:34,44.328113,38.773144,5.0,observed
2026-10-05 09:39:35,44.328,38.773352,5.0,observed
2026-10-05 09:39:36,44.327887,38.77356,5.0,observed
2026-10-05 09:39:37,44.327774,38.773767,5.0,observed
2026-10-05 09:39:38,44.327662,38.773973,5.0,observed
2026-10-05 09:39:39,44.327605,38.774077,5.0,interp_short
2026-10-05 09:39:40,44.327549,38.774178,5.0,observed
2026-10-05 09:39:41,44.327438,38.774384,5.0,observed
2026-10-05 09:39:42,44.327381,38.774488,5.0,interp_short
2026-10-05 09:39:43,44.327326,38.774588,5.0,observed
2026-10-05 09:39:44,44.327215,38.774792,5.0,observed
2026-10-05 09:39:45,44.327104,38.774996,5.0,observed
2026-10-05 09:39:46,44.327029,38.775135,5.0,interp_short
2026-10-05 09:39:47,44.326959,38.775264,5.0,interp_short
2026-10-05 09:39:48,44.326884,38.775403,5.0,observed
2026-10-05 09:39:49,44.326775,38.775605,5.0,observed
2026-10-05 09:39:50,44.326721,38.775705,5.0,interp_short
2026-10-05 09:39:51,44.326666,38.775808,5.0,observed
2026-10-05 09:39:52,44.326557,38.776011,5.0,observed
2026-10-05 09:39:53,44.326448,38.776213,5.0,observed
2026-10-05 09:39:54,44.326395,38.776312,5.0,interp_short
2026-10-05 09:39:55,44.32634,38.776416,5.0,observed
2026-10-05 09:39:56,44.326232,38.776618,5.0,observed
2026-10-05 09:39:57,44.326125,38.776821,5.0,observed
2026-10-05 09:39:58,44.326018,38.777024,5.0,observed
2026-10-05 09:39:59,44.325911,38.777226,5.0,observed
2026-10-05 09:40:00,44.325805,38.777429,5.0,observed
2026-10-05 09:40:01,44.325751,38.777531,4.97,interp_short
2026-10-05 09:40:02,44.325699,38.777632,5.0,observed
2026-10-05 09:40:03,44.325594,38.777836,5.17,observed
2026-10-05 09:40:04,44.325488,38.778039,5.33,observed
2026-10-05 09:40:05,44.325383,38.778243,5.47,observed
2026-10-05 09:40:06,44.325329,38.778347,5.53,interp_short
2026-10-05 09:40:07,44.325279,38.778447,5.58,observed
2026-10-05 09:40:08,44.325174,38.778651,5.67,observed
2026-10-05 09:40:09,44.32507,38.778856,5.73,observed
2026-10-05 09:40:10,44.325017,38.77896,5.76,interp_short
2026-10-05 09:40:11,44.324966,38.779061,5.77,observed
2026-10-05 09:40:12,44.324862,38.779266,5.78,observed
2026-10-05 09:40:13,44.324759,38.779472,5.76,observed
2026-10-05 09:40:14,44.324707,38.779574,5.75,interp_short
2026-10-05 09:40:15,44.324656,38.779678,5.72,observed
2026-10-05 09:40:16,44.324553,38.779884,5.66,observed
2026-10-05 09:40:17,44.32445,38.78009,5.57,observed
2026-10-05 09:40:18,44.324348,38.780297,5.46,observed
2026-10-05 09:40:19,44.324292,38.78041,5.4,interp_short
2026-10-05 09:40:20,44.324246,38.780502,5.36,interp_short
2026-10-05 09:40:21,44.3242,38.780595,5.3,interp_short
2026-10-05 09:40:22,44.324143,38.780712,5.17,observed
2026-10-05 09:40:23,44.324041,38.78092,5.0,observed
2026-10-05 09:40:24,44.323939,38.781129,5.0,observed
2026-10-05 09:40:25,44.323838,38.781337,5.0,observed
2026-10-05 09:40:26,44.323736,38.781546,5.0,observed
2026-10-05 09:40:27,44.323685,38.781651,5.0,interp_short
2026-10-05 09:40:28,44.323635,38.781755,5.0,observed
2026-10-05 09:40:29,44.323534,38.781965,5.0,observed
2026-10-05 09:40:30,44.323435,38.782169,5.0,interp_short
2026-10-05 09:40:31,44.323328,38.782392,5.0,interp_short
2026-10-05 09:40:32,44.32323,38.782595,5.0,observed
2026-10-05 09:40:33,44.323179,38.782702,5.0,interp_short
2026-10-05 09:40:34,44.32313,38.782806,5.0,observed
2026-10-05 09:40:35,44.323061,38.78295,5.0,interp_short
2026-10-05 09:40:36,44.322995,38.783086,5.0,interp_short
2026-10-05 09:40:37,44.322928,38.783228,5.0,observed
2026-10-05 09:40:38,44.322828,38.783439,5.0,observed
2026-10-05 09:40:39,44.322727,38.783651,5.0,observed
2026-10-05 09:40:40,44.322676,38.783758,5.0,interp_short
2026-10-05 09:40:41,44.322627,38.783863,5.0,observed
2026-10-05 09:40:42,44.322527,38.784075,5.0,observed
2026-10-05 09:40:43,44.322476,38.784182,5.0,interp_short
2026-10-05 09:40:44,44.322427,38.784287,5.0,observed
2026-10-05 09:40:45,44.322326,38.7845,5.0,observed
2026-10-05 09:40:46,44.322259,38.784643,5.0,interp_short
2026-10-05 09:40:47,44.322194,38.784781,5.0,interp_short
2026-10-05 09:40:48,44.322127,38.784926,5.0,observed
2026-10-05 09:40:49,44.322027,38.785139,5.0,observed
2026-10-05 09:40:50,44.321927,38.785352,5.0,observed
2026-10-05 09:40:51,44.321878,38.785458,5.0,interp_short
2026-10-05 09:40:52,44.321828,38.785566,5.0,observed
2026-10-05 09:40:53,44.321728,38.78578,5.0,observed
2026-10-05 09:40:54,44.321679,38.785886,5.0,interp_short
2026-10-05 09:40:55,44.321629,38.785994,5.0,observed
2026-10-05 09:40:56,44.32153,38.786209,5.0,observed
2026-10-05 09:40:57,44.321431,38.786424,5.0,observed
2026-10-05 09:40:58,44.321383,38.786531,5.0,interp_short
2026-10-05 09:40:59,44.321332,38.786639,5.0,observed
2026-10-05 09:41:00,44.321234,38.786855,5.0,observed
2026-10-05 09:41:01,44.321135,38.78707,5.0,observed
2026-10-05 09:41:02,44.321037,38.787287,5.0,observed
2026-10-05 09:41:03,44.320989,38.787395,5.0,interp_short
2026-10-05 09:41:04,44.320939,38.787503,5.0,observed
2026-10-05 09:41:05,44.320842,38.78772,5.0,observed
2026-10-05 09:41:06,44.320794,38.787829,5.0,interp_short
2026-10-05 09:41:07,44.320744,38.787938,5.0,observed
2026-10-05 09:41:08,44.320647,38.788155,5.0,observed
2026-10-05 09:41:09,44.32055,38.788374,5.0,observed
2026-10-05 09:41:10,44.320453,38.788593,5.0,observed
2026-10-05 09:41:11,44.320357,38.788812,5.0,observed
2026-10-05 09:41:12,44.320293,38.788918,5.03,reconstructed_gap
2026-10-05 09:41:13,44.320215,38.78908,5.04,reconstructed_gap
2026-10-05 09:41:14,44.320136,38.789242,5.06,reconstructed_gap
2026-10-05 09:41:15,44.320057,38.789404,5.07,reconstructed_gap
2026-10-05 09:41:16,44.319978,38.789567,5.09,reconstructed_gap
2026-10-05 09:41:17,44.319899,38.789729,5.12,reconstructed_gap
2026-10-05 09:41:18,44.319819,38.789891,5.14,reconstructed_gap
2026-10-05 09:41:19,44.31974,38.790053,5.17,reconstructed_gap
2026-10-05 09:41:20,44.31966,38.790214,5.2,reconstructed_gap
2026-10-05 09:41:21,44.319581,38.790376,5.23,reconstructed_gap
2026-10-05 09:41:22,44.319501,38.790538,5.27,reconstructed_gap
2026-10-05 09:41:23,44.319421,38.7907,5.31,reconstructed_gap
2026-10-05 09:41:24,44.31934,38.790862,5.35,reconstructed_gap
2026-10-05 09:41:25,44.31926,38.791023,5.4,reconstructed_gap
2026-10-05 09:41:26,44.31918,38.791185,5.45,reconstructed_gap
2026-10-05 09:41:27,44.319099,38.791347,5.5,reconstructed_gap
2026-10-05 09:41:28,44.319019,38.791508,5.55,reconstructed_gap
2026-10-05 09:41:29,44.318938,38.79167,5.61,reconstructed_gap
2026-10-05 09:41:30,44.318857,38.791831,5.67,reconstructed_gap
2026-10-05 09:41:31,44.318776,38.791993,5.73,reconstructed_gap
2026-10-05 09:41:32,44.318695,38.792154,5.79,reconstructed_gap
2026-10-05 09:41:33,44.318614,38.792315,5.86,reconstructed_gap
2026-10-05 09:41:34,44.318532,38.792477,5.92,reconstructed_gap
2026-10-05 09:41:35,44.318451,38.792638,5.99,reconstructed_gap
2026-10-05 09:41:36,44.318369,38.792799,6.06,reconstructed_gap
2026-10-05 09:41:37,44.318288,38.79296,6.14,reconstructed_gap
2026-10-05 09:41:38,44.318206,38.793121,6.21,reconstructed_gap
2026-10-05 09:41:39,44.318124,38.793282,6.29,reconstructed_gap
2026-10-05 09:41:40,44.318042,38.793443,6.37,reconstructed_gap
2026-10-05 09:41:41,44.31796,38.793604,6.45,reconstructed_gap
2026-10-05 09:41:42,44.317878,38.793765,6.53,reconstructed_gap
2026-10-05 09:41:43,44.317796,38.793926,6.61,reconstructed_gap
2026-10-05 09:41:44,44.317714,38.794087,6.69,reconstructed_gap
2026-10-05 09:41:45,44.317631,38.794248,6.78,reconstructed_gap
2026-10-05 09:41:46,44.317549,38.794409,6.86,reconstructed_gap
2026-10-05 09:41:47,44.317466,38.794569,6.95,reconstructed_gap
2026-10-05 09:41:48,44.317383,38.79473,7.03,reconstructed_gap
2026-10-05 09:41:49,44.317301,38.794891,7.12,reconstructed_gap
2026-10-05 09:41:50,44.317218,38.795051,7.21,reconstructed_gap
2026-10-05 09:41:51,44.317135,38.795212,7.29,reconstructed_gap
2026-10-05 09:41:52,44.317052,38.795372,7.38,reconstructed_gap
2026-10-05 09:41:53,44.316969,38.795532,7.46,reconstructed_gap
2026-10-05 09:41:54,44.316886,38.795693,7.55,reconstructed_gap
2026-10-05 09:41:55,44.316803,38.795853,7.63,reconstructed_gap
2026-10-05 09:41:56,44.316719,38.796013,7.72,reconstructed_gap
2026-10-05 09:41:57,44.316636,38.796174,7.8,reconstructed_gap
2026-10-05 09:41:58,44.316553,38.796334,7.89,reconstructed_gap
2026-10-05 09:41:59,44.316469,38.796494,7.97,reconstructed_gap
2026-10-05 09:42:00,44.316386,38.796654,8.05,reconstructed_gap
2026-10-05 09:42:01,44.316302,38.796814,8.13,reconstructed_gap
2026-10-05 09:42:02,44.316219,38.796974,8.21,reconstructed_gap
2026-10-05 09:42:03,44.316135,38.797134,8.29,reconstructed_gap
2026-10-05 09:42:04,44.316051,38.797294,8.36,reconstructed_gap
2026-10-05 09:42:05,44.315967,38.797454,8.44,reconstructed_gap
2026-10-05 09:42:06,44.315884,38.797614,8.51,reconstructed_gap
2026-10-05 09:42:07,44.3158,38.797773,8.58,reconstructed_gap
2026-10-05 09:42:08,44.315716,38.797933,8.65,reconstructed_gap
2026-10-05 09:42:09,44.315632,38.798093,8.72,reconstructed_gap
2026-10-05 09:42:10,44.315548,38.798252,8.78,reconstructed_gap
2026-10-05 09:42:11,44.315464,38.798412,8.84,reconstructed_gap
2026-10-05 09:42:12,44.31538,38.798571,8.9,reconstructed_gap
2026-10-05 09:42:13,44.315296,38.798731,8.96,reconstructed_gap
2026-10-05 09:42:14,44.315211,38.79889,9.02,reconstructed_gap
2026-10-05 09:42:15,44.315127,38.79905,9.07,reconstructed_gap
2026-10-05 09:42:16,44.315043,38.799209,9.12,reconstructed_gap
2026-10-05 09:42:17,44.314959,38.799368,9.17,reconstructed_gap
2026-10-05 09:42:18,44.314874,38.799527,9.22,reconstructed_gap
2026-10-05 09:42:19,44.31479,38.799686,9.26,reconstructed_gap
2026-10-05 09:42:20,44.314706,38.799846,9.3,reconstructed_gap
2026-10-05 09:42:21,44.314621,38.800005,9.34,reconstructed_gap
2026-10-05 09:42:22,44.314537,38.800164,9.38,reconstructed_gap
2026-10-05 09:42:23,44.314452,38.800323,9.41,reconstructed_gap
2026-10-05 09:42:24,44.314368,38.800481,9.44,reconstructed_gap
2026-10-05 09:42:25,44.314284,38.80064,9.46,reconstructed_gap
2026-10-05 09:42:26,44.314199,38.800799,9.49,reconstructed_gap
2026-10-05 09:42:27,44.314115,38.800958,9.51,reconstructed_gap
2026-10-05 09:42:28,44.31403,38.801117,9.52,reconstructed_gap
2026-10-05 09:42:29,44.313946,38.801275,9.54,reconstructed_gap
2026-10-05 09:42:30,44.313861,38.801434,9.55,reconstructed_gap
2026-10-05 09:42:31,44.313777,38.801592,9.56,reconstructed_gap
2026-10-05 09:42:32,44.313692,38.801751,9.56,reconstructed_gap
2026-10-05 09:42:33,44.313607,38.801909,9.56,reconstructed_gap
2026-10-05 09:42:34,44.313523,38.802068,9.56,reconstructed_gap
2026-10-05 09:42:35,44.313438,38.802226,9.56,reconstructed_gap
2026-10-05 09:42:36,44.313354,38.802384,9.55,reconstructed_gap
2026-10-05 09:42:37,44.313269,38.802543,9.54,reconstructed_gap
2026-10-05 09:42:38,44.313185,38.802701,9.52,reconstructed_gap
2026-10-05 09:42:39,44.3131,38.802859,9.5,reconstructed_gap
2026-10-05 09:42:40,44.313016,38.803017,9.48,reconstructed_gap
2026-10-05 09:42:41,44.312931,38.803175,9.46,reconstructed_gap
2026-10-05 09:42:42,44.312847,38.803333,9.43,reconstructed_gap
2026-10-05 09:42:43,44.312762,38.803491,9.4,reconstructed_gap
2026-10-05 09:42:44,44.312678,38.803649,9.37,reconstructed_gap
2026-10-05 09:42:45,44.312593,38.803807,9.34,reconstructed_gap
2026-10-05 09:42:46,44.312509,38.803964,9.3,reconstructed_gap
2026-10-05 09:42:47,44.312425,38.804122,9.26,reconstructed_gap
2026-10-05 09:42:48,44.31234,38.80428,9.21,reconstructed_gap
2026-10-05 09:42:49,44.312256,38.804437,9.17,reconstructed_gap
2026-10-05 09:42:50,44.312171,38.804595,9.12,reconstructed_gap
2026-10-05 09:42:51,44.312087,38.804753,9.06,reconstructed_gap
2026-10-05 09:42:52,44.312003,38.80491,9.01,reconstructed_gap
2026-10-05 09:42:53,44.311919,38.805067,8.95,reconstructed_gap
2026-10-05 09:42:54,44.311834,38.805225,8.89,reconstructed_gap
2026-10-05 09:42:55,44.31175,38.805382,8.83,reconstructed_gap
2026-10-05 09:42:56,44.311666,38.805539,8.77,reconstructed_gap
2026-10-05 09:42:57,44.311582,38.805696,8.7,reconstructed_gap
2026-10-05 09:42:58,44.311498,38.805853,8.63,reconstructed_gap
2026-10-05 09:42:59,44.311414,38.806011,8.56,reconstructed_gap
2026-10-05 09:43:00,44.31133,38.806168,8.49,reconstructed_gap
2026-10-05 09:43:01,44.311246,38.806324,8.41,reconstructed_gap
2026-10-05 09:43:02,44.311162,38.806481,8.34,reconstructed_gap
2026-10-05 09:43:03,44.311078,38.806638,8.26,reconstructed_gap
2026-10-05 09:43:04,44.310995,38.806795,8.18,reconstructed_gap
2026-10-05 09:43:05,44.310911,38.806952,8.1,reconstructed_gap
2026-10-05 09:43:06,44.310827,38.807108,8.02,reconstructed_gap
2026-10-05 09:43:07,44.310744,38.807265,7.93,reconstructed_gap
2026-10-05 09:43:08,44.31066,38.807422,7.85,reconstructed_gap
2026-10-05 09:43:09,44.310576,38.807578,7.76,reconstructed_gap
2026-10-05 09:43:10,44.310493,38.807734,7.68,reconstructed_gap
2026-10-05 09:43:11,44.31041,38.807891,7.59,reconstructed_gap
2026-10-05 09:43:12,44.310326,38.808047,7.5,reconstructed_gap
2026-10-05 09:43:13,44.310243,38.808203,7.41,reconstructed_gap
2026-10-05 09:43:14,44.31016,38.80836,7.32,reconstructed_gap
2026-10-05 09:43:15,44.310077,38.808516,7.23,reconstructed_gap
2026-10-05 09:43:16,44.309994,38.808672,7.15,reconstructed_gap
2026-10-05 09:43:17,44.309911,38.808828,7.06,reconstructed_gap
2026-10-05 09:43:18,44.309828,38.808984,6.97,reconstructed_gap
2026-10-05 09:43:19,44.309745,38.80914,6.88,reconstructed_gap
2026-10-05 09:43:20,44.309662,38.809296,6.79,reconstructed_gap
2026-10-05 09:43:21,44.309579,38.809451,6.7,reconstructed_gap
2026-10-05 09:43:22,44.309497,38.809607,6.62,reconstructed_gap
2026-10-05 09:43:23,44.309414,38.809763,6.53,reconstructed_gap
2026-10-05 09:43:24,44.309332,38.809918,6.45,reconstructed_gap
2026-10-05 09:43:25,44.30925,38.810074,6.36,reconstructed_gap
2026-10-05 09:43:26,44.309167,38.810229,6.28,reconstructed_gap
2026-10-05 09:43:27,44.309085,38.810385,6.2,reconstructed_gap
2026-10-05 09:43:28,44.309003,38.81054,6.12,reconstructed_gap
2026-10-05 09:43:29,44.308921,38.810695,6.04,reconstructed_gap
2026-10-05 09:43:30,44.308839,38.810851,5.97,reconstructed_gap
2026-10-05 09:43:31,44.308757,38.811006,5.89,reconstructed_gap
2026-10-05 09:43:32,44.308676,38.811161,5.82,reconstructed_gap
2026-10-05 09:43:33,44.308594,38.811316,5.75,reconstructed_gap
2026-10-05 09:43:34,44.308513,38.811471,5.68,reconstructed_gap
2026-10-05 09:43:35,44.308431,38.811626,5.62,reconstructed_gap
2026-10-05 09:43:36,44.30835,38.811781,5.56,reconstructed_gap
2026-10-05 09:43:37,44.308269,38.811936,5.5,reconstructed_gap
2026-10-05 09:43:38,44.308188,38.81209,5.44,reconstructed_gap
2026-10-05 09:43:39,44.308107,38.812245,5.39,reconstructed_gap
2026-10-05 09:43:40,44.308026,38.8124,5.34,reconstructed_gap
2026-10-05 09:43:41,44.307945,38.812554,5.29,reconstructed_gap
2026-10-05 09:43:42,44.307865,38.812709,5.25,reconstructed_gap
2026-10-05 09:43:43,44.307784,38.812863,5.21,reconstructed_gap
2026-10-05 09:43:44,44.307704,38.813017,5.17,reconstructed_gap
2026-10-05 09:43:45,44.307624,38.813172,5.13,reconstructed_gap
2026-10-05 09:43:46,44.307543,38.813326,5.1,reconstructed_gap
2026-10-05 09:43:47,44.307463,38.81348,5.07,reconstructed_gap
2026-10-05 09:43:48,44.307384,38.813634,5.05,reconstructed_gap
2026-10-05 09:43:49,44.307304,38.813788,5.03,reconstructed_gap
2026-10-05 09:43:50,44.307223,38.813943,5.0,observed
2026-10-05 09:43:51,44.307116,38.814139,5.0,observed
2026-10-05 09:43:52,44.307012,38.814338,5.0,observed
2026-10-05 09:43:53,44.30696,38.81444,5.0,interp_short
2026-10-05 09:43:54,44.30691,38.814539,5.0,observed
2026-10-05 09:43:55,44.30686,38.814643,5.0,interp_short
2026-10-05 09:43:56,44.306811,38.814744,5.0,observed
2026-10-05 09:43:57,44.306714,38.814952,5.0,observed
2026-10-05 09:43:58,44.30662,38.815162,5.0,observed
2026-10-05 09:43:59,44.306529,38.815376,5.0,observed
2026-10-05 09:44:00,44.30644,38.815593,5.0,observed
2026-10-05 09:44:01,44.306366,38.815719,5.03,reconstructed_gap
2026-10-05 09:44:02,44.306287,38.815872,5.06,reconstructed_gap
2026-10-05 09:44:03,44.306209,38.816025,5.09,reconstructed_gap
2026-10-05 09:44:04,44.306131,38.816178,5.12,reconstructed_gap
2026-10-05 09:44:05,44.306052,38.81633,5.16,reconstructed_gap
2026-10-05 09:44:06,44.305974,38.816483,5.2,reconstructed_gap
2026-10-05 09:44:07,44.305895,38.816636,5.25,reconstructed_gap
2026-10-05 09:44:08,44.305817,38.816788,5.31,reconstructed_gap
2026-10-05 09:44:09,44.305739,38.81694,5.37,reconstructed_gap
2026-10-05 09:44:10,44.305661,38.817093,5.44,reconstructed_gap
2026-10-05 09:44:11,44.305582,38.817245,5.51,reconstructed_gap
2026-10-05 09:44:12,44.305504,38.817397,5.59,reconstructed_gap
2026-10-05 09:44:13,44.305426,38.817549,5.67,reconstructed_gap
2026-10-05 09:44:14,44.305348,38.817701,5.76,reconstructed_gap
2026-10-05 09:44:15,44.30527,38.817853,5.86,reconstructed_gap
2026-10-05 09:44:16,44.305192,38.818005,5.96,reconstructed_gap
2026-10-05 09:44:17,44.305114,38.818156,6.07,reconstructed_gap
2026-10-05 09:44:18,44.305036,38.818308,6.18,reconstructed_gap
2026-10-05 09:44:19,44.304958,38.818459,6.3,reconstructed_gap
2026-10-05 09:44:20,44.30488,38.818611,6.43,reconstructed_gap
2026-10-05 09:44:21,44.304802,38.818762,6.56,reconstructed_gap
2026-10-05 09:44:22,44.304724,38.818913,6.69,reconstructed_gap
2026-10-05 09:44:23,44.304646,38.819065,6.84,reconstructed_gap
2026-10-05 09:44:24,44.304568,38.819216,6.98,reconstructed_gap
2026-10-05 09:44:25,44.304491,38.819367,7.14,reconstructed_gap
2026-10-05 09:44:26,44.304413,38.819518,7.29,reconstructed_gap
2026-10-05 09:44:27,44.304335,38.819669,7.46,reconstructed_gap
2026-10-05 09:44:28,44.304258,38.81982,7.62,reconstructed_gap
2026-10-05 09:44:29,44.30418,38.81997,7.8,reconstructed_gap
2026-10-05 09:44:30,44.304102,38.820121,7.97,reconstructed_gap
2026-10-05 09:44:31,44.304025,38.820271,8.16,reconstructed_gap
2026-10-05 09:44:32,44.303947,38.820422,8.34,reconstructed_gap
2026-10-05 09:44:33,44.303869,38.820572,8.53,reconstructed_gap
2026-10-05 09:44:34,44.303792,38.820723,8.73,reconstructed_gap
2026-10-05 09:44:35,44.303714,38.820873,8.93,reconstructed_gap
2026-10-05 09:44:36,44.303637,38.821023,9.13,reconstructed_gap
2026-10-05 09:44:37,44.30356,38.821173,9.33,reconstructed_gap
2026-10-05 09:44:38,44.303482,38.821323,9.54,reconstructed_gap
2026-10-05 09:44:39,44.303405,38.821473,9.76,reconstructed_gap
2026-10-05 09:44:40,44.303327,38.821623,9.97,reconstructed_gap
2026-10-05 09:44:41,44.30325,38.821773,10.19,reconstructed_gap
2026-10-05 09:44:42,44.303173,38.821923,10.42,reconstructed_gap
2026-10-05 09:44:43,44.303095,38.822072,10.64,reconstructed_gap
2026-10-05 09:44:44,44.303018,38.822222,10.87,reconstructed_gap
2026-10-05 09:44:45,44.302941,38.822371,11.1,reconstructed_gap
2026-10-05 09:44:46,44.302864,38.822521,11.33,reconstructed_gap
2026-10-05 09:44:47,44.302786,38.82267,11.57,reconstructed_gap
2026-10-05 09:44:48,44.302709,38.82282,11.8,reconstructed_gap
2026-10-05 09:44:49,44.302632,38.822969,12.04,reconstructed_gap
2026-10-05 09:44:50,44.302555,38.823118,12.28,reconstructed_gap
2026-10-05 09:44:51,44.302478,38.823267,12.53,reconstructed_gap
2026-10-05 09:44:52,44.302401,38.823416,12.77,reconstructed_gap
2026-10-05 09:44:53,44.302323,38.823565,13.01,reconstructed_gap
2026-10-05 09:44:54,44.302246,38.823714,13.26,reconstructed_gap
2026-10-05 09:44:55,44.302169,38.823863,13.51,reconstructed_gap
2026-10-05 09:44:56,44.302092,38.824011,13.76,reconstructed_gap
2026-10-05 09:44:57,44.302015,38.82416,14.01,reconstructed_gap
2026-10-05 09:44:58,44.301938,38.824309,14.26,reconstructed_gap
2026-10-05 09:44:59,44.301861,38.824457,14.51,reconstructed_gap
2026-10-05 09:45:00,44.301784,38.824606,14.76,reconstructed_gap
2026-10-05 09:45:01,44.301707,38.824754,15.01,reconstructed_gap
2026-10-05 09:45:02,44.30163,38.824902,15.26,reconstructed_gap
2026-10-05 09:45:03,44.301553,38.82505,15.51,reconstructed_gap
2026-10-05 09:45:04,44.301477,38.825199,15.76,reconstructed_gap
2026-10-05 09:45:05,44.3014,38.825347,16.01,reconstructed_gap
2026-10-05 09:45:06,44.301323,38.825495,16.26,reconstructed_gap
2026-10-05 09:45:07,44.301246,38.825643,16.51,reconstructed_gap
2026-10-05 09:45:08,44.301169,38.825791,16.76,reconstructed_gap
2026-10-05 09:45:09,44.301092,38.825938,17.01,reconstructed_gap
2026-10-05 09:45:10,44.301015,38.826086,17.26,reconstructed_gap
2026-10-05 09:45:11,44.300939,38.826234,17.51,reconstructed_gap
2026-10-05 09:45:12,44.300862,38.826382,17.75,reconstructed_gap
2026-10-05 09:45:13,44.300785,38.826529,18.0,reconstructed_gap
2026-10-05 09:45:14,44.300708,38.826677,18.24,reconstructed_gap
2026-10-05 09:45:15,44.300631,38.826824,18.49,reconstructed_gap
2026-10-05 09:45:16,44.300555,38.826971,18.73,reconstructed_gap
2026-10-05 09:45:17,44.300478,38.827119,18.97,reconstructed_gap
2026-10-05 09:45:18,44.300401,38.827266,19.21,reconstructed_gap
2026-10-05 09:45:19,44.300325,38.827413,19.44,reconstructed_gap
2026-10-05 09:45:20,44.300248,38.82756,19.68,reconstructed_gap
2026-10-05 09:45:21,44.300171,38.827707,19.92,reconstructed_gap
2026-10-05 09:45:22,44.300094,38.827854,20.15,reconstructed_gap
2026-10-05 09:45:23,44.300018,38.828001,20.38,reconstructed_gap
2026-10-05 09:45:24,44.299941,38.828148,20.61,reconstructed_gap
2026-10-05 09:45:25,44.299864,38.828295,20.84,reconstructed_gap
2026-10-05 09:45:26,44.299788,38.828441,21.06,reconstructed_gap
2026-10-05 09:45:27,44.299711,38.828588,21.29,reconstructed_gap
2026-10-05 09:45:28,44.299634,38.828735,21.51,reconstructed_gap
2026-10-05 09:45:29,44.299558,38.828881,21.73,reconstructed_gap
2026-10-05 09:45:30,44.299481,38.829028,21.95,reconstructed_gap
2026-10-05 09:45:31,44.299404,38.829174,22.16,reconstructed_gap
2026-10-05 09:45:32,44.299328,38.829321,22.38,reconstructed_gap
2026-10-05 09:45:33,44.299251,38.829467,22.59,reconstructed_gap
2026-10-05 09:45:34,44.299174,38.829613,22.8,reconstructed_gap
2026-10-05 09:45:35,44.299098,38.829759,23.01,reconstructed_gap
2026-10-05 09:45:36,44.299021,38.829905,23.21,reconstructed_gap
2026-10-05 09:45:37,44.298945,38.830051,23.42,reconstructed_gap
2026-10-05 09:45:38,44.298868,38.830197,23.62,reconstructed_gap
2026-10-05 09:45:39,44.298791,38.830343,23.82,reconstructed_gap
2026-10-05 09:45:40,44.298715,38.830489,24.02,reconstructed_gap
2026-10-05 09:45:41,44.298638,38.830635,24.21,reconstructed_gap
2026-10-05 09:45:42,44.298561,38.830781,24.4,reconstructed_gap
2026-10-05 09:45:43,44.298485,38.830926,24.6,reconstructed_gap
2026-10-05 09:45:44,44.298408,38.831072,24.79,reconstructed_gap
2026-10-05 09:45:45,44.298332,38.831217,24.97,reconstructed_gap
2026-10-05 09:45:46,44.298255,38.831363,25.16,reconstructed_gap
2026-10-05 09:45:47,44.298178,38.831508,25.34,reconstructed_gap
2026-10-05 09:45:48,44.298102,38.831654,25.52,reconstructed_gap
2026-10-05 09:45:49,44.298025,38.831799,25.7,reconstructed_gap
2026-10-05 09:45:50,44.297949,38.831944,25.88,reconstructed_gap
2026-10-05 09:45:51,44.297872,38.83209,26.05,reconstructed_gap
2026-10-05 09:45:52,44.297795,38.832235,26.23,reconstructed_gap
2026-10-05 09:45:53,44.297719,38.83238,26.4,reconstructed_gap
2026-10-05 09:45:54,44.297642,38.832525,26.57,reconstructed_gap
2026-10-05 09:45:55,44.297565,38.83267,26.74,reconstructed_gap
2026-10-05 09:45:56,44.297489,38.832815,26.9,reconstructed_gap
2026-10-05 09:45:57,44.297412,38.83296,27.07,reconstructed_gap
2026-10-05 09:45:58,44.297335,38.833104,27.23,reconstructed_gap
2026-10-05 09:45:59,44.297259,38.833249,27.39,reconstructed_gap
2026-10-05 09:46:00,44.297182,38.833394,27.56,reconstructed_gap
2026-10-05 09:46:01,44.297105,38.833539,27.72,reconstructed_gap
2026-10-05 09:46:02,44.297029,38.833683,27.87,reconstructed_gap
2026-10-05 09:46:03,44.296952,38.833828,28.03,reconstructed_gap
2026-10-05 09:46:04,44.296875,38.833972,28.19,reconstructed_gap
2026-10-05 09:46:05,44.296798,38.834117,28.34,reconstructed_gap
2026-10-05 09:46:06,44.296722,38.834261,28.5,reconstructed_gap
2026-10-05 09:46:07,44.296645,38.834405,28.65,reconstructed_gap
2026-10-05 09:46:08,44.296568,38.834549,28.8,reconstructed_gap
2026-10-05 09:46:09,44.296491,38.834694,28.95,reconstructed_gap
2026-10-05 09:46:10,44.296415,38.834838,29.11,reconstructed_gap
2026-10-05 09:46:11,44.296338,38.834982,29.26,reconstructed_gap
2026-10-05 09:46:12,44.296261,38.835126,29.41,reconstructed_gap
2026-10-05 09:46:13,44.296184,38.83527,29.56,reconstructed_gap
2026-10-05 09:46:14,44.296107,38.835414,29.71,reconstructed_gap
2026-10-05 09:46:15,44.29603,38.835558,29.86,reconstructed_gap
2026-10-05 09:46:16,44.295954,38.835702,30.01,reconstructed_gap
2026-10-05 09:46:17,44.295877,38.835845,30.16,reconstructed_gap
2026-10-05 09:46:18,44.2958,38.835989,30.31,reconstructed_gap
2026-10-05 09:46:19,44.295723,38.836133,30.46,reconstructed_gap
2026-10-05 09:46:20,44.295646,38.836276,30.61,reconstructed_gap
2026-10-05 09:46:21,44.295569,38.83642,30.76,reconstructed_gap
2026-10-05 09:46:22,44.295492,38.836563,30.91,reconstructed_gap
2026-10-05 09:46:23,44.295415,38.836707,31.07,reconstructed_gap
2026-10-05 09:46:24,44.295338,38.83685,31.22,reconstructed_gap
2026-10-05 09:46:25,44.295261,38.836994,31.37,reconstructed_gap
2026-10-05 09:46:26,44.295184,38.837137,31.53,reconstructed_gap
2026-10-05 09:46:27,44.295107,38.83728,31.69,reconstructed_gap
2026-10-05 09:46:28,44.29503,38.837423,31.84,reconstructed_gap
2026-10-05 09:46:29,44.294953,38.837566,32.0,reconstructed_gap
2026-10-05 09:46:30,44.294876,38.837709,32.16,reconstructed_gap
2026-10-05 09:46:31,44.294799,38.837853,32.33,reconstructed_gap
2026-10-05 09:46:32,44.294721,38.837996,32.49,reconstructed_gap
2026-10-05 09:46:33,44.294644,38.838138,32.66,reconstructed_gap
2026-10-05 09:46:34,44.294567,38.838281,32.82,reconstructed_gap
2026-10-05 09:46:35,44.29449,38.838424,32.99,reconstructed_gap
2026-10-05 09:46:36,44.294413,38.838567,33.16,reconstructed_gap
2026-10-05 09:46:37,44.294335,38.83871,33.34,reconstructed_gap
2026-10-05 09:46:38,44.294258,38.838852,33.51,reconstructed_gap
2026-10-05 09:46:39,44.294181,38.838995,33.69,reconstructed_gap
2026-10-05 09:46:40,44.294103,38.839138,33.87,reconstructed_gap
2026-10-05 09:46:41,44.294026,38.83928,34.06,reconstructed_gap
2026-10-05 09:46:42,44.293949,38.839423,34.24,reconstructed_gap
2026-10-05 09:46:43,44.293871,38.839565,34.43,reconstructed_gap
2026-10-05 09:46:44,44.293794,38.839707,34.62,reconstructed_gap
2026-10-05 09:46:45,44.293716,38.83985,34.82,reconstructed_gap
2026-10-05 09:46:46,44.293639,38.839992,35.01,reconstructed_gap
2026-10-05 09:46:47,44.293561,38.840134,35.21,reconstructed_gap
2026-10-05 09:46:48,44.293484,38.840277,35.41,reconstructed_gap
2026-10-05 09:46:49,44.293406,38.840419,35.62,reconstructed_gap
2026-10-05 09:46:50,44.293328,38.840561,35.83,reconstructed_gap
2026-10-05 09:46:51,44.293251,38.840703,36.04,reconstructed_gap
2026-10-05 09:46:52,44.293173,38.840845,36.25,reconstructed_gap
2026-10-05 09:46:53,44.293095,38.840987,36.47,reconstructed_gap
2026-10-05 09:46:54,44.293018,38.841129,36.69,reconstructed_gap
2026-10-05 09:46:55,44.29294,38.841271,36.91,reconstructed_gap
2026-10-05 09:46:56,44.292862,38.841413,37.14,reconstructed_gap
2026-10-05 09:46:57,44.292784,38.841554,37.37,reconstructed_gap
2026-10-05 09:46:58,44.292706,38.841696,37.6,reconstructed_gap
2026-10-05 09:46:59,44.292628,38.841838,37.84,reconstructed_gap
2026-10-05 09:47:00,44.29255,38.841979,38.07,reconstructed_gap
2026-10-05 09:47:01,44.292472,38.842121,38.31,reconstructed_gap
2026-10-05 09:47:02,44.292394,38.842263,38.56,reconstructed_gap
2026-10-05 09:47:03,44.292316,38.842404,38.8,reconstructed_gap
2026-10-05 09:47:04,44.292238,38.842545,39.05,reconstructed_gap
2026-10-05 09:47:05,44.29216,38.842687,39.3,reconstructed_gap
2026-10-05 09:47:06,44.292082,38.842828,39.55,reconstructed_gap
2026-10-05 09:47:07,44.292004,38.84297,39.8,reconstructed_gap
2026-10-05 09:47:08,44.291925,38.843111,40.05,reconstructed_gap
2026-10-05 09:47:09,44.291847,38.843252,40.31,reconstructed_gap
2026-10-05 09:47:10,44.291769,38.843393,40.56,reconstructed_gap
2026-10-05 09:47:11,44.29169,38.843534,40.82,reconstructed_gap
2026-10-05 09:47:12,44.291612,38.843676,41.07,reconstructed_gap
2026-10-05 09:47:13,44.291533,38.843817,41.33,reconstructed_gap
2026-10-05 09:47:14,44.291456,38.844017,41.31,observed
2026-10-05 09:47:15,44.291353,38.844169,41.72,observed
2026-10-05 09:47:16,44.291302,38.844247,41.93,interp_short
2026-10-05 09:47:17,44.29125,38.844322,42.11,observed
2026-10-05 09:47:18,44.29115,38.844479,42.43,interp_short
2026-10-05 09:47:19,44.291049,38.844635,42.82,observed
2026-10-05 09:47:20,44.29095,38.844794,43.15,observed
2026-10-05 09:47:21,44.290877,38.844915,43.4,interp_short
2026-10-05 09:47:22,44.290803,38.845037,43.6,observed
2026-10-05 09:47:23,44.290731,38.84516,43.8,interp_short
2026-10-05 09:47:24,44.290658,38.845283,44.02,observed
2026-10-05 09:47:25,44.290561,38.84545,44.28,observed
2026-10-05 09:47:26,44.290465,38.845619,44.53,observed
2026-10-05 09:47:27,44.290418,38.845703,44.65,interp_short
2026-10-05 09:47:28,44.29037,38.845789,44.76,observed
2026-10-05 09:47:29,44.290274,38.845961,44.99,observed
2026-10-05 09:47:30,44.290179,38.846135,45.21,observed
2026-10-05 09:47:31,44.290083,38.846311,45.42,observed
2026-10-05 09:47:32,44.289988,38.846488,45.63,observed
2026-10-05 09:47:33,44.289892,38.846667,45.83,observed
2026-10-05 09:47:34,44.289795,38.846848,46.04,observed
2026-10-05 09:47:35,44.289748,38.846937,46.14,interp_short
2026-10-05 09:47:36,44.289699,38.84703,46.25,observed
2026-10-05 09:47:37,44.289602,38.847214,46.47,observed
2026-10-05 09:47:38,44.289504,38.847399,46.69,observed
2026-10-05 09:47:39,44.289405,38.847585,46.93,observed
2026-10-05 09:47:40,44.289356,38.847678,47.05,interp_short
2026-10-05 09:47:41,44.289306,38.847773,47.18,observed
2026-10-05 09:47:42,44.289206,38.847962,47.44,observed
2026-10-05 09:47:43,44.289104,38.848153,47.72,observed
2026-10-05 09:47:44,44.289002,38.848345,48.02,observed
2026-10-05 09:47:45,44.288899,38.848537,48.35,observed
2026-10-05 09:47:46,44.288815,38.848693,48.65,interp_short
2026-10-05 09:47:47,44.288731,38.84885,48.93,interp_short
2026-10-05 09:47:48,44.288646,38.849007,49.22,interp_short
2026-10-05 09:47:49,44.28856,38.849164,49.53,interp_short
2026-10-05 09:47:50,44.288474,38.849319,49.9,observed
2026-10-05 09:47:51,44.288365,38.849517,50.36,observed
2026-10-05 09:47:52,44.288254,38.849716,50.86,observed
2026-10-05 09:47:53,44.288198,38.849817,51.1,interp_short
2026-10-05 09:47:54,44.288142,38.849915,51.39,observed
2026-10-05 09:47:55,44.288028,38.850116,51.95,observed
2026-10-05 09:47:56,44.287971,38.850218,52.26,interp_short
2026-10-05 09:47:57,44.287914,38.850316,52.55,observed
2026-10-05 09:47:58,44.287797,38.850518,53.18,observed
2026-10-05 09:47:59,44.287679,38.85072,53.85,observed
2026-10-05 09:48:00,44.287619,38.850824,54.19,interp_short
2026-10-05 09:48:01,44.28756,38.850922,54.56,observed
2026-10-05 09:48:02,44.287439,38.851125,55.31,observed
2026-10-05 09:48:03,44.287317,38.851328,56.09,observed
2026-10-05 09:48:04,44.287193,38.851532,56.91,observed
2026-10-05 09:48:05,44.287131,38.851636,57.31,interp_short
2026-10-05 09:48:06,44.287068,38.851735,57.76,observed
2026-10-05 09:48:07,44.286941,38.851939,58.65,observed
2026-10-05 09:48:08,44.286877,38.852043,59.25,interp_short
2026-10-05 09:48:09,44.286813,38.852143,59.58,observed
2026-10-05 09:48:10,44.286748,38.852247,59.92,interp_short
2026-10-05 09:48:11,44.286684,38.852347,60.53,observed
2026-10-05 09:48:12,44.286553,38.852552,61.52,observed
2026-10-05 09:48:13,44.286421,38.852756,62.54,observed
2026-10-05 09:48:14,44.286355,38.852859,63.19,interp_short
2026-10-05 09:48:15,44.286288,38.85296,63.58,observed
2026-10-05 09:48:16,44.286221,38.853063,63.98,interp_short
2026-10-05 09:48:17,44.286153,38.853164,64.66,observed
2026-10-05 09:48:18,44.286017,38.853368,65.75,observed
2026-10-05 09:48:19,44.28588,38.853572,66.87,observed
2026-10-05 09:48:20,44.285813,38.853673,67.58,interp_short
2026-10-05 09:48:21,44.285742,38.853775,68.0,observed
2026-10-05 09:48:22,44.285674,38.853876,68.4,interp_short
2026-10-05 09:48:23,44.285602,38.853978,69.16,observed
2026-10-05 09:48:24,44.285462,38.854181,70.32,observed
2026-10-05 09:48:25,44.285393,38.854282,70.9,interp_short
2026-10-05 09:48:26,44.28532,38.854384,71.5,observed
2026-10-05 09:48:27,44.285178,38.854586,72.69,observed
2026-10-05 09:48:28,44.285108,38.854686,73.41,interp_short
2026-10-05 09:48:29,44.285034,38.854788,73.88,observed
2026-10-05 09:48:30,44.284931,38.854934,74.65,interp_short
2026-10-05 09:48:31,44.284821,38.855086,75.64,interp_short
2026-10-05 09:48:32,44.284709,38.85524,76.65,interp_short
2026-10-05 09:48:33,44.284599,38.85539,77.45,observed
2026-10-05 09:48:34,44.284528,38.855489,77.97,interp_short
2026-10-05 09:48:35,44.284453,38.85559,78.63,observed
2026-10-05 09:48:36,44.284305,38.855789,79.8,observed
2026-10-05 09:48:37,44.284158,38.855988,80.96,observed
2026-10-05 09:48:38,44.284085,38.856087,81.5,interp_short
2026-10-05 09:48:39,44.284009,38.856186,82.1,observed
2026-10-05 09:48:40,44.28386,38.856384,83.22,observed
2026-10-05 09:48:41,44.283786,38.856483,83.78,interp_short
2026-10-05 09:48:42,44.283711,38.856581,84.32,observed
2026-10-05 09:48:43,44.283561,38.856777,85.4,observed
2026-10-05 09:48:44,44.283486,38.856876,85.96,interp_short
2026-10-05 09:48:45,44.283411,38.856973,86.45,observed
2026-10-05 09:48:46,44.283261,38.857168,87.47,observed
2026-10-05 09:48:47,44.283111,38.857362,88.45,observed
2026-10-05 09:48:48,44.28296,38.857555,89.41,observed
2026-10-05 09:48:49,44.282883,38.857654,89.98,interp_short
2026-10-05 09:48:50,44.282809,38.857748,90.32,observed
2026-10-05 09:48:51,44.282732,38.857847,90.73,interp_short
2026-10-05 09:48:52,44.282658,38.857941,91.2,observed
2026-10-05 09:48:53,44.282556,38.858071,91.66,interp_short
2026-10-05 09:48:54,44.282455,38.858198,92.17,interp_short
2026-10-05 09:48:55,44.282356,38.858323,92.84,observed
2026-10-05 09:48:56,44.282205,38.858513,93.59,observed
2026-10-05 09:48:57,44.282129,38.85861,93.96,interp_short
2026-10-05 09:48:58,44.282054,38.858703,94.3,observed
2026-10-05 09:48:59,44.281903,38.858892,94.97,observed
2026-10-05 09:49:00,44.281752,38.85908,95.59,observed
2026-10-05 09:49:01,44.281677,38.859174,95.94,interp_short
2026-10-05 09:49:02,44.281602,38.859268,96.16,observed
2026-10-05 09:49:03,44.281527,38.859361,96.43,interp_short
2026-10-05 09:49:04,44.281451,38.859454,96.69,observed
2026-10-05 09:49:05,44.281377,38.859547,96.88,interp_short
2026-10-05 09:49:06,44.281301,38.859641,97.17,observed
2026-10-05 09:49:07,44.281151,38.859826,97.61,observed
2026-10-05 09:49:08,44.281077,38.859918,97.83,interp_short
2026-10-05 09:49:09,44.281002,38.860011,98.0,observed
2026-10-05 09:49:10,44.280853,38.860196,98.35,observed
2026-10-05 09:49:11,44.280704,38.860379,98.65,observed
2026-10-05 09:49:12,44.28063,38.860471,98.79,interp_short
2026-10-05 09:49:13,44.280555,38.860563,98.91,observed
2026-10-05 09:49:14,44.280407,38.860745,99.13,observed
2026-10-05 09:49:15,44.280259,38.860927,99.3,observed
2026-10-05 09:49:16,44.280185,38.861018,99.38,interp_short
2026-10-05 09:49:17,44.280111,38.861109,99.44,observed
2026-10-05 09:49:18,44.279964,38.86129,99.53,interp_short
2026-10-05 09:49:19,44.279817,38.86147,99.61,observed
2026-10-05 09:49:20,44.279743,38.861562,99.64,interp_short
2026-10-05 09:49:21,44.279671,38.861651,99.64,observed
2026-10-05 09:49:22,44.279597,38.861742,99.64,interp_short
2026-10-05 09:49:23,44.279525,38.86183,99.64,observed
2026-10-05 09:49:24,44.27938,38.862009,99.61,observed
2026-10-05 09:49:25,44.279281,38.862131,99.57,interp_short
2026-10-05 09:49:26,44.279185,38.862249,99.52,interp_short
2026-10-05 09:49:27,44.27909,38.862366,99.48,observed
2026-10-05 09:49:28,44.279016,38.862457,99.44,interp_short
2026-10-05 09:49:29,44.278946,38.862544,99.38,observed
2026-10-05 09:49:30,44.278802,38.862722,99.26,observed
2026-10-05 09:49:31,44.278659,38.862899,99.13,observed
2026-10-05 09:49:32,44.278586,38.862989,99.07,interp_short
2026-10-05 09:49:33,44.278516,38.863076,98.98,observed
2026-10-05 09:49:34,44.278373,38.863253,98.81,observed
2026-10-05 09:49:35,44.278301,38.863341,98.72,interp_short
2026-10-05 09:49:36,44.278231,38.863429,98.64,observed
2026-10-05 09:49:37,44.278089,38.863605,98.47,observed
2026-10-05 09:49:38,44.278018,38.863693,98.35,interp_short
2026-10-05 09:49:39,44.277947,38.863781,98.28,observed
2026-10-05 09:49:40,44.277877,38.863869,98.19,interp_short
2026-10-05 09:49:41,44.277806,38.863957,98.1,observed
2026-10-05 09:49:42,44.277713,38.864073,98.0,interp_short
2026-10-05 09:49:43,44.27762,38.864188,97.89,interp_short
2026-10-05 09:49:44,44.277525,38.864307,97.74,observed
2026-10-05 09:49:45,44.277385,38.864482,97.56,observed
2026-10-05 09:49:46,44.277316,38.864567,97.45,interp_short
2026-10-05 09:49:47,44.277245,38.864657,97.39,observed
2026-10-05 09:49:48,44.277154,38.864771,97.31,interp_short
2026-10-05 09:49:49,44.277062,38.864887,97.2,interp_short
2026-10-05 09:49:50,44.276966,38.865007,97.08,observed
2026-10-05 09:49:51,44.276827,38.865181,96.94,observed
2026-10-05 09:49:52,44.276689,38.865356,96.81,observed
2026-10-05 09:49:53,44.276621,38.865441,96.75,interp_short
2026-10-05 09:49:54,44.27655,38.86553,96.7,observed
2026-10-05 09:49:55,44.276412,38.865704,96.6,observed
2026-10-05 09:49:56,44.276345,38.865789,96.55,interp_short
2026-10-05 09:49:57,44.276274,38.865878,96.52,observed
2026-10-05 09:49:58,44.276136,38.866052,96.46,observed
2026-10-05 09:49:59,44.275999,38.866224,96.41,interp_short
2026-10-05 09:50:00,44.275861,38.8664,96.38,observed
2026-10-05 09:50:01,44.275723,38.866574,96.37,observed
2026-10-05 09:50:02,44.275631,38.866691,96.37,interp_short
2026-10-05 09:50:03,44.275543,38.866803,96.39,interp_short
2026-10-05 09:50:04,44.275449,38.866922,96.4,observed
2026-10-05 09:50:05,44.275381,38.867008,96.41,interp_short
2026-10-05 09:50:06,44.275312,38.867096,96.44,observed
2026-10-05 09:50:07,44.275176,38.86727,96.49,observed
2026-10-05 09:50:08,44.275039,38.867444,96.56,observed
2026-10-05 09:50:09,44.27497,38.867531,96.6,interp_short
2026-10-05 09:50:10,44.274902,38.867618,96.65,observed
2026-10-05 09:50:11,44.274766,38.867792,96.74,interp_short
2026-10-05 09:50:12,44.27463,38.867966,96.85,observed
2026-10-05 09:50:13,44.274494,38.868139,96.97,observed
2026-10-05 09:50:14,44.274357,38.868313,97.1,observed
2026-10-05 09:50:15,44.274288,38.868401,97.17,interp_short
2026-10-05 09:50:16,44.274221,38.868487,97.24,observed
2026-10-05 09:50:17,44.274086,38.868661,97.38,observed
2026-10-05 09:50:18,44.27395,38.868834,97.52,observed
2026-10-05 09:50:19,44.273882,38.868921,97.59,interp_short
2026-10-05 09:50:20,44.273814,38.869008,97.67,observed
2026-10-05 09:50:21,44.273678,38.869182,97.81,observed
2026-10-05 09:50:22,44.273611,38.869268,97.88,interp_short
2026-10-05 09:50:23,44.273543,38.869355,97.95,observed
2026-10-05 09:50:24,44.273407,38.869529,98.09,observed
2026-10-05 09:50:25,44.273272,38.869702,98.22,observed
2026-10-05 09:50:26,44.273137,38.869876,98.35,observed
2026-10-05 09:50:27,44.273071,38.869961,98.41,interp_short
2026-10-05 09:50:28,44.273002,38.870049,98.46,observed
2026-10-05 09:50:29,44.272867,38.870222,98.56,observed
2026-10-05 09:50:30,44.272732,38.870395,98.65,observed
2026-10-05 09:50:31,44.272597,38.870568,98.72,observed
2026-10-05 09:50:32,44.272532,38.870652,98.75,interp_short
2026-10-05 09:50:33,44.272463,38.870741,98.77,observed
2026-10-05 09:50:34,44.272328,38.870913,98.8,observed
2026-10-05 09:50:35,44.272194,38.871086,98.82,observed
2026-10-05 09:50:36,44.27206,38.871258,98.81,observed
2026-10-05 09:50:37,44.271926,38.87143,98.77,observed
2026-10-05 09:50:38,44.271835,38.871547,98.74,interp_short
2026-10-05 09:50:39,44.271751,38.871655,98.7,interp_short
2026-10-05 09:50:40,44.271659,38.871773,98.63,observed
2026-10-05 09:50:41,44.271526,38.871945,98.52,observed
2026-10-05 09:50:42,44.271393,38.872116,98.38,observed
2026-10-05 09:50:43,44.27126,38.872286,98.21,observed
2026-10-05 09:50:44,44.271127,38.872457,98.02,observed
2026-10-05 09:50:45,44.270995,38.872627,97.79,observed
2026-10-05 09:50:46,44.270863,38.872797,97.54,observed
2026-10-05 09:50:47,44.270731,38.872967,97.26,observed
2026-10-05 09:50:48,44.2706,38.873136,96.96,observed
2026-10-05 09:50:49,44.270533,38.873223,96.75,interp_short
2026-10-05 09:50:50,44.270469,38.873305,96.62,observed
2026-10-05 09:50:51,44.270402,38.873391,96.5,interp_short
2026-10-05 09:50:52,44.270338,38.873473,96.27,observed
2026-10-05 09:50:53,44.270208,38.873641,95.88,observed
2026-10-05 09:50:54,44.270077,38.873809,95.48,observed
2026-10-05 09:50:55,44.269948,38.873976,95.05,observed
2026-10-05 09:50:56,44.269818,38.874143,94.6,observed
2026-10-05 09:50:57,44.269753,38.874227,94.38,interp_short
2026-10-05 09:50:58,44.269689,38.87431,94.14,observed
2026-10-05 09:50:59,44.26956,38.874476,93.65,observed
2026-10-05 09:51:00,44.269432,38.874641,93.16,observed
2026-10-05 09:51:01,44.269304,38.874806,92.65,observed
2026-10-05 09:51:02,44.269176,38.874971,92.13,observed
2026-10-05 09:51:03,44.269114,38.875052,91.87,interp_short
2026-10-05 09:51:04,44.269049,38.875136,91.61,observed
2026-10-05 09:51:05,44.268922,38.875299,91.08,observed
2026-10-05 09:51:06,44.268796,38.875463,90.55,observed
2026-10-05 09:51:07,44.268733,38.875544,90.29,interp_short
2026-10-05 09:51:08,44.268669,38.875626,90.02,observed
2026-10-05 09:51:09,44.268544,38.875789,89.49,observed
2026-10-05 09:51:10,44.268418,38.875951,88.97,observed
2026-10-05 09:51:11,44.268293,38.876112,88.46,observed
2026-10-05 09:51:12,44.268169,38.876274,87.96,observed
2026-10-05 09:51:13,44.268044,38.876435,87.48,observed
2026-10-05 09:51:14,44.267921,38.876595,87.01,observed
2026-10-05 09:51:15,44.267797,38.876755,86.57,observed
2026-10-05 09:51:16,44.267674,38.876915,86.15,observed
2026-10-05 09:51:17,44.267551,38.877075,85.75,observed
2026-10-05 09:51:18,44.267487,38.877157,85.52,interp_short
2026-10-05 09:51:19,44.267428,38.877234,85.38,observed
2026-10-05 09:51:20,44.267342,38.877346,85.22,interp_short
2026-10-05 09:51:21,44.267267,38.877443,85.01,interp_short
2026-10-05 09:51:22,44.267184,38.877551,84.75,observed
2026-10-05 09:51:23,44.267062,38.877709,84.48,observed
2026-10-05 09:51:24,44.267002,38.877787,84.35,interp_short
2026-10-05 09:51:25,44.266941,38.877867,84.25,observed
2026-10-05 09:51:26,44.26682,38.878025,84.06,observed
2026-10-05 09:51:27,44.266699,38.878182,83.91,observed
2026-10-05 09:51:28,44.266578,38.878339,83.8,observed
2026-10-05 09:51:29,44.26649,38.878454,83.75,interp_short
2026-10-05 09:51:30,44.266397,38.878576,83.73,observed
2026-10-05 09:51:31,44.266309,38.87869,83.73,interp_short
2026-10-05 09:51:32,44.266216,38.878811,83.75,observed
2026-10-05 09:51:33,44.266096,38.878968,83.82,observed
2026-10-05 09:51:34,44.265976,38.879124,83.94,observed
2026-10-05 09:51:35,44.265856,38.879281,84.11,observed
2026-10-05 09:51:36,44.265738,38.879435,84.32,interp_short
2026-10-05 09:51:37,44.265613,38.879599,84.58,interp_short
2026-10-05 09:51:38,44.265495,38.879753,84.89,observed
2026-10-05 09:51:39,44.265375,38.87991,85.24,observed
2026-10-05 09:51:40,44.265255,38.880068,85.64,observed
2026-10-05 09:51:41,44.265134,38.880226,86.08,observed
2026-10-05 09:51:42,44.265073,38.880306,86.31,interp_short
2026-10-05 09:51:43,44.265014,38.880384,86.56,observed
2026-10-05 09:51:44,44.264893,38.880543,87.08,observed
2026-10-05 09:51:45,44.264772,38.880702,87.65,observed
2026-10-05 09:51:46,44.264711,38.880782,87.94,interp_short
2026-10-05 09:51:47,44.264651,38.880861,88.25,observed
2026-10-05 09:51:48,44.264529,38.881021,88.88,observed
2026-10-05 09:51:49,44.264407,38.881182,89.55,observed
2026-10-05 09:51:50,44.264285,38.881343,90.25,observed
2026-10-05 09:51:51,44.264162,38.881505,90.98,observed
2026-10-05 09:51:52,44.264039,38.881667,91.74,observed
2026-10-05 09:51:53,44.263978,38.881748,92.12,interp_short
2026-10-05 09:51:54,44.263916,38.881831,92.51,observed
2026-10-05 09:51:55,44.263792,38.881995,93.31,observed
2026-10-05 09:51:56,44.263667,38.88216,94.13,observed
2026-10-05 09:51:57,44.263542,38.882326,94.96,observed
2026-10-05 09:51:58,44.263417,38.882492,95.8,observed
2026-10-05 09:51:59,44.263353,38.882576,96.23,interp_short
2026-10-05 09:52:00,44.26329,38.88266,96.65,observed
2026-10-05 09:52:01,44.263163,38.88283,97.51,interp_short
2026-10-05 09:52:02,44.263036,38.882999,98.37,observed
2026-10-05 09:52:03,44.262972,38.883084,98.79,interp_short
2026-10-05 09:52:04,44.262908,38.88317,99.23,observed
2026-10-05 09:52:05,44.262779,38.883342,100.09,observed
2026-10-05 09:52:06,44.262649,38.883515,100.94,observed
2026-10-05 09:52:07,44.262518,38.88369,101.79,observed
2026-10-05 09:52:08,44.262453,38.883778,102.32,interp_short
2026-10-05 09:52:09,44.262387,38.883866,102.62,observed
2026-10-05 09:52:10,44.262321,38.883954,102.92,interp_short
2026-10-05 09:52:11,44.262255,38.884043,103.44,observed
2026-10-05 09:52:12,44.262122,38.884221,104.25,observed
2026-10-05 09:52:13,44.262017,38.884362,104.98,interp_short
2026-10-05 09:52:14,44.261907,38.88451,105.58,interp_short
2026-10-05 09:52:15,44.261796,38.884659,106.12,interp_short
2026-10-05 09:52:16,44.261686,38.884807,106.66,interp_short
2026-10-05 09:52:17,44.261581,38.88495,107.28,observed
2026-10-05 09:52:18,44.261443,38.885136,107.98,observed
2026-10-05 09:52:19,44.261305,38.885323,108.65,observed
2026-10-05 09:52:20,44.261165,38.885512,109.3,observed
2026-10-05 09:52:21,44.261094,38.885608,109.61,interp_short
2026-10-05 09:52:22,44.261024,38.885703,109.91,observed
2026-10-05 09:52:23,44.260883,38.885895,110.5,observed
2026-10-05 09:52:24,44.260811,38.885992,110.86,interp_short
2026-10-05 09:52:25,44.26074,38.886089,111.06,observed
2026-10-05 09:52:26,44.260641,38.886223,111.32,interp_short
2026-10-05 09:52:27,44.260545,38.886354,111.66,interp_short
2026-10-05 09:52:28,44.26045,38.886483,112.04,interp_short
2026-10-05 09:52:29,44.260355,38.886612,112.42,interp_short
2026-10-05 09:52:30,44.260258,38.886744,112.74,interp_short
2026-10-05 09:52:31,44.260159,38.88688,112.99,observed
2026-10-05 09:52:32,44.260086,38.88698,113.15,interp_short
2026-10-05 09:52:33,44.260012,38.887082,113.39,observed
2026-10-05 09:52:34,44.259863,38.887285,113.77,observed
2026-10-05 09:52:35,44.259789,38.887386,113.96,interp_short
2026-10-05 09:52:36,44.259713,38.88749,114.12,observed
2026-10-05 09:52:37,44.259562,38.887696,114.44,observed
2026-10-05 09:52:38,44.259487,38.887798,114.61,interp_short
2026-10-05 09:52:39,44.25941,38.887904,114.74,observed
2026-10-05 09:52:40,44.259257,38.888114,115.01,observed
2026-10-05 09:52:41,44.259103,38.888325,115.26,observed
2026-10-05 09:52:42,44.259026,38.88843,115.37,interp_short
2026-10-05 09:52:43,44.258948,38.888538,115.48,observed
2026-10-05 09:52:44,44.258792,38.888752,115.69,observed
2026-10-05 09:52:45,44.258687,38.888895,115.86,interp_short
2026-10-05 09:52:46,44.258581,38.889041,115.97,interp_short
2026-10-05 09:52:47,44.258477,38.889184,116.04,observed
2026-10-05 09:52:48,44.258397,38.889294,116.1,interp_short
2026-10-05 09:52:49,44.258318,38.889402,116.2,observed
2026-10-05 09:52:50,44.258159,38.889622,116.34,observed
2026-10-05 09:52:51,44.258077,38.889735,116.41,interp_short
2026-10-05 09:52:52,44.257998,38.889843,116.48,observed
2026-10-05 09:52:53,44.257837,38.890064,116.6,observed
2026-10-05 09:52:54,44.257754,38.890177,116.66,interp_short
2026-10-05 09:52:55,44.257674,38.890287,116.72,observed
2026-10-05 09:52:56,44.257511,38.890511,116.84,observed
2026-10-05 09:52:57,44.257423,38.890631,116.92,interp_short
2026-10-05 09:52:58,44.257345,38.89074,116.96,interp_short
2026-10-05 09:52:59,44.257267,38.890846,117.0,interp_short
2026-10-05 09:53:00,44.257183,38.890962,117.07,observed
2026-10-05 09:53:01,44.257017,38.891189,117.18,observed
2026-10-05 09:53:02,44.256934,38.891303,117.26,interp_short
2026-10-05 09:53:03,44.256851,38.891416,117.31,observed
2026-10-05 09:53:04,44.25679,38.8915,117.33,interp_short
2026-10-05 09:53:05,44.256745,38.891562,117.36,interp_short
2026-10-05 09:53:06,44.256685,38.891645,117.44,observed
2026-10-05 09:53:07,44.256517,38.891873,117.57,observed
2026-10-05 09:53:08,44.256407,38.892024,117.69,interp_short
2026-10-05 09:53:09,44.256292,38.892182,117.79,interp_short
2026-10-05 09:53:10,44.256181,38.892333,117.88,observed
2026-10-05 09:53:11,44.256097,38.892448,117.97,interp_short
2026-10-05 09:53:12,44.256012,38.892563,118.06,observed
2026-10-05 09:53:13,44.255925,38.892682,118.13,interp_short
2026-10-05 09:53:14,44.255843,38.892794,118.19,interp_short
2026-10-05 09:53:15,44.255761,38.892906,118.29,interp_short
2026-10-05 09:53:16,44.255673,38.893024,118.45,observed
2026-10-05 09:53:17,44.255503,38.893254,118.68,observed
2026-10-05 09:53:18,44.255332,38.893485,118.92,observed
2026-10-05 09:53:19,44.255246,38.893601,119.08,interp_short
2026-10-05 09:53:20,44.255161,38.893715,119.18,observed
2026-10-05 09:53:21,44.255076,38.89383,119.27,interp_short
2026-10-05 09:53:22,44.25499,38.893945,119.46,observed
2026-10-05 09:53:23,44.254819,38.894175,119.76,observed
2026-10-05 09:53:24,44.254757,38.894259,119.94,interp_short
2026-10-05 09:53:25,44.25471,38.894322,120.02,interp_short
2026-10-05 09:53:26,44.254648,38.894404,120.09,observed
2026-10-05 09:53:27,44.254535,38.894555,120.23,interp_short
2026-10-05 09:53:28,44.254418,38.894712,120.46,interp_short
2026-10-05 09:53:29,44.254305,38.894861,120.8,observed
2026-10-05 09:53:30,44.254133,38.895089,121.18,observed
2026-10-05 09:53:31,44.254071,38.895172,121.33,interp_short
2026-10-05 09:53:32,44.254024,38.895234,121.39,interp_short
2026-10-05 09:53:33,44.253962,38.895315,121.59,observed
2026-10-05 09:53:34,44.253791,38.895541,122.01,observed
2026-10-05 09:53:35,44.253705,38.895654,122.22,interp_short
2026-10-05 09:53:36,44.25362,38.895765,122.45,observed
2026-10-05 09:53:37,44.253449,38.895988,122.91,observed
2026-10-05 09:53:38,44.253387,38.896069,123.13,interp_short
2026-10-05 09:53:39,44.25334,38.896131,123.19,interp_short
2026-10-05 09:53:40,44.253278,38.89621,123.39,observed
2026-10-05 09:53:41,44.253108,38.896431,123.88,observed
2026-10-05 09:53:42,44.252938,38.89665,124.38,observed
2026-10-05 09:53:43,44.252853,38.89676,124.7,interp_short
2026-10-05 09:53:44,44.252768,38.896867,124.9,observed
2026-10-05 09:53:45,44.252683,38.896977,125.08,interp_short
2026-10-05 09:53:46,44.252599,38.897083,125.42,observed
2026-10-05 09:53:47,44.252431,38.897297,125.96,observed
2026-10-05 09:53:48,44.252346,38.897405,126.3,interp_short
2026-10-05 09:53:49,44.252263,38.897509,126.5,observed
2026-10-05 09:53:50,44.252175,38.89762,126.71,interp_short
2026-10-05 09:53:51,44.252094,38.897723,126.96,interp_short
2026-10-05 09:53:52,44.252014,38.897823,127.26,interp_short
2026-10-05 09:53:53,44.251929,38.897927,127.59,observed
2026-10-05 09:53:54,44.251818,38.898065,127.95,interp_short
2026-10-05 09:53:55,44.251705,38.898205,128.32,interp_short
2026-10-05 09:53:56,44.251597,38.898336,128.67,observed
2026-10-05 09:53:57,44.251514,38.898439,128.97,interp_short
2026-10-05 09:53:58,44.251433,38.898537,129.21,observed
2026-10-05 09:53:59,44.25135,38.898639,129.41,interp_short
2026-10-05 09:54:00,44.251269,38.898736,129.74,observed
2026-10-05 09:54:01,44.251107,38.898932,130.26,observed
2026-10-05 09:54:02,44.251025,38.899031,130.52,interp_short
2026-10-05 09:54:03,44.250945,38.899125,130.77,observed
2026-10-05 09:54:04,44.250784,38.899316,131.26,observed
2026-10-05 09:54:05,44.250704,38.899412,131.57,interp_short
2026-10-05 09:54:06,44.250624,38.899505,131.74,observed
2026-10-05 09:54:07,44.250545,38.899599,131.94,interp_short
2026-10-05 09:54:08,44.250465,38.89969,132.2,observed
2026-10-05 09:54:09,44.250362,38.899812,132.5,interp_short
2026-10-05 09:54:10,44.250256,38.899934,132.79,interp_short
2026-10-05 09:54:11,44.250151,38.900053,133.06,observed
2026-10-05 09:54:12,44.250074,38.900142,133.27,interp_short
2026-10-05 09:54:13,44.249996,38.90023,133.45,observed
2026-10-05 09:54:14,44.24992,38.900318,133.64,interp_short
2026-10-05 09:54:15,44.249842,38.900404,133.81,observed
2026-10-05 09:54:16,44.249767,38.90049,133.95,interp_short
2026-10-05 09:54:17,44.249689,38.900575,134.15,observed
2026-10-05 09:54:18,44.249537,38.900743,134.46,observed
2026-10-05 09:54:19,44.249387,38.900908,134.74,observed
2026-10-05 09:54:20,44.249315,38.900989,134.87,interp_short
2026-10-05 09:54:21,44.249238,38.90107,134.99,observed
2026-10-05 09:54:22,44.24909,38.901229,135.2,observed
2026-10-05 09:54:23,44.24902,38.901307,135.29,interp_short
2026-10-05 09:54:24,44.248944,38.901386,135.38,observed
2026-10-05 09:54:25,44.248799,38.901539,135.53,observed
2026-10-05 09:54:26,44.248653,38.901686,135.39,observed
2026-10-05 09:54:27,44.248583,38.901755,135.2,interp_short
2026-10-05 09:54:28,44.248506,38.901826,134.84,observed
2026-10-05 09:54:29,44.248361,38.901962,134.26,observed
2026-10-05 09:54:30,44.248293,38.902028,133.95,interp_short
2026-10-05 09:54:31,44.248217,38.902096,133.64,observed
2026-10-05 09:54:32,44.248075,38.902227,133.0,observed
2026-10-05 09:54:33,44.247934,38.902356,132.31,observed
2026-10-05 09:54:34,44.247798,38.90248,131.6,interp_short
2026-10-05 09:54:35,44.247656,38.902604,130.85,observed
2026-10-05 09:54:36,44.24752,38.902724,130.08,observed
2026-10-05 09:54:37,44.247385,38.902842,129.28,observed
2026-10-05 09:54:38,44.247251,38.902957,128.45,observed
2026-10-05 09:54:39,44.247119,38.90307,127.59,observed
2026-10-05 09:54:40,44.246989,38.90318,126.71,observed
2026-10-05 09:54:41,44.24686,38.903289,125.81,observed
2026-10-05 09:54:42,44.246731,38.903396,124.89,interp_short
2026-10-05 09:54:43,44.246606,38.903499,123.96,observed
2026-10-05 09:54:44,44.246481,38.903601,123.02,observed
2026-10-05 09:54:45,44.246358,38.903702,122.06,observed
2026-10-05 09:54:46,44.246235,38.903803,121.04,interp_short
2026-10-05 09:54:47,44.246116,38.903899,120.13,observed
2026-10-05 09:54:48,44.246025,38.903973,119.46,interp_short
2026-10-05 09:54:49,44.245938,38.904042,118.68,observed
2026-10-05 09:54:50,44.245791,38.904161,117.49,interp_short
2026-10-05 09:54:51,44.245647,38.904277,116.26,observed
2026-10-05 09:54:52,44.245533,38.904369,115.31,observed
2026-10-05 09:54:53,44.24542,38.90446,114.38,observed
2026-10-05 09:54:54,44.245308,38.904551,113.46,observed
2026-10-05 09:54:55,44.245198,38.904642,112.56,observed
2026-10-05 09:54:56,44.245089,38.904733,111.68,observed
2026-10-05 09:54:57,44.24498,38.904823,110.83,observed
2026-10-05 09:54:58,44.244873,38.904914,110.0,observed
2026-10-05 09:54:59,44.244767,38.905005,109.2,observed
2026-10-05 09:55:00,44.244661,38.905097,108.44,observed
2026-10-05 09:55:01,44.244505,38.905236,107.36,observed
2026-10-05 09:55:02,44.24435,38.905376,106.36,observed
2026-10-05 09:55:03,44.244248,38.905471,105.75,observed
2026-10-05 09:55:04,44.244147,38.905567,105.18,observed
2026-10-05 09:55:05,44.244046,38.905665,104.65,observed
2026-10-05 09:55:06,44.24392,38.905787,104.11,interp_short
2026-10-05 09:55:07,44.243797,38.905918,103.54,observed
2026-10-05 09:55:08,44.243649,38.906074,103.0,observed
2026-10-05 09:55:09,44.24355,38.906181,102.71,observed
2026-10-05 09:55:10,44.243452,38.906291,102.46,observed
2026-10-05 09:55:11,44.243306,38.90646,102.18,observed
2026-10-05 09:55:12,44.24323,38.906545,102.05,interp_short
2026-10-05 09:55:13,44.24316,38.906635,102.0,observed
2026-10-05 09:55:14,44.243063,38.906755,101.94,observed
2026-10-05 09:55:15,44.242916,38.906941,101.94,observed
2026-10-05 09:55:16,44.242771,38.907133,102.02,observed
2026-10-05 09:55:17,44.242668,38.907266,102.14,interp_short
2026-10-05 09:55:18,44.24257,38.907403,102.29,interp_short
2026-10-05 09:55:19,44.242477,38.907539,102.47,observed
2026-10-05 09:55:20,44.242379,38.907681,102.69,observed
2026-10-05 09:55:21,44.242281,38.907827,102.95,observed
2026-10-05 09:55:22,44.242181,38.907976,103.24,observed
2026-10-05 09:55:23,44.242082,38.908128,103.56,observed
2026-10-05 09:55:24,44.242029,38.908207,103.74,interp_short
2026-10-05 09:55:25,44.241982,38.908284,103.9,observed
2026-10-05 09:55:26,44.241878,38.908446,104.21,interp_short
2026-10-05 09:55:27,44.24178,38.908608,104.65,observed
2026-10-05 09:55:28,44.241675,38.908777,105.12,interp_short
2026-10-05 09:55:29,44.241575,38.908945,105.48,observed
2026-10-05 09:55:30,44.241521,38.909032,105.67,interp_short
2026-10-05 09:55:31,44.241471,38.909119,105.92,observed
2026-10-05 09:55:32,44.241367,38.909297,106.37,observed
2026-10-05 09:55:33,44.241314,38.909386,106.6,interp_short
2026-10-05 09:55:34,44.241262,38.909478,106.82,observed
2026-10-05 09:55:35,44.241155,38.909662,107.28,observed
2026-10-05 09:55:36,44.241048,38.909851,107.75,observed
2026-10-05 09:55:37,44.24094,38.910042,108.21,observed
2026-10-05 09:55:38,44.240886,38.910137,108.5,interp_short
2026-10-05 09:55:39,44.240831,38.910237,108.67,observed
2026-10-05 09:55:40,44.240777,38.910333,108.84,interp_short
2026-10-05 09:55:41,44.24072,38.910435,109.13,observed
2026-10-05 09:55:42,44.240609,38.910636,109.58,observed
2026-10-05 09:55:43,44.240496,38.91084,110.03,observed
2026-10-05 09:55:44,44.240382,38.911048,110.46,observed
2026-10-05 09:55:45,44.240326,38.911149,110.67,interp_short
2026-10-05 09:55:46,44.240267,38.911258,110.88,observed
2026-10-05 09:55:47,44.240151,38.911471,111.29,observed
2026-10-05 09:55:48,44.240033,38.911686,111.68,observed
2026-10-05 09:55:49,44.239975,38.911793,111.86,interp_short
2026-10-05 09:55:50,44.239914,38.911905,112.06,observed
2026-10-05 09:55:51,44.239794,38.912125,112.42,observed
2026-10-05 09:55:52,44.239734,38.912234,112.6,interp_short
2026-10-05 09:55:53,44.239672,38.912348,112.76,observed
2026-10-05 09:55:54,44.239549,38.912573,113.08,observed
2026-10-05 09:55:55,44.239425,38.9128,113.38,observed
2026-10-05 09:55:56,44.239299,38.913029,113.66,observed
2026-10-05 09:55:57,44.239172,38.913259,113.93,observed
2026-10-05 09:55:58,44.239107,38.913377,114.08,interp_short
2026-10-05 09:55:59,44.239043,38.913491,114.17,observed
2026-10-05 09:56:00,44.238955,38.91365,114.3,interp_short
2026-10-05 09:56:01,44.238869,38.913805,114.45,interp_short
2026-10-05 09:56:02,44.238782,38.913959,114.6,observed
2026-10-05 09:56:03,44.238692,38.91412,114.72,interp_short
2026-10-05 09:56:04,44.238603,38.914277,114.83,interp_short
2026-10-05 09:56:05,44.238514,38.914432,114.95,observed
2026-10-05 09:56:06,44.238379,38.914669,115.1,observed
2026-10-05 09:56:07,44.238241,38.914907,115.24,observed
2026-10-05 09:56:08,44.238172,38.915029,115.32,interp_short
2026-10-05 09:56:09,44.238103,38.915145,115.36,observed
2026-10-05 09:56:10,44.238033,38.915266,115.4,interp_short
2026-10-05 09:56:11,44.237963,38.915383,115.47,observed
2026-10-05 09:56:12,44.237821,38.915622,115.56,observed
2026-10-05 09:56:13,44.237751,38.915742,115.62,interp_short
2026-10-05 09:56:14,44.237679,38.91586,115.65,observed
2026-10-05 09:56:15,44.237608,38.915979,115.69,interp_short
2026-10-05 09:56:16,44.237534,38.916098,115.73,observed
2026-10-05 09:56:17,44.237439,38.916257,115.77,interp_short
2026-10-05 09:56:18,44.237341,38.916416,115.82,interp_short
2026-10-05 09:56:19,44.237242,38.916573,115.87,observed
2026-10-05 09:56:20,44.237094,38.916809,115.93,observed
2026-10-05 09:56:21,44.23702,38.916928,115.96,interp_short
2026-10-05 09:56:22,44.236944,38.917044,116.0,observed
2026-10-05 09:56:23,44.236794,38.917279,116.06,observed
2026-10-05 09:56:24,44.236719,38.917397,116.09,interp_short
2026-10-05 09:56:25,44.236642,38.917512,116.13,observed
2026-10-05 09:56:26,44.236488,38.917743,116.2,observed
2026-10-05 09:56:27,44.236412,38.91786,116.24,interp_short
2026-10-05 09:56:28,44.236334,38.917973,116.28,observed
2026-10-05 09:56:29,44.236179,38.918202,116.38,observed
2026-10-05 09:56:30,44.236022,38.918429,116.48,observed
2026-10-05 09:56:31,44.235943,38.918544,116.54,interp_short
2026-10-05 09:56:32,44.235864,38.918653,116.59,observed
2026-10-05 09:56:33,44.235785,38.918768,116.66,interp_short
2026-10-05 09:56:34,44.235706,38.918876,116.72,observed
2026-10-05 09:56:35,44.235625,38.918991,116.77,interp_short
2026-10-05 09:56:36,44.235546,38.919097,116.87,observed
2026-10-05 09:56:37,44.235386,38.919315,117.03,observed
2026-10-05 09:56:38,44.235305,38.919427,117.11,interp_short
2026-10-05 09:56:39,44.235224,38.919532,117.21,observed
2026-10-05 09:56:40,44.235062,38.919745,117.42,observed
2026-10-05 09:56:41,44.23498,38.919855,117.52,interp_short
2026-10-05 09:56:42,44.234899,38.919957,117.64,observed
2026-10-05 09:56:43,44.234735,38.920166,117.89,observed
2026-10-05 09:56:44,44.234653,38.920272,118.05,interp_short
2026-10-05 09:56:45,44.23457,38.920372,118.16,observed
2026-10-05 09:56:46,44.234488,38.920476,118.3,interp_short
2026-10-05 09:56:47,44.234405,38.920575,118.45,observed
2026-10-05 09:56:48,44.234323,38.920678,118.57,interp_short
2026-10-05 09:56:49,44.234239,38.920776,118.77,observed
2026-10-05 09:56:50,44.234073,38.920974,119.12,observed
2026-10-05 09:56:51,44.233991,38.921074,119.36,interp_short
2026-10-05 09:56:52,44.233906,38.921169,119.49,observed
2026-10-05 09:56:53,44.233823,38.921268,119.62,interp_short
2026-10-05 09:56:54,44.233738,38.921362,119.88,observed
2026-10-05 09:56:55,44.233571,38.921552,120.3,observed
2026-10-05 09:56:56,44.233485,38.921651,120.58,interp_short
2026-10-05 09:56:57,44.233406,38.921741,120.73,interp_short
2026-10-05 09:56:58,44.233325,38.921828,120.9,interp_short
2026-10-05 09:56:59,44.233234,38.921923,121.21,observed
2026-10-05 09:57:00,44.233065,38.922104,121.7,observed
2026-10-05 09:57:01,44.232966,38.922213,122.08,interp_short
2026-10-05 09:57:02,44.232867,38.922318,122.34,interp_short
2026-10-05 09:57:03,44.232767,38.922422,122.58,interp_short
2026-10-05 09:57:04,44.232664,38.922526,122.86,interp_short
2026-10-05 09:57:05,44.232558,38.922631,123.29,observed
2026-10-05 09:57:06,44.232388,38.922801,123.86,observed
2026-10-05 09:57:07,44.232279,38.922913,124.32,interp_short
2026-10-05 09:57:08,44.232165,38.923024,124.69,interp_short
2026-10-05 09:57:09,44.232049,38.923134,125.04,observed
2026-10-05 09:57:10,44.231939,38.923243,125.44,interp_short
2026-10-05 09:57:11,44.231827,38.923349,125.87,interp_short
2026-10-05 09:57:12,44.231711,38.923456,126.26,observed
2026-10-05 09:57:13,44.231629,38.923535,126.59,interp_short
2026-10-05 09:57:14,44.231542,38.923614,126.88,observed
2026-10-05 09:57:15,44.231433,38.923718,127.2,interp_short
2026-10-05 09:57:16,44.231322,38.923818,127.6,interp_short
2026-10-05 09:57:17,44.231205,38.923922,128.14,observed
2026-10-05 09:57:18,44.231037,38.924073,128.76,observed
2026-10-05 09:57:19,44.230955,38.924148,129.08,interp_short
2026-10-05 09:57:20,44.230869,38.924222,129.39,observed
2026-10-05 09:57:21,44.230702,38.924369,130.01,observed
2026-10-05 09:57:22,44.230535,38.924514,130.62,observed
2026-10-05 09:57:23,44.230425,38.924611,131.04,interp_short
2026-10-05 09:57:24,44.230316,38.924704,131.38,interp_short
2026-10-05 09:57:25,44.230202,38.924799,131.8,observed
2026-10-05 09:57:26,44.230037,38.924939,132.37,observed
2026-10-05 09:57:27,44.229872,38.925078,132.91,observed
2026-10-05 09:57:28,44.229708,38.925215,133.44,observed
2026-10-05 09:57:29,44.229626,38.925285,133.7,interp_short
2026-10-05 09:57:30,44.229544,38.925352,133.94,observed
2026-10-05 09:57:31,44.229381,38.925487,134.41,observed
2026-10-05 09:57:32,44.229219,38.925621,134.85,observed
2026-10-05 09:57:33,44.229137,38.925689,135.06,interp_short
2026-10-05 09:57:34,44.229058,38.925755,135.26,observed
2026-10-05 09:57:35,44.228897,38.925887,135.64,observed
2026-10-05 09:57:36,44.228737,38.92602,135.98,observed
2026-10-05 09:57:37,44.228656,38.926086,136.14,interp_short
2026-10-05 09:57:38,44.228578,38.926151,136.28,observed
2026-10-05 09:57:39,44.22842,38.926283,136.54,observed
2026-10-05 09:57:40,44.228313,38.926372,136.73,interp_short
2026-10-05 09:57:41,44.228211,38.926455,136.84,interp_short
2026-10-05 09:57:42,44.228105,38.926545,136.94,observed
2026-10-05 09:57:43,44.22795,38.926676,137.07,observed
2026-10-05 09:57:44,44.227795,38.926807,137.16,observed
2026-10-05 09:57:45,44.22769,38.926895,137.21,interp_short
2026-10-05 09:57:46,44.227591,38.926979,137.21,interp_short
2026-10-05 09:57:47,44.227487,38.92707,137.19,observed
2026-10-05 09:57:48,44.227335,38.927202,137.14,observed
2026-10-05 09:57:49,44.22722,38.927301,137.08,interp_short
2026-10-05 09:57:50,44.227107,38.9274,137.0,interp_short
2026-10-05 09:57:51,44.226995,38.9275,136.88,interp_short
2026-10-05 09:57:52,44.226883,38.927602,136.71,observed
2026-10-05 09:57:53,44.226734,38.927736,136.47,observed
2026-10-05 09:57:54,44.226586,38.927872,136.19,observed
2026-10-05 09:57:55,44.226511,38.927939,136.04,interp_short
2026-10-05 09:57:56,44.226439,38.928008,135.86,observed
2026-10-05 09:57:57,44.226293,38.928146,135.49,observed
2026-10-05 09:57:58,44.226147,38.928284,135.08,observed
2026-10-05 09:57:59,44.226003,38.928423,134.63,observed
2026-10-05 09:58:00,44.22593,38.928492,134.4,interp_short
2026-10-05 09:58:01,44.225859,38.928564,134.15,observed
2026-10-05 09:58:02,44.225716,38.928706,133.62,observed
2026-10-05 09:58:03,44.225573,38.928849,133.07,observed
2026-10-05 09:58:04,44.225502,38.928919,132.8,interp_short
2026-10-05 09:58:05,44.225432,38.928993,132.48,observed
2026-10-05 09:58:06,44.225291,38.929139,131.86,observed
2026-10-05 09:58:07,44.225196,38.929236,131.39,interp_short
2026-10-05 09:58:08,44.225107,38.92933,131.02,interp_short
2026-10-05 09:58:09,44.225012,38.929434,130.55,observed
2026-10-05 09:58:10,44.224873,38.929584,129.86,observed
2026-10-05 09:58:11,44.224735,38.929735,129.15,observed
2026-10-05 09:58:12,44.224597,38.929887,128.43,observed
2026-10-05 09:58:13,44.224528,38.929962,128.07,interp_short
2026-10-05 09:58:14,44.224461,38.930041,127.69,observed
2026-10-05 09:58:15,44.224324,38.930196,126.94,observed
2026-10-05 09:58:16,44.224189,38.930353,126.19,observed
2026-10-05 09:58:17,44.224053,38.930511,125.43,observed
2026-10-05 09:58:18,44.223919,38.93067,124.68,observed
2026-10-05 09:58:19,44.223784,38.930831,123.92,observed
2026-10-05 09:58:20,44.223716,38.930912,123.46,interp_short
2026-10-05 09:58:21,44.22365,38.930992,123.17,observed
2026-10-05 09:58:22,44.223557,38.931104,122.8,interp_short
2026-10-05 09:58:23,44.223473,38.93121,122.31,interp_short
2026-10-05 09:58:24,44.223384,38.93132,121.7,observed
2026-10-05 09:58:25,44.223251,38.931485,120.98,observed
2026-10-05 09:58:26,44.223139,38.931612,120.4,reconstructed_gap
2026-10-05 09:58:27,44.223034,38.931737,119.91,reconstructed_gap
2026-10-05 09:58:28,44.222929,38.931862,119.43,reconstructed_gap
2026-10-05 09:58:29,44.222824,38.931988,118.96,reconstructed_gap
2026-10-05 09:58:30,44.222719,38.932113,118.5,reconstructed_gap
2026-10-05 09:58:31,44.222613,38.932238,118.06,reconstructed_gap
2026-10-05 09:58:32,44.222509,38.932363,117.62,reconstructed_gap
2026-10-05 09:58:33,44.222404,38.932488,117.19,reconstructed_gap
2026-10-05 09:58:34,44.222299,38.932613,116.77,reconstructed_gap
2026-10-05 09:58:35,44.222194,38.932738,116.35,reconstructed_gap
2026-10-05 09:58:36,44.222089,38.932863,115.95,reconstructed_gap
2026-10-05 09:58:37,44.221985,38.932989,115.54,reconstructed_gap
2026-10-05 09:58:38,44.22188,38.933114,115.15,reconstructed_gap
2026-10-05 09:58:39,44.221776,38.933239,114.76,reconstructed_gap
2026-10-05 09:58:40,44.221671,38.933364,114.37,reconstructed_gap
2026-10-05 09:58:41,44.221567,38.933489,113.99,reconstructed_gap
2026-10-05 09:58:42,44.221462,38.933614,113.61,reconstructed_gap
2026-10-05 09:58:43,44.221358,38.933739,113.23,reconstructed_gap
2026-10-05 09:58:44,44.221254,38.933865,112.86,reconstructed_gap
2026-10-05 09:58:45,44.22115,38.93399,112.49,reconstructed_gap
2026-10-05 09:58:46,44.221046,38.934115,112.12,reconstructed_gap
2026-10-05 09:58:47,44.220941,38.93424,111.76,reconstructed_gap
2026-10-05 09:58:48,44.220838,38.934365,111.39,reconstructed_gap
2026-10-05 09:58:49,44.220734,38.934491,111.03,reconstructed_gap
2026-10-05 09:58:50,44.22063,38.934616,110.67,reconstructed_gap
2026-10-05 09:58:51,44.220526,38.934741,110.31,reconstructed_gap
2026-10-05 09:58:52,44.220422,38.934867,109.95,reconstructed_gap
2026-10-05 09:58:53,44.220318,38.934992,109.59,reconstructed_gap
2026-10-05 09:58:54,44.220215,38.935118,109.23,reconstructed_gap
2026-10-05 09:58:55,44.220111,38.935243,108.87,reconstructed_gap
2026-10-05 09:58:56,44.220008,38.935368,108.51,reconstructed_gap
2026-10-05 09:58:57,44.219904,38.935494,108.15,reconstructed_gap
2026-10-05 09:58:58,44.219801,38.93562,107.8,reconstructed_gap
2026-10-05 09:58:59,44.219698,38.935745,107.44,reconstructed_gap
2026-10-05 09:59:00,44.219594,38.935871,107.08,reconstructed_gap
2026-10-05 09:59:01,44.219491,38.935996,106.72,reconstructed_gap
2026-10-05 09:59:02,44.219388,38.936122,106.37,reconstructed_gap
2026-10-05 09:59:03,44.219285,38.936248,106.01,reconstructed_gap
2026-10-05 09:59:04,44.219182,38.936373,105.65,reconstructed_gap
2026-10-05 09:59:05,44.219079,38.936499,105.29,reconstructed_gap
2026-10-05 09:59:06,44.218976,38.936625,104.93,reconstructed_gap
2026-10-05 09:59:07,44.218873,38.936751,104.58,reconstructed_gap
2026-10-05 09:59:08,44.21877,38.936877,104.22,reconstructed_gap
2026-10-05 09:59:09,44.218667,38.937003,103.86,reconstructed_gap
2026-10-05 09:59:10,44.218564,38.937128,103.5,reconstructed_gap
2026-10-05 09:59:11,44.218462,38.937254,103.14,reconstructed_gap
2026-10-05 09:59:12,44.218359,38.93738,102.78,reconstructed_gap
2026-10-05 09:59:13,44.218256,38.937507,102.42,reconstructed_gap
2026-10-05 09:59:14,44.218154,38.937633,102.06,reconstructed_gap
2026-10-05 09:59:15,44.218051,38.937759,101.7,reconstructed_gap
2026-10-05 09:59:16,44.217949,38.937885,101.34,reconstructed_gap
2026-10-05 09:59:17,44.217847,38.938011,100.98,reconstructed_gap
2026-10-05 09:59:18,44.217744,38.938137,100.62,reconstructed_gap
2026-10-05 09:59:19,44.217642,38.938264,100.26,reconstructed_gap
2026-10-05 09:59:20,44.21754,38.93839,99.9,reconstructed_gap
2026-10-05 09:59:21,44.217437,38.938516,99.54,reconstructed_gap
2026-10-05 09:59:22,44.217335,38.938643,99.18,reconstructed_gap
2026-10-05 09:59:23,44.217233,38.938769,98.82,reconstructed_gap
2026-10-05 09:59:24,44.217131,38.938896,98.47,reconstructed_gap
2026-10-05 09:59:25,44.217029,38.939022,98.11,reconstructed_gap
2026-10-05 09:59:26,44.216927,38.939149,97.75,reconstructed_gap
2026-10-05 09:59:27,44.216825,38.939275,97.39,reconstructed_gap
2026-10-05 09:59:28,44.216723,38.939402,97.03,reconstructed_gap
2026-10-05 09:59:29,44.216621,38.939529,96.68,reconstructed_gap
2026-10-05 09:59:30,44.21652,38.939655,96.32,reconstructed_gap
2026-10-05 09:59:31,44.216418,38.939782,95.97,reconstructed_gap
2026-10-05 09:59:32,44.216316,38.939909,95.61,reconstructed_gap
2026-10-05 09:59:33,44.216214,38.940036,95.26,reconstructed_gap
2026-10-05 09:59:34,44.216113,38.940163,94.9,reconstructed_gap
2026-10-05 09:59:35,44.216011,38.940289,94.55,reconstructed_gap
2026-10-05 09:59:36,44.21591,38.940416,94.2,reconstructed_gap
2026-10-05 09:59:37,44.215808,38.940543,93.85,reconstructed_gap
2026-10-05 09:59:38,44.215707,38.94067,93.5,reconstructed_gap
2026-10-05 09:59:39,44.215605,38.940797,93.15,reconstructed_gap
2026-10-05 09:59:40,44.215504,38.940925,92.8,reconstructed_gap
2026-10-05 09:59:41,44.215402,38.941052,92.45,reconstructed_gap
2026-10-05 09:59:42,44.215301,38.941179,92.11,reconstructed_gap
2026-10-05 09:59:43,44.2152,38.941306,91.76,reconstructed_gap
2026-10-05 09:59:44,44.215099,38.941433,91.42,reconstructed_gap
2026-10-05 09:59:45,44.214997,38.941561,91.08,reconstructed_gap
2026-10-05 09:59:46,44.214896,38.941688,90.74,reconstructed_gap
2026-10-05 09:59:47,44.214795,38.941815,90.4,reconstructed_gap
2026-10-05 09:59:48,44.214694,38.941943,90.06,reconstructed_gap
2026-10-05 09:59:49,44.214593,38.94207,89.72,reconstructed_gap
2026-10-05 09:59:50,44.214492,38.942197,89.38,reconstructed_gap
2026-10-05 09:59:51,44.214391,38.942325,89.05,reconstructed_gap
2026-10-05 09:59:52,44.21429,38.942452,88.72,reconstructed_gap
2026-10-05 09:59:53,44.214189,38.94258,88.38,reconstructed_gap
2026-10-05 09:59:54,44.214088,38.942708,88.05,reconstructed_gap
2026-10-05 09:59:55,44.213987,38.942835,87.73,reconstructed_gap
2026-10-05 09:59:56,44.213886,38.942963,87.4,reconstructed_gap
2026-10-05 09:59:57,44.213785,38.94309,87.07,reconstructed_gap
2026-10-05 09:59:58,44.213685,38.943218,86.75,reconstructed_gap
2026-10-05 09:59:59,44.213584,38.943346,86.43,reconstructed_gap
2026-10-05 10:00:00,44.213483,38.943474,86.11,reconstructed_gap
2026-10-05 10:00:01,44.213383,38.943601,85.79,reconstructed_gap
2026-10-05 10:00:02,44.213282,38.943729,85.47,reconstructed_gap
2026-10-05 10:00:03,44.213181,38.943857,85.15,reconstructed_gap
2026-10-05 10:00:04,44.213081,38.943985,84.84,reconstructed_gap
2026-10-05 10:00:05,44.21298,38.944113,84.53,reconstructed_gap
2026-10-05 10:00:06,44.212879,38.944241,84.21,reconstructed_gap
2026-10-05 10:00:07,44.212779,38.944369,83.91,reconstructed_gap
2026-10-05 10:00:08,44.212678,38.944497,83.6,reconstructed_gap
2026-10-05 10:00:09,44.212578,38.944625,83.29,reconstructed_gap
2026-10-05 10:00:10,44.212478,38.944753,82.99,reconstructed_gap
2026-10-05 10:00:11,44.212377,38.944881,82.68,reconstructed_gap
2026-10-05 10:00:12,44.212277,38.945009,82.38,reconstructed_gap
2026-10-05 10:00:13,44.212176,38.945137,82.08,reconstructed_gap
2026-10-05 10:00:14,44.212076,38.945265,81.79,reconstructed_gap
2026-10-05 10:00:15,44.211976,38.945393,81.49,reconstructed_gap
2026-10-05 10:00:16,44.211875,38.945521,81.2,reconstructed_gap
2026-10-05 10:00:17,44.211775,38.945649,80.9,reconstructed_gap
2026-10-05 10:00:18,44.211675,38.945778,80.61,reconstructed_gap
2026-10-05 10:00:19,44.211574,38.945906,80.33,reconstructed_gap
2026-10-05 10:00:20,44.211474,38.946034,80.04,reconstructed_gap
2026-10-05 10:00:21,44.211374,38.946162,79.75,reconstructed_gap
2026-10-05 10:00:22,44.211274,38.94629,79.47,reconstructed_gap
2026-10-05 10:00:23,44.211174,38.946419,79.19,reconstructed_gap
2026-10-05 10:00:24,44.211073,38.946547,78.9,reconstructed_gap
2026-10-05 10:00:25,44.210973,38.946675,78.63,reconstructed_gap
2026-10-05 10:00:26,44.210873,38.946804,78.35,reconstructed_gap
2026-10-05 10:00:27,44.210773,38.946932,78.07,reconstructed_gap
2026-10-05 10:00:28,44.210673,38.94706,77.8,reconstructed_gap
2026-10-05 10:00:29,44.210573,38.947189,77.52,reconstructed_gap
2026-10-05 10:00:30,44.210473,38.947317,77.25,reconstructed_gap
2026-10-05 10:00:31,44.210373,38.947446,76.98,reconstructed_gap
2026-10-05 10:00:32,44.210273,38.947574,76.72,reconstructed_gap
2026-10-05 10:00:33,44.210173,38.947702,76.45,reconstructed_gap
2026-10-05 10:00:34,44.210073,38.947831,76.18,reconstructed_gap
2026-10-05 10:00:35,44.209973,38.947959,75.92,reconstructed_gap
2026-10-05 10:00:36,44.209873,38.948088,75.66,reconstructed_gap
2026-10-05 10:00:37,44.209773,38.948216,75.4,reconstructed_gap
2026-10-05 10:00:38,44.209673,38.948345,75.14,reconstructed_gap
2026-10-05 10:00:39,44.209573,38.948473,74.88,reconstructed_gap
2026-10-05 10:00:40,44.209473,38.948602,74.62,reconstructed_gap
2026-10-05 10:00:41,44.209373,38.94873,74.37,reconstructed_gap
2026-10-05 10:00:42,44.209273,38.948858,74.11,reconstructed_gap
2026-10-05 10:00:43,44.209173,38.948987,73.86,reconstructed_gap
2026-10-05 10:00:44,44.209073,38.949115,73.61,reconstructed_gap
2026-10-05 10:00:45,44.208973,38.949244,73.36,reconstructed_gap
2026-10-05 10:00:46,44.208873,38.949372,73.11,reconstructed_gap
2026-10-05 10:00:47,44.208774,38.949501,72.86,reconstructed_gap
2026-10-05 10:00:48,44.208674,38.949629,72.61,reconstructed_gap
2026-10-05 10:00:49,44.208574,38.949758,72.37,reconstructed_gap
2026-10-05 10:00:50,44.208474,38.949886,72.12,reconstructed_gap
2026-10-05 10:00:51,44.208374,38.950015,71.88,reconstructed_gap
2026-10-05 10:00:52,44.208274,38.950144,71.64,reconstructed_gap
2026-10-05 10:00:53,44.208174,38.950272,71.4,reconstructed_gap
2026-10-05 10:00:54,44.208075,38.950401,71.16,reconstructed_gap
2026-10-05 10:00:55,44.207975,38.950529,70.92,reconstructed_gap
2026-10-05 10:00:56,44.207875,38.950658,70.68,reconstructed_gap
2026-10-05 10:00:57,44.207775,38.950786,70.44,reconstructed_gap
2026-10-05 10:00:58,44.207675,38.950914,70.2,reconstructed_gap
2026-10-05 10:00:59,44.207576,38.951043,69.97,reconstructed_gap
2026-10-05 10:01:00,44.207476,38.951171,69.73,reconstructed_gap
2026-10-05 10:01:01,44.207376,38.9513,69.5,reconstructed_gap
2026-10-05 10:01:02,44.207276,38.951428,69.26,reconstructed_gap
2026-10-05 10:01:03,44.207176,38.951557,69.03,reconstructed_gap
2026-10-05 10:01:04,44.207076,38.951685,68.8,reconstructed_gap
2026-10-05 10:01:05,44.206977,38.951814,68.57,reconstructed_gap
2026-10-05 10:01:06,44.206877,38.951942,68.34,reconstructed_gap
2026-10-05 10:01:07,44.206777,38.952071,68.1,reconstructed_gap
2026-10-05 10:01:08,44.206677,38.952199,67.87,reconstructed_gap
2026-10-05 10:01:09,44.206577,38.952327,67.65,reconstructed_gap
2026-10-05 10:01:10,44.206478,38.952456,67.42,reconstructed_gap
2026-10-05 10:01:11,44.206378,38.952584,67.19,reconstructed_gap
2026-10-05 10:01:12,44.206278,38.952712,66.96,reconstructed_gap
2026-10-05 10:01:13,44.206178,38.952841,66.73,reconstructed_gap
2026-10-05 10:01:14,44.206078,38.952969,66.5,reconstructed_gap
2026-10-05 10:01:15,44.205978,38.953097,66.28,reconstructed_gap
2026-10-05 10:01:16,44.205879,38.953226,66.05,reconstructed_gap
2026-10-05 10:01:17,44.205779,38.953354,65.82,reconstructed_gap
2026-10-05 10:01:18,44.205679,38.953482,65.6,reconstructed_gap
2026-10-05 10:01:19,44.205579,38.95361,65.37,reconstructed_gap
2026-10-05 10:01:20,44.205479,38.953739,65.15,reconstructed_gap
2026-10-05 10:01:21,44.205379,38.953867,64.92,reconstructed_gap
2026-10-05 10:01:22,44.20528,38.953995,64.69,reconstructed_gap
2026-10-05 10:01:23,44.20518,38.954123,64.47,reconstructed_gap
2026-10-05 10:01:24,44.20508,38.954251,64.24,reconstructed_gap
2026-10-05 10:01:25,44.20498,38.954379,64.02,reconstructed_gap
2026-10-05 10:01:26,44.20488,38.954507,63.79,reconstructed_gap
2026-10-05 10:01:27,44.20478,38.954636,63.56,reconstructed_gap
2026-10-05 10:01:28,44.20468,38.954764,63.34,reconstructed_gap
2026-10-05 10:01:29,44.20458,38.954892,63.11,reconstructed_gap
2026-10-05 10:01:30,44.20448,38.95502,62.88,reconstructed_gap
2026-10-05 10:01:31,44.20438,38.955148,62.66,reconstructed_gap
2026-10-05 10:01:32,44.20428,38.955275,62.43,reconstructed_gap
2026-10-05 10:01:33,44.20418,38.955403,62.2,reconstructed_gap
2026-10-05 10:01:34,44.20408,38.955531,61.98,reconstructed_gap
2026-10-05 10:01:35,44.20398,38.955659,61.75,reconstructed_gap
2026-10-05 10:01:36,44.20388,38.955787,61.52,reconstructed_gap
2026-10-05 10:01:37,44.20378,38.955915,61.29,reconstructed_gap
2026-10-05 10:01:38,44.20368,38.956042,61.06,reconstructed_gap
2026-10-05 10:01:39,44.20358,38.95617,60.83,reconstructed_gap
2026-10-05 10:01:40,44.20348,38.956298,60.6,reconstructed_gap
2026-10-05 10:01:41,44.20338,38.956425,60.37,reconstructed_gap
2026-10-05 10:01:42,44.20328,38.956553,60.14,reconstructed_gap
2026-10-05 10:01:43,44.20318,38.956681,59.9,reconstructed_gap
2026-10-05 10:01:44,44.20308,38.956808,59.67,reconstructed_gap
2026-10-05 10:01:45,44.20298,38.956936,59.44,reconstructed_gap
2026-10-05 10:01:46,44.20288,38.957063,59.2,reconstructed_gap
2026-10-05 10:01:47,44.202779,38.957191,58.97,reconstructed_gap
2026-10-05 10:01:48,44.202679,38.957318,58.73,reconstructed_gap
2026-10-05 10:01:49,44.202579,38.957445,58.49,reconstructed_gap
2026-10-05 10:01:50,44.202479,38.957573,58.26,reconstructed_gap
2026-10-05 10:01:51,44.202378,38.9577,58.02,reconstructed_gap
2026-10-05 10:01:52,44.202278,38.957827,57.78,reconstructed_gap
2026-10-05 10:01:53,44.202178,38.957954,57.54,reconstructed_gap
2026-10-05 10:01:54,44.202078,38.958081,57.3,reconstructed_gap
2026-10-05 10:01:55,44.201977,38.958209,57.05,reconstructed_gap
2026-10-05 10:01:56,44.201877,38.958336,56.81,reconstructed_gap
2026-10-05 10:01:57,44.201777,38.958463,56.57,reconstructed_gap
2026-10-05 10:01:58,44.201676,38.95859,56.32,reconstructed_gap
2026-10-05 10:01:59,44.201576,38.958717,56.07,reconstructed_gap
2026-10-05 10:02:00,44.201475,38.958843,55.83,reconstructed_gap
2026-10-05 10:02:01,44.201375,38.95897,55.58,reconstructed_gap
2026-10-05 10:02:02,44.201274,38.959097,55.33,reconstructed_gap
2026-10-05 10:02:03,44.201174,38.959224,55.07,reconstructed_gap
2026-10-05 10:02:04,44.201073,38.95935,54.82,reconstructed_gap
2026-10-05 10:02:05,44.200973,38.959477,54.57,reconstructed_gap
2026-10-05 10:02:06,44.200872,38.959603,54.31,reconstructed_gap
2026-10-05 10:02:07,44.200772,38.95973,54.06,reconstructed_gap
2026-10-05 10:02:08,44.200671,38.959856,53.8,reconstructed_gap
2026-10-05 10:02:09,44.20057,38.959983,53.54,reconstructed_gap
2026-10-05 10:02:10,44.20047,38.960109,53.28,reconstructed_gap
2026-10-05 10:02:11,44.200369,38.960235,53.02,reconstructed_gap
2026-10-05 10:02:12,44.200268,38.960362,52.75,reconstructed_gap
2026-10-05 10:02:13,44.200167,38.960488,52.49,reconstructed_gap
2026-10-05 10:02:14,44.200067,38.960614,52.22,reconstructed_gap
2026-10-05 10:02:15,44.199966,38.96074,51.95,reconstructed_gap
2026-10-05 10:02:16,44.199865,38.960866,51.68,reconstructed_gap
2026-10-05 10:02:17,44.199764,38.960992,51.41,reconstructed_gap
2026-10-05 10:02:18,44.199663,38.961118,51.14,reconstructed_gap
2026-10-05 10:02:19,44.199562,38.961243,50.87,reconstructed_gap
2026-10-05 10:02:20,44.199461,38.961369,50.59,reconstructed_gap
2026-10-05 10:02:21,44.19936,38.961495,50.31,reconstructed_gap
2026-10-05 10:02:22,44.199259,38.96162,50.04,reconstructed_gap
2026-10-05 10:02:23,44.199158,38.961746,49.76,reconstructed_gap
2026-10-05 10:02:24,44.199057,38.961871,49.48,reconstructed_gap
2026-10-05 10:02:25,44.198956,38.961997,49.19,reconstructed_gap
2026-10-05 10:02:26,44.198855,38.962122,48.91,reconstructed_gap
2026-10-05 10:02:27,44.198753,38.962247,48.62,reconstructed_gap
2026-10-05 10:02:28,44.198652,38.962372,48.33,reconstructed_gap
2026-10-05 10:02:29,44.198551,38.962497,48.05,reconstructed_gap
2026-10-05 10:02:30,44.198449,38.962622,47.75,reconstructed_gap
2026-10-05 10:02:31,44.198348,38.962747,47.46,reconstructed_gap
2026-10-05 10:02:32,44.198247,38.962872,47.17,reconstructed_gap
2026-10-05 10:02:33,44.198145,38.962997,46.87,reconstructed_gap
2026-10-05 10:02:34,44.198044,38.963122,46.58,reconstructed_gap
2026-10-05 10:02:35,44.197942,38.963246,46.28,reconstructed_gap
2026-10-05 10:02:36,44.19784,38.963371,45.98,reconstructed_gap
2026-10-05 10:02:37,44.197739,38.963495,45.68,reconstructed_gap
2026-10-05 10:02:38,44.197637,38.96362,45.37,reconstructed_gap
2026-10-05 10:02:39,44.197535,38.963744,45.07,reconstructed_gap
2026-10-05 10:02:40,44.197434,38.963868,44.77,reconstructed_gap
2026-10-05 10:02:41,44.197332,38.963992,44.46,reconstructed_gap
2026-10-05 10:02:42,44.19723,38.964116,44.15,reconstructed_gap
2026-10-05 10:02:43,44.197128,38.96424,43.84,reconstructed_gap
2026-10-05 10:02:44,44.197026,38.964364,43.53,reconstructed_gap
2026-10-05 10:02:45,44.196924,38.964488,43.22,reconstructed_gap
2026-10-05 10:02:46,44.196822,38.964611,42.9,reconstructed_gap
2026-10-05 10:02:47,44.19672,38.964735,42.59,reconstructed_gap
2026-10-05 10:02:48,44.196618,38.964858,42.27,reconstructed_gap
2026-10-05 10:02:49,44.196516,38.964981,41.96,reconstructed_gap
2026-10-05 10:02:50,44.196413,38.965105,41.64,reconstructed_gap
2026-10-05 10:02:51,44.196311,38.965228,41.32,reconstructed_gap
2026-10-05 10:02:52,44.196209,38.965351,41.0,reconstructed_gap
2026-10-05 10:02:53,44.196106,38.965474,40.68,reconstructed_gap
2026-10-05 10:02:54,44.196004,38.965597,40.36,reconstructed_gap
2026-10-05 10:02:55,44.195901,38.965719,40.03,reconstructed_gap
2026-10-05 10:02:56,44.195798,38.965842,39.71,reconstructed_gap
2026-10-05 10:02:57,44.195696,38.965964,39.38,reconstructed_gap
2026-10-05 10:02:58,44.195593,38.966087,39.06,reconstructed_gap
2026-10-05 10:02:59,44.19549,38.966209,38.73,reconstructed_gap
2026-10-05 10:03:00,44.195387,38.966331,38.41,reconstructed_gap
2026-10-05 10:03:01,44.195284,38.966453,38.08,reconstructed_gap
2026-10-05 10:03:02,44.195181,38.966575,37.75,reconstructed_gap
2026-10-05 10:03:03,44.195078,38.966697,37.43,reconstructed_gap
2026-10-05 10:03:04,44.194975,38.966818,37.1,reconstructed_gap
2026-10-05 10:03:05,44.194872,38.96694,36.77,reconstructed_gap
2026-10-05 10:03:06,44.194769,38.967061,36.44,reconstructed_gap
2026-10-05 10:03:07,44.194665,38.967182,36.11,reconstructed_gap
2026-10-05 10:03:08,44.194562,38.967304,35.79,reconstructed_gap
2026-10-05 10:03:09,44.194458,38.967425,35.46,reconstructed_gap
2026-10-05 10:03:10,44.194355,38.967545,35.13,reconstructed_gap
2026-10-05 10:03:11,44.194251,38.967666,34.8,reconstructed_gap
2026-10-05 10:03:12,44.194147,38.967787,34.48,reconstructed_gap
2026-10-05 10:03:13,44.194043,38.967907,34.15,reconstructed_gap
2026-10-05 10:03:14,44.193939,38.968027,33.83,reconstructed_gap
2026-10-05 10:03:15,44.193835,38.968148,33.5,reconstructed_gap
2026-10-05 10:03:16,44.193731,38.968268,33.18,reconstructed_gap
2026-10-05 10:03:17,44.193627,38.968387,32.86,reconstructed_gap
2026-10-05 10:03:18,44.193523,38.968507,32.54,reconstructed_gap
2026-10-05 10:03:19,44.193418,38.968627,32.22,reconstructed_gap
2026-10-05 10:03:20,44.193314,38.968746,31.9,reconstructed_gap
2026-10-05 10:03:21,44.193209,38.968865,31.59,reconstructed_gap
2026-10-05 10:03:22,44.193104,38.968984,31.27,reconstructed_gap
2026-10-05 10:03:23,44.192999,38.969103,30.96,reconstructed_gap
2026-10-05 10:03:24,44.192894,38.969222,30.65,reconstructed_gap
2026-10-05 10:03:25,44.192789,38.96934,30.34,reconstructed_gap
2026-10-05 10:03:26,44.192684,38.969459,30.04,reconstructed_gap
2026-10-05 10:03:27,44.192579,38.969577,29.74,reconstructed_gap
2026-10-05 10:03:28,44.192474,38.969695,29.44,reconstructed_gap
2026-10-05 10:03:29,44.192368,38.969813,29.14,reconstructed_gap
2026-10-05 10:03:30,44.192262,38.96993,28.85,reconstructed_gap
2026-10-05 10:03:31,44.192157,38.970048,28.56,reconstructed_gap
2026-10-05 10:03:32,44.192051,38.970165,28.27,reconstructed_gap
2026-10-05 10:03:33,44.191945,38.970282,27.99,reconstructed_gap
2026-10-05 10:03:34,44.191839,38.970399,27.71,reconstructed_gap
2026-10-05 10:03:35,44.191732,38.970515,27.44,reconstructed_gap
2026-10-05 10:03:36,44.191626,38.970632,27.17,reconstructed_gap
2026-10-05 10:03:37,44.191519,38.970748,26.9,reconstructed_gap
2026-10-05 10:03:38,44.191412,38.970864,26.64,reconstructed_gap
2026-10-05 10:03:39,44.191305,38.97098,26.38,reconstructed_gap
2026-10-05 10:03:40,44.191198,38.971095,26.13,reconstructed_gap
2026-10-05 10:03:41,44.191091,38.971211,25.89,reconstructed_gap
2026-10-05 10:03:42,44.190984,38.971326,25.65,reconstructed_gap
2026-10-05 10:03:43,44.190876,38.971441,25.41,reconstructed_gap
2026-10-05 10:03:44,44.190769,38.971555,25.18,reconstructed_gap
2026-10-05 10:03:45,44.190661,38.97167,24.96,reconstructed_gap
2026-10-05 10:03:46,44.190553,38.971784,24.75,reconstructed_gap
2026-10-05 10:03:47,44.190444,38.971898,24.54,reconstructed_gap
2026-10-05 10:03:48,44.190336,38.972011,24.34,reconstructed_gap
2026-10-05 10:03:49,44.190227,38.972125,24.14,reconstructed_gap
2026-10-05 10:03:50,44.190118,38.972238,23.96,reconstructed_gap
2026-10-05 10:03:51,44.190009,38.972351,23.78,reconstructed_gap
2026-10-05 10:03:52,44.1899,38.972463,23.6,reconstructed_gap
2026-10-05 10:03:53,44.18979,38.972575,23.44,reconstructed_gap
2026-10-05 10:03:54,44.189681,38.972687,23.29,reconstructed_gap
2026-10-05 10:03:55,44.189571,38.972799,23.14,reconstructed_gap
2026-10-05 10:03:56,44.189461,38.972911,23.0,reconstructed_gap
2026-10-05 10:03:57,44.18935,38.973022,22.87,reconstructed_gap
2026-10-05 10:03:58,44.18924,38.973132,22.75,reconstructed_gap
2026-10-05 10:03:59,44.189129,38.973243,22.64,reconstructed_gap
2026-10-05 10:04:00,44.189018,38.973353,22.54,reconstructed_gap
2026-10-05 10:04:01,44.188906,38.973463,22.45,reconstructed_gap
2026-10-05 10:04:02,44.188794,38.973572,22.37,reconstructed_gap
2026-10-05 10:04:03,44.188682,38.973682,22.31,reconstructed_gap
2026-10-05 10:04:04,44.18857,38.97379,22.25,reconstructed_gap
2026-10-05 10:04:05,44.188458,38.973899,22.2,reconstructed_gap
2026-10-05 10:04:06,44.188345,38.974007,22.16,reconstructed_gap
2026-10-05 10:04:07,44.188232,38.974115,22.13,reconstructed_gap
2026-10-05 10:04:08,44.188118,38.974222,22.12,reconstructed_gap
2026-10-05 10:04:09,44.188004,38.974329,22.12,reconstructed_gap
2026-10-05 10:04:10,44.18789,38.974436,22.13,reconstructed_gap
2026-10-05 10:04:11,44.187776,38.974542,22.15,reconstructed_gap
2026-10-05 10:04:12,44.187661,38.974648,22.18,reconstructed_gap
2026-10-05 10:04:13,44.187546,38.974753,22.22,reconstructed_gap
2026-10-05 10:04:14,44.18743,38.974858,22.28,reconstructed_gap
2026-10-05 10:04:15,44.187314,38.974963,22.35,reconstructed_gap
2026-10-05 10:04:16,44.187198,38.975067,22.43,reconstructed_gap
2026-10-05 10:04:17,44.187081,38.975171,22.52,reconstructed_gap
2026-10-05 10:04:18,44.186964,38.975274,22.63,reconstructed_gap
2026-10-05 10:04:19,44.186847,38.975377,22.75,reconstructed_gap
2026-10-05 10:04:20,44.186729,38.975479,22.88,reconstructed_gap
2026-10-05 10:04:21,44.18661,38.975581,23.02,reconstructed_gap
2026-10-05 10:04:22,44.186492,38.975683,23.17,reconstructed_gap
2026-10-05 10:04:23,44.186347,38.97585,23.65,observed
2026-10-05 10:04:24,44.186261,38.975906,23.71,interp_short
2026-10-05 10:04:25,44.186167,38.975951,23.86,observed
2026-10-05 10:04:26,44.185989,38.976053,24.09,observed
2026-10-05 10:04:27,44.185904,38.976108,24.21,interp_short
2026-10-05 10:04:28,44.185813,38.976154,24.35,observed
2026-10-05 10:04:29,44.18564,38.976255,24.64,observed
2026-10-05 10:04:30,44.18547,38.976356,24.94,observed
2026-10-05 10:04:31,44.185307,38.976461,25.29,interp_short
2026-10-05 10:04:32,44.185138,38.976559,25.58,observed
2026-10-05 10:04:33,44.18506,38.976613,25.74,interp_short
2026-10-05 10:04:34,44.184976,38.97666,25.92,observed
2026-10-05 10:04:35,44.184818,38.976763,26.27,observed
2026-10-05 10:04:36,44.184662,38.976866,26.62,observed
2026-10-05 10:04:37,44.184509,38.976969,26.97,observed
2026-10-05 10:04:38,44.184412,38.977046,27.22,interp_short
2026-10-05 10:04:39,44.184318,38.977105,27.42,interp_short
2026-10-05 10:04:40,44.184213,38.977179,27.66,observed
2026-10-05 10:04:41,44.184069,38.977285,28.0,observed
2026-10-05 10:04:42,44.183929,38.977392,28.33,observed
2026-10-05 10:04:43,44.183833,38.977461,28.49,interp_short
2026-10-05 10:04:44,44.18375,38.977527,28.62,interp_short
2026-10-05 10:04:45,44.183657,38.97761,28.94,observed
2026-10-05 10:04:46,44.183397,38.977833,29.47,observed
2026-10-05 10:04:47,44.183271,38.977947,29.71,observed
2026-10-05 10:04:48,44.183148,38.978062,29.92,observed
2026-10-05 10:04:49,44.183028,38.97818,30.1,observed
2026-10-05 10:04:50,44.182911,38.978298,30.25,observed
2026-10-05 10:04:51,44.182796,38.978419,30.38,observed
2026-10-05 10:04:52,44.182684,38.978541,30.47,observed
2026-10-05 10:04:53,44.182574,38.978666,30.53,observed
2026-10-05 10:04:54,44.182467,38.978792,30.55,observed
2026-10-05 10:04:55,44.182362,38.97892,30.54,observed
2026-10-05 10:04:56,44.182259,38.979051,30.5,observed
2026-10-05 10:04:57,44.182158,38.979183,30.42,observed
2026-10-05 10:04:58,44.18206,38.979318,30.31,observed
2026-10-05 10:04:59,44.181963,38.979455,30.16,observed
2026-10-05 10:05:00,44.181867,38.979594,29.98,observed
2026-10-05 10:05:01,44.181774,38.979735,29.76,observed
2026-10-05 10:05:02,44.181682,38.979878,29.51,observed
2026-10-05 10:05:03,44.181591,38.980024,29.22,observed
2026-10-05 10:05:04,44.181501,38.980172,28.91,observed
2026-10-05 10:05:05,44.181412,38.98032,28.57,interp_short
2026-10-05 10:05:06,44.181325,38.980475,28.19,observed
2026-10-05 10:05:07,44.181238,38.980629,27.79,observed
2026-10-05 10:05:08,44.181151,38.980787,27.36,observed
2026-10-05 10:05:09,44.181066,38.980946,26.91,observed
2026-10-05 10:05:10,44.18098,38.981108,26.44,observed
2026-10-05 10:05:11,44.180895,38.981272,25.95,observed
2026-10-05 10:05:12,44.180808,38.981439,25.44,interp_short
2026-10-05 10:05:13,44.180725,38.981606,24.92,observed
2026-10-05 10:05:14,44.18064,38.981777,24.38,observed
2026-10-05 10:05:15,44.180554,38.98195,23.83,observed
2026-10-05 10:05:16,44.180468,38.982125,23.28,observed
2026-10-05 10:05:17,44.18038,38.982304,22.72,interp_short
2026-10-05 10:05:18,44.180294,38.982481,22.15,observed
2026-10-05 10:05:19,44.180206,38.982662,21.59,observed
2026-10-05 10:05:20,44.180143,38.98279,21.2,interp_short
2026-10-05 10:05:21,44.180088,38.982904,20.89,interp_short
2026-10-05 10:05:22,44.180026,38.98303,20.46,observed
2026-10-05 10:05:23,44.179935,38.983217,19.9,observed
2026-10-05 10:05:24,44.179889,38.983311,19.62,interp_short
2026-10-05 10:05:25,44.179842,38.983405,19.35,observed
2026-10-05 10:05:26,44.179748,38.983596,18.81,observed
2026-10-05 10:05:27,44.179653,38.983788,18.28,observed
2026-10-05 10:05:28,44.179556,38.983982,17.77,observed
2026-10-05 10:05:29,44.179458,38.984177,17.27,observed
2026-10-05 10:05:30,44.179391,38.984311,16.91,interp_short
2026-10-05 10:05:31,44.179327,38.984437,16.63,interp_short
2026-10-05 10:05:32,44.179255,38.984573,16.31,observed
2026-10-05 10:05:33,44.179151,38.984773,15.86,observed
2026-10-05 10:05:34,44.179046,38.984975,15.38,interp_short
2026-10-05 10:05:35,44.178938,38.985176,15.02,observed
2026-10-05 10:05:36,44.178884,38.985279,14.83,interp_short
2026-10-05 10:05:37,44.178828,38.98538,14.63,observed
2026-10-05 10:05:38,44.178716,38.985585,14.26,observed
2026-10-05 10:05:39,44.178602,38.985791,13.91,observed
2026-10-05 10:05:40,44.178486,38.985998,13.58,observed
2026-10-05 10:05:41,44.178427,38.986105,13.43,interp_short
2026-10-05 10:05:42,44.178368,38.986206,13.28,observed
2026-10-05 10:05:43,44.178248,38.986414,12.99,observed
2026-10-05 10:05:44,44.178188,38.986521,12.85,interp_short
2026-10-05 10:05:45,44.178126,38.986624,12.73,observed
2026-10-05 10:05:46,44.178001,38.986834,12.48,observed
2026-10-05 10:05:47,44.177874,38.987045,12.25,observed
2026-10-05 10:05:48,44.17781,38.987153,12.12,interp_short
2026-10-05 10:05:49,44.177745,38.987256,12.04,observed
2026-10-05 10:05:50,44.17768,38.987365,11.97,interp_short
2026-10-05 10:05:51,44.177614,38.987468,11.85,observed
2026-10-05 10:05:52,44.177481,38.98768,11.67,observed
2026-10-05 10:05:53,44.177345,38.987892,11.5,observed
2026-10-05 10:05:54,44.177277,38.988001,11.43,interp_short
2026-10-05 10:05:55,44.177208,38.988105,11.35,observed
2026-10-05 10:05:56,44.177068,38.988318,11.2,observed
2026-10-05 10:05:57,44.176998,38.988427,11.13,interp_short
2026-10-05 10:05:58,44.176927,38.988531,11.07,observed
2026-10-05 10:05:59,44.176783,38.988745,10.94,observed
2026-10-05 10:06:00,44.176711,38.988854,10.85,interp_short
2026-10-05 10:06:01,44.176638,38.988958,10.81,observed
2026-10-05 10:06:02,44.176565,38.989067,10.77,interp_short
2026-10-05 10:06:03,44.176491,38.989171,10.69,observed
2026-10-05 10:06:04,44.176341,38.989384,10.57,observed
2026-10-05 10:06:05,44.176263,38.989498,10.47,interp_short
2026-10-05 10:06:06,44.17619,38.989601,10.4,interp_short
2026-10-05 10:06:07,44.176118,38.989701,10.35,interp_short
2026-10-05 10:06:08,44.176038,38.989809,10.31,observed
2026-10-05 10:06:09,44.175961,38.989917,10.27,interp_short
2026-10-05 10:06:10,44.175883,38.990021,10.18,observed
2026-10-05 10:06:11,44.175727,38.990233,10.03,observed
2026-10-05 10:06:12,44.17565,38.990339,9.94,interp_short
2026-10-05 10:06:13,44.17557,38.990444,9.88,observed
2026-10-05 10:06:14,44.175492,38.990549,9.8,interp_short
2026-10-05 10:06:15,44.175411,38.990655,9.71,observed
2026-10-05 10:06:16,44.175333,38.99076,9.64,interp_short
2026-10-05 10:06:17,44.175251,38.990865,9.52,observed
2026-10-05 10:06:18,44.17509,38.991075,9.32,observed
2026-10-05 10:06:19,44.175011,38.991179,9.22,interp_short
2026-10-05 10:06:20,44.174927,38.991284,9.11,observed
2026-10-05 10:06:21,44.174763,38.991492,8.87,observed
2026-10-05 10:06:22,44.174683,38.991595,8.72,interp_short
2026-10-05 10:06:23,44.174598,38.991699,8.61,observed
2026-10-05 10:06:24,44.174517,38.991802,8.46,interp_short
2026-10-05 10:06:25,44.174432,38.991906,8.32,observed
2026-10-05 10:06:26,44.174351,38.992009,8.21,interp_short
2026-10-05 10:06:27,44.174266,38.992112,8.01,observed
2026-10-05 10:06:28,44.174098,38.992317,7.68,observed
2026-10-05 10:06:29,44.174015,38.992419,7.5,interp_short
2026-10-05 10:06:30,44.17393,38.992521,7.32,observed
2026-10-05 10:06:31,44.173761,38.992724,6.93,observed
2026-10-05 10:06:32,44.173592,38.992926,6.51,observed
2026-10-05 10:06:33,44.173507,38.993028,6.23,interp_short
2026-10-05 10:06:34,44.173422,38.993127,6.06,observed
2026-10-05 10:06:35,44.173337,38.993229,5.91,interp_short
2026-10-05 10:06:36,44.173252,38.993328,5.59,observed
2026-10-05 10:06:37,44.173081,38.993527,5.08,observed
2026-10-05 10:06:38,44.172996,38.993627,4.93,interp_short
2026-10-05 10:06:39,44.17291,38.993725,5.0,observed
2026-10-05 10:06:40,44.172825,38.993823,5.02,interp_short
2026-10-05 10:06:41,44.172739,38.993921,5.0,observed
2026-10-05 10:06:42,44.172654,38.994019,4.99,interp_short
2026-10-05 10:06:43,44.172568,38.994117,5.0,observed
2026-10-05 10:06:44,44.172398,38.994312,5.0,observed
2026-10-05 10:06:45,44.172227,38.994505,5.0,observed
2026-10-05 10:06:46,44.172143,38.994601,5.0,interp_short
2026-10-05 10:06:47,44.172056,38.994697,5.0,observed
2026-10-05 10:06:48,44.171968,38.994797,5.0,interp_short
2026-10-05 10:06:49,44.171889,38.994886,5.0,interp_short
2026-10-05 10:06:50,44.171808,38.994976,5.0,interp_short
2026-10-05 10:06:51,44.171715,38.995078,5.0,observed
2026-10-05 10:06:52,44.171545,38.995267,5.0,observed
2026-10-05 10:06:53,44.171376,38.995455,5.0,observed
2026-10-05 10:06:54,44.171293,38.995548,5.0,interp_short
2026-10-05 10:06:55,44.171207,38.995641,5.0,observed
2026-10-05 10:06:56,44.171038,38.995826,5.0,observed
2026-10-05 10:06:57,44.170871,38.99601,5.0,observed
2026-10-05 10:06:58,44.170787,38.996103,5.0,interp_short
2026-10-05 10:06:59,44.170703,38.996193,5.0,observed
2026-10-05 10:07:00,44.17062,38.996285,5.0,interp_short
2026-10-05 10:07:01,44.170537,38.996374,5.0,observed
2026-10-05 10:07:02,44.170367,38.996548,5.0,observed
2026-10-05 10:07:03,44.170197,38.996719,5.0,observed
2026-10-05 10:07:04,44.170112,38.996806,5.0,interp_short
2026-10-05 10:07:05,44.170028,38.99689,5.0,observed
2026-10-05 10:07:06,44.16986,38.997059,5.0,observed
2026-10-05 10:07:07,44.169775,38.997145,5.0,interp_short
2026-10-05 10:07:08,44.169693,38.997227,5.0,observed
2026-10-05 10:07:09,44.169527,38.997394,5.0,observed
2026-10-05 10:07:10,44.169443,38.997478,5.0,interp_short
2026-10-05 10:07:11,44.169361,38.99756,5.0,observed
2026-10-05 10:07:12,44.169197,38.997725,5.0,observed
2026-10-05 10:07:13,44.169114,38.997808,5.0,interp_short
2026-10-05 10:07:14,44.169033,38.997889,5.0,observed
2026-10-05 10:07:15,44.168871,38.998052,5.0,observed
2026-10-05 10:07:16,44.16879,38.998133,5.0,interp_short
2026-10-05 10:07:17,44.168709,38.998214,5.0,observed
2026-10-05 10:07:18,44.168548,38.998375,5.0,observed
2026-10-05 10:07:19,44.168468,38.998455,5.0,interp_short
2026-10-05 10:07:20,44.168389,38.998536,5.0,observed
2026-10-05 10:07:21,44.16823,38.998695,5.0,observed
2026-10-05 10:07:22,44.168152,38.998773,5.0,interp_short
2026-10-05 10:07:23,44.168072,38.998853,5.0,observed
2026-10-05 10:07:24,44.167916,38.999011,5.0,observed
2026-10-05 10:07:25,44.16776,38.999168,5.0,observed
2026-10-05 10:07:26,44.167683,38.999245,5.0,interp_short
2026-10-05 10:07:27,44.167605,38.999324,5.0,observed
2026-10-05 10:07:28,44.167452,38.999479,5.0,observed
2026-10-05 10:07:29,44.167376,38.999555,5.0,interp_short
2026-10-05 10:07:30,44.167299,38.999633,5.0,observed
2026-10-05 10:07:31,44.167147,38.999787,5.0,observed
2026-10-05 10:07:32,44.166996,38.999941,5.0,observed
2026-10-05 10:07:33,44.166921,39.000017,5.0,interp_short
2026-10-05 10:07:34,44.166846,39.000093,5.0,observed
2026-10-05 10:07:35,44.166697,39.000246,5.0,observed
2026-10-05 10:07:36,44.166548,39.000397,5.0,observed
2026-10-05 10:07:37,44.166401,39.000548,5.0,observed
2026-10-05 10:07:38,44.166327,39.000624,5.0,interp_short
2026-10-05 10:07:39,44.166254,39.000699,5.0,observed
2026-10-05 10:07:40,44.166108,39.000849,5.0,observed
2026-10-05 10:07:41,44.165963,39.000999,5.0,observed
2026-10-05 10:07:42,44.165818,39.001148,5.0,observed
2026-10-05 10:07:43,44.165746,39.001222,5.0,interp_short
2026-10-05 10:07:44,44.165674,39.001297,5.0,observed
2026-10-05 10:07:45,44.165531,39.001446,5.0,observed
2026-10-05 10:07:46,44.16546,39.00152,5.0,interp_short
2026-10-05 10:07:47,44.165389,39.001595,5.0,observed
2026-10-05 10:07:48,44.165247,39.001743,5.0,observed
2026-10-05 10:07:49,44.165106,39.001891,5.0,observed
2026-10-05 10:07:50,44.164965,39.002039,5.0,observed
2026-10-05 10:07:51,44.164895,39.002113,5.0,interp_short
2026-10-05 10:07:52,44.164825,39.002187,5.0,observed
2026-10-05 10:07:53,44.164685,39.002335,5.0,observed
2026-10-05 10:07:54,44.164546,39.002482,5.0,observed
2026-10-05 10:07:55,44.164407,39.00263,5.0,observed
2026-10-05 10:07:56,44.164268,39.002777,5.0,observed
2026-10-05 10:07:57,44.164173,39.002878,5.0,interp_short
2026-10-05 10:07:58,44.164084,39.002974,5.0,interp_short
2026-10-05 10:07:59,44.163992,39.003072,5.0,observed
2026-10-05 10:08:00,44.163854,39.00322,5.0,observed
2026-10-05 10:08:01,44.163717,39.003367,5.0,observed
2026-10-05 10:08:02,44.16358,39.003515,5.0,observed
2026-10-05 10:08:03,44.163473,39.00363,5.0,interp_short
2026-10-05 10:08:04,44.163369,39.003741,5.0,interp_short
2026-10-05 10:08:05,44.163268,39.00385,5.0,interp_short
2026-10-05 10:08:06,44.163169,39.003958,5.0,observed
2026-10-05 10:08:07,44.163099,39.004034,5.0,interp_short
2026-10-05 10:08:08,44.163033,39.004107,5.0,observed
2026-10-05 10:08:09,44.162938,39.004209,5.0,interp_short
2026-10-05 10:08:10,44.162851,39.004304,5.0,interp_short
2026-10-05 10:08:11,44.16276,39.004403,5.0,observed
2026-10-05 10:08:12,44.162624,39.004552,5.0,observed
2026-10-05 10:08:13,44.162487,39.004701,5.0,observed
2026-10-05 10:08:14,44.162419,39.004775,4.94,interp_short
2026-10-05 10:08:15,44.162351,39.00485,5.0,observed
2026-10-05 10:08:16,44.162215,39.004999,5.29,observed
2026-10-05 10:08:17,44.162149,39.005072,5.6,interp_short
2026-10-05 10:08:18,44.162079,39.005149,6.13,observed
2026-10-05 10:08:19,44.161942,39.005299,6.95,observed
2026-10-05 10:08:20,44.161876,39.005371,7.37,interp_short
2026-10-05 10:08:21,44.161806,39.005449,7.76,observed
2026-10-05 10:08:22,44.161669,39.005599,8.54,observed
2026-10-05 10:08:23,44.161533,39.00575,9.31,observed
2026-10-05 10:08:24,44.161396,39.005901,10.05,observed
2026-10-05 10:08:25,44.161259,39.006052,10.77,observed
2026-10-05 10:08:26,44.161192,39.006126,11.13,interp_short
2026-10-05 10:08:27,44.161122,39.006203,11.47,observed
2026-10-05 10:08:28,44.160985,39.006355,12.14,observed
2026-10-05 10:08:29,44.160848,39.006506,12.79,observed
2026-10-05 10:08:30,44.160711,39.006658,13.41,observed
2026-10-05 10:08:31,44.160573,39.006811,14.0,observed
2026-10-05 10:08:32,44.160436,39.006963,14.57,observed
2026-10-05 10:08:33,44.160368,39.007039,14.86,interp_short
2026-10-05 10:08:34,44.160298,39.007116,15.12,observed
2026-10-05 10:08:35,44.16016,39.007269,15.63,observed
2026-10-05 10:08:36,44.160022,39.007422,16.13,observed
2026-10-05 10:08:37,44.159953,39.007498,16.37,interp_short
2026-10-05 10:08:38,44.159884,39.007576,16.6,observed
2026-10-05 10:08:39,44.159746,39.00773,17.04,observed
2026-10-05 10:08:40,44.159607,39.007883,17.47,observed
2026-10-05 10:08:41,44.159469,39.008038,17.87,observed
2026-10-05 10:08:42,44.15933,39.008192,18.25,interp_short
2026-10-05 10:08:43,44.159191,39.008346,18.62,observed
2026-10-05 10:08:44,44.159052,39.008501,18.97,observed
2026-10-05 10:08:45,44.158913,39.008655,19.31,observed
2026-10-05 10:08:46,44.158817,39.008761,19.54,interp_short
2026-10-05 10:08:47,44.15873,39.008859,19.71,interp_short
2026-10-05 10:08:48,44.158634,39.008965,19.94,observed
2026-10-05 10:08:49,44.158495,39.00912,20.24,observed
2026-10-05 10:08:50,44.158425,39.009198,20.4,interp_short
2026-10-05 10:08:51,44.158356,39.009275,20.54,observed
2026-10-05 10:08:52,44.158216,39.009431,20.8,interp_short
2026-10-05 10:08:53,44.158076,39.009586,21.12,observed
2026-10-05 10:08:54,44.157937,39.009741,21.4,observed
2026-10-05 10:08:55,44.157797,39.009897,21.69,observed
2026-10-05 10:08:56,44.157657,39.010052,21.98,observed
2026-10-05 10:08:57,44.157586,39.010131,22.13,interp_short
2026-10-05 10:08:58,44.157517,39.010208,22.28,observed
2026-10-05 10:08:59,44.157377,39.010364,22.58,observed
2026-10-05 10:09:00,44.157236,39.01052,22.89,interp_short
2026-10-05 10:09:01,44.157097,39.010675,23.22,observed
2026-10-05 10:09:02,44.156957,39.01083,23.55,observed
2026-10-05 10:09:03,44.156886,39.010909,23.72,interp_short
2026-10-05 10:09:04,44.156817,39.010986,23.9,observed
2026-10-05 10:09:05,44.156677,39.011141,24.26,observed
2026-10-05 10:09:06,44.156537,39.011297,24.64,observed
2026-10-05 10:09:07,44.156398,39.011453,25.03,observed
2026-10-05 10:09:08,44.156327,39.011532,25.24,interp_short
2026-10-05 10:09:09,44.156258,39.011608,25.45,observed
2026-10-05 10:09:10,44.156118,39.011763,25.88,observed
2026-10-05 10:09:11,44.155978,39.011919,26.33,observed
2026-10-05 10:09:12,44.155907,39.011998,26.56,interp_short
2026-10-05 10:09:13,44.155838,39.012074,26.8,observed
2026-10-05 10:09:14,44.155698,39.01223,27.28,observed
2026-10-05 10:09:15,44.155558,39.012385,27.79,observed
2026-10-05 10:09:16,44.155463,39.012491,28.16,interp_short
2026-10-05 10:09:17,44.155372,39.012592,28.47,interp_short
2026-10-05 10:09:18,44.155279,39.012695,28.87,observed
2026-10-05 10:09:19,44.155139,39.012851,29.43,observed
2026-10-05 10:09:20,44.154999,39.013006,30.01,observed
2026-10-05 10:09:21,44.154904,39.013112,30.51,interp_short
2026-10-05 10:09:22,44.154814,39.013212,30.91,interp_short
2026-10-05 10:09:23,44.15472,39.013316,31.22,observed
2026-10-05 10:09:24,44.15465,39.013394,31.47,interp_short
2026-10-05 10:09:25,44.15458,39.013471,31.85,observed
2026-10-05 10:09:26,44.15444,39.013626,32.49,observed
2026-10-05 10:09:27,44.154301,39.013781,33.14,observed
2026-10-05 10:09:28,44.154161,39.013937,33.8,observed
2026-10-05 10:09:29,44.154093,39.014012,34.22,interp_short
2026-10-05 10:09:30,44.154022,39.014092,34.47,observed
2026-10-05 10:09:31,44.153954,39.014167,34.72,interp_short
2026-10-05 10:09:32,44.153882,39.014247,35.14,observed
2026-10-05 10:09:33,44.153742,39.014403,35.82,observed
2026-10-05 10:09:34,44.153602,39.014558,36.5,observed
2026-10-05 10:09:35,44.153463,39.014714,37.17,observed
2026-10-05 10:09:36,44.153323,39.014869,37.84,observed
2026-10-05 10:09:37,44.153254,39.014946,38.18,interp_short
2026-10-05 10:09:38,44.153183,39.015025,38.51,observed
2026-10-05 10:09:39,44.153043,39.015181,39.16,observed
2026-10-05 10:09:40,44.152903,39.015338,39.81,interp_short
2026-10-05 10:09:41,44.152763,39.015494,40.43,observed
2026-10-05 10:09:42,44.152622,39.01565,41.05,observed
2026-10-05 10:09:43,44.152482,39.015807,41.64,observed
2026-10-05 10:09:44,44.152341,39.015964,42.21,observed
2026-10-05 10:09:45,44.152269,39.016045,42.5,interp_short
2026-10-05 10:09:46,44.152201,39.016122,42.76,observed
2026-10-05 10:09:47,44.152058,39.016282,43.27,interp_short
2026-10-05 10:09:48,44.151919,39.016437,43.77,observed
2026-10-05 10:09:49,44.151846,39.016518,44.01,interp_short
2026-10-05 10:09:50,44.151777,39.016596,44.24,observed
2026-10-05 10:09:51,44.151636,39.016755,44.66,observed
2026-10-05 10:09:52,44.151564,39.016835,44.88,interp_short
2026-10-05 10:09:53,44.151494,39.016914,45.06,observed
2026-10-05 10:09:54,44.151352,39.017074,45.41,observed
2026-10-05 10:09:55,44.15121,39.017234,45.73,observed
2026-10-05 10:09:56,44.151113,39.017344,45.97,interp_short
2026-10-05 10:09:57,44.15102,39.017449,46.14,interp_short
2026-10-05 10:09:58,44.150924,39.017557,46.25,observed
2026-10-05 10:09:59,44.150852,39.017638,46.33,interp_short
2026-10-05 10:10:00,44.150781,39.017719,46.44,observed
2026-10-05 10:10:01,44.150637,39.017881,46.6,observed
2026-10-05 10:10:02,44.150493,39.018044,46.7,observed
2026-10-05 10:10:03,44.150348,39.018208,46.77,observed
2026-10-05 10:10:04,44.15025,39.018319,46.81,interp_short
2026-10-05 10:10:05,44.150155,39.018427,46.8,interp_short
2026-10-05 10:10:06,44.150058,39.018538,46.76,observed
2026-10-05 10:10:07,44.149913,39.018704,46.69,observed
2026-10-05 10:10:08,44.14984,39.018787,46.65,interp_short
2026-10-05 10:10:09,44.149767,39.018871,46.58,observed
2026-10-05 10:10:10,44.14962,39.019038,46.42,observed
2026-10-05 10:10:11,44.149547,39.019121,46.3,interp_short
2026-10-05 10:10:12,44.149473,39.019206,46.22,observed
2026-10-05 10:10:13,44.1494,39.01929,46.13,interp_short
2026-10-05 10:10:14,44.149325,39.019376,45.97,observed
2026-10-05 10:10:15,44.149177,39.019545,45.69,observed
2026-10-05 10:10:16,44.149029,39.019716,45.37,observed
2026-10-05 10:10:17,44.148955,39.019801,45.2,interp_short
2026-10-05 10:10:18,44.14888,39.019888,45.01,observed
2026-10-05 10:10:19,44.14873,39.020061,44.61,observed
2026-10-05 10:10:20,44.14858,39.020234,44.18,observed
2026-10-05 10:10:21,44.148429,39.020408,43.72,observed
2026-10-05 10:10:22,44.148354,39.020496,43.5,interp_short
2026-10-05 10:10:23,44.148278,39.020584,43.23,observed
2026-10-05 10:10:24,44.148126,39.02076,42.71,observed
2026-10-05 10:10:25,44.14805,39.020849,42.44,interp_short
2026-10-05 10:10:26,44.147973,39.020937,42.16,observed
2026-10-05 10:10:27,44.14782,39.021115,41.6,observed
2026-10-05 10:10:28,44.147743,39.021205,41.32,interp_short
2026-10-05 10:10:29,44.147666,39.021294,41.02,observed
2026-10-05 10:10:30,44.147512,39.021474,40.42,observed
2026-10-05 10:10:31,44.147434,39.021565,40.1,interp_short
2026-10-05 10:10:32,44.147357,39.021655,39.8,observed
2026-10-05 10:10:33,44.147202,39.021836,39.18,observed
2026-10-05 10:10:34,44.147046,39.022019,38.55,observed
2026-10-05 10:10:35,44.146968,39.022111,38.23,interp_short
2026-10-05 10:10:36,44.146889,39.022202,37.91,observed
2026-10-05 10:10:37,44.146732,39.022387,37.28,observed
2026-10-05 10:10:38,44.14662,39.022509,36.69,reconstructed_gap
2026-10-05 10:10:39,44.14651,39.022634,36.21,reconstructed_gap
2026-10-05 10:10:40,44.1464,39.022758,35.73,reconstructed_gap
2026-10-05 10:10:41,44.146289,39.022881,35.25,reconstructed_gap
2026-10-05 10:10:42,44.146179,39.023005,34.78,reconstructed_gap
2026-10-05 10:10:43,44.146069,39.023128,34.32,reconstructed_gap
2026-10-05 10:10:44,44.145958,39.023252,33.86,reconstructed_gap
2026-10-05 10:10:45,44.145848,39.023374,33.41,reconstructed_gap
2026-10-05 10:10:46,44.145737,39.023497,32.96,reconstructed_gap
2026-10-05 10:10:47,44.145626,39.023619,32.52,reconstructed_gap
2026-10-05 10:10:48,44.145515,39.023741,32.1,reconstructed_gap
2026-10-05 10:10:49,44.145404,39.023863,31.68,reconstructed_gap
2026-10-05 10:10:50,44.145293,39.023985,31.27,reconstructed_gap
2026-10-05 10:10:51,44.145182,39.024106,30.87,reconstructed_gap
2026-10-05 10:10:52,44.14507,39.024228,30.49,reconstructed_gap
2026-10-05 10:10:53,44.144959,39.024349,30.11,reconstructed_gap
2026-10-05 10:10:54,44.144848,39.024469,29.75,reconstructed_gap
2026-10-05 10:10:55,44.144736,39.02459,29.39,reconstructed_gap
2026-10-05 10:10:56,44.144624,39.02471,29.06,reconstructed_gap
2026-10-05 10:10:57,44.144513,39.024831,28.73,reconstructed_gap
2026-10-05 10:10:58,44.144401,39.024951,28.42,reconstructed_gap
2026-10-05 10:10:59,44.144289,39.025071,28.12,reconstructed_gap
2026-10-05 10:11:00,44.144177,39.02519,27.83,reconstructed_gap
2026-10-05 10:11:01,44.144065,39.02531,27.56,reconstructed_gap
2026-10-05 10:11:02,44.143953,39.025429,27.3,reconstructed_gap
2026-10-05 10:11:03,44.143841,39.025548,27.05,reconstructed_gap
2026-10-05 10:11:04,44.143729,39.025667,26.82,reconstructed_gap
2026-10-05 10:11:05,44.143616,39.025786,26.6,reconstructed_gap
2026-10-05 10:11:06,44.143504,39.025905,26.4,reconstructed_gap
2026-10-05 10:11:07,44.143392,39.026023,26.21,reconstructed_gap
2026-10-05 10:11:08,44.143279,39.026141,26.04,reconstructed_gap
2026-10-05 10:11:09,44.143167,39.02626,25.88,reconstructed_gap
2026-10-05 10:11:10,44.143054,39.026378,25.73,reconstructed_gap
2026-10-05 10:11:11,44.142941,39.026496,25.6,reconstructed_gap
2026-10-05 10:11:12,44.142829,39.026613,25.48,reconstructed_gap
2026-10-05 10:11:13,44.142716,39.026731,25.38,reconstructed_gap
2026-10-05 10:11:14,44.142603,39.026849,25.29,reconstructed_gap
2026-10-05 10:11:15,44.14249,39.026966,25.21,reconstructed_gap
2026-10-05 10:11:16,44.142378,39.027083,25.15,reconstructed_gap
2026-10-05 10:11:17,44.142265,39.0272,25.1,reconstructed_gap
2026-10-05 10:11:18,44.142152,39.027317,25.06,reconstructed_gap
2026-10-05 10:11:19,44.142039,39.027434,25.04,reconstructed_gap
2026-10-05 10:11:20,44.141926,39.027551,25.03,reconstructed_gap
2026-10-05 10:11:21,44.141813,39.027668,25.04,reconstructed_gap
2026-10-05 10:11:22,44.1417,39.027785,25.06,reconstructed_gap
2026-10-05 10:11:23,44.141586,39.027901,25.09,reconstructed_gap
2026-10-05 10:11:24,44.141473,39.028018,25.13,reconstructed_gap
2026-10-05 10:11:25,44.14136,39.028134,25.19,reconstructed_gap
2026-10-05 10:11:26,44.141247,39.02825,25.25,reconstructed_gap
2026-10-05 10:11:27,44.141134,39.028367,25.33,reconstructed_gap
2026-10-05 10:11:28,44.141021,39.028483,25.43,reconstructed_gap
2026-10-05 10:11:29,44.140907,39.028599,25.53,reconstructed_gap
2026-10-05 10:11:30,44.140794,39.028715,25.64,reconstructed_gap
2026-10-05 10:11:31,44.140681,39.028831,25.77,reconstructed_gap
2026-10-05 10:11:32,44.140568,39.028947,25.91,reconstructed_gap
2026-10-05 10:11:33,44.140454,39.029063,26.05,reconstructed_gap
2026-10-05 10:11:34,44.140341,39.029178,26.21,reconstructed_gap
2026-10-05 10:11:35,44.140228,39.029294,26.38,reconstructed_gap
2026-10-05 10:11:36,44.140115,39.02941,26.56,reconstructed_gap
2026-10-05 10:11:37,44.140001,39.029526,26.75,reconstructed_gap
2026-10-05 10:11:38,44.139888,39.029641,26.94,reconstructed_gap
2026-10-05 10:11:39,44.139775,39.029757,27.15,reconstructed_gap
2026-10-05 10:11:40,44.139662,39.029872,27.37,reconstructed_gap
2026-10-05 10:11:41,44.139548,39.029988,27.59,reconstructed_gap
2026-10-05 10:11:42,44.139435,39.030103,27.82,reconstructed_gap
2026-10-05 10:11:43,44.139322,39.030219,28.07,reconstructed_gap
2026-10-05 10:11:44,44.139209,39.030334,28.32,reconstructed_gap
2026-10-05 10:11:45,44.139096,39.03045,28.57,reconstructed_gap
2026-10-05 10:11:46,44.138983,39.030565,28.84,reconstructed_gap
2026-10-05 10:11:47,44.13887,39.030681,29.11,reconstructed_gap
2026-10-05 10:11:48,44.138756,39.030796,29.39,reconstructed_gap
2026-10-05 10:11:49,44.138643,39.030912,29.67,reconstructed_gap
2026-10-05 10:11:50,44.13853,39.031027,29.97,reconstructed_gap
2026-10-05 10:11:51,44.138417,39.031143,30.26,reconstructed_gap
2026-10-05 10:11:52,44.138305,39.031258,30.57,reconstructed_gap
2026-10-05 10:11:53,44.138192,39.031374,30.88,reconstructed_gap
2026-10-05 10:11:54,44.138079,39.031489,31.19,reconstructed_gap
2026-10-05 10:11:55,44.137966,39.031605,31.51,reconstructed_gap
2026-10-05 10:11:56,44.137853,39.03172,31.84,reconstructed_gap
2026-10-05 10:11:57,44.137741,39.031836,32.17,reconstructed_gap
2026-10-05 10:11:58,44.137628,39.031952,32.5,reconstructed_gap
2026-10-05 10:11:59,44.137515,39.032067,32.84,reconstructed_gap
2026-10-05 10:12:00,44.137403,39.032183,33.18,reconstructed_gap
2026-10-05 10:12:01,44.13729,39.032299,33.53,reconstructed_gap
2026-10-05 10:12:02,44.137178,39.032415,33.87,reconstructed_gap
2026-10-05 10:12:03,44.137066,39.032531,34.23,reconstructed_gap
2026-10-05 10:12:04,44.136953,39.032647,34.58,reconstructed_gap
2026-10-05 10:12:05,44.136841,39.032763,34.94,reconstructed_gap
2026-10-05 10:12:06,44.136729,39.032879,35.3,reconstructed_gap
2026-10-05 10:12:07,44.136617,39.032995,35.66,reconstructed_gap
2026-10-05 10:12:08,44.136505,39.033111,36.02,reconstructed_gap
2026-10-05 10:12:09,44.136393,39.033228,36.38,reconstructed_gap
2026-10-05 10:12:10,44.136281,39.033344,36.75,reconstructed_gap
2026-10-05 10:12:11,44.136169,39.033461,37.11,reconstructed_gap
2026-10-05 10:12:12,44.136058,39.033577,37.48,reconstructed_gap
2026-10-05 10:12:13,44.135946,39.033694,37.85,reconstructed_gap
2026-10-05 10:12:14,44.135835,39.033811,38.21,reconstructed_gap
2026-10-05 10:12:15,44.135723,39.033927,38.58,reconstructed_gap
2026-10-05 10:12:16,44.135612,39.034044,38.95,reconstructed_gap
2026-10-05 10:12:17,44.135501,39.034162,39.31,reconstructed_gap
2026-10-05 10:12:18,44.13539,39.034279,39.68,reconstructed_gap
2026-10-05 10:12:19,44.135279,39.034396,40.04,reconstructed_gap
2026-10-05 10:12:20,44.135168,39.034514,40.4,reconstructed_gap
2026-10-05 10:12:21,44.135058,39.034631,40.76,reconstructed_gap
2026-10-05 10:12:22,44.134947,39.034749,41.12,reconstructed_gap
2026-10-05 10:12:23,44.134837,39.034867,41.48,reconstructed_gap
2026-10-05 10:12:24,44.134726,39.034985,41.83,reconstructed_gap
2026-10-05 10:12:25,44.134616,39.035103,42.18,reconstructed_gap
2026-10-05 10:12:26,44.134506,39.035221,42.53,reconstructed_gap
2026-10-05 10:12:27,44.134396,39.035339,42.88,reconstructed_gap
2026-10-05 10:12:28,44.134286,39.035458,43.22,reconstructed_gap
2026-10-05 10:12:29,44.134176,39.035577,43.56,reconstructed_gap
2026-10-05 10:12:30,44.134067,39.035696,43.89,reconstructed_gap
2026-10-05 10:12:31,44.133958,39.035815,44.22,reconstructed_gap
2026-10-05 10:12:32,44.133848,39.035934,44.55,reconstructed_gap
2026-10-05 10:12:33,44.133739,39.036053,44.87,reconstructed_gap
2026-10-05 10:12:34,44.13363,39.036173,45.19,reconstructed_gap
2026-10-05 10:12:35,44.133521,39.036293,45.5,reconstructed_gap
2026-10-05 10:12:36,44.133413,39.036412,45.8,reconstructed_gap
2026-10-05 10:12:37,44.133304,39.036533,46.1,reconstructed_gap
2026-10-05 10:12:38,44.133196,39.036653,46.4,reconstructed_gap
2026-10-05 10:12:39,44.133088,39.036773,46.69,reconstructed_gap
2026-10-05 10:12:40,44.13298,39.036894,46.97,reconstructed_gap
2026-10-05 10:12:41,44.132872,39.037015,47.24,reconstructed_gap
2026-10-05 10:12:42,44.132765,39.037136,47.51,reconstructed_gap
2026-10-05 10:12:43,44.132657,39.037258,47.78,reconstructed_gap
2026-10-05 10:12:44,44.13255,39.037379,48.03,reconstructed_gap
2026-10-05 10:12:45,44.132443,39.037501,48.28,reconstructed_gap
2026-10-05 10:12:46,44.132336,39.037623,48.52,reconstructed_gap
2026-10-05 10:12:47,44.132229,39.037746,48.75,reconstructed_gap
2026-10-05 10:12:48,44.132123,39.037868,48.97,reconstructed_gap
2026-10-05 10:12:49,44.132017,39.037991,49.19,reconstructed_gap
2026-10-05 10:12:50,44.131911,39.038114,49.4,reconstructed_gap
2026-10-05 10:12:51,44.131805,39.038237,49.59,reconstructed_gap
2026-10-05 10:12:52,44.131699,39.038361,49.78,reconstructed_gap
2026-10-05 10:12:53,44.131594,39.038485,49.96,reconstructed_gap
2026-10-05 10:12:54,44.131488,39.038609,50.13,reconstructed_gap
2026-10-05 10:12:55,44.131383,39.038733,50.29,reconstructed_gap
2026-10-05 10:12:56,44.131279,39.038858,50.45,reconstructed_gap
2026-10-05 10:12:57,44.131174,39.038983,50.59,reconstructed_gap
2026-10-05 10:12:58,44.13107,39.039108,50.72,reconstructed_gap
2026-10-05 10:12:59,44.130966,39.039234,50.84,reconstructed_gap
2026-10-05 10:13:00,44.130862,39.03936,50.95,reconstructed_gap
2026-10-05 10:13:01,44.130759,39.039486,51.05,reconstructed_gap
2026-10-05 10:13:02,44.130655,39.039612,51.13,reconstructed_gap
2026-10-05 10:13:03,44.130552,39.039739,51.21,reconstructed_gap
2026-10-05 10:13:04,44.130449,39.039866,51.28,reconstructed_gap
2026-10-05 10:13:05,44.130347,39.039994,51.33,reconstructed_gap
2026-10-05 10:13:06,44.130245,39.040121,51.37,reconstructed_gap
2026-10-05 10:13:07,44.130143,39.04025,51.4,reconstructed_gap
2026-10-05 10:13:08,44.130041,39.040378,51.42,reconstructed_gap
2026-10-05 10:13:09,44.129939,39.040507,51.42,reconstructed_gap
2026-10-05 10:13:10,44.129838,39.040636,51.42,reconstructed_gap
2026-10-05 10:13:11,44.129737,39.040766,51.4,reconstructed_gap
2026-10-05 10:13:12,44.129637,39.040896,51.36,reconstructed_gap
2026-10-05 10:13:13,44.129537,39.041026,51.32,reconstructed_gap
2026-10-05 10:13:14,44.129437,39.041157,51.26,reconstructed_gap
2026-10-05 10:13:15,44.129337,39.041288,51.19,reconstructed_gap
2026-10-05 10:13:16,44.129237,39.041419,51.1,reconstructed_gap
2026-10-05 10:13:17,44.129138,39.041551,51.0,reconstructed_gap
2026-10-05 10:13:18,44.12904,39.041683,50.89,reconstructed_gap
2026-10-05 10:13:19,44.128941,39.041816,50.76,reconstructed_gap
2026-10-05 10:13:20,44.128843,39.041949,50.62,reconstructed_gap
2026-10-05 10:13:21,44.128745,39.042082,50.47,reconstructed_gap
2026-10-05 10:13:22,44.128648,39.042216,50.3,reconstructed_gap
2026-10-05 10:13:23,44.128551,39.042351,50.12,reconstructed_gap
2026-10-05 10:13:24,44.128454,39.042486,49.92,reconstructed_gap
2026-10-05 10:13:25,44.128358,39.042621,49.71,reconstructed_gap
2026-10-05 10:13:26,44.128262,39.042757,49.49,reconstructed_gap
2026-10-05 10:13:27,44.128166,39.042893,49.25,reconstructed_gap
2026-10-05 10:13:28,44.12807,39.04303,49.0,reconstructed_gap
2026-10-05 10:13:29,44.127975,39.043167,48.73,reconstructed_gap
2026-10-05 10:13:30,44.127871,39.043297,48.22,observed
2026-10-05 10:13:31,44.127782,39.043441,48.06,interp_short
2026-10-05 10:13:32,44.127702,39.043594,47.83,interp_short
2026-10-05 10:13:33,44.127623,39.043744,47.47,observed
2026-10-05 10:13:34,44.127496,39.043972,47.02,observed
2026-10-05 10:13:35,44.127428,39.044084,46.79,interp_short
2026-10-05 10:13:36,44.127368,39.044201,46.52,observed
2026-10-05 10:13:37,44.127238,39.044433,45.98,observed
2026-10-05 10:13:38,44.12717,39.044547,45.62,interp_short
2026-10-05 10:13:39,44.127108,39.044666,45.4,observed
2026-10-05 10:13:40,44.127038,39.044781,45.14,interp_short
2026-10-05 10:13:41,44.126975,39.044901,44.77,observed
2026-10-05 10:13:42,44.12687,39.045067,44.25,interp_short
2026-10-05 10:13:43,44.126765,39.045254,43.66,interp_short
2026-10-05 10:13:44,44.126664,39.045442,43.1,interp_short
2026-10-05 10:13:45,44.126568,39.045615,42.66,observed
2026-10-05 10:13:46,44.126496,39.045733,42.36,interp_short
2026-10-05 10:13:47,44.12643,39.045855,41.88,observed
2026-10-05 10:13:48,44.126289,39.046096,41.07,observed
2026-10-05 10:13:49,44.126233,39.046178,40.6,interp_short
2026-10-05 10:13:50,44.126198,39.046247,40.42,interp_short
2026-10-05 10:13:51,44.126147,39.046337,40.23,observed
2026-10-05 10:13:52,44.126074,39.046455,39.82,interp_short
2026-10-05 10:13:53,44.126004,39.046579,39.37,observed
2026-10-05 10:13:54,44.125933,39.046701,39.04,interp_short
2026-10-05 10:13:55,44.125859,39.046822,38.48,observed
2026-10-05 10:13:56,44.125712,39.047064,37.56,observed
2026-10-05 10:13:57,44.12564,39.047185,37.08,interp_short
2026-10-05 10:13:58,44.125564,39.047306,36.63,observed
2026-10-05 10:13:59,44.125414,39.047547,35.69,observed
2026-10-05 10:14:00,44.125262,39.047789,34.73,observed
2026-10-05 10:14:01,44.125209,39.047876,34.36,interp_short
2026-10-05 10:14:02,44.125166,39.047943,34.23,interp_short
2026-10-05 10:14:03,44.125109,39.048029,33.76,observed
2026-10-05 10:14:04,44.124954,39.048268,32.78,observed
2026-10-05 10:14:05,44.124878,39.048388,32.29,interp_short
2026-10-05 10:14:06,44.124798,39.048507,31.8,observed
2026-10-05 10:14:07,44.12464,39.048744,30.82,observed
2026-10-05 10:14:08,44.124585,39.04883,30.38,interp_short
2026-10-05 10:14:09,44.124541,39.048895,30.27,interp_short
2026-10-05 10:14:10,44.124481,39.048979,29.84,observed
2026-10-05 10:14:11,44.12432,39.049213,28.87,observed
2026-10-05 10:14:12,44.12424,39.049331,28.37,interp_short
2026-10-05 10:14:13,44.124158,39.049445,27.9,observed
2026-10-05 10:14:14,44.123994,39.049676,26.94,observed
2026-10-05 10:14:15,44.123913,39.049792,26.33,interp_short
2026-10-05 10:14:16,44.123829,39.049904,25.99,observed
2026-10-05 10:14:17,44.123748,39.050018,25.59,interp_short
2026-10-05 10:14:18,44.123662,39.050129,25.06,observed
2026-10-05 10:14:19,44.123554,39.050277,24.41,interp_short
2026-10-05 10:14:20,44.123439,39.050429,23.77,interp_short
2026-10-05 10:14:21,44.123325,39.050573,23.25,observed
2026-10-05 10:14:22,44.123242,39.050683,22.9,interp_short
2026-10-05 10:14:23,44.123155,39.050791,22.37,observed
2026-10-05 10:14:24,44.122983,39.051006,21.51,observed
2026-10-05 10:14:25,44.122899,39.051114,21.08,interp_short
2026-10-05 10:14:26,44.12281,39.051218,20.68,observed
2026-10-05 10:14:27,44.122636,39.051427,19.88,observed
2026-10-05 10:14:28,44.122551,39.051532,19.36,interp_short
2026-10-05 10:14:29,44.122461,39.051633,19.1,observed
2026-10-05 10:14:30,44.122371,39.051742,18.88,interp_short
2026-10-05 10:14:31,44.122288,39.05184,18.61,interp_short
2026-10-05 10:14:32,44.122203,39.051934,18.21,interp_short
2026-10-05 10:14:33,44.122108,39.052035,17.62,observed
2026-10-05 10:14:34,44.12193,39.05223,16.93,observed
2026-10-05 10:14:35,44.121842,39.052329,16.58,interp_short
2026-10-05 10:14:36,44.121751,39.052423,16.26,observed
2026-10-05 10:14:37,44.121571,39.052611,15.62,observed
2026-10-05 10:14:38,44.121391,39.052796,15.02,observed
2026-10-05 10:14:39,44.121301,39.05289,14.73,interp_short
2026-10-05 10:14:40,44.12121,39.052977,14.44,observed
2026-10-05 10:14:41,44.121028,39.053155,13.89,observed
2026-10-05 10:14:42,44.120937,39.053246,13.54,interp_short
2026-10-05 10:14:43,44.120845,39.053329,13.37,observed
2026-10-05 10:14:44,44.120754,39.053418,13.19,interp_short
2026-10-05 10:14:45,44.120662,39.053499,12.87,observed
2026-10-05 10:14:46,44.120479,39.053666,12.4,observed
2026-10-05 10:14:47,44.120387,39.053752,12.11,interp_short
2026-10-05 10:14:48,44.120295,39.053829,11.96,observed
2026-10-05 10:14:49,44.120203,39.053913,11.81,interp_short
2026-10-05 10:14:50,44.120111,39.053988,11.54,observed
2026-10-05 10:14:51,44.119926,39.054144,11.15,observed
2026-10-05 10:14:52,44.119834,39.054223,10.95,interp_short
2026-10-05 10:14:53,44.119742,39.054296,10.77,observed
2026-10-05 10:14:54,44.119557,39.054444,10.42,observed
2026-10-05 10:14:55,44.119466,39.054519,10.19,interp_short
2026-10-05 10:14:56,44.119372,39.054589,10.08,observed
2026-10-05 10:14:57,44.119281,39.054662,9.97,interp_short
2026-10-05 10:14:58,44.119187,39.054731,9.76,observed
2026-10-05 10:14:59,44.119002,39.054869,9.45,observed
2026-10-05 10:15:00,44.118912,39.054938,9.27,interp_short
2026-10-05 10:15:01,44.118818,39.055004,9.15,observed
2026-10-05 10:15:02,44.118698,39.055093,8.98,interp_short
2026-10-05 10:15:03,44.118575,39.05518,8.77,interp_short
2026-10-05 10:15:04,44.118449,39.055265,8.59,observed
2026-10-05 10:15:05,44.118359,39.055329,8.46,interp_short
2026-10-05 10:15:06,44.118265,39.055391,8.31,observed
2026-10-05 10:15:07,44.118081,39.055514,8.05,observed
2026-10-05 10:15:08,44.117898,39.055635,7.78,observed
2026-10-05 10:15:09,44.117808,39.055695,7.65,interp_short
2026-10-05 10:15:10,44.117715,39.055753,7.51,observed
2026-10-05 10:15:11,44.117533,39.055868,7.24,observed
2026-10-05 10:15:12,44.117443,39.055926,7.1,interp_short
2026-10-05 10:15:13,44.117352,39.055982,6.97,observed
2026-10-05 10:15:14,44.117172,39.056094,6.69,interp_short
2026-10-05 10:15:15,44.116991,39.056202,6.4,observed
2026-10-05 10:15:16,44.116901,39.056257,6.25,interp_short
2026-10-05 10:15:17,44.116811,39.05631,6.1,observed
2026-10-05 10:15:18,44.116633,39.056416,5.8,observed
2026-10-05 10:15:19,44.116455,39.056521,5.48,observed
2026-10-05 10:15:20,44.116367,39.056573,5.28,interp_short
2026-10-05 10:15:21,44.116278,39.056624,5.14,observed
2026-10-05 10:15:22,44.116103,39.056726,5.0,observed
2026-10-05 10:15:23,44.116017,39.056776,4.97,interp_short
2026-10-05 10:15:24,44.115928,39.056827,5.0,observed
2026-10-05 10:15:25,44.115754,39.056928,5.0,observed
2026-10-05 10:15:26,44.115669,39.056976,5.0,interp_short
2026-10-05 10:15:27,44.115581,39.057027,5.0,observed
2026-10-05 10:15:28,44.11541,39.057127,5.0,observed
2026-10-05 10:15:29,44.11524,39.057226,5.0,observed
2026-10-05 10:15:30,44.115158,39.057273,5.0,interp_short
2026-10-05 10:15:31,44.115071,39.057325,5.0,observed
2026-10-05 10:15:32,44.114906,39.057422,5.0,interp_short
2026-10-05 10:15:33,44.114736,39.057524,5.0,observed
2026-10-05 10:15:34,44.114571,39.057623,5.0,observed
2026-10-05 10:15:35,44.114407,39.057724,5.0,observed
2026-10-05 10:15:36,44.114244,39.057825,5.0,observed
2026-10-05 10:15:37,44.114083,39.057927,5.0,observed
2026-10-05 10:15:38,44.113922,39.05803,5.0,observed
2026-10-05 10:15:39,44.113841,39.058081,5.0,interp_short
2026-10-05 10:15:40,44.113764,39.058134,5.0,observed
2026-10-05 10:15:41,44.113606,39.058239,5.0,observed
2026-10-05 10:15:42,44.113451,39.058346,5.0,observed
2026-10-05 10:15:43,44.113296,39.058454,5.0,observed
2026-10-05 10:15:44,44.113143,39.058565,5.0,observed
2026-10-05 10:15:45,44.112991,39.058676,5.0,observed
2026-10-05 10:15:46,44.112883,39.058753,5.0,interp_short
2026-10-05 10:15:47,44.112788,39.058826,5.0,interp_short
2026-10-05 10:15:48,44.112691,39.058906,5.0,observed
2026-10-05 10:15:49,44.112544,39.059023,5.0,observed
2026-10-05 10:15:50,44.112394,39.059143,5.0,interp_short
2026-10-05 10:15:51,44.112252,39.059265,5.0,observed
2026-10-05 10:15:52,44.112177,39.059326,5.0,interp_short
2026-10-05 10:15:53,44.112108,39.05939,5.0,observed
2026-10-05 10:15:54,44.111966,39.059517,5.0,observed
2026-10-05 10:15:55,44.111892,39.059579,5.0,interp_short
2026-10-05 10:15:56,44.111824,39.059646,5.0,observed
2026-10-05 10:15:57,44.111684,39.059777,5.0,observed
2026-10-05 10:15:58,44.111545,39.059911,5.0,observed
2026-10-05 10:15:59,44.111408,39.060048,5.0,observed
2026-10-05 10:16:00,44.111338,39.060114,5.0,interp_short
2026-10-05 10:16:01,44.111271,39.060187,5.0,observed
2026-10-05 10:16:02,44.111136,39.060328,5.0,observed
2026-10-05 10:16:03,44.111001,39.060472,5.0,observed
2026-10-05 10:16:04,44.110934,39.060542,5.0,interp_short
2026-10-05 10:16:05,44.110868,39.060619,5.0,observed
2026-10-05 10:16:06,44.110735,39.060768,5.0,observed
2026-10-05 10:16:07,44.110604,39.060919,5.0,observed
2026-10-05 10:16:08,44.110473,39.061073,5.0,observed
2026-10-05 10:16:09,44.110407,39.061149,5.0,interp_short
2026-10-05 10:16:10,44.110343,39.06123,5.0,observed
2026-10-05 10:16:11,44.110214,39.061388,5.0,observed
2026-10-05 10:16:12,44.110086,39.061549,5.0,observed
2026-10-05 10:16:13,44.109958,39.061713,5.0,observed
2026-10-05 10:16:14,44.109893,39.061794,5.0,interp_short
2026-10-05 10:16:15,44.109831,39.061878,5.0,observed
2026-10-05 10:16:16,44.109705,39.062046,5.0,observed
2026-10-05 10:16:17,44.109578,39.062215,5.0,interp_short
2026-10-05 10:16:18,44.109454,39.062387,5.0,observed
2026-10-05 10:16:19,44.10939,39.062472,5.0,interp_short
2026-10-05 10:16:20,44.109329,39.062561,5.0,observed
2026-10-05 10:16:21,44.109205,39.062736,5.0,observed
2026-10-05 10:16:22,44.109119,39.062855,5.0,interp_short
2026-10-05 10:16:23,44.10904,39.06297,5.0,interp_short
2026-10-05 10:16:24,44.108957,39.063092,5.0,observed
2026-10-05 10:16:25,44.108834,39.063272,5.0,observed
2026-10-05 10:16:26,44.108772,39.063361,5.0,interp_short
2026-10-05 10:16:27,44.10871,39.063454,5.0,observed
2026-10-05 10:16:28,44.108586,39.063637,5.0,interp_short
2026-10-05 10:16:29,44.108464,39.063822,5.0,observed
2026-10-05 10:16:30,44.108341,39.064007,5.0,observed
2026-10-05 10:16:31,44.108257,39.064132,5.0,interp_short
2026-10-05 10:16:32,44.108177,39.064255,5.0,interp_short
2026-10-05 10:16:33,44.108095,39.064381,5.0,observed
2026-10-05 10:16:34,44.108033,39.064475,5.0,interp_short
2026-10-05 10:16:35,44.107972,39.064569,5.0,observed
2026-10-05 10:16:36,44.107849,39.064758,5.0,observed
2026-10-05 10:16:37,44.107725,39.064948,5.0,observed
2026-10-05 10:16:38,44.107601,39.065138,5.0,observed
2026-10-05 10:16:39,44.107539,39.065233,5.0,interp_short
2026-10-05 10:16:40,44.107477,39.065329,5.0,observed
2026-10-05 10:16:41,44.107353,39.06552,5.0,observed
2026-10-05 10:16:42,44.107228,39.065711,5.0,observed
2026-10-05 10:16:43,44.107145,39.065839,5.0,interp_short
2026-10-05 10:16:44,44.107065,39.065963,5.0,interp_short
2026-10-05 10:16:45,44.106978,39.066094,5.0,observed
2026-10-05 10:16:46,44.10691,39.066198,5.0,interp_short
2026-10-05 10:16:47,44.106855,39.066283,5.0,interp_short
2026-10-05 10:16:48,44.106798,39.066369,5.0,interp_short
2026-10-05 10:16:49,44.106726,39.066476,5.0,observed
2026-10-05 10:16:50,44.106599,39.066667,5.0,observed
2026-10-05 10:16:51,44.106471,39.066858,5.0,observed
2026-10-05 10:16:52,44.106343,39.067048,5.0,observed
2026-10-05 10:16:53,44.106215,39.067238,5.0,observed
2026-10-05 10:16:54,44.106129,39.067366,5.0,interp_short
2026-10-05 10:16:55,44.106044,39.06749,5.0,interp_short
2026-10-05 10:16:56,44.105956,39.067616,5.0,observed
2026-10-05 10:16:57,44.105826,39.067804,5.0,observed
2026-10-05 10:16:58,44.105695,39.067991,5.0,observed
2026-10-05 10:16:59,44.105563,39.068178,5.0,observed
2026-10-05 10:17:00,44.105497,39.068273,5.0,interp_short
2026-10-05 10:17:01,44.105431,39.068363,5.0,observed
2026-10-05 10:17:02,44.105298,39.068548,5.0,observed
2026-10-05 10:17:03,44.105231,39.068642,5.0,interp_short
2026-10-05 10:17:04,44.105164,39.068732,5.0,observed
2026-10-05 10:17:05,44.105096,39.068826,5.0,interp_short
2026-10-05 10:17:06,44.105029,39.068915,5.0,observed
2026-10-05 10:17:07,44.104894,39.069098,5.0,observed
2026-10-05 10:17:08,44.104759,39.069279,5.0,observed
2026-10-05 10:17:09,44.104667,39.069402,4.96,interp_short
2026-10-05 10:17:10,44.104577,39.06952,4.93,interp_short
2026-10-05 10:17:11,44.104485,39.069638,5.01,observed
2026-10-05 10:17:12,44.104347,39.069816,5.21,observed
2026-10-05 10:17:13,44.104209,39.069994,5.36,observed
2026-10-05 10:17:14,44.10414,39.070083,5.44,interp_short
2026-10-05 10:17:15,44.10407,39.07017,5.48,observed
2026-10-05 10:17:16,44.104001,39.070259,5.51,interp_short
2026-10-05 10:17:17,44.10393,39.070345,5.55,observed
2026-10-05 10:17:18,44.10379,39.070519,5.59,observed
2026-10-05 10:17:19,44.103649,39.070692,5.59,observed
2026-10-05 10:17:20,44.103507,39.070864,5.55,observed
2026-10-05 10:17:21,44.103437,39.070951,5.51,interp_short
2026-10-05 10:17:22,44.103365,39.071035,5.48,observed
2026-10-05 10:17:23,44.103294,39.071121,5.44,interp_short
2026-10-05 10:17:24,44.103222,39.071205,5.37,observed
2026-10-05 10:17:25,44.103127,39.071319,5.26,interp_short
2026-10-05 10:17:26,44.103034,39.071429,5.14,interp_short
2026-10-05 10:17:27,44.102935,39.071542,5.04,observed
2026-10-05 10:17:28,44.102791,39.071709,5.0,observed
2026-10-05 10:17:29,44.102646,39.071875,5.0,observed
2026-10-05 10:17:30,44.1025,39.072041,5.0,observed
2026-10-05 10:17:31,44.102404,39.072152,5.0,interp_short
2026-10-05 10:17:32,44.102308,39.072259,5.0,interp_short
2026-10-05 10:17:33,44.102209,39.072369,5.0,observed
2026-10-05 10:17:34,44.102136,39.072451,5.0,interp_short
2026-10-05 10:17:35,44.102062,39.072532,5.0,observed
2026-10-05 10:17:36,44.101915,39.072694,5.0,observed
2026-10-05 10:17:37,44.101768,39.072856,5.0,observed
2026-10-05 10:17:38,44.101669,39.072965,5.0,interp_short
2026-10-05 10:17:39,44.101571,39.073071,5.0,interp_short
2026-10-05 10:17:40,44.101472,39.073177,5.0,observed
2026-10-05 10:17:41,44.101324,39.073337,5.0,observed
2026-10-05 10:17:42,44.101223,39.073446,5.0,interp_short
2026-10-05 10:17:43,44.101125,39.07355,5.0,interp_short
2026-10-05 10:17:44,44.101026,39.073654,5.0,observed
2026-10-05 10:17:45,44.100877,39.073812,5.0,observed
2026-10-05 10:17:46,44.100728,39.07397,5.0,observed
2026-10-05 10:17:47,44.100652,39.07405,5.0,interp_short
2026-10-05 10:17:48,44.100579,39.074127,5.0,observed
2026-10-05 10:17:49,44.100503,39.074207,5.0,interp_short
2026-10-05 10:17:50,44.100429,39.074284,5.0,observed
2026-10-05 10:17:51,44.100279,39.07444,5.0,observed
2026-10-05 10:17:52,44.100204,39.074519,5.0,interp_short
2026-10-05 10:17:53,44.100129,39.074596,5.0,observed
2026-10-05 10:17:54,44.099979,39.074752,5.0,observed
2026-10-05 10:17:55,44.099829,39.074907,5.0,observed
2026-10-05 10:17:56,44.099753,39.074985,5.0,interp_short
2026-10-05 10:17:57,44.099679,39.075063,5.0,observed
2026-10-05 10:17:58,44.099528,39.075218,5.0,observed
2026-10-05 10:17:59,44.099452,39.075294,5.0,interp_short
2026-10-05 10:18:00,44.099378,39.075372,5.0,observed
2026-10-05 10:18:01,44.099276,39.075474,5.0,interp_short
2026-10-05 10:18:02,44.099175,39.075576,5.0,interp_short
2026-10-05 10:18:03,44.099077,39.075681,5.0,observed
2026-10-05 10:18:04,44.098926,39.075836,5.0,observed
2026-10-05 10:18:05,44.098849,39.075911,5.0,interp_short
2026-10-05 10:18:06,44.098775,39.07599,5.0,observed
2026-10-05 10:18:07,44.098625,39.076144,5.0,observed
2026-10-05 10:18:08,44.098478,39.076303,5.0,observed
2026-10-05 10:18:09,44.098347,39.076486,5.0,observed
2026-10-05 10:18:10,44.09828,39.076576,5.0,interp_short
2026-10-05 10:18:11,44.098216,39.07667,5.0,observed
2026-10-05 10:18:12,44.09815,39.076759,5.0,interp_short
2026-10-05 10:18:13,44.098085,39.076853,5.0,observed
2026-10-05 10:18:14,44.098019,39.076942,5.0,interp_short
2026-10-05 10:18:15,44.097954,39.077036,5.0,observed
2026-10-05 10:18:16,44.097823,39.077218,5.0,observed
2026-10-05 10:18:17,44.097757,39.077307,5.0,interp_short
2026-10-05 10:18:18,44.097692,39.077401,5.0,observed
2026-10-05 10:18:19,44.097561,39.077584,5.0,observed
2026-10-05 10:18:20,44.09743,39.077767,5.0,observed
2026-10-05 10:18:21,44.097299,39.077949,5.0,observed
2026-10-05 10:18:22,44.097234,39.07804,5.0,interp_short
2026-10-05 10:18:23,44.097168,39.078132,5.0,observed
2026-10-05 10:18:24,44.097037,39.078314,5.0,observed
2026-10-05 10:18:25,44.096972,39.078405,5.0,interp_short
2026-10-05 10:18:26,44.096906,39.078497,5.0,observed
2026-10-05 10:18:27,44.096775,39.078679,5.0,observed
2026-10-05 10:18:28,44.096644,39.078861,5.0,observed
2026-10-05 10:18:29,44.096579,39.078952,5.15,interp_short
2026-10-05 10:18:30,44.096513,39.079044,5.4,observed
2026-10-05 10:18:31,44.096448,39.079134,5.68,interp_short
2026-10-05 10:18:32,44.096381,39.079226,6.19,observed
2026-10-05 10:18:33,44.09625,39.079408,6.99,observed
2026-10-05 10:18:34,44.096163,39.079529,7.59,interp_short
2026-10-05 10:18:35,44.096077,39.079647,8.03,interp_short
2026-10-05 10:18:36,44.095987,39.079771,8.58,observed
2026-10-05 10:18:37,44.095856,39.079953,9.38,observed
2026-10-05 10:18:38,44.095724,39.080134,10.17,observed
2026-10-05 10:18:39,44.095659,39.080224,10.54,interp_short
2026-10-05 10:18:40,44.095592,39.080316,10.95,observed
2026-10-05 10:18:41,44.09546,39.080497,11.73,observed
2026-10-05 10:18:42,44.095395,39.080587,12.13,interp_short
2026-10-05 10:18:43,44.095329,39.080678,12.49,observed
2026-10-05 10:18:44,44.095197,39.080859,13.25,observed
2026-10-05 10:18:45,44.095065,39.08104,13.99,observed
2026-10-05 10:18:46,44.094933,39.081221,14.71,observed
2026-10-05 10:18:47,44.0948,39.081401,15.42,observed
2026-10-05 10:18:48,44.094734,39.081492,15.78,interp_short
2026-10-05 10:18:49,44.094668,39.081582,16.11,observed
2026-10-05 10:18:50,44.094536,39.081762,16.77,observed
2026-10-05 10:18:51,44.094404,39.081942,17.42,observed
2026-10-05 10:18:52,44.094337,39.082033,17.82,interp_short
2026-10-05 10:18:53,44.094271,39.082123,18.05,observed
2026-10-05 10:18:54,44.094205,39.082213,18.28,interp_short
2026-10-05 10:18:55,44.094139,39.082303,18.65,observed
2026-10-05 10:18:56,44.094007,39.082483,19.23,observed
2026-10-05 10:18:57,44.093874,39.082662,19.79,observed
2026-10-05 10:18:58,44.093742,39.082842,20.32,observed
2026-10-05 10:18:59,44.09361,39.083022,20.83,observed
2026-10-05 10:19:00,44.093543,39.083113,21.08,interp_short
2026-10-05 10:19:01,44.093477,39.083202,21.31,observed
2026-10-05 10:19:02,44.093345,39.083381,21.77,observed
2026-10-05 10:19:03,44.093213,39.083561,22.21,observed
2026-10-05 10:19:04,44.093146,39.083652,22.42,interp_short
2026-10-05 10:19:05,44.093081,39.083741,22.63,observed
2026-10-05 10:19:06,44.092949,39.08392,23.02,observed
2026-10-05 10:19:07,44.092882,39.084011,23.22,interp_short
2026-10-05 10:19:08,44.092817,39.0841,23.4,observed
2026-10-05 10:19:09,44.092686,39.08428,23.75,observed
2026-10-05 10:19:10,44.092619,39.084371,23.92,interp_short
2026-10-05 10:19:11,44.092554,39.08446,24.09,observed
2026-10-05 10:19:12,44.092423,39.084641,24.42,observed
2026-10-05 10:19:13,44.092357,39.08473,24.59,interp_short
2026-10-05 10:19:14,44.092292,39.084821,24.72,observed
2026-10-05 10:19:15,44.092162,39.085002,25.02,observed
2026-10-05 10:19:16,44.092031,39.085183,25.31,observed
2026-10-05 10:19:17,44.091966,39.085272,25.45,interp_short
2026-10-05 10:19:18,44.091901,39.085364,25.59,observed
2026-10-05 10:19:19,44.091772,39.085545,25.86,observed
2026-10-05 10:19:20,44.091643,39.085727,26.14,observed
2026-10-05 10:19:21,44.091579,39.085816,26.3,interp_short
2026-10-05 10:19:22,44.091514,39.08591,26.41,observed
2026-10-05 10:19:23,44.091419,39.086044,26.54,interp_short
2026-10-05 10:19:24,44.091324,39.08618,26.72,interp_short
2026-10-05 10:19:25,44.091228,39.086318,26.96,interp_short
2026-10-05 10:19:26,44.091131,39.08646,27.25,observed
2026-10-05 10:19:27,44.091005,39.086644,27.55,observed
2026-10-05 10:19:28,44.090942,39.086734,27.69,interp_short
2026-10-05 10:19:29,44.090879,39.086829,27.86,observed
2026-10-05 10:19:30,44.090753,39.087015,28.19,observed
2026-10-05 10:19:31,44.090692,39.087105,28.37,interp_short
2026-10-05 10:19:32,44.090629,39.087201,28.54,observed
2026-10-05 10:19:33,44.090505,39.087389,28.91,observed
2026-10-05 10:19:34,44.090382,39.087576,29.3,observed
2026-10-05 10:19:35,44.090259,39.087765,29.72,observed
2026-10-05 10:19:36,44.090138,39.087955,30.17,observed
2026-10-05 10:19:37,44.090017,39.088145,30.65,observed
2026-10-05 10:19:38,44.089957,39.088237,30.88,interp_short
2026-10-05 10:19:39,44.089897,39.088336,31.16,observed
2026-10-05 10:19:40,44.089777,39.088528,31.72,observed
2026-10-05 10:19:41,44.089718,39.088622,32.02,interp_short
2026-10-05 10:19:42,44.089659,39.088722,32.31,observed
2026-10-05 10:19:43,44.089542,39.088916,32.94,observed
2026-10-05 10:19:44,44.089425,39.08911,33.63,interp_short
2026-10-05 10:19:45,44.089309,39.089307,34.32,observed
2026-10-05 10:19:46,44.089194,39.089504,35.05,interp_short
2026-10-05 10:19:47,44.089081,39.089703,35.89,observed
2026-10-05 10:19:48,44.088968,39.089903,36.74,observed
2026-10-05 10:19:49,44.08891,39.090003,37.17,interp_short
2026-10-05 10:19:50,44.088856,39.090103,37.64,observed
2026-10-05 10:19:51,44.088745,39.090305,38.59,observed
2026-10-05 10:19:52,44.088634,39.090508,39.58,observed
2026-10-05 10:19:53,44.088525,39.090712,40.63,observed
2026-10-05 10:19:54,44.088417,39.090917,41.72,observed
2026-10-05 10:19:55,44.08836,39.091023,42.28,interp_short
2026-10-05 10:19:56,44.088309,39.091124,42.86,observed
2026-10-05 10:19:57,44.088202,39.091331,44.04,observed
2026-10-05 10:19:58,44.088096,39.09154,45.27,observed
2026-10-05 10:19:59,44.088041,39.091646,45.89,interp_short
2026-10-05 10:20:00,44.087991,39.091749,46.55,observed
2026-10-05 10:20:01,44.087886,39.09196,47.87,observed
2026-10-05 10:20:02,44.087814,39.092103,49.09,interp_short
2026-10-05 10:20:03,44.087748,39.09224,50.0,interp_short
2026-10-05 10:20:04,44.087679,39.092385,50.64,observed
2026-10-05 10:20:05,44.087627,39.092491,51.15,interp_short
2026-10-05 10:20:06,44.087577,39.0926,52.08,observed
2026-10-05 10:20:07,44.087475,39.092815,53.56,observed
2026-10-05 10:20:08,44.087424,39.092921,54.33,interp_short
2026-10-05 10:20:09,44.087373,39.093031,55.07,observed
2026-10-05 10:20:10,44.087272,39.093248,56.61,observed
2026-10-05 10:20:11,44.087171,39.093466,58.19,observed
2026-10-05 10:20:12,44.087071,39.093685,59.79,observed
2026-10-05 10:20:13,44.087004,39.093831,60.91,interp_short
2026-10-05 10:20:14,44.086939,39.093975,61.82,interp_short
2026-10-05 10:20:15,44.086871,39.094126,63.07,observed
2026-10-05 10:20:16,44.086771,39.094347,64.73,observed
2026-10-05 10:20:17,44.086721,39.094457,65.6,interp_short
2026-10-05 10:20:18,44.086671,39.094569,66.42,observed
2026-10-05 10:20:19,44.086572,39.094792,68.11,observed
2026-10-05 10:20:20,44.086472,39.095015,69.82,observed
2026-10-05 10:20:21,44.086422,39.095127,70.67,interp_short
2026-10-05 10:20:22,44.086372,39.095239,71.53,observed
2026-10-05 10:20:23,44.086272,39.095463,73.25,observed
2026-10-05 10:20:24,44.086171,39.095688,74.96,observed
2026-10-05 10:20:25,44.086121,39.095801,75.82,interp_short
2026-10-05 10:20:26,44.08607,39.095913,76.68,observed
2026-10-05 10:20:27,44.085969,39.096139,78.39,observed
2026-10-05 10:20:28,44.085867,39.096364,80.09,observed
2026-10-05 10:20:29,44.085816,39.096477,80.9,interp_short
2026-10-05 10:20:30,44.085764,39.09659,81.79,observed
2026-10-05 10:20:31,44.085661,39.096816,83.47,observed
2026-10-05 10:20:32,44.08561,39.096929,84.35,interp_short
2026-10-05 10:20:33,44.085557,39.097042,85.13,observed
2026-10-05 10:20:34,44.085452,39.097267,86.78,observed
2026-10-05 10:20:35,44.085345,39.097493,88.4,observed
2026-10-05 10:20:36,44.085293,39.097605,89.2,interp_short
2026-10-05 10:20:37,44.085238,39.097718,90.01,observed
2026-10-05 10:20:38,44.08513,39.097943,91.59,observed
2026-10-05 10:20:39,44.08502,39.098168,93.14,observed
2026-10-05 10:20:40,44.084947,39.098319,94.18,interp_short
2026-10-05 10:20:41,44.084875,39.098465,95.03,interp_short
2026-10-05 10:20:42,44.084797,39.098615,96.17,observed
2026-10-05 10:20:43,44.084684,39.098838,97.64,observed
2026-10-05 10:20:44,44.084628,39.09895,98.35,interp_short
2026-10-05 10:20:45,44.084569,39.09906,99.07,observed
2026-10-05 10:20:46,44.084452,39.099281,100.48,observed
2026-10-05 10:20:47,44.084395,39.099393,101.21,interp_short
2026-10-05 10:20:48,44.084334,39.099502,101.85,observed
2026-10-05 10:20:49,44.084214,39.099721,103.19,observed
2026-10-05 10:20:50,44.084092,39.09994,104.5,observed
2026-10-05 10:20:51,44.083969,39.100157,105.78,observed
2026-10-05 10:20:52,44.083886,39.100306,106.84,interp_short
2026-10-05 10:20:53,44.083803,39.100447,107.64,interp_short
2026-10-05 10:20:54,44.083716,39.100588,108.23,observed
2026-10-05 10:20:55,44.083653,39.100698,108.71,interp_short
2026-10-05 10:20:56,44.083587,39.100802,109.41,observed
2026-10-05 10:20:57,44.083457,39.101014,110.56,observed
2026-10-05 10:20:58,44.083324,39.101225,111.68,observed
2026-10-05 10:20:59,44.083258,39.101332,112.23,interp_short
2026-10-05 10:21:00,44.083189,39.101434,112.77,observed
2026-10-05 10:21:01,44.083052,39.101642,113.84,observed
2026-10-05 10:21:02,44.082914,39.101848,114.87,observed
2026-10-05 10:21:03,44.082845,39.101953,115.51,interp_short
2026-10-05 10:21:04,44.082773,39.102053,115.89,observed
2026-10-05 10:21:05,44.082703,39.102157,116.24,interp_short
2026-10-05 10:21:06,44.08263,39.102255,116.88,observed
2026-10-05 10:21:07,44.082486,39.102456,117.85,observed
2026-10-05 10:21:08,44.082415,39.102558,118.35,interp_short
2026-10-05 10:21:09,44.08234,39.102656,118.8,observed
2026-10-05 10:21:10,44.082191,39.102853,119.74,observed
2026-10-05 10:21:11,44.082041,39.103048,120.66,observed
2026-10-05 10:21:12,44.081967,39.103147,121.11,interp_short
2026-10-05 10:21:13,44.081889,39.103242,121.57,observed
2026-10-05 10:21:14,44.081735,39.103434,122.47,observed
2026-10-05 10:21:15,44.08158,39.103623,123.35,observed
2026-10-05 10:21:16,44.081503,39.103719,123.91,interp_short
2026-10-05 10:21:17,44.081423,39.103811,124.24,observed
2026-10-05 10:21:18,44.081345,39.103905,124.55,interp_short
2026-10-05 10:21:19,44.081264,39.103996,125.12,observed
2026-10-05 10:21:20,44.081104,39.10418,125.99,observed
2026-10-05 10:21:21,44.081024,39.104273,126.45,interp_short
2026-10-05 10:21:22,44.080942,39.104362,126.87,observed
2026-10-05 10:21:23,44.080779,39.104541,127.75,observed
2026-10-05 10:21:24,44.080615,39.104718,128.63,observed
2026-10-05 10:21:25,44.080533,39.104808,129.05,interp_short
2026-10-05 10:21:26,44.080449,39.104894,129.52,observed
2026-10-05 10:21:27,44.080282,39.105067,130.41,observed
2026-10-05 10:21:28,44.080199,39.105155,130.85,interp_short
2026-10-05 10:21:29,44.080114,39.105239,131.31,observed
2026-10-05 10:21:30,44.079946,39.105408,132.23,observed
2026-10-05 10:21:31,44.079862,39.105494,132.71,interp_short
2026-10-05 10:21:32,44.079776,39.105575,133.15,observed
2026-10-05 10:21:33,44.079606,39.105741,134.09,observed
2026-10-05 10:21:34,44.079435,39.105904,135.04,observed
2026-10-05 10:21:35,44.079349,39.105988,135.64,interp_short
2026-10-05 10:21:36,44.079264,39.106066,136.01,observed
2026-10-05 10:21:37,44.079177,39.106149,136.36,interp_short
2026-10-05 10:21:38,44.079092,39.106226,136.99,observed
2026-10-05 10:21:39,44.078921,39.106384,137.98,observed
2026-10-05 10:21:40,44.078806,39.106491,138.7,interp_short
2026-10-05 10:21:41,44.078691,39.106594,139.26,interp_short
2026-10-05 10:21:42,44.078577,39.106694,140.02,observed
2026-10-05 10:21:43,44.078405,39.106847,141.07,observed
2026-10-05 10:21:44,44.078318,39.106925,141.73,interp_short
2026-10-05 10:21:45,44.078233,39.106998,142.13,observed
2026-10-05 10:21:46,44.078118,39.1071,142.63,interp_short
2026-10-05 10:21:47,44.078004,39.107198,143.33,interp_short
2026-10-05 10:21:48,44.077891,39.107295,144.29,observed
2026-10-05 10:21:49,44.077721,39.107442,145.39,observed
2026-10-05 10:21:50,44.077636,39.107516,146.06,interp_short
2026-10-05 10:21:51,44.077552,39.107587,146.51,observed
2026-10-05 10:21:52,44.077468,39.10766,147.07,interp_short
2026-10-05 10:21:53,44.077384,39.107731,147.64,observed
2026-10-05 10:21:54,44.0773,39.107803,148.1,interp_short
2026-10-05 10:21:55,44.077216,39.107873,148.78,observed
2026-10-05 10:21:56,44.07705,39.108014,149.92,observed
2026-10-05 10:21:57,44.076885,39.108155,151.08,observed
2026-10-05 10:21:58,44.076722,39.108294,152.23,observed
2026-10-05 10:21:59,44.076641,39.108362,152.79,interp_short
2026-10-05 10:22:00,44.07656,39.108432,153.4,observed
2026-10-05 10:22:01,44.076399,39.10857,154.56,observed
2026-10-05 10:22:02,44.07632,39.108636,155.14,interp_short
2026-10-05 10:22:03,44.07624,39.108706,155.73,observed
2026-10-05 10:22:04,44.076084,39.108842,156.89,observed
2026-10-05 10:22:05,44.076006,39.108908,157.47,interp_short
2026-10-05 10:22:06,44.075928,39.108978,158.04,observed
2026-10-05 10:22:07,44.075775,39.109113,159.19,observed
2026-10-05 10:22:08,44.075699,39.109178,159.84,interp_short
2026-10-05 10:22:09,44.075624,39.109247,160.33,observed
2026-10-05 10:22:10,44.075476,39.109379,161.29,interp_short
2026-10-05 10:22:11,44.075329,39.109515,162.57,observed
2026-10-05 10:22:12,44.075186,39.109647,163.82,interp_short
2026-10-05 10:22:13,44.075043,39.109783,164.75,observed
2026-10-05 10:22:14,44.074973,39.109847,165.24,interp_short
2026-10-05 10:22:15,44.074903,39.109917,165.8,observed
2026-10-05 10:22:16,44.074766,39.110051,166.84,observed
2026-10-05 10:22:17,44.074632,39.110185,167.85,observed
2026-10-05 10:22:18,44.0745,39.110319,168.83,observed
2026-10-05 10:22:19,44.074371,39.110454,169.78,observed
2026-10-05 10:22:20,44.074307,39.110517,170.25,interp_short
2026-10-05 10:22:21,44.074244,39.110589,170.7,observed
2026-10-05 10:22:22,44.07412,39.110725,171.58,observed
2026-10-05 10:22:23,44.073999,39.110862,172.43,observed
2026-10-05 10:22:24,44.07388,39.110999,173.25,observed
2026-10-05 10:22:25,44.073764,39.111137,174.03,observed
2026-10-05 10:22:26,44.07365,39.111277,174.76,observed
2026-10-05 10:22:27,44.07354,39.111417,175.46,observed
2026-10-05 10:22:28,44.073431,39.111558,176.12,observed
2026-10-05 10:22:29,44.073324,39.111697,176.74,interp_short
2026-10-05 10:22:30,44.073223,39.111844,177.32,observed
2026-10-05 10:22:31,44.073122,39.111989,177.86,observed
2026-10-05 10:22:32,44.073024,39.112136,178.36,observed
2026-10-05 10:22:33,44.072928,39.112284,178.81,observed
2026-10-05 10:22:34,44.072834,39.112433,179.23,observed
2026-10-05 10:22:35,44.072743,39.112584,179.6,observed
2026-10-05 10:22:36,44.072652,39.112734,179.97,interp_short
2026-10-05 10:22:37,44.072567,39.112891,180.24,observed
2026-10-05 10:22:38,44.072521,39.112965,180.36,interp_short
2026-10-05 10:22:39,44.072482,39.113047,180.51,observed
2026-10-05 10:22:40,44.072357,39.113285,180.84,observed
2026-10-05 10:22:41,44.072237,39.113527,181.1,observed
2026-10-05 10:22:42,44.072159,39.11369,181.24,observed
2026-10-05 10:22:43,44.072082,39.113856,181.36,observed
2026-10-05 10:22:44,44.072006,39.114024,181.45,observed
2026-10-05 10:22:45,44.071932,39.114194,181.51,observed
2026-10-05 10:22:46,44.071875,39.114322,181.55,interp_short
2026-10-05 10:22:47,44.071823,39.114453,181.58,observed
2026-10-05 10:22:48,44.071715,39.114716,181.61,observed
2026-10-05 10:22:49,44.071642,39.114895,181.63,interp_short
2026-10-05 10:22:50,44.071574,39.115074,181.63,observed
2026-10-05 10:22:51,44.071505,39.115257,181.63,observed
2026-10-05 10:22:52,44.071435,39.115442,181.62,observed
2026-10-05 10:22:53,44.071366,39.115629,181.62,observed
2026-10-05 10:22:54,44.07133,39.115723,181.62,interp_short
2026-10-05 10:22:55,44.071297,39.115818,181.62,observed
2026-10-05 10:22:56,44.071227,39.116009,181.64,observed
2026-10-05 10:22:57,44.071158,39.116203,181.66,observed
2026-10-05 10:22:58,44.071088,39.116399,181.69,observed
2026-10-05 10:22:59,44.071018,39.116596,181.75,observed
2026-10-05 10:23:00,44.070947,39.116795,181.83,interp_short
2026-10-05 10:23:01,44.070875,39.116998,181.91,observed
2026-10-05 10:23:02,44.07084,39.117098,181.96,interp_short
2026-10-05 10:23:03,44.070803,39.117203,182.03,observed
2026-10-05 10:23:04,44.070729,39.117409,182.17,observed
2026-10-05 10:23:05,44.070654,39.117617,182.34,observed
2026-10-05 10:23:06,44.070578,39.117827,182.55,observed
2026-10-05 10:23:07,44.070501,39.118039,182.79,observed
2026-10-05 10:23:08,44.070423,39.118253,183.06,observed
2026-10-05 10:23:09,44.070343,39.118469,183.37,observed
2026-10-05 10:23:10,44.070287,39.118621,183.6,interp_short
2026-10-05 10:23:11,44.070235,39.118761,183.8,interp_short
2026-10-05 10:23:12,44.070177,39.118907,184.09,observed
2026-10-05 10:23:13,44.070092,39.119128,184.52,observed
2026-10-05 10:23:14,44.070005,39.119351,184.98,observed
2026-10-05 10:23:15,44.069916,39.119576,185.48,observed
2026-10-05 10:23:16,44.069871,39.119692,185.81,interp_short
2026-10-05 10:23:17,44.069825,39.119802,186.03,observed
2026-10-05 10:23:18,44.069762,39.119961,186.3,interp_short
2026-10-05 10:23:19,44.069701,39.120108,186.69,interp_short
2026-10-05 10:23:20,44.069636,39.120258,187.24,observed
2026-10-05 10:23:21,44.069538,39.120489,187.9,observed
2026-10-05 10:23:22,44.069471,39.120649,188.39,interp_short
2026-10-05 10:23:23,44.069405,39.120801,188.81,interp_short
2026-10-05 10:23:24,44.069336,39.120954,189.35,observed
2026-10-05 10:23:25,44.069232,39.121188,190.14,observed
2026-10-05 10:23:26,44.069125,39.121423,190.95,observed
2026-10-05 10:23:27,44.069072,39.121542,191.49,interp_short
2026-10-05 10:23:28,44.069015,39.121659,191.81,observed
2026-10-05 10:23:29,44.068961,39.12178,192.11,interp_short
2026-10-05 10:23:30,44.068904,39.121897,192.7,observed
2026-10-05 10:23:31,44.068789,39.122135,193.62,observed
2026-10-05 10:23:32,44.068733,39.122256,194.08,interp_short
2026-10-05 10:23:33,44.068673,39.122374,194.56,observed
2026-10-05 10:23:34,44.068554,39.122614,195.54,observed
2026-10-05 10:23:35,44.068495,39.122735,196.17,interp_short
2026-10-05 10:23:36,44.068433,39.122854,196.54,observed
2026-10-05 10:23:37,44.068352,39.123016,197.0,interp_short
2026-10-05 10:23:38,44.068269,39.123178,197.68,interp_short
2026-10-05 10:23:39,44.068183,39.123337,198.62,observed
2026-10-05 10:23:40,44.068054,39.123579,199.68,observed
2026-10-05 10:23:41,44.067991,39.1237,200.22,interp_short
2026-10-05 10:23:42,44.067923,39.123821,200.77,observed
2026-10-05 10:23:43,44.06779,39.124064,201.86,observed
2026-10-05 10:23:44,44.067703,39.124225,202.8,interp_short
2026-10-05 10:23:45,44.067611,39.124388,203.49,interp_short
2026-10-05 10:23:46,44.067517,39.12455,204.08,observed
2026-10-05 10:23:47,44.06745,39.124671,204.67,interp_short
2026-10-05 10:23:48,44.067378,39.124793,205.21,observed
2026-10-05 10:23:49,44.067306,39.124922,205.65,interp_short
2026-10-05 10:23:50,44.06724,39.125036,206.09,interp_short
2026-10-05 10:23:51,44.067171,39.12515,206.65,interp_short
2026-10-05 10:23:52,44.067092,39.125279,207.46,observed
2026-10-05 10:23:53,44.066946,39.125522,208.58,observed
2026-10-05 10:23:54,44.066798,39.125765,209.7,observed
2026-10-05 10:23:55,44.066725,39.125887,210.4,interp_short
2026-10-05 10:23:56,44.066649,39.126007,210.81,observed
2026-10-05 10:23:57,44.066574,39.12613,211.22,interp_short
2026-10-05 10:23:58,44.066498,39.126249,211.91,observed
2026-10-05 10:23:59,44.066345,39.126491,213.0,observed
2026-10-05 10:24:00,44.06619,39.126732,214.08,observed
2026-10-05 10:24:01,44.066087,39.126895,214.98,interp_short
2026-10-05 10:24:02,44.065979,39.127059,215.68,interp_short
2026-10-05 10:24:03,44.065877,39.127212,216.19,observed
2026-10-05 10:24:04,44.065797,39.127336,216.58,interp_short
2026-10-05 10:24:05,44.065718,39.127452,217.22,observed
2026-10-05 10:24:06,44.065558,39.12769,218.23,observed
2026-10-05 10:24:07,44.065476,39.127813,218.85,interp_short
2026-10-05 10:24:08,44.065397,39.127928,219.21,observed
2026-10-05 10:24:09,44.065314,39.128051,219.66,interp_short
2026-10-05 10:24:10,44.065234,39.128165,220.18,observed
2026-10-05 10:24:11,44.065151,39.128287,220.66,interp_short
2026-10-05 10:24:12,44.065071,39.128401,221.12,observed
2026-10-05 10:24:13,44.064988,39.128521,221.58,interp_short
2026-10-05 10:24:14,44.064907,39.128636,222.03,observed
2026-10-05 10:24:15,44.064825,39.128755,222.48,interp_short
2026-10-05 10:24:16,44.064742,39.12887,222.92,observed
2026-10-05 10:24:17,44.06466,39.128987,223.35,interp_short
2026-10-05 10:24:18,44.064577,39.129103,223.79,observed
2026-10-05 10:24:19,44.064495,39.129218,224.24,interp_short
2026-10-05 10:24:20,44.064411,39.129334,224.63,observed
2026-10-05 10:24:21,44.06433,39.129449,224.94,interp_short
2026-10-05 10:24:22,44.064245,39.129565,225.45,observed
2026-10-05 10:24:23,44.064078,39.129795,226.24,observed
2026-10-05 10:24:24,44.063997,39.129907,226.63,interp_short
2026-10-05 10:24:25,44.063911,39.130023,227.0,observed
2026-10-05 10:24:26,44.063743,39.13025,227.74,observed
2026-10-05 10:24:27,44.063661,39.130362,228.2,interp_short
2026-10-05 10:24:28,44.063576,39.130476,228.46,observed
2026-10-05 10:24:29,44.063494,39.130587,228.81,interp_short
2026-10-05 10:24:30,44.063409,39.1307,229.16,observed
2026-10-05 10:24:31,44.063326,39.130812,229.44,interp_short
2026-10-05 10:24:32,44.063241,39.130923,229.83,observed
2026-10-05 10:24:33,44.063074,39.131144,230.49,observed
2026-10-05 10:24:34,44.062908,39.131365,231.12,observed
2026-10-05 10:24:35,44.062824,39.131475,231.48,interp_short
2026-10-05 10:24:36,44.062741,39.131583,231.74,observed
2026-10-05 10:24:37,44.062631,39.131728,232.12,interp_short
2026-10-05 10:24:38,44.062518,39.131875,232.56,interp_short
2026-10-05 10:24:39,44.06241,39.132016,232.93,observed
2026-10-05 10:24:40,44.062327,39.132125,233.17,interp_short
2026-10-05 10:24:41,44.062245,39.132231,233.51,observed
2026-10-05 10:24:42,44.062081,39.132443,234.07,observed
2026-10-05 10:24:43,44.061999,39.13255,234.42,interp_short
2026-10-05 10:24:44,44.061918,39.132654,234.63,observed
2026-10-05 10:24:45,44.061836,39.13276,234.88,interp_short
2026-10-05 10:24:46,44.061755,39.132864,235.18,observed
2026-10-05 10:24:47,44.061675,39.132968,235.48,interp_short
2026-10-05 10:24:48,44.061594,39.133072,235.73,observed
2026-10-05 10:24:49,44.061514,39.133175,235.94,interp_short
2026-10-05 10:24:50,44.061433,39.133279,236.27,observed
2026-10-05 10:24:51,44.061273,39.133484,236.82,observed
2026-10-05 10:24:52,44.061115,39.133688,237.37,observed
2026-10-05 10:24:53,44.061037,39.133788,237.63,interp_short
2026-10-05 10:24:54,44.060957,39.13389,237.92,observed
2026-10-05 10:24:55,44.060801,39.13409,238.47,observed
2026-10-05 10:24:56,44.060725,39.134187,238.76,interp_short
2026-10-05 10:24:57,44.060646,39.134289,239.04,observed
2026-10-05 10:24:58,44.060492,39.134487,239.61,observed
2026-10-05 10:24:59,44.060418,39.134582,239.99,interp_short
2026-10-05 10:25:00,44.06034,39.134683,240.2,observed
2026-10-05 10:25:01,44.060266,39.134778,240.42,interp_short
2026-10-05 10:25:02,44.060188,39.134877,240.8,observed
2026-10-05 10:25:03,44.060039,39.135071,241.41,observed
2026-10-05 10:25:04,44.05989,39.135262,242.04,observed
2026-10-05 10:25:05,44.059743,39.135452,242.69,observed
2026-10-05 10:25:06,44.059669,39.135547,243.02,interp_short
2026-10-05 10:25:07,44.059597,39.135641,243.36,observed
2026-10-05 10:25:08,44.059453,39.135829,244.04,observed
2026-10-05 10:25:09,44.05931,39.136015,244.75,observed
2026-10-05 10:25:10,44.059169,39.1362,245.47,observed
2026-10-05 10:25:11,44.059029,39.136384,246.22,observed
2026-10-05 10:25:12,44.058958,39.136477,246.58,interp_short
2026-10-05 10:25:13,44.058891,39.136566,246.99,observed
2026-10-05 10:25:14,44.058754,39.136747,247.78,observed
2026-10-05 10:25:15,44.058684,39.136839,248.2,interp_short
2026-10-05 10:25:16,44.058618,39.136927,248.6,observed
2026-10-05 10:25:17,44.058484,39.137106,249.43,observed
2026-10-05 10:25:18,44.058352,39.137284,250.28,observed
2026-10-05 10:25:19,44.058266,39.137399,250.92,interp_short
2026-10-05 10:25:20,44.05819,39.137501,251.4,interp_short
2026-10-05 10:25:21,44.058118,39.137599,251.82,interp_short
2026-10-05 10:25:22,44.058044,39.137699,252.31,interp_short
2026-10-05 10:25:23,44.057962,39.137811,252.96,observed
2026-10-05 10:25:24,44.057835,39.137984,253.84,interp_short
2026-10-05 10:25:25,44.057709,39.138157,254.84,observed
2026-10-05 10:25:26,44.057585,39.138329,255.79,observed
2026-10-05 10:25:27,44.057501,39.138445,256.47,interp_short
2026-10-05 10:25:28,44.057423,39.138555,257.04,interp_short
2026-10-05 10:25:29,44.057339,39.138671,257.74,observed
2026-10-05 10:25:30,44.057218,39.138841,258.73,observed
2026-10-05 10:25:31,44.057098,39.13901,259.73,observed
2026-10-05 10:25:32,44.057039,39.139094,260.22,interp_short
2026-10-05 10:25:33,44.05698,39.139178,260.72,observed
2026-10-05 10:25:34,44.056862,39.139346,261.72,observed
2026-10-05 10:25:35,44.056745,39.139513,262.72,observed
2026-10-05 10:25:36,44.05663,39.13968,263.71,observed
2026-10-05 10:25:37,44.056549,39.139784,263.87,reconstructed_gap
2026-10-05 10:25:38,44.056454,39.139915,264.62,reconstructed_gap
2026-10-05 10:25:39,44.056358,39.140047,265.36,reconstructed_gap
2026-10-05 10:25:40,44.056263,39.140179,266.1,reconstructed_gap
2026-10-05 10:25:41,44.056167,39.140311,266.84,reconstructed_gap
2026-10-05 10:25:42,44.056072,39.140442,267.56,reconstructed_gap
2026-10-05 10:25:43,44.055977,39.140574,268.29,reconstructed_gap
2026-10-05 10:25:44,44.055881,39.140706,269.0,reconstructed_gap
2026-10-05 10:25:45,44.055786,39.140837,269.71,reconstructed_gap
2026-10-05 10:25:46,44.055691,39.140969,270.4,reconstructed_gap
2026-10-05 10:25:47,44.055595,39.1411,271.09,reconstructed_gap
2026-10-05 10:25:48,44.0555,39.141232,271.76,reconstructed_gap
2026-10-05 10:25:49,44.055405,39.141363,272.43,reconstructed_gap
2026-10-05 10:25:50,44.05531,39.141495,273.08,reconstructed_gap
2026-10-05 10:25:51,44.055214,39.141627,273.72,reconstructed_gap
2026-10-05 10:25:52,44.055119,39.141758,274.35,reconstructed_gap
2026-10-05 10:25:53,44.055024,39.14189,274.96,reconstructed_gap
2026-10-05 10:25:54,44.054929,39.142021,275.56,reconstructed_gap
2026-10-05 10:25:55,44.054833,39.142153,276.14,reconstructed_gap
2026-10-05 10:25:56,44.054738,39.142284,276.71,reconstructed_gap
2026-10-05 10:25:57,44.054643,39.142416,277.27,reconstructed_gap
2026-10-05 10:25:58,44.054548,39.142547,277.81,reconstructed_gap
2026-10-05 10:25:59,44.054453,39.142679,278.33,reconstructed_gap
2026-10-05 10:26:00,44.054357,39.14281,278.84,reconstructed_gap
2026-10-05 10:26:01,44.054262,39.142942,279.33,reconstructed_gap
2026-10-05 10:26:02,44.054167,39.143073,279.81,reconstructed_gap
2026-10-05 10:26:03,44.054072,39.143205,280.26,reconstructed_gap
2026-10-05 10:26:04,44.053977,39.143336,280.71,reconstructed_gap
2026-10-05 10:26:05,44.053882,39.143468,281.13,reconstructed_gap
2026-10-05 10:26:06,44.053786,39.143599,281.53,reconstructed_gap
2026-10-05 10:26:07,44.053691,39.143731,281.92,reconstructed_gap
2026-10-05 10:26:08,44.053596,39.143863,282.29,reconstructed_gap
2026-10-05 10:26:09,44.053501,39.143994,282.65,reconstructed_gap
2026-10-05 10:26:10,44.053406,39.144126,282.98,reconstructed_gap
2026-10-05 10:26:11,44.053311,39.144257,283.3,reconstructed_gap
2026-10-05 10:26:12,44.053216,39.144389,283.59,reconstructed_gap
2026-10-05 10:26:13,44.053121,39.14452,283.87,reconstructed_gap
2026-10-05 10:26:14,44.053026,39.144652,284.14,reconstructed_gap
2026-10-05 10:26:15,44.05293,39.144784,284.38,reconstructed_gap
2026-10-05 10:26:16,44.052835,39.144915,284.6,reconstructed_gap
2026-10-05 10:26:17,44.05274,39.145047,284.81,reconstructed_gap
2026-10-05 10:26:18,44.052645,39.145179,285.0,reconstructed_gap
2026-10-05 10:26:19,44.05255,39.14531,285.17,reconstructed_gap
2026-10-05 10:26:20,44.052455,39.145442,285.32,reconstructed_gap
2026-10-05 10:26:21,44.05236,39.145574,285.45,reconstructed_gap
2026-10-05 10:26:22,44.052265,39.145706,285.57,reconstructed_gap
2026-10-05 10:26:23,44.05217,39.145837,285.67,reconstructed_gap
2026-10-05 10:26:24,44.052075,39.145969,285.75,reconstructed_gap
2026-10-05 10:26:25,44.05198,39.146101,285.81,reconstructed_gap
2026-10-05 10:26:26,44.051884,39.146233,285.85,reconstructed_gap
2026-10-05 10:26:27,44.051789,39.146365,285.88,reconstructed_gap
2026-10-05 10:26:28,44.051694,39.146496,285.89,reconstructed_gap
2026-10-05 10:26:29,44.051599,39.146628,285.88,reconstructed_gap
2026-10-05 10:26:30,44.051504,39.14676,285.85,reconstructed_gap
2026-10-05 10:26:31,44.051409,39.146892,285.81,reconstructed_gap
2026-10-05 10:26:32,44.051314,39.147024,285.75,reconstructed_gap
2026-10-05 10:26:33,44.051219,39.147156,285.67,reconstructed_gap
2026-10-05 10:26:34,44.051124,39.147288,285.58,reconstructed_gap
2026-10-05 10:26:35,44.051028,39.14742,285.47,reconstructed_gap
2026-10-05 10:26:36,44.050933,39.147552,285.35,reconstructed_gap
2026-10-05 10:26:37,44.050838,39.147684,285.2,reconstructed_gap
2026-10-05 10:26:38,44.050743,39.147816,285.05,reconstructed_gap
2026-10-05 10:26:39,44.050648,39.147949,284.87,reconstructed_gap
2026-10-05 10:26:40,44.050553,39.148081,284.68,reconstructed_gap
2026-10-05 10:26:41,44.050457,39.148213,284.48,reconstructed_gap
2026-10-05 10:26:42,44.050362,39.148345,284.26,reconstructed_gap
2026-10-05 10:26:43,44.050267,39.148478,284.03,reconstructed_gap
2026-10-05 10:26:44,44.050172,39.14861,283.78,reconstructed_gap
2026-10-05 10:26:45,44.050076,39.148742,283.52,reconstructed_gap
2026-10-05 10:26:46,44.049981,39.148875,283.24,reconstructed_gap
2026-10-05 10:26:47,44.049886,39.149007,282.95,reconstructed_gap
2026-10-05 10:26:48,44.049791,39.149139,282.64,reconstructed_gap
2026-10-05 10:26:49,44.049695,39.149272,282.32,reconstructed_gap
2026-10-05 10:26:50,44.0496,39.149405,281.99,reconstructed_gap
2026-10-05 10:26:51,44.049504,39.149537,281.65,reconstructed_gap
2026-10-05 10:26:52,44.049409,39.14967,281.29,reconstructed_gap
2026-10-05 10:26:53,44.049314,39.149802,280.92,reconstructed_gap
2026-10-05 10:26:54,44.049218,39.149935,280.54,reconstructed_gap
2026-10-05 10:26:55,44.049123,39.150068,280.15,reconstructed_gap
2026-10-05 10:26:56,44.049027,39.1502,279.74,reconstructed_gap
2026-10-05 10:26:57,44.048932,39.150333,279.32,reconstructed_gap
2026-10-05 10:26:58,44.048836,39.150466,278.9,reconstructed_gap
2026-10-05 10:26:59,44.048741,39.150599,278.46,reconstructed_gap
2026-10-05 10:27:00,44.048645,39.150732,278.01,reconstructed_gap
2026-10-05 10:27:01,44.048549,39.150865,277.55,reconstructed_gap
2026-10-05 10:27:02,44.048454,39.150998,277.08,reconstructed_gap
2026-10-05 10:27:03,44.048358,39.151131,276.6,reconstructed_gap
2026-10-05 10:27:04,44.048262,39.151264,276.11,reconstructed_gap
2026-10-05 10:27:05,44.048167,39.151397,275.61,reconstructed_gap
2026-10-05 10:27:06,44.048071,39.15153,275.1,reconstructed_gap
2026-10-05 10:27:07,44.047975,39.151663,274.59,reconstructed_gap
2026-10-05 10:27:08,44.047879,39.151797,274.06,reconstructed_gap
2026-10-05 10:27:09,44.047783,39.15193,273.53,reconstructed_gap
2026-10-05 10:27:10,44.047687,39.152063,272.99,reconstructed_gap
2026-10-05 10:27:11,44.047591,39.152197,272.44,reconstructed_gap
2026-10-05 10:27:12,44.047495,39.15233,271.89,reconstructed_gap
2026-10-05 10:27:13,44.047399,39.152464,271.32,reconstructed_gap
2026-10-05 10:27:14,44.047303,39.152597,270.76,reconstructed_gap
2026-10-05 10:27:15,44.047207,39.152731,270.18,reconstructed_gap
2026-10-05 10:27:16,44.047111,39.152864,269.6,reconstructed_gap
2026-10-05 10:27:17,44.047014,39.152998,269.01,reconstructed_gap
2026-10-05 10:27:18,44.046918,39.153132,268.42,reconstructed_gap
2026-10-05 10:27:19,44.046822,39.153266,267.82,reconstructed_gap
2026-10-05 10:27:20,44.046725,39.153399,267.22,reconstructed_gap
2026-10-05 10:27:21,44.046629,39.153533,266.61,reconstructed_gap
2026-10-05 10:27:22,44.046532,39.153667,266.0,reconstructed_gap
2026-10-05 10:27:23,44.046436,39.153801,265.38,reconstructed_gap
2026-10-05 10:27:24,44.046339,39.153935,264.76,reconstructed_gap
2026-10-05 10:27:25,44.046242,39.154069,264.13,reconstructed_gap
2026-10-05 10:27:26,44.046146,39.154203,263.51,reconstructed_gap
2026-10-05 10:27:27,44.046049,39.154338,262.88,reconstructed_gap
2026-10-05 10:27:28,44.045952,39.154472,262.24,reconstructed_gap
2026-10-05 10:27:29,44.045855,39.154606,261.61,reconstructed_gap
2026-10-05 10:27:30,44.045758,39.154741,260.97,reconstructed_gap
2026-10-05 10:27:31,44.045661,39.154875,260.33,reconstructed_gap
2026-10-05 10:27:32,44.045564,39.155009,259.69,reconstructed_gap
2026-10-05 10:27:33,44.045467,39.155144,259.05,reconstructed_gap
2026-10-05 10:27:34,44.045369,39.155279,258.4,reconstructed_gap
2026-10-05 10:27:35,44.045272,39.155413,257.76,reconstructed_gap
2026-10-05 10:27:36,44.045174,39.155548,257.12,reconstructed_gap
2026-10-05 10:27:37,44.045077,39.155683,256.47,reconstructed_gap
2026-10-05 10:27:38,44.044979,39.155817,255.83,reconstructed_gap
2026-10-05 10:27:39,44.044882,39.155952,255.18,reconstructed_gap
2026-10-05 10:27:40,44.044784,39.156087,254.54,reconstructed_gap
2026-10-05 10:27:41,44.044686,39.156222,253.9,reconstructed_gap
2026-10-05 10:27:42,44.044588,39.156357,253.26,reconstructed_gap
2026-10-05 10:27:43,44.04449,39.156492,252.62,reconstructed_gap
2026-10-05 10:27:44,44.044392,39.156627,251.98,reconstructed_gap
2026-10-05 10:27:45,44.044294,39.156763,251.35,reconstructed_gap
2026-10-05 10:27:46,44.044195,39.156898,250.72,reconstructed_gap
2026-10-05 10:27:47,44.044097,39.157033,250.09,reconstructed_gap
2026-10-05 10:27:48,44.043999,39.157169,249.46,reconstructed_gap
2026-10-05 10:27:49,44.0439,39.157304,248.84,reconstructed_gap
2026-10-05 10:27:50,44.043801,39.15744,248.22,reconstructed_gap
2026-10-05 10:27:51,44.043703,39.157575,247.61,reconstructed_gap
2026-10-05 10:27:52,44.043604,39.157711,247.0,reconstructed_gap
2026-10-05 10:27:53,44.043505,39.157847,246.39,reconstructed_gap
2026-10-05 10:27:54,44.043405,39.157982,245.79,reconstructed_gap
2026-10-05 10:27:55,44.043306,39.158118,245.2,reconstructed_gap
2026-10-05 10:27:56,44.043207,39.158254,244.61,reconstructed_gap
2026-10-05 10:27:57,44.043107,39.15839,244.02,reconstructed_gap
2026-10-05 10:27:58,44.043008,39.158526,243.45,reconstructed_gap
2026-10-05 10:27:59,44.042908,39.158662,242.88,reconstructed_gap
2026-10-05 10:28:00,44.042808,39.158798,242.31,reconstructed_gap
2026-10-05 10:28:01,44.042708,39.158935,241.75,reconstructed_gap
2026-10-05 10:28:02,44.042608,39.159071,241.2,reconstructed_gap
2026-10-05 10:28:03,44.042508,39.159207,240.66,reconstructed_gap
2026-10-05 10:28:04,44.042408,39.159344,240.13,reconstructed_gap
2026-10-05 10:28:05,44.042307,39.15948,239.6,reconstructed_gap
2026-10-05 10:28:06,44.042207,39.159617,239.09,reconstructed_gap
2026-10-05 10:28:07,44.042106,39.159754,238.58,reconstructed_gap
2026-10-05 10:28:08,44.042005,39.15989,238.08,reconstructed_gap
2026-10-05 10:28:09,44.041904,39.160027,237.59,reconstructed_gap
2026-10-05 10:28:10,44.041803,39.160164,237.11,reconstructed_gap
2026-10-05 10:28:11,44.041702,39.160301,236.64,reconstructed_gap
2026-10-05 10:28:12,44.0416,39.160438,236.19,reconstructed_gap
2026-10-05 10:28:13,44.041499,39.160575,235.74,reconstructed_gap
2026-10-05 10:28:14,44.041397,39.160712,235.3,reconstructed_gap
2026-10-05 10:28:15,44.041295,39.160849,234.88,reconstructed_gap
2026-10-05 10:28:16,44.041193,39.160986,234.47,reconstructed_gap
2026-10-05 10:28:17,44.041091,39.161124,234.07,reconstructed_gap
2026-10-05 10:28:18,44.040988,39.161261,233.68,reconstructed_gap
2026-10-05 10:28:19,44.040886,39.161399,233.3,reconstructed_gap
2026-10-05 10:28:20,44.040783,39.161536,232.94,reconstructed_gap
2026-10-05 10:28:21,44.04068,39.161674,232.6,reconstructed_gap
2026-10-05 10:28:22,44.040577,39.161812,232.26,reconstructed_gap
2026-10-05 10:28:23,44.040473,39.161949,231.94,reconstructed_gap
2026-10-05 10:28:24,44.04037,39.162087,231.64,reconstructed_gap
2026-10-05 10:28:25,44.040266,39.162225,231.35,reconstructed_gap
2026-10-05 10:28:26,44.040162,39.162363,231.07,reconstructed_gap
2026-10-05 10:28:27,44.040058,39.162501,230.82,reconstructed_gap
2026-10-05 10:28:28,44.039954,39.16264,230.57,reconstructed_gap
2026-10-05 10:28:29,44.039849,39.162778,230.35,reconstructed_gap
2026-10-05 10:28:30,44.039745,39.162916,230.14,reconstructed_gap
2026-10-05 10:28:31,44.03964,39.163054,229.95,reconstructed_gap
2026-10-05 10:28:32,44.039535,39.163193,229.77,reconstructed_gap
2026-10-05 10:28:33,44.039407,39.163364,229.59,observed
2026-10-05 10:28:34,44.039336,39.163456,229.51,interp_short
2026-10-05 10:28:35,44.039263,39.163549,229.4,observed
2026-10-05 10:28:36,44.039118,39.163733,229.24,observed
2026-10-05 10:28:37,44.038974,39.163918,229.12,interp_short
2026-10-05 10:28:38,44.038828,39.164103,229.05,observed
2026-10-05 10:28:39,44.038757,39.164195,229.02,interp_short
2026-10-05 10:28:40,44.038682,39.164288,229.01,observed
2026-10-05 10:28:41,44.038537,39.164473,229.01,observed
2026-10-05 10:28:42,44.038441,39.164597,229.04,interp_short
2026-10-05 10:28:43,44.038346,39.164718,229.09,interp_short
2026-10-05 10:28:44,44.038245,39.164845,229.13,observed
2026-10-05 10:28:45,44.038174,39.164937,229.17,interp_short
2026-10-05 10:28:46,44.038099,39.165031,229.24,observed
2026-10-05 10:28:47,44.037952,39.165217,229.39,observed
2026-10-05 10:28:48,44.037805,39.165403,229.57,observed
2026-10-05 10:28:49,44.037659,39.16559,229.79,observed
2026-10-05 10:28:50,44.037561,39.165716,230.0,interp_short
2026-10-05 10:28:51,44.037463,39.165839,230.17,interp_short
2026-10-05 10:28:52,44.037364,39.165963,230.31,observed
2026-10-05 10:28:53,44.037289,39.166058,230.43,interp_short
2026-10-05 10:28:54,44.037217,39.166149,230.61,observed
2026-10-05 10:28:55,44.037068,39.166337,230.92,interp_short
2026-10-05 10:28:56,44.036921,39.166522,231.3,observed
2026-10-05 10:28:57,44.036774,39.166709,231.67,observed
2026-10-05 10:28:58,44.036673,39.166836,231.93,interp_short
2026-10-05 10:28:59,44.036574,39.16696,232.16,interp_short
2026-10-05 10:29:00,44.036477,39.167081,232.47,observed
2026-10-05 10:29:01,44.036329,39.167267,232.89,observed
2026-10-05 10:29:02,44.036254,39.167362,233.16,interp_short
2026-10-05 10:29:03,44.036181,39.167453,233.32,observed
2026-10-05 10:29:04,44.036105,39.167547,233.48,interp_short
2026-10-05 10:29:05,44.036032,39.167638,233.76,observed
2026-10-05 10:29:06,44.035884,39.167824,234.2,observed
2026-10-05 10:29:07,44.035784,39.167949,234.57,interp_short
2026-10-05 10:29:08,44.035687,39.16807,234.85,interp_short
2026-10-05 10:29:09,44.035587,39.168193,235.09,observed
2026-10-05 10:29:10,44.035513,39.168285,235.32,interp_short
2026-10-05 10:29:11,44.035438,39.168377,235.53,observed
2026-10-05 10:29:12,44.035364,39.168469,235.7,interp_short
2026-10-05 10:29:13,44.03529,39.16856,235.96,observed
2026-10-05 10:29:14,44.035141,39.168743,236.38,observed
2026-10-05 10:29:15,44.034993,39.168925,236.78,observed
2026-10-05 10:29:16,44.034895,39.169046,237.1,interp_short
2026-10-05 10:29:17,44.034796,39.169167,237.36,interp_short
2026-10-05 10:29:18,44.034696,39.169288,237.54,observed
2026-10-05 10:29:19,44.034622,39.169379,237.68,interp_short
2026-10-05 10:29:20,44.034548,39.169469,237.89,observed
2026-10-05 10:29:21,44.0344,39.169648,238.22,observed
2026-10-05 10:29:22,44.034252,39.169827,238.51,observed
2026-10-05 10:29:23,44.034104,39.170005,238.78,observed
2026-10-05 10:29:24,44.03403,39.170095,238.91,interp_short
2026-10-05 10:29:25,44.033957,39.170182,239.02,observed
2026-10-05 10:29:26,44.033809,39.170358,239.22,observed
2026-10-05 10:29:27,44.033735,39.170447,239.34,interp_short
2026-10-05 10:29:28,44.033662,39.170533,239.39,observed
2026-10-05 10:29:29,44.033589,39.170621,239.44,interp_short
2026-10-05 10:29:30,44.033516,39.170707,239.52,observed
2026-10-05 10:29:31,44.033369,39.17088,239.62,observed
2026-10-05 10:29:32,44.033223,39.171052,239.67,observed
2026-10-05 10:29:33,44.033151,39.171137,239.69,interp_short
2026-10-05 10:29:34,44.033077,39.171222,239.69,observed
2026-10-05 10:29:35,44.033006,39.171306,239.69,interp_short
2026-10-05 10:29:36,44.032932,39.171392,239.66,observed
2026-10-05 10:29:37,44.032787,39.17156,239.59,observed
2026-10-05 10:29:38,44.032642,39.171727,239.48,observed
2026-10-05 10:29:39,44.032571,39.17181,239.42,interp_short
2026-10-05 10:29:40,44.032498,39.171893,239.33,observed
2026-10-05 10:29:41,44.032354,39.172058,239.14,observed
2026-10-05 10:29:42,44.032211,39.172221,238.9,observed
2026-10-05 10:29:43,44.032068,39.172383,238.63,observed
2026-10-05 10:29:44,44.031972,39.172492,238.42,interp_short
2026-10-05 10:29:45,44.031879,39.172596,238.23,interp_short
2026-10-05 10:29:46,44.031784,39.172702,237.96,observed
2026-10-05 10:29:47,44.031643,39.17286,237.56,observed
2026-10-05 10:29:48,44.031502,39.173016,237.13,observed
2026-10-05 10:29:49,44.031432,39.173094,236.92,interp_short
2026-10-05 10:29:50,44.031362,39.173171,236.66,observed
2026-10-05 10:29:51,44.031223,39.173325,236.16,observed
2026-10-05 10:29:52,44.031154,39.173401,235.91,interp_short
2026-10-05 10:29:53,44.031085,39.173477,235.63,observed
2026-10-05 10:29:54,44.030947,39.173628,235.07,observed
2026-10-05 10:29:55,44.030879,39.173702,234.77,interp_short
2026-10-05 10:29:56,44.030809,39.173777,234.48,observed
2026-10-05 10:29:57,44.030673,39.173925,233.86,observed
2026-10-05 10:29:58,44.030537,39.174072,233.22,observed
2026-10-05 10:29:59,44.030402,39.174217,232.56,observed
2026-10-05 10:30:00,44.030267,39.174361,231.88,observed
2026-10-05 10:30:01,44.030136,39.174501,231.2,interp_short
2026-10-05 10:30:02,44.030001,39.174645,230.48,observed
2026-10-05 10:30:03,44.029869,39.174786,229.77,observed
2026-10-05 10:30:04,44.029806,39.174854,229.41,interp_short
2026-10-05 10:30:05,44.029738,39.174925,229.04,observed
2026-10-05 10:30:06,44.029607,39.175063,228.31,observed
2026-10-05 10:30:07,44.029478,39.1752,227.58,observed
2026-10-05 10:30:08,44.029349,39.175336,226.85,observed
2026-10-05 10:30:09,44.029221,39.175471,226.13,observed
2026-10-05 10:30:10,44.029093,39.175606,225.41,observed
2026-10-05 10:30:11,44.028967,39.175739,224.69,observed
2026-10-05 10:30:12,44.028841,39.175873,223.99,interp_short
2026-10-05 10:30:13,44.028717,39.176004,223.3,observed
2026-10-05 10:30:14,44.028593,39.176136,222.63,observed
2026-10-05 10:30:15,44.02847,39.176267,221.97,observed
2026-10-05 10:30:16,44.028347,39.176397,221.33,observed
2026-10-05 10:30:17,44.028226,39.176528,220.71,observed
2026-10-05 10:30:18,44.028163,39.176594,220.4,interp_short
2026-10-05 10:30:19,44.028105,39.176658,220.11,observed
2026-10-05 10:30:20,44.027985,39.176788,219.54,observed
2026-10-05 10:30:21,44.027866,39.176918,218.99,observed
2026-10-05 10:30:22,44.027748,39.177048,218.47,observed
2026-10-05 10:30:23,44.02763,39.177179,217.97,observed
2026-10-05 10:30:24,44.027513,39.177309,217.5,observed
2026-10-05 10:30:25,44.027397,39.17744,217.05,observed
2026-10-05 10:30:26,44.027281,39.177572,216.64,observed
2026-10-05 10:30:27,44.027166,39.177704,216.25,observed
2026-10-05 10:30:28,44.027051,39.177836,215.87,interp_short
2026-10-05 10:30:29,44.026939,39.17797,215.55,observed
2026-10-05 10:30:30,44.026859,39.178063,215.33,interp_short
2026-10-05 10:30:31,44.02679,39.178145,215.16,interp_short
2026-10-05 10:30:32,44.026713,39.178241,214.96,observed
2026-10-05 10:30:33,44.026601,39.178377,214.7,observed
2026-10-05 10:30:34,44.02649,39.178516,214.47,observed
2026-10-05 10:30:35,44.026379,39.178655,214.26,observed
2026-10-05 10:30:36,44.026268,39.178796,214.07,observed
2026-10-05 10:30:37,44.026212,39.178865,213.99,interp_short
2026-10-05 10:30:38,44.026158,39.178939,213.9,observed
2026-10-05 10:30:39,44.025994,39.179156,213.68,observed
2026-10-05 10:30:40,44.025831,39.179377,213.48,observed
2026-10-05 10:30:41,44.025775,39.17945,213.41,interp_short
2026-10-05 10:30:42,44.025722,39.179527,213.37,observed
2026-10-05 10:30:43,44.025613,39.179679,213.27,observed
2026-10-05 10:30:44,44.025504,39.179832,213.18,interp_short
2026-10-05 10:30:45,44.025397,39.179989,213.1,observed
2026-10-05 10:30:46,44.025289,39.180148,213.02,observed
2026-10-05 10:30:47,44.025181,39.180309,212.94,observed
2026-10-05 10:30:48,44.025126,39.180389,212.9,interp_short
2026-10-05 10:30:49,44.025073,39.180472,212.86,observed
2026-10-05 10:30:50,44.024965,39.180638,212.78,observed
2026-10-05 10:30:51,44.024857,39.180807,212.7,observed
2026-10-05 10:30:52,44.024749,39.180978,212.61,observed
2026-10-05 10:30:53,44.024673,39.181096,212.55,interp_short
2026-10-05 10:30:54,44.024604,39.181208,212.49,interp_short
2026-10-05 10:30:55,44.024532,39.181329,212.41,observed
2026-10-05 10:30:56,44.024424,39.181508,212.29,observed
2026-10-05 10:30:57,44.024315,39.181691,212.16,observed
2026-10-05 10:30:58,44.024204,39.181876,212.0,interp_short
2026-10-05 10:30:59,44.024095,39.182063,211.86,observed
2026-10-05 10:31:00,44.024039,39.182158,211.78,interp_short
2026-10-05 10:31:01,44.023985,39.182254,211.69,observed
2026-10-05 10:31:02,44.023875,39.182447,211.5,observed
2026-10-05 10:31:03,44.023763,39.182644,211.29,observed
2026-10-05 10:31:04,44.023706,39.182744,211.18,interp_short
2026-10-05 10:31:05,44.023652,39.182843,211.06,observed
2026-10-05 10:31:06,44.023538,39.183047,210.81,interp_short
2026-10-05 10:31:07,44.023426,39.183249,210.54,observed
2026-10-05 10:31:08,44.023368,39.183353,210.36,interp_short
2026-10-05 10:31:09,44.023313,39.183457,210.25,observed
2026-10-05 10:31:10,44.023255,39.183562,210.13,interp_short
2026-10-05 10:31:11,44.023198,39.183667,209.94,observed
2026-10-05 10:31:12,44.023083,39.183879,209.62,observed
2026-10-05 10:31:13,44.022967,39.184094,209.27,observed
2026-10-05 10:31:14,44.022908,39.184202,209.09,interp_short
2026-10-05 10:31:15,44.022849,39.184312,208.91,observed
2026-10-05 10:31:16,44.022731,39.184532,208.53,observed
2026-10-05 10:31:17,44.022613,39.184754,208.13,observed
2026-10-05 10:31:18,44.022553,39.184865,207.88,interp_short
2026-10-05 10:31:19,44.022493,39.184978,207.71,observed
2026-10-05 10:31:20,44.022433,39.18509,207.5,interp_short
2026-10-05 10:31:21,44.022372,39.185205,207.29,observed
2026-10-05 10:31:22,44.022312,39.185318,207.11,interp_short
2026-10-05 10:31:23,44.02225,39.185433,206.85,observed
2026-10-05 10:31:24,44.022126,39.185664,206.4,observed
2026-10-05 10:31:25,44.022002,39.185896,205.94,observed
2026-10-05 10:31:26,44.02194,39.186013,205.66,interp_short
2026-10-05 10:31:27,44.021876,39.18613,205.47,observed
2026-10-05 10:31:28,44.021783,39.186302,205.23,interp_short
2026-10-05 10:31:29,44.021685,39.186486,204.91,interp_short
2026-10-05 10:31:30,44.021586,39.186668,204.52,interp_short
2026-10-05 10:31:31,44.021492,39.18684,204.06,observed
2026-10-05 10:31:32,44.021362,39.187079,203.59,observed
2026-10-05 10:31:33,44.021293,39.187206,203.3,interp_short
2026-10-05 10:31:34,44.021231,39.187321,203.14,interp_short
2026-10-05 10:31:35,44.021168,39.187435,202.97,interp_short
2026-10-05 10:31:36,44.021097,39.18756,202.67,observed
2026-10-05 10:31:37,44.020962,39.187802,202.22,observed
2026-10-05 10:31:38,44.020895,39.187923,201.94,interp_short
2026-10-05 10:31:39,44.020826,39.188043,201.79,observed
2026-10-05 10:31:40,44.020759,39.188165,201.64,interp_short
2026-10-05 10:31:41,44.020689,39.188286,201.37,observed
2026-10-05 10:31:42,44.02055,39.188528,200.96,observed
2026-10-05 10:31:43,44.020482,39.188649,200.71,interp_short
2026-10-05 10:31:44,44.02041,39.18877,200.58,observed
2026-10-05 10:31:45,44.020325,39.188918,200.45,interp_short
2026-10-05 10:31:46,44.020243,39.189062,200.28,interp_short
2026-10-05 10:31:47,44.020159,39.189204,200.09,interp_short
2026-10-05 10:31:48,44.020073,39.189348,199.85,interp_short
2026-10-05 10:31:49,44.019981,39.189496,199.58,observed
2026-10-05 10:31:50,44.019835,39.189736,199.3,observed
2026-10-05 10:31:51,44.019764,39.189855,199.14,interp_short
2026-10-05 10:31:52,44.019687,39.189976,199.05,observed
2026-10-05 10:31:53,44.019616,39.190095,198.97,interp_short
2026-10-05 10:31:54,44.019539,39.190214,198.84,observed
2026-10-05 10:31:55,44.019388,39.190452,198.67,observed
2026-10-05 10:31:56,44.019315,39.19057,198.59,interp_short
2026-10-05 10:31:57,44.019237,39.190688,198.53,observed
2026-10-05 10:31:58,44.019084,39.190922,198.43,observed
2026-10-05 10:31:59,44.018929,39.191155,198.37,observed
2026-10-05 10:32:00,44.018852,39.191273,198.35,interp_short
2026-10-05 10:32:01,44.018773,39.191385,198.35,observed
2026-10-05 10:32:02,44.018616,39.191614,198.38,observed
2026-10-05 10:32:03,44.018511,39.191769,198.44,interp_short
2026-10-05 10:32:04,44.018403,39.191922,198.5,interp_short
2026-10-05 10:32:05,44.018298,39.192065,198.56,observed
2026-10-05 10:32:06,44.018217,39.192181,198.61,interp_short
2026-10-05 10:32:07,44.018136,39.192287,198.72,observed
2026-10-05 10:32:08,44.017974,39.192506,198.92,observed
2026-10-05 10:32:09,44.017891,39.19262,199.05,interp_short
2026-10-05 10:32:10,44.01781,39.192722,199.17,observed
2026-10-05 10:32:11,44.017699,39.19287,199.35,interp_short
2026-10-05 10:32:12,44.017588,39.193013,199.58,interp_short
2026-10-05 10:32:13,44.017479,39.193146,199.8,observed
2026-10-05 10:32:14,44.017395,39.193255,199.98,interp_short
2026-10-05 10:32:15,44.017312,39.193354,200.18,observed
2026-10-05 10:32:16,44.0172,39.193495,200.45,interp_short
2026-10-05 10:32:17,44.017086,39.193631,200.76,interp_short
2026-10-05 10:32:18,44.016974,39.193759,201.07,observed
2026-10-05 10:32:19,44.016889,39.193862,201.34,interp_short
2026-10-05 10:32:20,44.016804,39.193957,201.58,observed
2026-10-05 10:32:21,44.016719,39.194058,201.84,interp_short
2026-10-05 10:32:22,44.016633,39.194151,202.12,observed
2026-10-05 10:32:23,44.016548,39.19425,202.43,interp_short
2026-10-05 10:32:24,44.016461,39.194342,202.7,observed
2026-10-05 10:32:25,44.016375,39.194439,202.92,interp_short
2026-10-05 10:32:26,44.016287,39.19453,203.32,observed
2026-10-05 10:32:27,44.016114,39.194713,203.97,observed
2026-10-05 10:32:28,44.016028,39.194806,204.29,interp_short
2026-10-05 10:32:29,44.015939,39.194893,204.65,observed
2026-10-05 10:32:30,44.015764,39.19507,205.37,observed
2026-10-05 10:32:31,44.015678,39.195159,205.73,interp_short
2026-10-05 10:32:32,44.015588,39.195243,206.1,observed
2026-10-05 10:32:33,44.015411,39.195412,206.86,observed
2026-10-05 10:32:34,44.015325,39.195496,207.38,interp_short
2026-10-05 10:32:35,44.015234,39.195577,207.65,observed
2026-10-05 10:32:36,44.015148,39.19566,207.93,interp_short
2026-10-05 10:32:37,44.015056,39.195739,208.45,observed
2026-10-05 10:32:38,44.014878,39.195897,209.26,observed
2026-10-05 10:32:39,44.014792,39.195976,209.79,interp_short
2026-10-05 10:32:40,44.0147,39.196052,210.09,observed
2026-10-05 10:32:41,44.014614,39.196129,210.39,interp_short
2026-10-05 10:32:42,44.014522,39.196203,210.92,observed
2026-10-05 10:32:43,44.014343,39.196351,211.77,observed
2026-10-05 10:32:44,44.014227,39.196448,212.51,interp_short
2026-10-05 10:32:45,44.014108,39.196543,213.06,interp_short
2026-10-05 10:32:46,44.013985,39.196635,213.46,observed
2026-10-05 10:32:47,44.013898,39.196706,213.8,interp_short
2026-10-05 10:32:48,44.013806,39.196773,214.3,observed
2026-10-05 10:32:49,44.013627,39.196907,215.13,observed
2026-10-05 10:32:50,44.013448,39.197038,215.96,observed
2026-10-05 10:32:51,44.013361,39.197104,216.39,interp_short
2026-10-05 10:32:52,44.01327,39.197167,216.77,observed
2026-10-05 10:32:53,44.013093,39.197293,217.49,interp_short
2026-10-05 10:32:54,44.012913,39.197414,218.35,observed
2026-10-05 10:32:55,44.012736,39.197534,219.11,observed
2026-10-05 10:32:56,44.012559,39.197652,219.85,observed
2026-10-05 10:32:57,44.01244,39.197732,220.44,interp_short
2026-10-05 10:32:58,44.012325,39.197806,220.88,interp_short
2026-10-05 10:32:59,44.012206,39.19788,221.25,observed
2026-10-05 10:33:00,44.012118,39.197938,221.6,interp_short
2026-10-05 10:33:01,44.012031,39.197991,221.9,observed
2026-10-05 10:33:02,44.011943,39.198048,222.15,interp_short
2026-10-05 10:33:03,44.011856,39.1981,222.52,observed
2026-10-05 10:33:04,44.011682,39.198208,223.11,observed
2026-10-05 10:33:05,44.011509,39.198314,223.67,observed
2026-10-05 10:33:06,44.011337,39.198418,224.19,observed
2026-10-05 10:33:07,44.011251,39.198471,224.44,interp_short
2026-10-05 10:33:08,44.011166,39.198522,224.67,observed
2026-10-05 10:33:09,44.010996,39.198624,225.12,observed
2026-10-05 10:33:10,44.010827,39.198726,225.53,observed
2026-10-05 10:33:11,44.010713,39.198794,225.8,interp_short
2026-10-05 10:33:12,44.010604,39.198859,226.0,interp_short
2026-10-05 10:33:13,44.010492,39.198928,226.22,observed
2026-10-05 10:33:14,44.010327,39.199029,226.51,observed
2026-10-05 10:33:15,44.010162,39.199129,226.76,observed
2026-10-05 10:33:16,44.010079,39.199179,226.88,interp_short
2026-10-05 10:33:17,44.009999,39.19923,226.97,observed
2026-10-05 10:33:18,44.009838,39.199331,227.14,observed
2026-10-05 10:33:19,44.009677,39.199431,227.29,interp_short
2026-10-05 10:33:20,44.009519,39.199534,227.38,observed
2026-10-05 10:33:21,44.009439,39.199584,227.42,interp_short
2026-10-05 10:33:22,44.009362,39.199637,227.44,observed
2026-10-05 10:33:23,44.009283,39.199687,227.46,interp_short
2026-10-05 10:33:24,44.009206,39.199741,227.47,observed
2026-10-05 10:33:25,44.009052,39.199847,227.47,observed
2026-10-05 10:33:26,44.008899,39.199953,227.43,observed
2026-10-05 10:33:27,44.008748,39.200062,227.37,observed
2026-10-05 10:33:28,44.008599,39.200172,227.28,observed
2026-10-05 10:33:29,44.008524,39.200224,227.23,interp_short
2026-10-05 10:33:30,44.008451,39.200284,227.16,observed
2026-10-05 10:33:31,44.008305,39.200398,227.02,observed
2026-10-05 10:33:32,44.008232,39.200452,226.99,interp_short
2026-10-05 10:33:33,44.00816,39.200514,226.86,observed
2026-10-05 10:33:34,44.007876,39.200753,226.48,observed
2026-10-05 10:33:35,44.007736,39.200876,226.26,observed
2026-10-05 10:33:36,44.007666,39.200935,226.16,interp_short
2026-10-05 10:33:37,44.007598,39.201002,226.04,observed
2026-10-05 10:33:38,44.007461,39.201131,225.8,observed
2026-10-05 10:33:39,44.007326,39.201262,225.56,observed
2026-10-05 10:33:40,44.007257,39.201325,225.44,interp_short
2026-10-05 10:33:41,44.007193,39.201396,225.31,observed
2026-10-05 10:33:42,44.007062,39.201534,225.06,observed
2026-10-05 10:33:43,44.006932,39.201674,224.81,observed
2026-10-05 10:33:44,44.006803,39.201818,224.55,observed
2026-10-05 10:33:45,44.006676,39.201964,224.3,observed
2026-10-05 10:33:46,44.00655,39.202114,224.06,observed
2026-10-05 10:33:47,44.006462,39.202215,223.89,interp_short
2026-10-05 10:33:48,44.006385,39.202312,223.75,interp_short
2026-10-05 10:33:49,44.006304,39.202423,223.59,observed
2026-10-05 10:33:50,44.006183,39.202583,223.37,observed
2026-10-05 10:33:51,44.006063,39.202746,223.16,observed
2026-10-05 10:33:52,44.006001,39.202826,223.06,interp_short
2026-10-05 10:33:53,44.005944,39.202912,222.96,observed
2026-10-05 10:33:54,44.005827,39.203081,222.77,observed
2026-10-05 10:33:55,44.005711,39.203253,222.6,observed
2026-10-05 10:33:56,44.005596,39.203428,222.44,observed
2026-10-05 10:33:57,44.005537,39.203515,222.36,interp_short
2026-10-05 10:33:58,44.005482,39.203607,222.3,observed
2026-10-05 10:33:59,44.005368,39.203787,222.18,interp_short
2026-10-05 10:34:00,44.005257,39.203973,222.05,observed
2026-10-05 10:34:01,44.005146,39.20416,221.96,observed
2026-10-05 10:34:02,44.005036,39.20435,221.87,observed
2026-10-05 10:34:03,44.00498,39.204444,221.83,interp_short
2026-10-05 10:34:04,44.004927,39.204543,221.8,observed
2026-10-05 10:34:05,44.004818,39.204739,221.74,observed
2026-10-05 10:34:06,44.004711,39.204937,221.7,observed
2026-10-05 10:34:07,44.004655,39.205036,221.68,interp_short
2026-10-05 10:34:08,44.004603,39.205137,221.67,observed
2026-10-05 10:34:09,44.004497,39.20534,221.65,observed
2026-10-05 10:34:10,44.004391,39.205545,221.63,observed
2026-10-05 10:34:11,44.004337,39.205647,221.63,interp_short
2026-10-05 10:34:12,44.004285,39.205752,221.63,observed
2026-10-05 10:34:13,44.004179,39.205961,221.63,interp_short
2026-10-05 10:34:14,44.004074,39.206172,221.64,observed
2026-10-05 10:34:15,44.003969,39.206385,221.65,observed
2026-10-05 10:34:16,44.003917,39.206491,221.65,interp_short
2026-10-05 10:34:17,44.003865,39.206599,221.65,observed
2026-10-05 10:34:18,44.00376,39.206814,221.66,observed
2026-10-05 10:34:19,44.003708,39.206921,221.67,interp_short
2026-10-05 10:34:20,44.003655,39.207031,221.67,observed
2026-10-05 10:34:21,44.003551,39.207249,221.67,observed
2026-10-05 10:34:22,44.003498,39.207358,221.67,interp_short
2026-10-05 10:34:23,44.003446,39.207468,221.66,observed
2026-10-05 10:34:24,44.003341,39.207687,221.64,observed
2026-10-05 10:34:25,44.003235,39.207908,221.61,observed
2026-10-05 10:34:26,44.00313,39.208129,221.56,observed
2026-10-05 10:34:27,44.003024,39.20835,221.5,observed
2026-10-05 10:34:28,44.00297,39.208464,221.47,interp_short
2026-10-05 10:34:29,44.002917,39.208572,221.42,observed
2026-10-05 10:34:30,44.00281,39.208794,221.32,observed
2026-10-05 10:34:31,44.002755,39.208907,221.26,interp_short
2026-10-05 10:34:32,44.002702,39.209015,221.2,observed
2026-10-05 10:34:33,44.002594,39.209237,221.06,observed
2026-10-05 10:34:34,44.002485,39.209458,220.88,observed
2026-10-05 10:34:35,44.00243,39.209571,220.77,interp_short
2026-10-05 10:34:36,44.002376,39.209679,220.68,observed
2026-10-05 10:34:37,44.002321,39.209791,220.57,interp_short
2026-10-05 10:34:38,44.002265,39.2099,220.45,observed
2026-10-05 10:34:39,44.00221,39.210011,220.35,interp_short
2026-10-05 10:34:40,44.002154,39.210119,220.19,observed
2026-10-05 10:34:41,44.002042,39.210338,219.9,observed
2026-10-05 10:34:42,44.001929,39.210557,219.57,observed
2026-10-05 10:34:43,44.001874,39.210665,219.35,interp_short
2026-10-05 10:34:44,44.001815,39.210774,219.21,observed
2026-10-05 10:34:45,44.001759,39.210882,219.07,interp_short
2026-10-05 10:34:46,44.0017,39.21099,218.81,observed
2026-10-05 10:34:47,44.001584,39.211204,218.38,observed
2026-10-05 10:34:48,44.001467,39.211418,217.92,observed
2026-10-05 10:34:49,44.001349,39.21163,217.41,observed
2026-10-05 10:34:50,44.001291,39.211736,217.17,interp_short
2026-10-05 10:34:51,44.00123,39.211841,216.88,observed
2026-10-05 10:34:52,44.00111,39.21205,216.3,observed
2026-10-05 10:34:53,44.001051,39.212155,216.01,interp_short
2026-10-05 10:34:54,44.000988,39.212258,215.69,observed
2026-10-05 10:34:55,44.000866,39.212464,215.05,observed
2026-10-05 10:34:56,44.000805,39.212568,214.72,interp_short
2026-10-05 10:34:57,44.000742,39.212668,214.37,observed
2026-10-05 10:34:58,44.000617,39.212871,213.66,observed
2026-10-05 10:34:59,44.000556,39.212973,213.27,interp_short
2026-10-05 10:35:00,44.000491,39.213072,212.91,observed
2026-10-05 10:35:01,44.000363,39.21327,212.14,observed
2026-10-05 10:35:02,44.000235,39.213468,211.34,observed
2026-10-05 10:35:03,44.000172,39.213567,210.95,interp_short
2026-10-05 10:35:04,44.000105,39.213663,210.51,observed
2026-10-05 10:35:05,43.999974,39.213856,209.66,observed
2026-10-05 10:35:06,43.999887,39.213986,209.03,interp_short
2026-10-05 10:35:07,43.9998,39.214112,208.56,interp_short
2026-10-05 10:35:08,43.999709,39.214237,207.89,observed
2026-10-05 10:35:09,43.999575,39.214425,206.98,observed
2026-10-05 10:35:10,43.999508,39.21452,206.52,interp_short
2026-10-05 10:35:11,43.999439,39.214611,206.05,observed
2026-10-05 10:35:12,43.999303,39.214794,205.11,observed
2026-10-05 10:35:13,43.999211,39.214919,204.39,interp_short
2026-10-05 10:35:14,43.99912,39.215038,203.85,interp_short
2026-10-05 10:35:15,43.999026,39.215157,203.19,observed
2026-10-05 10:35:16,43.998887,39.215335,202.23,observed
2026-10-05 10:35:17,43.998746,39.215512,201.27,observed
2026-10-05 10:35:18,43.998676,39.215601,200.66,interp_short
2026-10-05 10:35:19,43.998604,39.215687,200.3,observed
2026-10-05 10:35:20,43.998534,39.215775,199.96,interp_short
2026-10-05 10:35:21,43.998461,39.21586,199.34,observed
2026-10-05 10:35:22,43.998318,39.216031,198.39,observed
2026-10-05 10:35:23,43.998247,39.216117,197.9,interp_short
2026-10-05 10:35:24,43.998173,39.216201,197.45,observed
2026-10-05 10:35:25,43.998028,39.21637,196.52,observed
2026-10-05 10:35:26,43.997882,39.216537,195.61,observed
2026-10-05 10:35:27,43.997786,39.216649,194.99,interp_short
2026-10-05 10:35:28,43.99769,39.216756,194.49,interp_short
2026-10-05 10:35:29,43.997588,39.216867,193.84,observed
2026-10-05 10:35:30,43.99744,39.21703,193.0,observed
2026-10-05 10:35:31,43.997367,39.217112,192.56,interp_short
2026-10-05 10:35:32,43.997291,39.217192,192.18,observed
2026-10-05 10:35:33,43.997142,39.217353,191.44,interp_short
2026-10-05 10:35:34,43.996992,39.217512,190.62,observed
2026-10-05 10:35:35,43.996891,39.21762,190.06,interp_short
2026-10-05 10:35:36,43.996792,39.217724,189.66,interp_short
2026-10-05 10:35:37,43.99669,39.217828,189.2,observed
2026-10-05 10:35:38,43.996539,39.217985,188.54,observed
2026-10-05 10:35:39,43.996388,39.218141,187.93,observed
2026-10-05 10:35:40,43.996312,39.218221,187.63,interp_short
2026-10-05 10:35:41,43.996236,39.218297,187.35,observed
2026-10-05 10:35:42,43.996084,39.218452,186.81,observed
2026-10-05 10:35:43,43.995931,39.218606,186.31,observed
2026-10-05 10:35:44,43.995855,39.218684,186.08,interp_short
2026-10-05 10:35:45,43.995779,39.21876,185.86,observed
2026-10-05 10:35:46,43.995626,39.218913,185.45,observed
2026-10-05 10:35:47,43.995551,39.218989,185.2,interp_short
2026-10-05 10:35:48,43.995473,39.219066,185.08,observed
2026-10-05 10:35:49,43.995371,39.219168,184.92,interp_short
2026-10-05 10:35:50,43.995273,39.219266,184.71,interp_short
2026-10-05 10:35:51,43.995168,39.219371,184.47,observed
2026-10-05 10:35:52,43.995015,39.219524,184.23,observed
2026-10-05 10:35:53,43.994914,39.219625,184.07,interp_short
2026-10-05 10:35:54,43.994815,39.219723,183.97,interp_short
2026-10-05 10:35:55,43.99471,39.219828,183.87,observed
2026-10-05 10:35:56,43.994558,39.219981,183.75,observed
2026-10-05 10:35:57,43.994406,39.220133,183.67,observed
2026-10-05 10:35:58,43.994254,39.220286,183.62,observed
2026-10-05 10:35:59,43.994102,39.220439,183.61,observed
2026-10-05 10:36:00,43.994026,39.220515,183.62,interp_short
2026-10-05 10:36:01,43.993951,39.220592,183.64,observed
2026-10-05 10:36:02,43.9938,39.220746,183.69,observed
2026-10-05 10:36:03,43.993649,39.220899,183.78,observed
2026-10-05 10:36:04,43.993498,39.221054,183.89,observed
2026-10-05 10:36:05,43.993421,39.221132,183.95,interp_short
2026-10-05 10:36:06,43.993348,39.221208,184.03,observed
2026-10-05 10:36:07,43.993199,39.221363,184.19,observed
2026-10-05 10:36:08,43.993122,39.221442,184.28,interp_short
2026-10-05 10:36:09,43.993049,39.221519,184.37,observed
2026-10-05 10:36:10,43.9929,39.221675,184.57,observed
2026-10-05 10:36:11,43.992752,39.221832,184.78,observed
2026-10-05 10:36:12,43.992651,39.221938,184.96,interp_short
2026-10-05 10:36:13,43.992555,39.222039,185.11,interp_short
2026-10-05 10:36:14,43.992456,39.222147,185.23,observed
2026-10-05 10:36:15,43.992382,39.222225,185.33,interp_short
2026-10-05 10:36:16,43.992309,39.222305,185.47,observed
2026-10-05 10:36:17,43.992163,39.222464,185.71,observed
2026-10-05 10:36:18,43.992017,39.222623,185.95,observed
2026-10-05 10:36:19,43.991919,39.222729,186.12,interp_short
2026-10-05 10:36:20,43.991825,39.222833,186.26,interp_short
2026-10-05 10:36:21,43.991726,39.222944,186.43,observed
2026-10-05 10:36:22,43.991582,39.223104,186.67,interp_short
2026-10-05 10:36:23,43.991437,39.223268,186.87,observed
2026-10-05 10:36:24,43.991365,39.223348,186.97,interp_short
2026-10-05 10:36:25,43.991293,39.223431,187.07,observed
2026-10-05 10:36:26,43.991149,39.223594,187.26,observed
2026-10-05 10:36:27,43.991077,39.223675,187.36,interp_short
2026-10-05 10:36:28,43.991007,39.223758,187.44,observed
2026-10-05 10:36:29,43.990864,39.223922,187.59,observed
2026-10-05 10:36:30,43.990722,39.224087,187.72,observed
2026-10-05 10:36:31,43.99058,39.224253,187.83,observed
2026-10-05 10:36:32,43.990439,39.224419,187.92,observed
2026-10-05 10:36:33,43.990367,39.224503,187.96,interp_short
2026-10-05 10:36:34,43.990298,39.224586,187.98,observed
2026-10-05 10:36:35,43.990158,39.224753,188.01,observed
2026-10-05 10:36:36,43.990062,39.224866,188.03,interp_short
2026-10-05 10:36:37,43.989971,39.224975,188.03,interp_short
2026-10-05 10:36:38,43.989878,39.225089,188.0,observed
2026-10-05 10:36:39,43.989739,39.225258,187.95,observed
2026-10-05 10:36:40,43.989668,39.225343,187.92,interp_short
2026-10-05 10:36:41,43.9896,39.225427,187.87,observed
2026-10-05 10:36:42,43.989461,39.225597,187.76,observed
2026-10-05 10:36:43,43.989391,39.225682,187.7,interp_short
2026-10-05 10:36:44,43.989323,39.225767,187.62,observed
2026-10-05 10:36:45,43.989185,39.225937,187.45,observed
2026-10-05 10:36:46,43.989047,39.226108,187.25,observed
2026-10-05 10:36:47,43.988978,39.226193,187.15,interp_short
2026-10-05 10:36:48,43.988909,39.226279,187.02,observed
2026-10-05 10:36:49,43.988772,39.226451,186.76,observed
2026-10-05 10:36:50,43.988635,39.226623,186.48,observed
2026-10-05 10:36:51,43.988498,39.226795,186.17,observed
2026-10-05 10:36:52,43.988429,39.226882,185.97,interp_short
2026-10-05 10:36:53,43.988361,39.226968,185.84,observed
2026-10-05 10:36:54,43.988292,39.227054,185.71,interp_short
2026-10-05 10:36:55,43.988225,39.22714,185.48,observed
2026-10-05 10:36:56,43.988089,39.227313,185.1,observed
2026-10-05 10:36:57,43.987952,39.227487,184.65,interp_short
2026-10-05 10:36:58,43.987817,39.22766,184.29,observed
2026-10-05 10:36:59,43.987748,39.227748,184.1,interp_short
2026-10-05 10:37:00,43.987681,39.227834,183.85,observed
2026-10-05 10:37:01,43.987546,39.228007,183.4,observed
2026-10-05 10:37:02,43.987477,39.228095,183.18,interp_short
2026-10-05 10:37:03,43.98741,39.228182,182.94,observed
2026-10-05 10:37:04,43.987275,39.228356,182.47,observed
2026-10-05 10:37:05,43.987207,39.228443,182.22,interp_short
2026-10-05 10:37:06,43.98714,39.22853,181.99,observed
2026-10-05 10:37:07,43.987005,39.228705,181.5,observed
2026-10-05 10:37:08,43.98687,39.22888,181.01,observed
2026-10-05 10:37:09,43.986803,39.228965,180.77,interp_short
2026-10-05 10:37:10,43.986735,39.229054,180.51,observed
2026-10-05 10:37:11,43.986601,39.229229,180.02,observed
2026-10-05 10:37:12,43.986535,39.229315,179.77,interp_short
2026-10-05 10:37:13,43.986466,39.229405,179.53,observed
2026-10-05 10:37:14,43.986332,39.22958,179.04,observed
2026-10-05 10:37:15,43.986244,39.229695,178.68,interp_short
2026-10-05 10:37:16,43.986157,39.229808,178.42,interp_short
2026-10-05 10:37:17,43.986063,39.229931,178.08,observed
2026-10-05 10:37:18,43.985929,39.230107,177.61,observed
2026-10-05 10:37:19,43.985864,39.230193,177.37,interp_short
2026-10-05 10:37:20,43.985796,39.230283,177.15,observed
2026-10-05 10:37:21,43.985662,39.230459,176.71,observed
2026-10-05 10:37:22,43.985528,39.230635,176.28,observed
2026-10-05 10:37:23,43.985395,39.230812,175.86,observed
2026-10-05 10:37:24,43.985262,39.230988,175.46,observed
2026-10-05 10:37:25,43.985129,39.231165,175.08,observed
2026-10-05 10:37:26,43.984996,39.231342,174.71,observed
2026-10-05 10:37:27,43.984929,39.231431,174.53,interp_short
2026-10-05 10:37:28,43.984863,39.231519,174.36,observed
2026-10-05 10:37:29,43.98473,39.231697,174.03,observed
2026-10-05 10:37:30,43.984628,39.231833,173.72,interp_short
2026-10-05 10:37:31,43.98453,39.231965,173.47,interp_short
2026-10-05 10:37:32,43.984433,39.232096,173.29,interp_short
2026-10-05 10:37:33,43.984334,39.23223,173.15,observed
2026-10-05 10:37:34,43.984267,39.23232,173.04,interp_short
2026-10-05 10:37:35,43.984202,39.232408,172.89,observed
2026-10-05 10:37:36,43.98407,39.232587,172.65,observed
2026-10-05 10:37:37,43.983939,39.232766,172.42,observed
2026-10-05 10:37:38,43.983873,39.232855,172.31,interp_short
2026-10-05 10:37:39,43.983808,39.232945,172.21,observed
2026-10-05 10:37:40,43.983677,39.233124,172.02,observed
2026-10-05 10:37:41,43.983546,39.233304,171.83,observed
2026-10-05 10:37:42,43.983459,39.233426,171.71,interp_short
2026-10-05 10:37:43,43.983375,39.233545,171.61,interp_short
2026-10-05 10:37:44,43.983285,39.233664,171.5,observed
2026-10-05 10:37:45,43.983154,39.233844,171.34,observed
2026-10-05 10:37:46,43.983024,39.234025,171.19,observed
2026-10-05 10:37:47,43.982894,39.234206,171.05,observed
2026-10-05 10:37:48,43.98283,39.234299,170.98,interp_short
2026-10-05 10:37:49,43.982765,39.234388,170.91,observed
2026-10-05 10:37:50,43.982635,39.23457,170.77,observed
2026-10-05 10:37:51,43.982547,39.234696,170.66,interp_short
2026-10-05 10:37:52,43.982465,39.234815,170.58,interp_short
2026-10-05 10:37:53,43.982376,39.234934,170.47,observed
2026-10-05 10:37:54,43.982247,39.235117,170.31,observed
2026-10-05 10:37:55,43.982118,39.2353,170.14,observed
2026-10-05 10:37:56,43.982054,39.235394,170.03,interp_short
2026-10-05 10:37:57,43.981989,39.235483,169.96,observed
2026-10-05 10:37:58,43.981863,39.235625,169.81,reconstructed_gap
2026-10-05 10:37:59,43.981759,39.235756,169.67,reconstructed_gap
2026-10-05 10:38:00,43.981655,39.235887,169.53,reconstructed_gap
2026-10-05 10:38:01,43.981551,39.236018,169.39,reconstructed_gap
2026-10-05 10:38:02,43.981447,39.236148,169.24,reconstructed_gap
2026-10-05 10:38:03,43.981342,39.236277,169.09,reconstructed_gap
2026-10-05 10:38:04,43.981238,39.236407,168.92,reconstructed_gap
2026-10-05 10:38:05,43.981133,39.236535,168.76,reconstructed_gap
2026-10-05 10:38:06,43.981028,39.236664,168.58,reconstructed_gap
2026-10-05 10:38:07,43.980922,39.236792,168.4,reconstructed_gap
2026-10-05 10:38:08,43.980817,39.236919,168.21,reconstructed_gap
2026-10-05 10:38:09,43.980711,39.237047,168.02,reconstructed_gap
2026-10-05 10:38:10,43.980605,39.237174,167.82,reconstructed_gap
2026-10-05 10:38:11,43.980499,39.2373,167.61,reconstructed_gap
2026-10-05 10:38:12,43.980393,39.237426,167.39,reconstructed_gap
2026-10-05 10:38:13,43.980286,39.237552,167.16,reconstructed_gap
2026-10-05 10:38:14,43.98018,39.237678,166.93,reconstructed_gap
2026-10-05 10:38:15,43.980073,39.237803,166.69,reconstructed_gap
2026-10-05 10:38:16,43.979966,39.237928,166.44,reconstructed_gap
2026-10-05 10:38:17,43.979859,39.238053,166.18,reconstructed_gap
2026-10-05 10:38:18,43.979752,39.238177,165.91,reconstructed_gap
2026-10-05 10:38:19,43.979645,39.238301,165.64,reconstructed_gap
2026-10-05 10:38:20,43.979537,39.238425,165.35,reconstructed_gap
2026-10-05 10:38:21,43.979429,39.238548,165.06,reconstructed_gap
2026-10-05 10:38:22,43.979322,39.238671,164.76,reconstructed_gap
2026-10-05 10:38:23,43.979214,39.238794,164.45,reconstructed_gap
2026-10-05 10:38:24,43.979106,39.238917,164.14,reconstructed_gap
2026-10-05 10:38:25,43.978998,39.239039,163.81,reconstructed_gap
2026-10-05 10:38:26,43.978889,39.239161,163.48,reconstructed_gap
2026-10-05 10:38:27,43.978781,39.239283,163.14,reconstructed_gap
2026-10-05 10:38:28,43.978673,39.239405,162.78,reconstructed_gap
2026-10-05 10:38:29,43.978564,39.239526,162.43,reconstructed_gap
2026-10-05 10:38:30,43.978455,39.239648,162.06,reconstructed_gap
2026-10-05 10:38:31,43.978347,39.239768,161.68,reconstructed_gap
2026-10-05 10:38:32,43.978238,39.239889,161.3,reconstructed_gap
2026-10-05 10:38:33,43.978129,39.24001,160.91,reconstructed_gap
2026-10-05 10:38:34,43.97802,39.24013,160.51,reconstructed_gap
2026-10-05 10:38:35,43.977911,39.24025,160.1,reconstructed_gap
2026-10-05 10:38:36,43.977801,39.24037,159.68,reconstructed_gap
2026-10-05 10:38:37,43.977692,39.24049,159.26,reconstructed_gap
2026-10-05 10:38:38,43.977583,39.24061,158.83,reconstructed_gap
2026-10-05 10:38:39,43.977473,39.240729,158.39,reconstructed_gap
2026-10-05 10:38:40,43.977364,39.240849,157.94,reconstructed_gap
2026-10-05 10:38:41,43.977254,39.240968,157.49,reconstructed_gap
2026-10-05 10:38:42,43.977145,39.241087,157.03,reconstructed_gap
2026-10-05 10:38:43,43.977035,39.241206,156.56,reconstructed_gap
2026-10-05 10:38:44,43.976925,39.241324,156.08,reconstructed_gap
2026-10-05 10:38:45,43.976815,39.241443,155.6,reconstructed_gap
2026-10-05 10:38:46,43.976706,39.241561,155.11,reconstructed_gap
2026-10-05 10:38:47,43.976596,39.24168,154.61,reconstructed_gap
2026-10-05 10:38:48,43.976486,39.241798,154.11,reconstructed_gap
2026-10-05 10:38:49,43.976376,39.241916,153.6,reconstructed_gap
2026-10-05 10:38:50,43.976266,39.242034,153.08,reconstructed_gap
2026-10-05 10:38:51,43.976156,39.242152,152.56,reconstructed_gap
2026-10-05 10:38:52,43.976046,39.24227,152.03,reconstructed_gap
2026-10-05 10:38:53,43.975936,39.242388,151.49,reconstructed_gap
2026-10-05 10:38:54,43.975826,39.242505,150.95,reconstructed_gap
2026-10-05 10:38:55,43.975716,39.242623,150.4,reconstructed_gap
2026-10-05 10:38:56,43.975606,39.24274,149.85,reconstructed_gap
2026-10-05 10:38:57,43.975495,39.242858,149.29,reconstructed_gap
2026-10-05 10:38:58,43.975385,39.242975,148.72,reconstructed_gap
2026-10-05 10:38:59,43.975275,39.243092,148.15,reconstructed_gap
2026-10-05 10:39:00,43.975165,39.24321,147.58,reconstructed_gap
2026-10-05 10:39:01,43.975055,39.243327,147.0,reconstructed_gap
2026-10-05 10:39:02,43.974945,39.243444,146.41,reconstructed_gap
2026-10-05 10:39:03,43.974835,39.243561,145.82,reconstructed_gap
2026-10-05 10:39:04,43.974725,39.243678,145.23,reconstructed_gap
2026-10-05 10:39:05,43.974615,39.243795,144.63,reconstructed_gap
2026-10-05 10:39:06,43.974504,39.243912,144.02,reconstructed_gap
2026-10-05 10:39:07,43.974394,39.244029,143.41,reconstructed_gap
2026-10-05 10:39:08,43.974284,39.244146,142.8,reconstructed_gap
2026-10-05 10:39:09,43.974174,39.244263,142.19,reconstructed_gap
2026-10-05 10:39:10,43.974064,39.24438,141.57,reconstructed_gap
2026-10-05 10:39:11,43.973955,39.244498,140.94,reconstructed_gap
2026-10-05 10:39:12,43.973845,39.244615,140.31,reconstructed_gap
2026-10-05 10:39:13,43.973735,39.244732,139.68,reconstructed_gap
2026-10-05 10:39:14,43.973625,39.244849,139.05,reconstructed_gap
2026-10-05 10:39:15,43.973515,39.244966,138.41,reconstructed_gap
2026-10-05 10:39:16,43.973406,39.245083,137.77,reconstructed_gap
2026-10-05 10:39:17,43.973296,39.2452,137.13,reconstructed_gap
2026-10-05 10:39:18,43.973186,39.245318,136.48,reconstructed_gap
2026-10-05 10:39:19,43.973077,39.245435,135.83,reconstructed_gap
2026-10-05 10:39:20,43.972967,39.245552,135.18,reconstructed_gap
2026-10-05 10:39:21,43.972858,39.24567,134.53,reconstructed_gap
2026-10-05 10:39:22,43.972749,39.245787,133.87,reconstructed_gap
2026-10-05 10:39:23,43.97264,39.245905,133.21,reconstructed_gap
2026-10-05 10:39:24,43.97253,39.246023,132.55,reconstructed_gap
2026-10-05 10:39:25,43.972421,39.246141,131.89,reconstructed_gap
2026-10-05 10:39:26,43.972312,39.246258,131.23,reconstructed_gap
2026-10-05 10:39:27,43.972203,39.246376,130.56,reconstructed_gap
2026-10-05 10:39:28,43.972095,39.246495,129.9,reconstructed_gap
2026-10-05 10:39:29,43.971986,39.246613,129.23,reconstructed_gap
2026-10-05 10:39:30,43.971877,39.246731,128.56,reconstructed_gap
2026-10-05 10:39:31,43.971769,39.24685,127.89,reconstructed_gap
2026-10-05 10:39:32,43.97166,39.246968,127.23,reconstructed_gap
2026-10-05 10:39:33,43.971552,39.247087,126.56,reconstructed_gap
2026-10-05 10:39:34,43.971444,39.247206,125.89,reconstructed_gap
2026-10-05 10:39:35,43.971336,39.247325,125.22,reconstructed_gap
2026-10-05 10:39:36,43.971228,39.247444,124.55,reconstructed_gap
2026-10-05 10:39:37,43.97112,39.247563,123.88,reconstructed_gap
2026-10-05 10:39:38,43.971012,39.247683,123.21,reconstructed_gap
2026-10-05 10:39:39,43.970905,39.247803,122.54,reconstructed_gap
2026-10-05 10:39:40,43.970797,39.247923,121.87,reconstructed_gap
2026-10-05 10:39:41,43.97069,39.248043,121.2,reconstructed_gap
2026-10-05 10:39:42,43.970583,39.248163,120.54,reconstructed_gap
2026-10-05 10:39:43,43.970476,39.248284,119.87,reconstructed_gap
2026-10-05 10:39:44,43.970369,39.248404,119.21,reconstructed_gap
2026-10-05 10:39:45,43.970263,39.248525,118.54,reconstructed_gap
2026-10-05 10:39:46,43.970156,39.248647,117.88,reconstructed_gap
2026-10-05 10:39:47,43.97005,39.248768,117.22,reconstructed_gap
2026-10-05 10:39:48,43.969943,39.24889,116.57,reconstructed_gap
2026-10-05 10:39:49,43.969837,39.249012,115.91,reconstructed_gap
2026-10-05 10:39:50,43.969732,39.249134,115.26,reconstructed_gap
2026-10-05 10:39:51,43.969626,39.249256,114.61,reconstructed_gap
2026-10-05 10:39:52,43.969521,39.249379,113.96,reconstructed_gap
2026-10-05 10:39:53,43.969415,39.249502,113.32,reconstructed_gap
2026-10-05 10:39:54,43.96931,39.249625,112.68,reconstructed_gap
2026-10-05 10:39:55,43.969205,39.249749,112.04,reconstructed_gap
2026-10-05 10:39:56,43.969101,39.249873,111.41,reconstructed_gap
2026-10-05 10:39:57,43.968996,39.249997,110.78,reconstructed_gap
2026-10-05 10:39:58,43.968892,39.250122,110.15,reconstructed_gap
2026-10-05 10:39:59,43.968788,39.250247,109.53,reconstructed_gap
2026-10-05 10:40:00,43.968684,39.250372,108.91,reconstructed_gap
2026-10-05 10:40:01,43.96858,39.250497,108.3,reconstructed_gap
2026-10-05 10:40:02,43.968477,39.250623,107.69,reconstructed_gap
2026-10-05 10:40:03,43.968374,39.25075,107.09,reconstructed_gap
2026-10-05 10:40:04,43.968271,39.250876,106.49,reconstructed_gap
2026-10-05 10:40:05,43.968168,39.251004,105.9,reconstructed_gap
2026-10-05 10:40:06,43.968066,39.251131,105.31,reconstructed_gap
2026-10-05 10:40:07,43.967964,39.251259,104.73,reconstructed_gap
2026-10-05 10:40:08,43.967862,39.251387,104.15,reconstructed_gap
2026-10-05 10:40:09,43.96776,39.251516,103.58,reconstructed_gap
2026-10-05 10:40:10,43.967659,39.251645,103.02,reconstructed_gap
2026-10-05 10:40:11,43.967558,39.251775,102.46,reconstructed_gap
2026-10-05 10:40:12,43.967457,39.251905,101.91,reconstructed_gap
2026-10-05 10:40:13,43.967356,39.252036,101.37,reconstructed_gap
2026-10-05 10:40:14,43.967256,39.252167,100.84,reconstructed_gap
2026-10-05 10:40:15,43.967156,39.252298,100.31,reconstructed_gap
2026-10-05 10:40:16,43.967057,39.25243,99.79,reconstructed_gap
2026-10-05 10:40:17,43.966957,39.252563,99.28,reconstructed_gap
2026-10-05 10:40:18,43.966858,39.252696,98.77,reconstructed_gap
2026-10-05 10:40:19,43.96676,39.25283,98.28,reconstructed_gap
2026-10-05 10:40:20,43.966661,39.252964,97.79,reconstructed_gap
2026-10-05 10:40:21,43.966563,39.253099,97.31,reconstructed_gap
2026-10-05 10:40:22,43.966466,39.253234,96.85,reconstructed_gap
2026-10-05 10:40:23,43.966368,39.25337,96.39,reconstructed_gap
2026-10-05 10:40:24,43.966272,39.253507,95.94,reconstructed_gap
2026-10-05 10:40:25,43.966176,39.253639,95.5,observed
2026-10-05 10:40:26,43.966073,39.253794,95.07,observed
2026-10-05 10:40:27,43.965971,39.253949,94.65,observed
2026-10-05 10:40:28,43.965871,39.254106,94.22,observed
2026-10-05 10:40:29,43.965771,39.254265,93.8,observed
2026-10-05 10:40:30,43.965672,39.254424,93.38,observed
2026-10-05 10:40:31,43.965573,39.254586,92.97,observed
2026-10-05 10:40:32,43.965492,39.254706,92.64,interp_short
2026-10-05 10:40:33,43.965422,39.254823,92.37,interp_short
2026-10-05 10:40:34,43.965355,39.254945,92.11,interp_short
2026-10-05 10:40:35,43.965281,39.255079,91.82,observed
2026-10-05 10:40:36,43.965185,39.255246,91.47,observed
2026-10-05 10:40:37,43.965088,39.255415,91.13,observed
2026-10-05 10:40:38,43.964992,39.255586,90.81,observed
2026-10-05 10:40:39,43.964893,39.255754,90.51,interp_short
2026-10-05 10:40:40,43.964799,39.255932,90.25,observed
2026-10-05 10:40:41,43.964716,39.25608,90.02,interp_short
2026-10-05 10:40:42,43.964635,39.256227,89.83,interp_short
2026-10-05 10:40:43,43.964556,39.256374,89.67,interp_short
2026-10-05 10:40:44,43.964476,39.256522,89.53,interp_short
2026-10-05 10:40:45,43.964395,39.256673,89.41,interp_short
2026-10-05 10:40:46,43.964312,39.256827,89.31,observed
2026-10-05 10:40:47,43.964213,39.257011,89.22,observed
2026-10-05 10:40:48,43.964114,39.257196,89.15,observed
2026-10-05 10:40:49,43.964013,39.257383,89.12,observed
2026-10-05 10:40:50,43.963911,39.257572,89.12,observed
2026-10-05 10:40:51,43.96386,39.257667,89.13,interp_short
2026-10-05 10:40:52,43.963809,39.257762,89.16,observed
2026-10-05 10:40:53,43.963705,39.257954,89.22,observed
2026-10-05 10:40:54,43.9636,39.258147,89.33,observed
2026-10-05 10:40:55,43.963493,39.258342,89.46,observed
2026-10-05 10:40:56,43.963386,39.258538,89.62,observed
2026-10-05 10:40:57,43.963277,39.258736,89.82,observed
2026-10-05 10:40:58,43.963222,39.258837,89.93,interp_short
2026-10-05 10:40:59,43.963166,39.258935,90.05,observed
2026-10-05 10:41:00,43.963054,39.259136,90.3,observed
2026-10-05 10:41:01,43.96294,39.259338,90.58,observed
2026-10-05 10:41:02,43.962882,39.259441,90.72,interp_short
2026-10-05 10:41:03,43.962824,39.259541,90.89,observed
2026-10-05 10:41:04,43.962707,39.259746,91.22,observed
2026-10-05 10:41:05,43.962617,39.259904,91.52,interp_short
2026-10-05 10:41:06,43.962525,39.260062,91.77,interp_short
2026-10-05 10:41:07,43.962434,39.260217,92.02,interp_short
2026-10-05 10:41:08,43.962344,39.260367,92.34,observed
2026-10-05 10:41:09,43.962219,39.260576,92.75,observed
2026-10-05 10:41:10,43.962092,39.260787,93.16,observed
2026-10-05 10:41:11,43.962028,39.260895,93.43,interp_short
2026-10-05 10:41:12,43.961963,39.260998,93.59,observed
2026-10-05 10:41:13,43.961898,39.261107,93.74,interp_short
2026-10-05 10:41:14,43.961832,39.261211,94.03,observed
2026-10-05 10:41:15,43.9617,39.261424,94.47,observed
2026-10-05 10:41:16,43.961633,39.261533,94.69,interp_short
2026-10-05 10:41:17,43.961565,39.261638,94.91,observed
2026-10-05 10:41:18,43.961428,39.261853,95.35,observed
2026-10-05 10:41:19,43.961359,39.261963,95.58,interp_short
2026-10-05 10:41:20,43.961289,39.262069,95.79,observed
2026-10-05 10:41:21,43.961148,39.262285,96.22,observed
2026-10-05 10:41:22,43.961077,39.262395,96.5,interp_short
2026-10-05 10:41:23,43.961005,39.262502,96.64,observed
2026-10-05 10:41:24,43.960934,39.262611,96.79,interp_short
2026-10-05 10:41:25,43.96086,39.262719,97.05,observed
2026-10-05 10:41:26,43.960714,39.262937,97.44,interp_short
2026-10-05 10:41:27,43.960564,39.263156,97.81,observed
2026-10-05 10:41:28,43.96049,39.263265,98.03,interp_short
2026-10-05 10:41:29,43.960413,39.263375,98.17,observed
2026-10-05 10:41:30,43.960338,39.263484,98.33,interp_short
2026-10-05 10:41:31,43.96026,39.263594,98.5,observed
2026-10-05 10:41:32,43.960184,39.263703,98.66,interp_short
2026-10-05 10:41:33,43.960105,39.263813,98.8,observed
2026-10-05 10:41:34,43.960029,39.263922,98.91,interp_short
2026-10-05 10:41:35,43.959948,39.264033,99.08,observed
2026-10-05 10:41:36,43.95979,39.264252,99.32,observed
2026-10-05 10:41:37,43.959712,39.264361,99.44,interp_short
2026-10-05 10:41:38,43.95963,39.264472,99.53,observed
2026-10-05 10:41:39,43.959468,39.264692,99.71,observed
2026-10-05 10:41:40,43.959304,39.264912,99.85,observed
2026-10-05 10:41:41,43.959223,39.265022,99.91,interp_short
2026-10-05 10:41:42,43.959139,39.265131,99.95,observed
2026-10-05 10:41:43,43.958973,39.26535,100.02,observed
2026-10-05 10:41:44,43.95889,39.265461,100.05,interp_short
2026-10-05 10:41:45,43.958805,39.265569,100.04,observed
2026-10-05 10:41:46,43.95872,39.26568,100.03,interp_short
2026-10-05 10:41:47,43.958635,39.265788,100.02,observed
2026-10-05 10:41:48,43.95855,39.2659,100.0,interp_short
2026-10-05 10:41:49,43.958465,39.266007,99.96,observed
2026-10-05 10:41:50,43.958293,39.266225,99.86,observed
2026-10-05 10:41:51,43.95812,39.266442,99.71,observed
2026-10-05 10:41:52,43.958032,39.266553,99.59,interp_short
2026-10-05 10:41:53,43.957946,39.266659,99.52,observed
2026-10-05 10:41:54,43.957858,39.266769,99.45,interp_short
2026-10-05 10:41:55,43.957771,39.266875,99.29,observed
2026-10-05 10:41:56,43.957595,39.267091,99.01,observed
2026-10-05 10:41:57,43.957507,39.2672,98.83,interp_short
2026-10-05 10:41:58,43.957418,39.267306,98.7,observed
2026-10-05 10:41:59,43.95733,39.267414,98.53,interp_short
2026-10-05 10:42:00,43.95724,39.26752,98.34,observed
2026-10-05 10:42:01,43.957152,39.267627,98.15,interp_short
2026-10-05 10:42:02,43.957062,39.267733,97.94,observed
2026-10-05 10:42:03,43.956956,39.267861,97.7,interp_short
2026-10-05 10:42:04,43.956849,39.267988,97.42,interp_short
2026-10-05 10:42:05,43.956741,39.268115,97.13,interp_short
2026-10-05 10:42:06,43.956633,39.268241,96.82,interp_short
2026-10-05 10:42:07,43.956524,39.268367,96.51,observed
2026-10-05 10:42:08,43.956435,39.268472,96.21,interp_short
2026-10-05 10:42:09,43.956344,39.268576,95.96,observed
2026-10-05 10:42:10,43.956255,39.268681,95.74,interp_short
2026-10-05 10:42:11,43.956164,39.268785,95.38,observed
2026-10-05 10:42:12,43.955984,39.268992,94.76,observed
2026-10-05 10:42:13,43.955804,39.269198,94.12,observed
2026-10-05 10:42:14,43.955715,39.269301,93.75,interp_short
2026-10-05 10:42:15,43.955624,39.269403,93.46,observed
2026-10-05 10:42:16,43.955507,39.269537,93.02,interp_short
2026-10-05 10:42:17,43.955384,39.269675,92.5,interp_short
2026-10-05 10:42:18,43.955264,39.269809,92.06,observed
2026-10-05 10:42:19,43.955175,39.269909,91.76,interp_short
2026-10-05 10:42:20,43.955085,39.27001,91.33,observed
2026-10-05 10:42:21,43.954905,39.270209,90.58,observed
2026-10-05 10:42:22,43.954812,39.270313,89.97,interp_short
2026-10-05 10:42:23,43.954728,39.270407,89.56,interp_short
2026-10-05 10:42:24,43.954643,39.270501,89.28,interp_short
2026-10-05 10:42:25,43.954549,39.270604,89.06,observed
2026-10-05 10:42:26,43.954461,39.270703,88.8,interp_short
2026-10-05 10:42:27,43.954372,39.2708,88.28,observed
2026-10-05 10:42:28,43.954195,39.270994,87.51,observed
2026-10-05 10:42:29,43.954107,39.271091,87.11,interp_short
2026-10-05 10:42:30,43.954019,39.271186,86.73,observed
2026-10-05 10:42:31,43.953844,39.271377,85.95,observed
2026-10-05 10:42:32,43.953728,39.271504,85.26,interp_short
2026-10-05 10:42:33,43.953611,39.271632,84.76,interp_short
2026-10-05 10:42:34,43.953497,39.271755,84.41,observed
2026-10-05 10:42:35,43.95341,39.271849,84.11,interp_short
2026-10-05 10:42:36,43.953325,39.271941,83.65,observed
2026-10-05 10:42:37,43.953154,39.272126,82.9,observed
2026-10-05 10:42:38,43.952984,39.27231,82.17,observed
2026-10-05 10:42:39,43.952899,39.272403,81.75,interp_short
2026-10-05 10:42:40,43.952816,39.272492,81.46,observed
2026-10-05 10:42:41,43.95273,39.272584,81.1,interp_short
2026-10-05 10:42:42,43.952648,39.272672,80.76,observed
2026-10-05 10:42:43,43.952564,39.272763,80.5,interp_short
2026-10-05 10:42:44,43.952483,39.272851,80.09,observed
2026-10-05 10:42:45,43.952318,39.273028,79.44,observed
2026-10-05 10:42:46,43.952235,39.273118,79.12,interp_short
2026-10-05 10:42:47,43.952155,39.273204,78.82,observed
2026-10-05 10:42:48,43.951993,39.273378,78.22,observed
2026-10-05 10:42:49,43.951912,39.273465,77.92,interp_short
2026-10-05 10:42:50,43.951833,39.27355,77.65,observed
2026-10-05 10:42:51,43.951674,39.273721,77.11,observed
2026-10-05 10:42:52,43.951595,39.273806,76.77,interp_short
2026-10-05 10:42:53,43.951516,39.273891,76.6,observed
2026-10-05 10:42:54,43.951439,39.273975,76.42,interp_short
2026-10-05 10:42:55,43.951361,39.274059,76.11,observed
2026-10-05 10:42:56,43.951206,39.274226,75.67,observed
2026-10-05 10:42:57,43.951131,39.274307,75.45,interp_short
2026-10-05 10:42:58,43.951054,39.274391,75.25,observed
2026-10-05 10:42:59,43.950903,39.274554,74.86,observed
2026-10-05 10:43:00,43.950804,39.274661,74.54,interp_short
2026-10-05 10:43:01,43.950706,39.274767,74.33,interp_short
2026-10-05 10:43:02,43.950605,39.274878,74.19,observed
2026-10-05 10:43:03,43.950533,39.274956,74.07,interp_short
2026-10-05 10:43:04,43.950459,39.275037,73.9,observed
2026-10-05 10:43:05,43.950314,39.275195,73.65,observed
2026-10-05 10:43:06,43.950171,39.275352,73.42,observed
2026-10-05 10:43:07,43.950101,39.275429,73.31,interp_short
2026-10-05 10:43:08,43.950029,39.275508,73.22,observed
2026-10-05 10:43:09,43.949889,39.275662,73.05,observed
2026-10-05 10:43:10,43.94975,39.275815,72.91,observed
2026-10-05 10:43:11,43.949613,39.275967,72.79,observed
2026-10-05 10:43:12,43.949545,39.276042,72.74,interp_short
2026-10-05 10:43:13,43.949478,39.276118,72.7,observed
2026-10-05 10:43:14,43.949343,39.276268,72.63,observed
2026-10-05 10:43:15,43.949211,39.276417,72.58,observed
2026-10-05 10:43:16,43.949079,39.276565,72.55,observed
2026-10-05 10:43:17,43.949014,39.276638,72.54,interp_short
2026-10-05 10:43:18,43.948949,39.276712,72.53,observed
2026-10-05 10:43:19,43.948821,39.276857,72.53,observed
2026-10-05 10:43:20,43.948694,39.277003,72.55,observed
2026-10-05 10:43:21,43.948631,39.277074,72.56,interp_short
2026-10-05 10:43:22,43.948567,39.277147,72.57,observed
2026-10-05 10:43:23,43.948443,39.27729,72.6,observed
2026-10-05 10:43:24,43.948319,39.277433,72.64,observed
2026-10-05 10:43:25,43.948196,39.277575,72.68,observed
2026-10-05 10:43:26,43.948075,39.277716,72.73,observed
2026-10-05 10:43:27,43.947954,39.277857,72.77,observed
2026-10-05 10:43:28,43.947835,39.277998,72.82,observed
2026-10-05 10:43:29,43.947716,39.278137,72.86,observed
2026-10-05 10:43:30,43.947656,39.278207,72.88,interp_short
2026-10-05 10:43:31,43.947598,39.278277,72.89,observed
2026-10-05 10:43:32,43.947482,39.278416,72.92,observed
2026-10-05 10:43:33,43.947365,39.278555,72.93,observed
2026-10-05 10:43:34,43.94725,39.278693,72.94,observed
2026-10-05 10:43:35,43.94717,39.278788,72.94,interp_short
2026-10-05 10:43:36,43.9471,39.278872,72.93,interp_short
2026-10-05 10:43:37,43.947021,39.278969,72.91,observed
2026-10-05 10:43:38,43.946907,39.279107,72.88,observed
2026-10-05 10:43:39,43.946794,39.279245,72.83,observed
2026-10-05 10:43:40,43.946682,39.279383,72.76,observed
2026-10-05 10:43:41,43.946569,39.279521,72.68,observed
2026-10-05 10:43:42,43.946457,39.279659,72.58,observed
2026-10-05 10:43:43,43.946364,39.279774,72.51,interp_short
2026-10-05 10:43:44,43.946272,39.279887,72.42,interp_short
2026-10-05 10:43:45,43.946178,39.280004,72.26,observed
2026-10-05 10:43:46,43.946012,39.280212,72.01,observed
2026-10-05 10:43:47,43.9459,39.280351,71.83,observed
2026-10-05 10:43:48,43.945789,39.280491,71.63,observed
2026-10-05 10:43:49,43.945733,39.28056,71.52,interp_short
2026-10-05 10:43:50,43.945678,39.28063,71.41,observed
2026-10-05 10:43:51,43.945567,39.28077,71.18,observed
2026-10-05 10:43:52,43.945455,39.280911,70.94,observed
2026-10-05 10:43:53,43.945343,39.281053,70.69,interp_short
2026-10-05 10:43:54,43.945232,39.281194,70.43,observed
2026-10-05 10:43:55,43.94512,39.281336,70.16,observed
2026-10-05 10:43:56,43.945007,39.281479,69.88,observed
2026-10-05 10:43:57,43.944951,39.281551,69.75,interp_short
2026-10-05 10:43:58,43.944895,39.281623,69.61,observed
2026-10-05 10:43:59,43.944782,39.281767,69.32,observed
2026-10-05 10:44:00,43.944668,39.281912,69.04,observed
2026-10-05 10:44:01,43.944554,39.282058,68.76,interp_short
2026-10-05 10:44:02,43.944439,39.282205,68.49,observed
2026-10-05 10:44:03,43.944324,39.282352,68.23,observed
2026-10-05 10:44:04,43.944209,39.2825,67.97,observed
2026-10-05 10:44:05,43.944092,39.282649,67.72,observed
2026-10-05 10:44:06,43.944034,39.282724,67.6,interp_short
2026-10-05 10:44:07,43.943976,39.282799,67.49,observed
2026-10-05 10:44:08,43.943858,39.28295,67.28,observed
2026-10-05 10:44:09,43.94374,39.283102,67.08,observed
2026-10-05 10:44:10,43.943621,39.283254,66.91,observed
2026-10-05 10:44:11,43.943561,39.283331,66.82,interp_short
2026-10-05 10:44:12,43.943502,39.283408,66.75,observed
2026-10-05 10:44:13,43.943381,39.283562,66.63,observed
2026-10-05 10:44:14,43.943261,39.283718,66.53,observed
2026-10-05 10:44:15,43.943139,39.283874,66.46,observed
2026-10-05 10:44:16,43.943016,39.284032,66.42,observed
2026-10-05 10:44:17,43.942893,39.28419,66.42,observed
2026-10-05 10:44:18,43.942769,39.284349,66.44,observed
2026-10-05 10:44:19,43.942707,39.284429,66.47,interp_short
2026-10-05 10:44:20,43.942645,39.28451,66.51,observed
2026-10-05 10:44:21,43.942582,39.28459,66.54,interp_short
2026-10-05 10:44:22,43.942519,39.284671,66.61,observed
2026-10-05 10:44:23,43.942393,39.284833,66.75,observed
2026-10-05 10:44:24,43.942266,39.284997,66.93,observed
2026-10-05 10:44:25,43.942138,39.285161,67.15,observed
2026-10-05 10:44:26,43.942009,39.285326,67.4,observed
2026-10-05 10:44:27,43.94188,39.285492,67.7,observed
2026-10-05 10:44:28,43.941815,39.285575,67.86,interp_short
2026-10-05 10:44:29,43.94175,39.285659,68.04,observed
2026-10-05 10:44:30,43.941619,39.285827,68.42,observed
2026-10-05 10:44:31,43.941487,39.285996,68.84,observed
2026-10-05 10:44:32,43.941421,39.286081,69.05,interp_short
2026-10-05 10:44:33,43.941355,39.286166,69.29,observed
2026-10-05 10:44:34,43.941222,39.286337,69.79,observed
2026-10-05 10:44:35,43.941088,39.286508,70.32,observed
2026-10-05 10:44:36,43.940953,39.286681,70.94,interp_short
2026-10-05 10:44:37,43.940818,39.286854,71.48,observed
2026-10-05 10:44:38,43.94075,39.286941,71.77,interp_short
2026-10-05 10:44:39,43.940683,39.287028,72.12,observed
2026-10-05 10:44:40,43.940546,39.287203,72.78,observed
2026-10-05 10:44:41,43.940454,39.287321,73.39,interp_short
2026-10-05 10:44:42,43.940366,39.287433,73.85,interp_short
2026-10-05 10:44:43,43.940271,39.287555,74.19,observed
2026-10-05 10:44:44,43.940203,39.287642,74.48,interp_short
2026-10-05 10:44:45,43.940133,39.287732,74.94,observed
2026-10-05 10:44:46,43.939994,39.28791,75.7,observed
2026-10-05 10:44:47,43.939855,39.288088,76.49,observed
2026-10-05 10:44:48,43.939715,39.288268,77.29,observed
2026-10-05 10:44:49,43.939644,39.288358,77.69,interp_short
2026-10-05 10:44:50,43.939574,39.288447,78.1,observed
2026-10-05 10:44:51,43.939433,39.288628,78.93,observed
2026-10-05 10:44:52,43.939292,39.288808,79.76,observed
2026-10-05 10:44:53,43.93915,39.28899,80.59,observed
2026-10-05 10:44:54,43.939078,39.289082,81.04,interp_short
2026-10-05 10:44:55,43.939007,39.289172,81.43,observed
2026-10-05 10:44:56,43.938864,39.289356,82.16,interp_short
2026-10-05 10:44:57,43.938722,39.289537,83.1,observed
2026-10-05 10:44:58,43.938578,39.28972,83.92,observed
2026-10-05 10:44:59,43.938504,39.289814,84.31,interp_short
2026-10-05 10:45:00,43.938434,39.289903,84.74,observed
2026-10-05 10:45:01,43.93829,39.290087,85.54,observed
2026-10-05 10:45:02,43.938217,39.290182,85.96,interp_short
2026-10-05 10:45:03,43.938146,39.290272,86.32,observed
2026-10-05 10:45:04,43.938001,39.290456,87.08,observed
2026-10-05 10:45:05,43.93789,39.290598,87.61,reconstructed_gap
2026-10-05 10:45:06,43.937785,39.29073,88.06,reconstructed_gap
2026-10-05 10:45:07,43.93768,39.290863,88.5,reconstructed_gap
2026-10-05 10:45:08,43.937575,39.290995,88.91,reconstructed_gap
2026-10-05 10:45:09,43.93747,39.291127,89.31,reconstructed_gap
2026-10-05 10:45:10,43.937365,39.291259,89.68,reconstructed_gap
2026-10-05 10:45:11,43.937261,39.291391,90.04,reconstructed_gap
2026-10-05 10:45:12,43.937157,39.291523,90.38,reconstructed_gap
2026-10-05 10:45:13,43.937052,39.291655,90.71,reconstructed_gap
2026-10-05 10:45:14,43.936948,39.291786,91.02,reconstructed_gap
2026-10-05 10:45:15,43.936844,39.291917,91.31,reconstructed_gap
2026-10-05 10:45:16,43.93674,39.292048,91.58,reconstructed_gap
2026-10-05 10:45:17,43.936636,39.292179,91.84,reconstructed_gap
2026-10-05 10:45:18,43.936533,39.29231,92.09,reconstructed_gap
2026-10-05 10:45:19,43.936429,39.292441,92.32,reconstructed_gap
2026-10-05 10:45:20,43.936326,39.292571,92.53,reconstructed_gap
2026-10-05 10:45:21,43.936222,39.292702,92.73,reconstructed_gap
2026-10-05 10:45:22,43.936119,39.292832,92.92,reconstructed_gap
2026-10-05 10:45:23,43.936016,39.292962,93.09,reconstructed_gap
2026-10-05 10:45:24,43.935913,39.293092,93.25,reconstructed_gap
2026-10-05 10:45:25,43.93581,39.293222,93.4,reconstructed_gap
2026-10-05 10:45:26,43.935707,39.293352,93.53,reconstructed_gap
2026-10-05 10:45:27,43.935604,39.293481,93.65,reconstructed_gap
2026-10-05 10:45:28,43.935502,39.293611,93.76,reconstructed_gap
2026-10-05 10:45:29,43.935399,39.29374,93.86,reconstructed_gap
2026-10-05 10:45:30,43.935296,39.293869,93.95,reconstructed_gap
2026-10-05 10:45:31,43.935194,39.293998,94.02,reconstructed_gap
2026-10-05 10:45:32,43.935092,39.294127,94.08,reconstructed_gap
2026-10-05 10:45:33,43.934989,39.294256,94.13,reconstructed_gap
2026-10-05 10:45:34,43.934887,39.294385,94.17,reconstructed_gap
2026-10-05 10:45:35,43.934785,39.294514,94.2,reconstructed_gap
2026-10-05 10:45:36,43.934683,39.294642,94.22,reconstructed_gap
2026-10-05 10:45:37,43.934581,39.29477,94.23,reconstructed_gap
2026-10-05 10:45:38,43.934479,39.294899,94.23,reconstructed_gap
2026-10-05 10:45:39,43.934377,39.295027,94.22,reconstructed_gap
2026-10-05 10:45:40,43.934276,39.295155,94.2,reconstructed_gap
2026-10-05 10:45:41,43.934174,39.295283,94.17,reconstructed_gap
2026-10-05 10:45:42,43.934072,39.295411,94.13,reconstructed_gap
2026-10-05 10:45:43,43.933971,39.295538,94.08,reconstructed_gap
2026-10-05 10:45:44,43.933869,39.295666,94.02,reconstructed_gap
2026-10-05 10:45:45,43.933768,39.295793,93.96,reconstructed_gap
2026-10-05 10:45:46,43.933667,39.295921,93.88,reconstructed_gap
2026-10-05 10:45:47,43.933565,39.296048,93.8,reconstructed_gap
2026-10-05 10:45:48,43.933464,39.296175,93.7,reconstructed_gap
2026-10-05 10:45:49,43.933363,39.296302,93.6,reconstructed_gap
2026-10-05 10:45:50,43.933262,39.296429,93.5,reconstructed_gap
2026-10-05 10:45:51,43.933161,39.296556,93.38,reconstructed_gap
2026-10-05 10:45:52,43.93306,39.296683,93.25,reconstructed_gap
2026-10-05 10:45:53,43.932959,39.296809,93.12,reconstructed_gap
2026-10-05 10:45:54,43.932858,39.296936,92.98,reconstructed_gap
2026-10-05 10:45:55,43.932757,39.297063,92.83,reconstructed_gap
2026-10-05 10:45:56,43.932656,39.297189,92.68,reconstructed_gap
2026-10-05 10:45:57,43.932556,39.297315,92.51,reconstructed_gap
2026-10-05 10:45:58,43.932455,39.297441,92.34,reconstructed_gap
2026-10-05 10:45:59,43.932354,39.297568,92.16,reconstructed_gap
2026-10-05 10:46:00,43.932254,39.297694,91.98,reconstructed_gap
2026-10-05 10:46:01,43.932153,39.29782,91.79,reconstructed_gap
2026-10-05 10:46:02,43.932052,39.297945,91.59,reconstructed_gap
2026-10-05 10:46:03,43.931952,39.298071,91.38,reconstructed_gap
2026-10-05 10:46:04,43.931851,39.298197,91.17,reconstructed_gap
2026-10-05 10:46:05,43.931751,39.298322,90.95,reconstructed_gap
2026-10-05 10:46:06,43.931651,39.298448,90.73,reconstructed_gap
2026-10-05 10:46:07,43.93155,39.298573,90.5,reconstructed_gap
2026-10-05 10:46:08,43.93145,39.298699,90.26,reconstructed_gap
2026-10-05 10:46:09,43.93135,39.298824,90.01,reconstructed_gap
2026-10-05 10:46:10,43.931249,39.298949,89.76,reconstructed_gap
2026-10-05 10:46:11,43.931149,39.299074,89.51,reconstructed_gap
2026-10-05 10:46:12,43.931049,39.299199,89.24,reconstructed_gap
2026-10-05 10:46:13,43.930949,39.299324,88.97,reconstructed_gap
2026-10-05 10:46:14,43.930849,39.299449,88.7,reconstructed_gap
2026-10-05 10:46:15,43.930748,39.299574,88.42,reconstructed_gap
2026-10-05 10:46:16,43.930648,39.299699,88.13,reconstructed_gap
2026-10-05 10:46:17,43.930548,39.299824,87.84,reconstructed_gap
2026-10-05 10:46:18,43.930448,39.299948,87.54,reconstructed_gap
2026-10-05 10:46:19,43.930348,39.300073,87.23,reconstructed_gap
2026-10-05 10:46:20,43.930248,39.300197,86.92,reconstructed_gap
2026-10-05 10:46:21,43.930148,39.300322,86.61,reconstructed_gap
2026-10-05 10:46:22,43.930048,39.300446,86.28,reconstructed_gap
2026-10-05 10:46:23,43.929948,39.30057,85.96,reconstructed_gap
2026-10-05 10:46:24,43.929848,39.300694,85.63,reconstructed_gap
2026-10-05 10:46:25,43.929748,39.300819,85.29,reconstructed_gap
2026-10-05 10:46:26,43.929648,39.300943,84.94,reconstructed_gap
2026-10-05 10:46:27,43.929548,39.301067,84.6,reconstructed_gap
2026-10-05 10:46:28,43.929449,39.301191,84.24,reconstructed_gap
2026-10-05 10:46:29,43.929349,39.301315,83.88,reconstructed_gap
2026-10-05 10:46:30,43.929249,39.301439,83.52,reconstructed_gap
2026-10-05 10:46:31,43.929149,39.301562,83.15,reconstructed_gap
2026-10-05 10:46:32,43.929049,39.301686,82.78,reconstructed_gap
2026-10-05 10:46:33,43.928949,39.30181,82.4,reconstructed_gap
2026-10-05 10:46:34,43.928849,39.301933,82.02,reconstructed_gap
2026-10-05 10:46:35,43.928749,39.302057,81.63,reconstructed_gap
2026-10-05 10:46:36,43.92865,39.302181,81.23,reconstructed_gap
2026-10-05 10:46:37,43.92855,39.302304,80.84,reconstructed_gap
2026-10-05 10:46:38,43.92845,39.302428,80.43,reconstructed_gap
2026-10-05 10:46:39,43.92835,39.302551,80.03,reconstructed_gap
2026-10-05 10:46:40,43.92825,39.302674,79.62,reconstructed_gap
2026-10-05 10:46:41,43.92815,39.302798,79.2,reconstructed_gap
2026-10-05 10:46:42,43.928051,39.302921,78.78,reconstructed_gap
2026-10-05 10:46:43,43.927951,39.303044,78.35,reconstructed_gap
2026-10-05 10:46:44,43.927851,39.303167,77.93,reconstructed_gap
2026-10-05 10:46:45,43.927751,39.30329,77.49,reconstructed_gap
2026-10-05 10:46:46,43.927651,39.303414,77.05,reconstructed_gap
2026-10-05 10:46:47,43.927551,39.303537,76.61,reconstructed_gap
2026-10-05 10:46:48,43.927451,39.30366,76.17,reconstructed_gap
2026-10-05 10:46:49,43.927351,39.303783,75.72,reconstructed_gap
2026-10-05 10:46:50,43.927252,39.303905,75.26,reconstructed_gap
2026-10-05 10:46:51,43.927152,39.304028,74.81,reconstructed_gap
2026-10-05 10:46:52,43.927052,39.304151,74.35,reconstructed_gap
2026-10-05 10:46:53,43.926952,39.304274,73.88,reconstructed_gap
2026-10-05 10:46:54,43.926852,39.304397,73.41,reconstructed_gap
2026-10-05 10:46:55,43.926752,39.30452,72.94,reconstructed_gap
2026-10-05 10:46:56,43.926652,39.304642,72.47,reconstructed_gap
2026-10-05 10:46:57,43.926552,39.304765,71.99,reconstructed_gap
2026-10-05 10:46:58,43.926452,39.304888,71.51,reconstructed_gap
2026-10-05 10:46:59,43.926352,39.30501,71.02,reconstructed_gap
2026-10-05 10:47:00,43.926252,39.305133,70.53,reconstructed_gap
2026-10-05 10:47:01,43.926152,39.305256,70.04,reconstructed_gap
2026-10-05 10:47:02,43.926052,39.305378,69.55,reconstructed_gap
2026-10-05 10:47:03,43.925952,39.305501,69.05,reconstructed_gap
2026-10-05 10:47:04,43.925852,39.305623,68.56,reconstructed_gap
2026-10-05 10:47:05,43.925752,39.305746,68.05,reconstructed_gap
2026-10-05 10:47:06,43.925651,39.305868,67.55,reconstructed_gap
2026-10-05 10:47:07,43.925551,39.305991,67.04,reconstructed_gap
2026-10-05 10:47:08,43.925451,39.306113,66.54,reconstructed_gap
2026-10-05 10:47:09,43.925351,39.306236,66.03,reconstructed_gap
2026-10-05 10:47:10,43.925251,39.306358,65.51,reconstructed_gap
2026-10-05 10:47:11,43.92515,39.306481,65.0,reconstructed_gap
2026-10-05 10:47:12,43.92505,39.306603,64.49,reconstructed_gap
2026-10-05 10:47:13,43.92495,39.306726,63.97,reconstructed_gap
2026-10-05 10:47:14,43.92485,39.306848,63.45,reconstructed_gap
2026-10-05 10:47:15,43.924749,39.30697,62.93,reconstructed_gap
2026-10-05 10:47:16,43.924649,39.307093,62.41,reconstructed_gap
2026-10-05 10:47:17,43.924548,39.307215,61.89,reconstructed_gap
2026-10-05 10:47:18,43.924448,39.307337,61.37,reconstructed_gap
2026-10-05 10:47:19,43.924347,39.30746,60.85,reconstructed_gap
2026-10-05 10:47:20,43.924247,39.307582,60.33,reconstructed_gap
2026-10-05 10:47:21,43.924146,39.307705,59.8,reconstructed_gap
2026-10-05 10:47:22,43.924046,39.307827,59.28,reconstructed_gap
2026-10-05 10:47:23,43.923945,39.307949,58.76,reconstructed_gap
2026-10-05 10:47:24,43.923845,39.308072,58.24,reconstructed_gap
2026-10-05 10:47:25,43.923744,39.308194,57.72,reconstructed_gap
2026-10-05 10:47:26,43.923643,39.308316,57.2,reconstructed_gap
2026-10-05 10:47:27,43.923542,39.308439,56.68,reconstructed_gap
2026-10-05 10:47:28,43.923442,39.308561,56.16,reconstructed_gap
2026-10-05 10:47:29,43.923341,39.308684,55.65,reconstructed_gap
2026-10-05 10:47:30,43.92324,39.308806,55.13,reconstructed_gap
2026-10-05 10:47:31,43.923139,39.308929,54.62,reconstructed_gap
2026-10-05 10:47:32,43.923038,39.309051,54.11,reconstructed_gap
2026-10-05 10:47:33,43.922937,39.309173,53.61,reconstructed_gap
2026-10-05 10:47:34,43.922836,39.309296,53.1,reconstructed_gap
2026-10-05 10:47:35,43.922735,39.309419,52.6,reconstructed_gap
2026-10-05 10:47:36,43.922634,39.309541,52.11,reconstructed_gap
2026-10-05 10:47:37,43.922533,39.309664,51.61,reconstructed_gap
2026-10-05 10:47:38,43.922432,39.309786,51.12,reconstructed_gap
2026-10-05 10:47:39,43.922331,39.309909,50.64,reconstructed_gap
2026-10-05 10:47:40,43.922229,39.310031,50.16,reconstructed_gap
2026-10-05 10:47:41,43.922128,39.310154,49.69,reconstructed_gap
2026-10-05 10:47:42,43.922027,39.310277,49.22,reconstructed_gap
2026-10-05 10:47:43,43.921925,39.3104,48.76,reconstructed_gap
2026-10-05 10:47:44,43.921824,39.310522,48.3,reconstructed_gap
2026-10-05 10:47:45,43.921722,39.310645,47.85,reconstructed_gap
2026-10-05 10:47:46,43.921621,39.310768,47.41,reconstructed_gap
2026-10-05 10:47:47,43.921519,39.310891,46.97,reconstructed_gap
2026-10-05 10:47:48,43.921418,39.311014,46.55,reconstructed_gap
2026-10-05 10:47:49,43.921316,39.311137,46.13,reconstructed_gap
2026-10-05 10:47:50,43.921214,39.31126,45.72,reconstructed_gap
2026-10-05 10:47:51,43.921113,39.311383,45.32,reconstructed_gap
2026-10-05 10:47:52,43.921011,39.311506,44.93,reconstructed_gap
2026-10-05 10:47:53,43.920909,39.311629,44.55,reconstructed_gap
2026-10-05 10:47:54,43.920807,39.311753,44.17,reconstructed_gap
2026-10-05 10:47:55,43.920705,39.311876,43.82,reconstructed_gap
2026-10-05 10:47:56,43.920603,39.311999,43.47,reconstructed_gap
2026-10-05 10:47:57,43.920501,39.312123,43.13,reconstructed_gap
2026-10-05 10:47:58,43.920399,39.312246,42.81,reconstructed_gap
2026-10-05 10:47:59,43.920297,39.31237,42.5,reconstructed_gap
2026-10-05 10:48:00,43.920195,39.312494,42.2,reconstructed_gap
2026-10-05 10:48:01,43.920093,39.312617,41.92,reconstructed_gap
2026-10-05 10:48:02,43.91999,39.312741,41.66,reconstructed_gap
2026-10-05 10:48:03,43.919888,39.312865,41.41,reconstructed_gap
2026-10-05 10:48:04,43.919786,39.312989,41.17,reconstructed_gap
2026-10-05 10:48:05,43.919707,39.313087,41.27,observed
2026-10-05 10:48:06,43.919577,39.313241,40.95,observed
2026-10-05 10:48:07,43.919447,39.313395,40.67,observed
2026-10-05 10:48:08,43.919318,39.313549,40.43,observed
2026-10-05 10:48:09,43.919254,39.313625,40.32,interp_short
2026-10-05 10:48:10,43.919189,39.313703,40.23,observed
2026-10-05 10:48:11,43.91906,39.313858,40.07,observed
2026-10-05 10:48:12,43.918932,39.314012,39.96,observed
2026-10-05 10:48:13,43.918804,39.314166,39.89,observed
2026-10-05 10:48:14,43.918741,39.314242,39.86,interp_short
2026-10-05 10:48:15,43.918677,39.31432,39.85,observed
2026-10-05 10:48:16,43.918549,39.314475,39.85,observed
2026-10-05 10:48:17,43.918423,39.31463,39.89,observed
2026-10-05 10:48:18,43.918296,39.314785,39.96,observed
2026-10-05 10:48:19,43.91817,39.314941,40.08,interp_short
2026-10-05 10:48:20,43.918045,39.315097,40.19,observed
2026-10-05 10:48:21,43.917982,39.315174,40.26,interp_short
2026-10-05 10:48:22,43.91792,39.315253,40.35,observed
2026-10-05 10:48:23,43.917795,39.31541,40.53,observed
2026-10-05 10:48:24,43.91767,39.315568,40.73,observed
2026-10-05 10:48:25,43.917546,39.315727,40.96,observed
2026-10-05 10:48:26,43.917422,39.315886,41.2,observed
2026-10-05 10:48:27,43.917298,39.316046,41.45,observed
2026-10-05 10:48:28,43.917235,39.316127,41.57,interp_short
2026-10-05 10:48:29,43.917175,39.316207,41.71,observed
2026-10-05 10:48:30,43.917052,39.316369,41.98,observed
2026-10-05 10:48:31,43.916989,39.31645,42.12,interp_short
2026-10-05 10:48:32,43.916929,39.316532,42.26,observed
2026-10-05 10:48:33,43.916806,39.316696,42.54,observed
2026-10-05 10:48:34,43.916684,39.316861,42.82,observed
2026-10-05 10:48:35,43.916564,39.317023,43.09,interp_short
2026-10-05 10:48:36,43.916435,39.317198,43.35,interp_short
2026-10-05 10:48:37,43.916317,39.317363,43.62,observed
2026-10-05 10:48:38,43.916195,39.317533,43.86,observed
2026-10-05 10:48:39,43.916133,39.317618,43.97,interp_short
2026-10-05 10:48:40,43.916074,39.317704,44.09,observed
2026-10-05 10:48:41,43.915952,39.317877,44.31,observed
2026-10-05 10:48:42,43.91589,39.317963,44.41,interp_short
2026-10-05 10:48:43,43.91583,39.318051,44.5,observed
2026-10-05 10:48:44,43.915708,39.318227,44.68,observed
2026-10-05 10:48:45,43.915646,39.318315,44.78,interp_short
2026-10-05 10:48:46,43.915586,39.318404,44.83,observed
2026-10-05 10:48:47,43.915463,39.318583,44.93,interp_short
2026-10-05 10:48:48,43.915343,39.318762,45.04,observed
2026-10-05 10:48:49,43.91522,39.318945,45.11,interp_short
2026-10-05 10:48:50,43.915099,39.319128,45.15,observed
2026-10-05 10:48:51,43.915037,39.319219,45.16,interp_short
2026-10-05 10:48:52,43.914976,39.319312,45.15,observed
2026-10-05 10:48:53,43.914854,39.319499,45.12,observed
2026-10-05 10:48:54,43.914731,39.319687,45.06,observed
2026-10-05 10:48:55,43.91467,39.31978,45.01,interp_short
2026-10-05 10:48:56,43.914608,39.319877,44.97,observed
2026-10-05 10:48:57,43.914547,39.31997,44.93,interp_short
2026-10-05 10:48:58,43.914485,39.320068,44.84,observed
2026-10-05 10:48:59,43.914362,39.320261,44.67,observed
2026-10-05 10:49:00,43.914238,39.320455,44.44,interp_short
2026-10-05 10:49:01,43.914113,39.320652,44.24,observed
2026-10-05 10:49:02,43.914051,39.32075,44.13,interp_short
2026-10-05 10:49:03,43.913989,39.32085,43.97,observed
2026-10-05 10:49:04,43.913864,39.321049,43.67,observed
2026-10-05 10:49:05,43.913801,39.321148,43.5,interp_short
2026-10-05 10:49:06,43.913738,39.32125,43.33,observed
2026-10-05 10:49:07,43.913612,39.321452,42.97,observed
2026-10-05 10:49:08,43.913485,39.321656,42.57,observed
2026-10-05 10:49:09,43.913358,39.321861,42.15,observed
2026-10-05 10:49:10,43.913294,39.321963,41.92,interp_short
2026-10-05 10:49:11,43.91323,39.322067,41.69,observed
2026-10-05 10:49:12,43.913102,39.322274,41.22,observed
2026-10-05 10:49:13,43.912973,39.322483,40.71,observed
2026-10-05 10:49:14,43.91289,39.322616,40.34,interp_short
2026-10-05 10:49:15,43.912815,39.322739,40.09,interp_short
2026-10-05 10:49:16,43.912741,39.322859,39.85,interp_short
2026-10-05 10:49:17,43.912665,39.322982,39.54,interp_short
2026-10-05 10:49:18,43.912582,39.323115,39.07,observed
2026-10-05 10:49:19,43.91245,39.323328,38.49,observed
2026-10-05 10:49:20,43.912384,39.323435,38.19,interp_short
2026-10-05 10:49:21,43.912317,39.323541,37.9,observed
2026-10-05 10:49:22,43.912184,39.323755,37.29,observed
2026-10-05 10:49:23,43.912048,39.323972,36.61,interp_short
2026-10-05 10:49:24,43.911914,39.324185,36.04,observed
2026-10-05 10:49:25,43.911845,39.324295,35.66,interp_short
2026-10-05 10:49:26,43.911778,39.3244,35.41,observed
2026-10-05 10:49:27,43.911709,39.32451,35.17,interp_short
2026-10-05 10:49:28,43.911641,39.324616,34.77,observed
2026-10-05 10:49:29,43.911504,39.324832,34.14,observed
2026-10-05 10:49:30,43.911365,39.325048,33.5,observed
2026-10-05 10:49:31,43.911225,39.325264,32.87,observed
2026-10-05 10:49:32,43.911155,39.325375,32.49,interp_short
2026-10-05 10:49:33,43.911085,39.32548,32.24,observed
2026-10-05 10:49:34,43.911014,39.32559,31.93,interp_short
2026-10-05 10:49:35,43.910943,39.325696,31.62,observed
2026-10-05 10:49:36,43.910872,39.325805,31.38,interp_short
2026-10-05 10:49:37,43.9108,39.325911,31.0,observed
2026-10-05 10:49:38,43.910657,39.326126,30.4,observed
2026-10-05 10:49:39,43.910585,39.326234,30.01,interp_short
2026-10-05 10:49:40,43.910512,39.32634,29.81,observed
2026-10-05 10:49:41,43.910441,39.326447,29.61,interp_short
2026-10-05 10:49:42,43.910367,39.326553,29.23,observed
2026-10-05 10:49:43,43.91022,39.326766,28.66,observed
2026-10-05 10:49:44,43.910148,39.326872,28.3,interp_short
2026-10-05 10:49:45,43.910073,39.326978,28.11,observed
2026-10-05 10:49:46,43.91,39.327084,27.91,interp_short
2026-10-05 10:49:47,43.909924,39.327188,27.57,observed
2026-10-05 10:49:48,43.909776,39.327397,27.04,interp_short
2026-10-05 10:49:49,43.909624,39.327605,26.55,observed
2026-10-05 10:49:50,43.90955,39.327709,26.3,interp_short
2026-10-05 10:49:51,43.909473,39.327812,26.06,observed
2026-10-05 10:49:52,43.90932,39.328017,25.59,observed
2026-10-05 10:49:53,43.909167,39.328221,25.14,observed
2026-10-05 10:49:54,43.909091,39.328323,24.88,interp_short
2026-10-05 10:49:55,43.909013,39.328422,24.7,observed
2026-10-05 10:49:56,43.908936,39.328524,24.49,interp_short
2026-10-05 10:49:57,43.908857,39.328622,24.28,observed
2026-10-05 10:49:58,43.908781,39.328723,24.12,interp_short
2026-10-05 10:49:59,43.908701,39.32882,23.87,observed
2026-10-05 10:50:00,43.908544,39.329016,23.49,observed
2026-10-05 10:50:01,43.908466,39.329115,23.3,interp_short
2026-10-05 10:50:02,43.908386,39.32921,23.11,observed
2026-10-05 10:50:03,43.908227,39.329401,22.75,observed
2026-10-05 10:50:04,43.908148,39.329498,22.53,interp_short
2026-10-05 10:50:05,43.908067,39.329591,22.39,observed
2026-10-05 10:50:06,43.907962,39.329717,22.18,interp_short
2026-10-05 10:50:07,43.907854,39.329841,21.94,interp_short
2026-10-05 10:50:08,43.907745,39.329962,21.72,observed
2026-10-05 10:50:09,43.907666,39.330054,21.57,interp_short
2026-10-05 10:50:10,43.907583,39.330144,21.39,observed
2026-10-05 10:50:11,43.907421,39.330324,21.1,interp_short
2026-10-05 10:50:12,43.907256,39.330501,20.74,observed
2026-10-05 10:50:13,43.907092,39.330675,20.43,observed
2026-10-05 10:50:14,43.90701,39.330763,20.27,interp_short
2026-10-05 10:50:15,43.906927,39.330847,20.1,observed
2026-10-05 10:50:16,43.906761,39.331016,19.78,observed
2026-10-05 10:50:17,43.906678,39.331101,19.56,interp_short
2026-10-05 10:50:18,43.906595,39.331182,19.45,observed
2026-10-05 10:50:19,43.906512,39.331266,19.34,interp_short
2026-10-05 10:50:20,43.906428,39.331346,19.11,observed
2026-10-05 10:50:21,43.906261,39.331507,18.76,observed
2026-10-05 10:50:22,43.906179,39.33159,18.61,interp_short
2026-10-05 10:50:23,43.906097,39.33167,18.63,observed
2026-10-05 10:50:24,43.90599,39.331782,18.69,interp_short
2026-10-05 10:50:25,43.905884,39.331892,18.77,interp_short
2026-10-05 10:50:26,43.905776,39.331999,18.86,observed
2026-10-05 10:50:27,43.905615,39.33216,18.95,observed
2026-10-05 10:50:28,43.905454,39.332318,19.02,observed
2026-10-05 10:50:29,43.905346,39.332424,19.06,interp_short
2026-10-05 10:50:30,43.905239,39.332526,19.07,interp_short
2026-10-05 10:50:31,43.905131,39.332627,19.08,observed
2026-10-05 10:50:32,43.905051,39.332703,19.08,interp_short
2026-10-05 10:50:33,43.904969,39.332777,19.07,observed
2026-10-05 10:50:34,43.904807,39.332925,19.03,observed
2026-10-05 10:50:35,43.904646,39.333071,18.97,observed
2026-10-05 10:50:36,43.904566,39.333144,18.94,interp_short
2026-10-05 10:50:37,43.904484,39.333215,18.87,observed
2026-10-05 10:50:38,43.904323,39.333356,18.73,observed
2026-10-05 10:50:39,43.904243,39.333427,18.66,interp_short
2026-10-05 10:50:40,43.904161,39.333496,18.56,observed
2026-10-05 10:50:41,43.904,39.333633,18.36,observed
2026-10-05 10:50:42,43.903921,39.333702,18.25,interp_short
2026-10-05 10:50:43,43.90384,39.333769,18.12,observed
2026-10-05 10:50:44,43.903679,39.333902,17.84,observed
2026-10-05 10:50:45,43.903574,39.333991,17.62,interp_short
2026-10-05 10:50:46,43.90347,39.334076,17.44,interp_short
2026-10-05 10:50:47,43.90336,39.334165,17.18,observed
2026-10-05 10:50:48,43.903201,39.334294,16.79,observed
2026-10-05 10:50:49,43.903042,39.334422,16.37,observed
2026-10-05 10:50:50,43.902884,39.334549,15.91,observed
2026-10-05 10:50:51,43.902727,39.334675,15.41,observed
2026-10-05 10:50:52,43.902651,39.334736,15.15,interp_short
2026-10-05 10:50:53,43.902571,39.3348,14.88,observed
2026-10-05 10:50:54,43.902415,39.334924,14.31,observed
2026-10-05 10:50:55,43.902261,39.335048,13.72,observed
2026-10-05 10:50:56,43.902184,39.335109,13.42,interp_short
2026-10-05 10:50:57,43.902107,39.335171,13.09,observed
2026-10-05 10:50:58,43.901954,39.335294,12.43,observed
2026-10-05 10:50:59,43.901802,39.335417,11.75,observed
2026-10-05 10:51:00,43.901651,39.335541,11.04,observed
2026-10-05 10:51:01,43.901501,39.335664,10.31,observed
2026-10-05 10:51:02,43.901352,39.335788,9.56,observed
2026-10-05 10:51:03,43.901205,39.335912,8.79,observed
2026-10-05 10:51:04,43.901058,39.336037,8.0,observed
2026-10-05 10:51:05,43.900946,39.336132,7.36,interp_short
2026-10-05 10:51:06,43.900841,39.336226,6.8,observed
2026-10-05 10:51:07,43.90073,39.336323,6.22,interp_short
2026-10-05 10:51:08,43.900627,39.336418,5.58,observed
2026-10-05 10:51:09,43.900486,39.336548,5.0,observed
2026-10-05 10:51:10,43.900412,39.336613,4.89,interp_short
2026-10-05 10:51:11,43.900346,39.336678,5.0,observed
2026-10-05 10:51:12,43.900207,39.336811,5.0,observed
2026-10-05 10:51:13,43.90007,39.336945,5.0,observed
2026-10-05 10:51:14,43.899974,39.337036,5.0,interp_short
2026-10-05 10:51:15,43.899889,39.337123,5.0,interp_short
2026-10-05 10:51:16,43.8998,39.337219,5.0,observed
2026-10-05 10:51:17,43.899668,39.337359,5.0,observed
2026-10-05 10:51:18,43.8996,39.337427,5.0,interp_short
2026-10-05 10:51:19,43.899536,39.337501,5.0,observed
2026-10-05 10:51:20,43.899407,39.337646,5.0,observed
2026-10-05 10:51:21,43.899278,39.337793,5.0,observed
2026-10-05 10:51:22,43.899151,39.337943,5.0,observed
2026-10-05 10:51:23,43.899088,39.338015,5.0,interp_short
2026-10-05 10:51:24,43.899026,39.338095,5.0,observed
2026-10-05 10:51:25,43.898902,39.33825,5.0,observed
2026-10-05 10:51:26,43.89878,39.338407,5.0,observed
2026-10-05 10:51:27,43.898659,39.338568,5.0,observed
2026-10-05 10:51:28,43.898599,39.338644,5.0,interp_short
2026-10-05 10:51:29,43.89854,39.338731,5.0,observed
2026-10-05 10:51:30,43.898422,39.338897,5.0,observed
2026-10-05 10:51:31,43.898362,39.338977,5.0,interp_short
2026-10-05 10:51:32,43.898305,39.339066,5.0,observed
2026-10-05 10:51:33,43.898189,39.339235,5.0,interp_short
2026-10-05 10:51:34,43.898076,39.339414,5.0,observed
2026-10-05 10:51:35,43.897964,39.339592,5.0,observed
2026-10-05 10:51:36,43.897852,39.339773,5.0,observed
2026-10-05 10:51:37,43.897743,39.339957,5.0,observed
2026-10-05 10:51:38,43.897634,39.340145,5.0,observed
2026-10-05 10:51:39,43.897578,39.340237,5.0,interp_short
2026-10-05 10:51:40,43.897526,39.340335,5.0,observed
2026-10-05 10:51:41,43.89742,39.340528,5.0,observed
2026-10-05 10:51:42,43.897315,39.340724,5.0,observed
2026-10-05 10:51:43,43.897211,39.340923,5.0,observed
2026-10-05 10:51:44,43.897158,39.341021,5.0,interp_short
2026-10-05 10:51:45,43.897108,39.341125,5.0,observed
2026-10-05 10:51:46,43.897006,39.34133,5.0,observed
2026-10-05 10:51:47,43.896905,39.341537,5.0,observed
2026-10-05 10:51:48,43.896854,39.341639,5.0,interp_short
2026-10-05 10:51:49,43.896805,39.341747,5.0,observed
2026-10-05 10:51:50,43.896704,39.341958,5.0,interp_short
2026-10-05 10:51:51,43.896606,39.342175,5.0,observed
2026-10-05 10:51:52,43.896507,39.342391,5.0,interp_short
2026-10-05 10:51:53,43.896411,39.342612,5.0,observed
2026-10-05 10:51:54,43.896362,39.342721,5.0,interp_short
2026-10-05 10:51:55,43.896314,39.342834,5.0,observed
2026-10-05 10:51:56,43.896218,39.343058,5.0,observed
2026-10-05 10:51:57,43.896122,39.343283,5.0,observed
2026-10-05 10:51:58,43.896026,39.343511,5.0,observed
2026-10-05 10:51:59,43.895977,39.343625,5.0,interp_short
2026-10-05 10:52:00,43.895931,39.34374,5.0,observed
2026-10-05 10:52:01,43.895835,39.343971,5.0,observed
2026-10-05 10:52:02,43.89574,39.344203,5.0,observed
2026-10-05 10:52:03,43.895674,39.344363,5.0,interp_short
2026-10-05 10:52:04,43.895613,39.344516,5.0,interp_short
2026-10-05 10:52:05,43.895551,39.344671,5.0,observed
2026-10-05 10:52:06,43.895456,39.344906,5.0,observed
2026-10-05 10:52:07,43.895407,39.345027,5.0,interp_short
2026-10-05 10:52:08,43.89536,39.345142,5.0,observed
2026-10-05 10:52:09,43.895265,39.345379,5.0,observed
2026-10-05 10:52:10,43.89517,39.345617,5.0,observed
2026-10-05 10:52:11,43.895122,39.345738,5.0,interp_short
2026-10-05 10:52:12,43.895074,39.345855,5.0,observed
2026-10-05 10:52:13,43.894977,39.346093,5.0,observed
2026-10-05 10:52:14,43.894929,39.346213,5.0,interp_short
2026-10-05 10:52:15,43.89488,39.346331,5.0,observed
2026-10-05 10:52:16,43.894783,39.346569,5.0,observed
2026-10-05 10:52:17,43.894735,39.346688,5.0,interp_short
2026-10-05 10:52:18,43.894685,39.346807,5.0,observed
2026-10-05 10:52:19,43.894586,39.347045,5.0,observed
2026-10-05 10:52:20,43.894538,39.347162,5.0,interp_short
2026-10-05 10:52:21,43.894487,39.347282,5.0,observed
2026-10-05 10:52:22,43.894386,39.347519,5.0,observed
2026-10-05 10:52:23,43.894337,39.347635,4.98,interp_short
2026-10-05 10:52:24,43.894285,39.347754,5.0,observed
2026-10-05 10:52:25,43.894183,39.347989,5.17,observed
2026-10-05 10:52:26,43.89408,39.348223,5.67,observed
2026-10-05 10:52:27,43.893976,39.348456,6.15,observed
2026-10-05 10:52:28,43.893925,39.348573,6.38,interp_short
2026-10-05 10:52:29,43.893871,39.348688,6.61,observed
2026-10-05 10:52:30,43.893765,39.348918,7.05,observed
2026-10-05 10:52:31,43.893694,39.349074,7.38,interp_short
2026-10-05 10:52:32,43.893623,39.349225,7.61,interp_short
2026-10-05 10:52:33,43.893549,39.349374,7.88,observed
2026-10-05 10:52:34,43.893439,39.349599,8.27,observed
2026-10-05 10:52:35,43.893328,39.349823,8.64,observed
2026-10-05 10:52:36,43.893216,39.350045,8.99,observed
2026-10-05 10:52:37,43.893159,39.35016,9.19,interp_short
2026-10-05 10:52:38,43.893102,39.350265,9.32,observed
2026-10-05 10:52:39,43.893045,39.350379,9.48,interp_short
2026-10-05 10:52:40,43.892987,39.350483,9.64,observed
2026-10-05 10:52:41,43.892929,39.350595,9.78,interp_short
2026-10-05 10:52:42,43.89287,39.350699,9.95,observed
2026-10-05 10:52:43,43.892752,39.350916,10.21,interp_short
2026-10-05 10:52:44,43.892633,39.351125,10.51,observed
2026-10-05 10:52:45,43.892512,39.351335,10.78,observed
2026-10-05 10:52:46,43.892453,39.351441,10.9,interp_short
2026-10-05 10:52:47,43.89239,39.351542,11.03,observed
2026-10-05 10:52:48,43.892267,39.351747,11.28,observed
2026-10-05 10:52:49,43.892207,39.35185,11.4,interp_short
2026-10-05 10:52:50,43.892142,39.35195,11.52,observed
2026-10-05 10:52:51,43.892015,39.35215,11.76,observed
2026-10-05 10:52:52,43.891955,39.35225,11.91,interp_short
2026-10-05 10:52:53,43.891888,39.352349,11.99,observed
2026-10-05 10:52:54,43.891826,39.352447,12.08,interp_short
2026-10-05 10:52:55,43.891758,39.352544,12.23,observed
2026-10-05 10:52:56,43.891628,39.352738,12.46,observed
2026-10-05 10:52:57,43.891496,39.352929,12.7,observed
2026-10-05 10:52:58,43.891362,39.353118,12.94,observed
2026-10-05 10:52:59,43.891297,39.353213,13.07,interp_short
2026-10-05 10:53:00,43.891228,39.353305,13.2,observed
2026-10-05 10:53:01,43.891092,39.353489,13.46,observed
2026-10-05 10:53:02,43.890954,39.353672,13.73,observed
2026-10-05 10:53:03,43.890816,39.353852,14.02,observed
2026-10-05 10:53:04,43.890747,39.353944,14.17,interp_short
2026-10-05 10:53:05,43.890676,39.35403,14.32,observed
2026-10-05 10:53:06,43.890535,39.354206,14.64,observed
2026-10-05 10:53:07,43.89044,39.354327,14.94,interp_short
2026-10-05 10:53:08,43.890347,39.354439,15.16,interp_short
2026-10-05 10:53:09,43.89025,39.354552,15.33,observed
2026-10-05 10:53:10,43.890178,39.35464,15.47,interp_short
2026-10-05 10:53:11,43.890105,39.354722,15.71,observed
2026-10-05 10:53:12,43.88996,39.35489,16.11,observed
2026-10-05 10:53:13,43.889814,39.355057,16.54,observed
2026-10-05 10:53:14,43.889667,39.355222,16.99,observed
2026-10-05 10:53:15,43.889593,39.355306,17.21,interp_short
2026-10-05 10:53:16,43.889519,39.355385,17.47,observed
2026-10-05 10:53:17,43.88937,39.355547,17.98,observed
2026-10-05 10:53:18,43.889295,39.355629,18.23,interp_short
2026-10-05 10:53:19,43.88922,39.355707,18.51,observed
2026-10-05 10:53:20,43.88907,39.355867,19.07,observed
2026-10-05 10:53:21,43.888995,39.355948,19.37,interp_short
2026-10-05 10:53:22,43.888919,39.356025,19.66,observed
2026-10-05 10:53:23,43.888768,39.356181,20.28,observed
2026-10-05 10:53:24,43.888616,39.356337,20.92,observed
2026-10-05 10:53:25,43.888541,39.356415,21.23,interp_short
2026-10-05 10:53:26,43.888464,39.356492,21.59,observed
2026-10-05 10:53:27,43.888311,39.356646,22.29,observed
2026-10-05 10:53:28,43.888236,39.356722,22.74,interp_short
2026-10-05 10:53:29,43.888158,39.356799,23.02,observed
2026-10-05 10:53:30,43.888056,39.356901,23.38,interp_short
2026-10-05 10:53:31,43.887956,39.357001,23.88,interp_short
2026-10-05 10:53:32,43.887851,39.357104,24.53,observed
2026-10-05 10:53:33,43.887697,39.357256,25.33,observed
2026-10-05 10:53:34,43.887544,39.357407,26.14,observed
2026-10-05 10:53:35,43.887467,39.357482,26.53,interp_short
2026-10-05 10:53:36,43.88739,39.357558,26.97,observed
2026-10-05 10:53:37,43.887236,39.357709,27.82,observed
2026-10-05 10:53:38,43.88716,39.357784,28.27,interp_short
2026-10-05 10:53:39,43.887083,39.35786,28.69,observed
2026-10-05 10:53:40,43.886929,39.358011,29.56,observed
2026-10-05 10:53:41,43.886776,39.358161,30.45,observed
2026-10-05 10:53:42,43.886623,39.358312,31.34,observed
2026-10-05 10:53:43,43.886546,39.358388,31.77,interp_short
2026-10-05 10:53:44,43.88647,39.358464,32.24,observed
2026-10-05 10:53:45,43.886318,39.358615,33.14,observed
2026-10-05 10:53:46,43.886241,39.358691,33.6,interp_short
2026-10-05 10:53:47,43.886166,39.358767,34.05,observed
2026-10-05 10:53:48,43.886015,39.35892,34.95,observed
2026-10-05 10:53:49,43.885939,39.358996,35.42,interp_short
2026-10-05 10:53:50,43.885864,39.359073,35.84,observed
2026-10-05 10:53:51,43.885714,39.359227,36.73,observed
2026-10-05 10:53:52,43.885564,39.359381,37.61,observed
2026-10-05 10:53:53,43.885489,39.359457,38.04,interp_short
2026-10-05 10:53:54,43.885415,39.359536,38.47,observed
2026-10-05 10:53:55,43.885266,39.359692,39.32,observed
2026-10-05 10:53:56,43.885119,39.359849,40.15,observed
2026-10-05 10:53:57,43.884972,39.360007,40.95,observed
2026-10-05 10:53:58,43.884892,39.360091,41.46,interp_short
2026-10-05 10:53:59,43.884825,39.360163,41.76,interp_short
2026-10-05 10:54:00,43.884758,39.360236,42.04,interp_short
2026-10-05 10:54:01,43.88468,39.360325,42.49,observed
2026-10-05 10:54:02,43.884535,39.360486,43.22,observed
2026-10-05 10:54:03,43.884391,39.360647,44.0,interp_short
2026-10-05 10:54:04,43.884249,39.36081,44.59,observed
2026-10-05 10:54:05,43.884176,39.360891,44.88,interp_short
2026-10-05 10:54:06,43.884106,39.360974,45.22,observed
2026-10-05 10:54:07,43.883965,39.361139,45.81,observed
2026-10-05 10:54:08,43.883894,39.36122,46.11,interp_short
2026-10-05 10:54:09,43.883825,39.361305,46.37,observed
2026-10-05 10:54:10,43.883685,39.361473,46.89,observed
2026-10-05 10:54:11,43.883547,39.361641,47.37,observed
2026-10-05 10:54:12,43.883409,39.361811,47.8,observed
2026-10-05 10:54:13,43.88334,39.361894,48.05,interp_short
2026-10-05 10:54:14,43.883272,39.361981,48.2,observed
2026-10-05 10:54:15,43.883179,39.362095,48.38,interp_short
2026-10-05 10:54:16,43.883092,39.362207,48.6,interp_short
2026-10-05 10:54:17,43.883001,39.362326,48.86,observed
2026-10-05 10:54:18,43.882867,39.362501,49.13,observed
2026-10-05 10:54:19,43.882775,39.362618,49.31,interp_short
2026-10-05 10:54:20,43.882689,39.362732,49.43,interp_short
2026-10-05 10:54:21,43.8826,39.362852,49.54,observed
2026-10-05 10:54:22,43.882469,39.36303,49.68,observed
2026-10-05 10:54:23,43.882338,39.363208,49.78,observed
2026-10-05 10:54:24,43.882207,39.363388,49.84,observed
2026-10-05 10:54:25,43.882141,39.363477,49.86,interp_short
2026-10-05 10:54:26,43.882078,39.363569,49.86,observed
2026-10-05 10:54:27,43.881949,39.36375,49.85,observed
2026-10-05 10:54:28,43.881884,39.363841,49.84,interp_short
2026-10-05 10:54:29,43.881821,39.363933,49.8,observed
2026-10-05 10:54:30,43.881694,39.364116,49.71,observed
2026-10-05 10:54:31,43.881567,39.364301,49.6,observed
2026-10-05 10:54:32,43.881502,39.364394,49.54,interp_short
2026-10-05 10:54:33,43.881441,39.364486,49.45,observed
2026-10-05 10:54:34,43.881315,39.364672,49.28,observed
2026-10-05 10:54:35,43.88122,39.364812,49.09,interp_short
2026-10-05 10:54:36,43.881125,39.364954,48.91,interp_short
2026-10-05 10:54:37,43.881031,39.365096,48.75,interp_short
2026-10-05 10:54:38,43.880941,39.365235,48.62,observed
2026-10-05 10:54:39,43.880878,39.36533,48.51,interp_short
2026-10-05 10:54:40,43.880818,39.365424,48.36,observed
2026-10-05 10:54:41,43.880694,39.365615,48.11,interp_short
2026-10-05 10:54:42,43.880572,39.365804,47.8,observed
2026-10-05 10:54:43,43.88045,39.365994,47.51,observed
2026-10-05 10:54:44,43.880387,39.36609,47.33,interp_short
2026-10-05 10:54:45,43.880327,39.366186,47.21,observed
2026-10-05 10:54:46,43.880244,39.366315,47.07,interp_short
2026-10-05 10:54:47,43.880164,39.366441,46.87,interp_short
2026-10-05 10:54:48,43.880084,39.366569,46.61,observed
2026-10-05 10:54:49,43.879963,39.366762,46.31,observed
2026-10-05 10:54:50,43.879901,39.366859,46.12,interp_short
2026-10-05 10:54:51,43.879841,39.366955,46.02,observed
2026-10-05 10:54:52,43.87978,39.367052,45.91,interp_short
2026-10-05 10:54:53,43.87972,39.367148,45.74,observed
2026-10-05 10:54:54,43.879599,39.367341,45.47,observed
2026-10-05 10:54:55,43.879479,39.367535,45.22,observed
2026-10-05 10:54:56,43.879418,39.367632,45.1,interp_short
2026-10-05 10:54:57,43.879358,39.367728,44.98,observed
2026-10-05 10:54:58,43.879237,39.367922,44.77,observed
2026-10-05 10:54:59,43.879176,39.36802,44.66,interp_short
2026-10-05 10:55:00,43.879116,39.368116,44.57,observed
2026-10-05 10:55:01,43.878996,39.36831,44.4,observed
2026-10-05 10:55:02,43.878875,39.368504,44.26,observed
2026-10-05 10:55:03,43.878815,39.368601,44.18,interp_short
2026-10-05 10:55:04,43.878754,39.368699,44.14,observed
2026-10-05 10:55:05,43.878694,39.368795,44.11,interp_short
2026-10-05 10:55:06,43.878633,39.368893,44.06,observed
2026-10-05 10:55:07,43.878512,39.369087,44.0,observed
2026-10-05 10:55:08,43.878452,39.369182,43.98,interp_short
2026-10-05 10:55:09,43.87839,39.369281,43.98,observed
2026-10-05 10:55:10,43.878331,39.369376,43.99,interp_short
2026-10-05 10:55:11,43.878269,39.369475,44.0,observed
2026-10-05 10:55:12,43.878147,39.369669,44.04,observed
2026-10-05 10:55:13,43.878026,39.369862,44.13,observed
2026-10-05 10:55:14,43.877968,39.369955,44.18,interp_short
2026-10-05 10:55:15,43.877904,39.370056,44.25,observed
2026-10-05 10:55:16,43.877781,39.370249,44.41,observed
2026-10-05 10:55:17,43.877659,39.370442,44.6,observed
2026-10-05 10:55:18,43.877536,39.370635,44.84,observed
2026-10-05 10:55:19,43.877476,39.370729,44.97,interp_short
2026-10-05 10:55:20,43.877413,39.370828,45.11,observed
2026-10-05 10:55:21,43.87729,39.371021,45.41,observed
2026-10-05 10:55:22,43.877167,39.371213,45.75,observed
2026-10-05 10:55:23,43.877105,39.37131,45.93,interp_short
2026-10-05 10:55:24,43.877043,39.371405,46.13,observed
2026-10-05 10:55:25,43.876919,39.371597,46.54,observed
2026-10-05 10:55:26,43.876795,39.371788,46.98,observed
2026-10-05 10:55:27,43.87667,39.37198,47.45,observed
2026-10-05 10:55:28,43.876546,39.372171,47.95,observed
2026-10-05 10:55:29,43.876483,39.372268,48.19,interp_short
2026-10-05 10:55:30,43.876421,39.372362,48.48,observed
2026-10-05 10:55:31,43.876295,39.372552,49.04,observed
2026-10-05 10:55:32,43.876232,39.372648,49.32,interp_short
2026-10-05 10:55:33,43.87617,39.372742,49.62,observed
2026-10-05 10:55:34,43.876044,39.372932,50.22,observed
2026-10-05 10:55:35,43.875981,39.373028,50.54,interp_short
2026-10-05 10:55:36,43.875918,39.373122,50.84,observed
2026-10-05 10:55:37,43.875792,39.373311,51.49,interp_short
2026-10-05 10:55:38,43.875665,39.373501,52.14,observed
2026-10-05 10:55:39,43.875602,39.373595,52.46,interp_short
2026-10-05 10:55:40,43.875538,39.37369,52.81,observed
2026-10-05 10:55:41,43.875411,39.373879,53.49,observed
2026-10-05 10:55:42,43.875326,39.374006,54.01,interp_short
2026-10-05 10:55:43,43.875244,39.374128,54.4,interp_short
2026-10-05 10:55:44,43.875157,39.374256,54.88,observed
2026-10-05 10:55:45,43.875029,39.374444,55.58,observed
2026-10-05 10:55:46,43.874901,39.374632,56.28,observed
2026-10-05 10:55:47,43.874773,39.37482,56.98,observed
2026-10-05 10:55:48,43.874686,39.374947,57.57,interp_short
2026-10-05 10:55:49,43.874603,39.375069,58.04,interp_short
2026-10-05 10:55:50,43.874516,39.375195,58.38,observed
2026-10-05 10:55:51,43.874452,39.37529,58.65,interp_short
2026-10-05 10:55:52,43.874388,39.375383,59.07,observed
2026-10-05 10:55:53,43.874259,39.37557,59.76,observed
2026-10-05 10:55:54,43.87413,39.375757,60.43,observed
2026-10-05 10:55:55,43.874,39.375946,61.13,interp_short
2026-10-05 10:55:56,43.873872,39.376131,61.74,observed
2026-10-05 10:55:57,43.873807,39.376226,62.14,interp_short
2026-10-05 10:55:58,43.873743,39.376317,62.38,observed
2026-10-05 10:55:59,43.873677,39.376413,62.6,interp_short
2026-10-05 10:56:00,43.873613,39.376504,63.0,observed
2026-10-05 10:56:01,43.873484,39.37669,63.61,observed
2026-10-05 10:56:02,43.873418,39.376785,63.92,interp_short
2026-10-05 10:56:03,43.873354,39.376877,64.2,observed
2026-10-05 10:56:04,43.873224,39.377063,64.78,observed
2026-10-05 10:56:05,43.873094,39.377249,65.33,observed
2026-10-05 10:56:06,43.872964,39.377435,65.87,observed
2026-10-05 10:56:07,43.872898,39.37753,66.2,interp_short
2026-10-05 10:56:08,43.872833,39.377621,66.4,observed
2026-10-05 10:56:09,43.872744,39.377748,66.64,interp_short
2026-10-05 10:56:10,43.872658,39.37787,66.97,interp_short
2026-10-05 10:56:11,43.872572,39.377993,67.39,observed
2026-10-05 10:56:12,43.872442,39.378178,67.86,observed
2026-10-05 10:56:13,43.872376,39.378272,68.16,interp_short
2026-10-05 10:56:14,43.872311,39.378364,68.32,observed
2026-10-05 10:56:15,43.872246,39.378457,68.47,interp_short
2026-10-05 10:56:16,43.87218,39.37855,68.76,observed
2026-10-05 10:56:17,43.872049,39.378735,69.19,observed
2026-10-05 10:56:18,43.871984,39.378828,69.4,interp_short
2026-10-05 10:56:19,43.871918,39.378921,69.61,observed
2026-10-05 10:56:20,43.871786,39.379106,70.02,observed
2026-10-05 10:56:21,43.871722,39.379197,70.23,interp_short
2026-10-05 10:56:22,43.871655,39.379291,70.42,observed
2026-10-05 10:56:23,43.871523,39.379476,70.81,observed
2026-10-05 10:56:24,43.871437,39.379598,71.09,interp_short
2026-10-05 10:56:25,43.871349,39.379721,71.29,interp_short
2026-10-05 10:56:26,43.871259,39.379847,71.57,observed
2026-10-05 10:56:27,43.871127,39.380032,71.95,observed
2026-10-05 10:56:28,43.871062,39.380123,72.14,interp_short
2026-10-05 10:56:29,43.870994,39.380216,72.33,observed
2026-10-05 10:56:30,43.870861,39.380401,72.71,observed
2026-10-05 10:56:31,43.870796,39.380493,72.91,interp_short
2026-10-05 10:56:32,43.870729,39.380586,73.09,observed
2026-10-05 10:56:33,43.870595,39.38077,73.48,observed
2026-10-05 10:56:34,43.870462,39.380954,73.88,observed
2026-10-05 10:56:35,43.870396,39.381047,74.08,interp_short
2026-10-05 10:56:36,43.870329,39.381139,74.3,observed
2026-10-05 10:56:37,43.870195,39.381323,74.72,observed
2026-10-05 10:56:38,43.870061,39.381506,75.16,observed
2026-10-05 10:56:39,43.869927,39.38169,75.62,observed
2026-10-05 10:56:40,43.869854,39.381791,75.9,interp_short
2026-10-05 10:56:41,43.869792,39.381875,76.05,interp_short
2026-10-05 10:56:42,43.869731,39.381959,76.24,interp_short
2026-10-05 10:56:43,43.869658,39.382057,76.59,observed
2026-10-05 10:56:44,43.869523,39.38224,77.11,observed
2026-10-05 10:56:45,43.869455,39.382332,77.38,interp_short
2026-10-05 10:56:46,43.869387,39.382423,77.65,observed
2026-10-05 10:56:47,43.869252,39.382605,78.23,observed
2026-10-05 10:56:48,43.869116,39.382787,78.83,observed
2026-10-05 10:56:49,43.869025,39.38291,79.24,interp_short
2026-10-05 10:56:50,43.868936,39.383029,79.6,interp_short
2026-10-05 10:56:51,43.868844,39.383151,80.12,observed
2026-10-05 10:56:52,43.868708,39.383333,80.81,observed
2026-10-05 10:56:53,43.86864,39.383423,81.14,interp_short
2026-10-05 10:56:54,43.868571,39.383514,81.53,observed
2026-10-05 10:56:55,43.868434,39.383695,82.29,observed
2026-10-05 10:56:56,43.868367,39.383784,82.67,interp_short
2026-10-05 10:56:57,43.868297,39.383875,83.08,observed
2026-10-05 10:56:58,43.868159,39.384055,83.9,observed
2026-10-05 10:56:59,43.868092,39.384144,84.34,interp_short
2026-10-05 10:57:00,43.868022,39.384235,84.76,observed
2026-10-05 10:57:01,43.867884,39.384415,85.65,observed
2026-10-05 10:57:02,43.867746,39.384594,86.58,observed
2026-10-05 10:57:03,43.867678,39.384683,87.04,interp_short
2026-10-05 10:57:04,43.867608,39.384773,87.54,observed
2026-10-05 10:57:05,43.867469,39.384951,88.53,observed
2026-10-05 10:57:06,43.867331,39.385129,89.55,observed
2026-10-05 10:57:07,43.867192,39.385306,90.6,observed
2026-10-05 10:57:08,43.867123,39.385395,91.14,interp_short
2026-10-05 10:57:09,43.867054,39.385484,91.68,observed
2026-10-05 10:57:10,43.866915,39.38566,92.79,observed
2026-10-05 10:57:11,43.866776,39.385837,93.92,observed
2026-10-05 10:57:12,43.866706,39.385926,94.49,interp_short
2026-10-05 10:57:13,43.866637,39.386013,95.08,observed
2026-10-05 10:57:14,43.866498,39.386188,96.26,observed
2026-10-05 10:57:15,43.866359,39.386363,97.46,observed
2026-10-05 10:57:16,43.866289,39.386452,98.03,interp_short
2026-10-05 10:57:17,43.86622,39.386538,98.67,observed
2026-10-05 10:57:18,43.866081,39.386712,99.9,observed
2026-10-05 10:57:19,43.866011,39.386801,100.54,interp_short
2026-10-05 10:57:20,43.865943,39.386886,101.14,observed
2026-10-05 10:57:21,43.865804,39.38706,102.39,observed
2026-10-05 10:57:22,43.865665,39.387233,103.64,observed
2026-10-05 10:57:23,43.865527,39.387405,104.9,observed
2026-10-05 10:57:24,43.865389,39.387578,106.15,observed
2026-10-05 10:57:25,43.865294,39.387696,107.16,interp_short
2026-10-05 10:57:26,43.865203,39.387808,107.96,interp_short
2026-10-05 10:57:27,43.865113,39.387921,108.66,observed
2026-10-05 10:57:28,43.865043,39.388008,109.32,interp_short
2026-10-05 10:57:29,43.864976,39.388092,109.9,observed
2026-10-05 10:57:30,43.864906,39.388179,110.39,interp_short
2026-10-05 10:57:31,43.864839,39.388263,111.13,observed
2026-10-05 10:57:32,43.864702,39.388433,112.34,observed
2026-10-05 10:57:33,43.864566,39.388603,113.53,observed
2026-10-05 10:57:34,43.864498,39.388688,114.27,interp_short
2026-10-05 10:57:35,43.86443,39.388773,114.71,observed
2026-10-05 10:57:36,43.864363,39.388857,115.14,interp_short
2026-10-05 10:57:37,43.864295,39.388943,115.86,observed
2026-10-05 10:57:38,43.86416,39.389112,116.98,observed
2026-10-05 10:57:39,43.864026,39.389281,118.07,observed
2026-10-05 10:57:40,43.863892,39.38945,119.14,observed
2026-10-05 10:57:41,43.863822,39.389537,119.82,interp_short
2026-10-05 10:57:42,43.863763,39.389611,120.2,interp_short
2026-10-05 10:57:43,43.863702,39.389688,120.56,interp_short
2026-10-05 10:57:44,43.863626,39.389786,121.16,observed
2026-10-05 10:57:45,43.863494,39.389954,122.11,observed
2026-10-05 10:57:46,43.863363,39.390122,123.02,observed
2026-10-05 10:57:47,43.863232,39.39029,123.9,observed
2026-10-05 10:57:48,43.863102,39.390458,124.72,observed
2026-10-05 10:57:49,43.863015,39.390569,125.29,interp_short
2026-10-05 10:57:50,43.862932,39.390677,125.73,interp_short
2026-10-05 10:57:51,43.862844,39.390793,126.24,observed
2026-10-05 10:57:52,43.862716,39.390961,126.93,observed
2026-10-05 10:57:53,43.862589,39.391128,127.57,observed
2026-10-05 10:57:54,43.862463,39.391296,128.17,observed
2026-10-05 10:57:55,43.862338,39.391463,128.71,observed
2026-10-05 10:57:56,43.862274,39.391547,128.97,interp_short
2026-10-05 10:57:57,43.862213,39.391631,129.21,observed
2026-10-05 10:57:58,43.862089,39.391799,129.65,observed
2026-10-05 10:57:59,43.861966,39.391967,130.05,observed
2026-10-05 10:58:00,43.861844,39.392135,130.41,observed
2026-10-05 10:58:01,43.861782,39.392219,130.58,interp_short
2026-10-05 10:58:02,43.861723,39.392303,130.71,observed
2026-10-05 10:58:03,43.861602,39.392472,130.97,observed
2026-10-05 10:58:04,43.861482,39.392641,131.19,observed
2026-10-05 10:58:05,43.861363,39.39281,131.36,observed
2026-10-05 10:58:06,43.861245,39.39298,131.49,observed
2026-10-05 10:58:07,43.861186,39.393063,131.55,interp_short
2026-10-05 10:58:08,43.861128,39.39315,131.58,observed
2026-10-05 10:58:09,43.861048,39.393264,131.61,interp_short
2026-10-05 10:58:10,43.860975,39.39337,131.65,interp_short
2026-10-05 10:58:11,43.860895,39.393491,131.66,observed
2026-10-05 10:58:12,43.86078,39.393662,131.64,observed
2026-10-05 10:58:13,43.860665,39.393834,131.6,observed
2026-10-05 10:58:14,43.860551,39.394006,131.52,observed
2026-10-05 10:58:15,43.860438,39.394179,131.42,observed
2026-10-05 10:58:16,43.860326,39.394352,131.3,observed
2026-10-05 10:58:17,43.860248,39.39447,131.2,interp_short
2026-10-05 10:58:18,43.860177,39.394581,131.11,interp_short
2026-10-05 10:58:19,43.860102,39.3947,130.99,observed
2026-10-05 10:58:20,43.859991,39.394876,130.81,observed
2026-10-05 10:58:21,43.85988,39.395052,130.61,observed
2026-10-05 10:58:22,43.85977,39.395228,130.41,observed
2026-10-05 10:58:23,43.85966,39.395405,130.2,observed
2026-10-05 10:58:24,43.859551,39.395584,129.98,observed
2026-10-05 10:58:25,43.859494,39.395676,129.87,interp_short
2026-10-05 10:58:26,43.859442,39.395762,129.76,observed
2026-10-05 10:58:27,43.859333,39.395942,129.55,observed
2026-10-05 10:58:28,43.859224,39.396123,129.33,observed
2026-10-05 10:58:29,43.859168,39.396214,129.23,interp_short
2026-10-05 10:58:30,43.859115,39.396304,129.12,observed
2026-10-05 10:58:31,43.859007,39.396486,128.92,observed
2026-10-05 10:58:32,43.858952,39.396577,128.81,interp_short
2026-10-05 10:58:33,43.858898,39.396669,128.72,observed
2026-10-05 10:58:34,43.85879,39.396852,128.56,interp_short
2026-10-05 10:58:35,43.858681,39.397038,128.37,observed
2026-10-05 10:58:36,43.858608,39.397161,128.23,interp_short
2026-10-05 10:58:37,43.85854,39.397279,128.14,interp_short
2026-10-05 10:58:38,43.858463,39.39741,128.07,observed
2026-10-05 10:58:39,43.85841,39.3975,128.01,interp_short
2026-10-05 10:58:40,43.858354,39.397598,127.94,observed
2026-10-05 10:58:41,43.858245,39.397786,127.84,observed
2026-10-05 10:58:42,43.858135,39.397976,127.75,observed
2026-10-05 10:58:43,43.858024,39.398166,127.68,observed
2026-10-05 10:58:44,43.857914,39.398357,127.64,observed
2026-10-05 10:58:45,43.857802,39.39855,127.61,observed
2026-10-05 10:58:46,43.857747,39.398645,127.6,interp_short
2026-10-05 10:58:47,43.85769,39.398743,127.61,observed
2026-10-05 10:58:48,43.857578,39.398937,127.62,observed
2026-10-05 10:58:49,43.857465,39.399132,127.66,observed
2026-10-05 10:58:50,43.857351,39.399328,127.71,observed
2026-10-05 10:58:51,43.857236,39.399525,127.79,observed
2026-10-05 10:58:52,43.857157,39.399661,127.87,interp_short
2026-10-05 10:58:53,43.857084,39.399787,127.94,interp_short
2026-10-05 10:58:54,43.857004,39.399922,127.99,observed
2026-10-05 10:58:55,43.856946,39.400023,128.04,interp_short
2026-10-05 10:58:56,43.856887,39.400122,128.12,observed
2026-10-05 10:58:57,43.856769,39.400322,128.26,observed
2026-10-05 10:58:58,43.856688,39.400459,128.37,interp_short
2026-10-05 10:58:59,43.856611,39.40059,128.46,interp_short
2026-10-05 10:59:00,43.856529,39.400726,128.59,observed
2026-10-05 10:59:01,43.856408,39.400929,128.77,observed
2026-10-05 10:59:02,43.856285,39.401133,128.95,observed
2026-10-05 10:59:03,43.856162,39.401338,129.15,observed
2026-10-05 10:59:04,43.856037,39.401543,129.35,observed
2026-10-05 10:59:05,43.855973,39.401649,129.45,interp_short
2026-10-05 10:59:06,43.855911,39.40175,129.55,observed
2026-10-05 10:59:07,43.855784,39.401957,129.76,observed
2026-10-05 10:59:08,43.855656,39.402164,129.96,observed
2026-10-05 10:59:09,43.85559,39.402271,130.08,interp_short
2026-10-05 10:59:10,43.855526,39.402373,130.16,observed
2026-10-05 10:59:11,43.85546,39.40248,130.23,interp_short
2026-10-05 10:59:12,43.855395,39.402582,130.36,observed
2026-10-05 10:59:13,43.855263,39.402791,130.55,observed
2026-10-05 10:59:14,43.855197,39.402898,130.67,interp_short
2026-10-05 10:59:15,43.85513,39.403002,130.73,observed
2026-10-05 10:59:16,43.855063,39.403108,130.8,interp_short
2026-10-05 10:59:17,43.854995,39.403212,130.9,observed
2026-10-05 10:59:18,43.854859,39.403424,131.05,observed
2026-10-05 10:59:19,43.854722,39.403635,131.2,observed
2026-10-05 10:59:20,43.854654,39.403741,131.28,interp_short
2026-10-05 10:59:21,43.854584,39.403848,131.32,observed
2026-10-05 10:59:22,43.854515,39.403953,131.36,interp_short
2026-10-05 10:59:23,43.854444,39.40406,131.43,observed
2026-10-05 10:59:24,43.854303,39.404273,131.52,observed
2026-10-05 10:59:25,43.854233,39.404379,131.57,interp_short
2026-10-05 10:59:26,43.854161,39.404486,131.59,observed
2026-10-05 10:59:27,43.854018,39.4047,131.63,interp_short
2026-10-05 10:59:28,43.853873,39.404914,131.66,observed
2026-10-05 10:59:29,43.853802,39.405021,131.67,interp_short
2026-10-05 10:59:30,43.853728,39.405128,131.66,observed
2026-10-05 10:59:31,43.853631,39.405271,131.65,interp_short
2026-10-05 10:59:32,43.853532,39.405414,131.63,interp_short
2026-10-05 10:59:33,43.853433,39.405556,131.58,observed
2026-10-05 10:59:34,43.853284,39.405771,131.51,observed
2026-10-05 10:59:35,43.85321,39.405878,131.45,interp_short
2026-10-05 10:59:36,43.853134,39.405985,131.41,observed
2026-10-05 10:59:37,43.853059,39.406092,131.37,interp_short
2026-10-05 10:59:38,43.852982,39.4062,131.28,observed
2026-10-05 10:59:39,43.85283,39.406414,131.13,observed
2026-10-05 10:59:40,43.852755,39.40652,131.02,interp_short
2026-10-05 10:59:41,43.852677,39.406628,130.96,observed
2026-10-05 10:59:42,43.852602,39.406735,130.89,interp_short
2026-10-05 10:59:43,43.852524,39.406843,130.76,observed
2026-10-05 10:59:44,43.852369,39.407057,130.53,observed
2026-10-05 10:59:45,43.852267,39.407198,130.32,interp_short
2026-10-05 10:59:46,43.852163,39.407341,130.16,interp_short
2026-10-05 10:59:47,43.852057,39.407484,130.02,observed
2026-10-05 10:59:48,43.851954,39.407625,129.88,interp_short
2026-10-05 10:59:49,43.851849,39.407768,129.7,interp_short
2026-10-05 10:59:50,43.851743,39.40791,129.43,observed
2026-10-05 10:59:51,43.851585,39.408123,129.11,observed
2026-10-05 10:59:52,43.851506,39.40823,128.94,interp_short
2026-10-05 10:59:53,43.851426,39.408335,128.78,observed
2026-10-05 10:59:54,43.851266,39.408547,128.44,interp_short
2026-10-05 10:59:55,43.851107,39.408757,128.07,observed
2026-10-05 10:59:56,43.851027,39.408864,127.84,interp_short
2026-10-05 10:59:57,43.850947,39.408968,127.7,observed
2026-10-05 10:59:58,43.850866,39.409075,127.56,interp_short
2026-10-05 10:59:59,43.850787,39.409178,127.33,observed
2026-10-05 11:00:00,43.850627,39.409387,126.95,observed
2026-10-05 11:00:01,43.850466,39.409596,126.58,observed
2026-10-05 11:00:02,43.850385,39.409702,126.35,interp_short
2026-10-05 11:00:03,43.850306,39.409804,126.2,observed
2026-10-05 11:00:04,43.850224,39.40991,126.04,interp_short
2026-10-05 11:00:05,43.850145,39.410011,125.83,observed
2026-10-05 11:00:06,43.850026,39.410165,125.57,interp_short
2026-10-05 11:00:07,43.849903,39.410324,125.28,interp_short
2026-10-05 11:00:08,43.84978,39.41048,125.0,interp_short
2026-10-05 11:00:09,43.849664,39.410628,124.76,observed
2026-10-05 11:00:10,43.849583,39.410732,124.58,interp_short
2026-10-05 11:00:11,43.849503,39.410832,124.43,observed
2026-10-05 11:00:12,43.849423,39.410935,124.28,interp_short
2026-10-05 11:00:13,43.849344,39.411035,124.11,observed
2026-10-05 11:00:14,43.849238,39.41117,123.91,interp_short
2026-10-05 11:00:15,43.849131,39.411305,123.71,interp_short
2026-10-05 11:00:16,43.849025,39.411438,123.55,observed
2026-10-05 11:00:17,43.848945,39.411539,123.44,interp_short
2026-10-05 11:00:18,43.848866,39.411638,123.3,observed
2026-10-05 11:00:19,43.848708,39.411837,123.08,observed
2026-10-05 11:00:20,43.848629,39.411937,122.97,interp_short
2026-10-05 11:00:21,43.84855,39.412035,122.89,observed
2026-10-05 11:00:22,43.848393,39.412232,122.73,observed
2026-10-05 11:00:23,43.848237,39.412428,122.6,observed
2026-10-05 11:00:24,43.848159,39.412526,122.53,interp_short
2026-10-05 11:00:25,43.848081,39.412623,122.5,observed
2026-10-05 11:00:26,43.848003,39.41272,122.47,interp_short
2026-10-05 11:00:27,43.847926,39.412817,122.45,observed
2026-10-05 11:00:28,43.847772,39.413009,122.43,observed
2026-10-05 11:00:29,43.847696,39.413105,122.42,interp_short
2026-10-05 11:00:30,43.847619,39.413201,122.44,observed
2026-10-05 11:00:31,43.847466,39.413391,122.5,observed
2026-10-05 11:00:32,43.847373,39.413508,122.58,interp_short
2026-10-05 11:00:33,43.847284,39.413618,122.67,interp_short
2026-10-05 11:00:34,43.847197,39.413727,122.76,interp_short
2026-10-05 11:00:35,43.847108,39.413838,122.85,interp_short
2026-10-05 11:00:36,43.847015,39.413955,122.92,observed
2026-10-05 11:00:37,43.846941,39.414047,122.99,interp_short
2026-10-05 11:00:38,43.846866,39.41414,123.15,observed
2026-10-05 11:00:39,43.846719,39.414324,123.41,observed
2026-10-05 11:00:40,43.846646,39.414415,123.57,interp_short
2026-10-05 11:00:41,43.846573,39.414507,123.72,observed
2026-10-05 11:00:42,43.846429,39.414688,124.03,interp_short
2026-10-05 11:00:43,43.846284,39.41487,124.46,observed
2026-10-05 11:00:44,43.846141,39.415049,124.88,observed
2026-10-05 11:00:45,43.846071,39.415137,125.09,interp_short
2026-10-05 11:00:46,43.846,39.415227,125.35,observed
2026-10-05 11:00:47,43.84586,39.415404,125.85,observed
2026-10-05 11:00:48,43.84579,39.415492,126.12,interp_short
2026-10-05 11:00:49,43.845721,39.41558,126.39,observed
2026-10-05 11:00:50,43.845583,39.415755,126.96,observed
2026-10-05 11:00:51,43.845446,39.415928,127.57,observed
2026-10-05 11:00:52,43.845378,39.416015,127.88,interp_short
2026-10-05 11:00:53,43.845311,39.416101,128.2,observed
2026-10-05 11:00:54,43.845177,39.416272,128.86,observed
2026-10-05 11:00:55,43.845044,39.416442,129.55,observed
2026-10-05 11:00:56,43.844978,39.416526,129.9,interp_short
2026-10-05 11:00:57,43.844913,39.416611,130.26,observed
2026-10-05 11:00:58,43.844783,39.416778,130.99,observed
2026-10-05 11:00:59,43.844654,39.416945,131.74,observed
2026-10-05 11:01:00,43.844591,39.417026,132.11,interp_short
2026-10-05 11:01:01,43.844526,39.417111,132.5,observed
2026-10-05 11:01:02,43.844399,39.417275,133.28,observed
2026-10-05 11:01:03,43.844274,39.417439,134.06,observed
2026-10-05 11:01:04,43.84415,39.417602,134.85,observed
2026-10-05 11:01:05,43.844089,39.417682,135.25,interp_short
2026-10-05 11:01:06,43.844027,39.417763,135.64,observed
2026-10-05 11:01:07,43.843906,39.417924,136.43,observed
2026-10-05 11:01:08,43.843785,39.418084,137.22,observed
2026-10-05 11:01:09,43.843666,39.418243,138.0,observed
2026-10-05 11:01:10,43.843547,39.418401,138.78,observed
2026-10-05 11:01:11,43.84343,39.418559,139.54,observed
2026-10-05 11:01:12,43.843313,39.418715,140.35,interp_short
2026-10-05 11:01:13,43.843198,39.418871,141.01,observed
2026-10-05 11:01:14,43.84314,39.418949,141.35,interp_short
2026-10-05 11:01:15,43.843084,39.419027,141.72,observed
2026-10-05 11:01:16,43.842971,39.419181,142.41,observed
2026-10-05 11:01:17,43.842858,39.419335,143.07,observed
2026-10-05 11:01:18,43.842746,39.419489,143.71,observed
2026-10-05 11:01:19,43.842691,39.419564,144.02,interp_short
2026-10-05 11:01:20,43.842636,39.419642,144.31,observed
2026-10-05 11:01:21,43.842525,39.419794,144.89,observed
2026-10-05 11:01:22,43.842417,39.419944,145.45,interp_short
2026-10-05 11:01:23,43.842307,39.420098,145.94,observed
2026-10-05 11:01:24,43.842199,39.420249,146.41,observed
2026-10-05 11:01:25,43.842092,39.420401,146.84,observed
2026-10-05 11:01:26,43.841985,39.420551,147.24,observed
2026-10-05 11:01:27,43.841879,39.420702,147.6,observed
2026-10-05 11:01:28,43.841773,39.420852,147.92,observed
2026-10-05 11:01:29,43.841667,39.421002,148.2,observed
2026-10-05 11:01:30,43.841562,39.421152,148.45,interp_short
2026-10-05 11:01:31,43.841457,39.421303,148.65,observed
2026-10-05 11:01:32,43.841353,39.421453,148.81,observed
2026-10-05 11:01:33,43.841248,39.421603,148.94,observed
2026-10-05 11:01:34,43.841144,39.421753,149.03,observed
2026-10-05 11:01:35,43.84104,39.421904,149.08,observed
2026-10-05 11:01:36,43.840936,39.422054,149.09,observed
2026-10-05 11:01:37,43.840832,39.422205,149.08,observed
2026-10-05 11:01:38,43.840728,39.422356,149.03,observed
2026-10-05 11:01:39,43.840624,39.422508,148.95,observed
2026-10-05 11:01:40,43.84052,39.42266,148.84,observed
2026-10-05 11:01:41,43.840468,39.422735,148.78,interp_short
2026-10-05 11:01:42,43.840416,39.422812,148.7,observed
2026-10-05 11:01:43,43.840312,39.422964,148.54,observed
2026-10-05 11:01:44,43.840207,39.423117,148.35,observed
2026-10-05 11:01:45,43.840102,39.423271,148.14,observed
2026-10-05 11:01:46,43.839997,39.423425,147.92,observed
2026-10-05 11:01:47,43.839891,39.42358,147.68,interp_short
2026-10-05 11:01:48,43.839785,39.423735,147.42,observed
2026-10-05 11:01:49,43.839679,39.423891,147.15,observed
2026-10-05 11:01:50,43.839572,39.424048,146.87,observed
2026-10-05 11:01:51,43.839465,39.424206,146.59,observed
2026-10-05 11:01:52,43.839357,39.424364,146.3,observed
2026-10-05 11:01:53,43.839247,39.424525,146.01,interp_short
2026-10-05 11:01:54,43.83914,39.424682,145.71,observed
2026-10-05 11:01:55,43.839031,39.424843,145.42,observed
2026-10-05 11:01:56,43.838974,39.424927,145.27,interp_short
2026-10-05 11:01:57,43.838921,39.425005,145.13,observed
2026-10-05 11:01:58,43.838808,39.42517,144.87,interp_short
2026-10-05 11:01:59,43.838698,39.42533,144.58,observed
2026-10-05 11:02:00,43.83862,39.425445,144.38,interp_short
2026-10-05 11:02:01,43.83855,39.425548,144.23,interp_short
2026-10-05 11:02:02,43.838474,39.42566,144.06,observed
2026-10-05 11:02:03,43.83836,39.425826,143.82,observed
2026-10-05 11:02:04,43.838246,39.425993,143.58,interp_short
2026-10-05 11:02:05,43.838131,39.426161,143.38,observed
2026-10-05 11:02:06,43.838074,39.426244,143.26,interp_short
2026-10-05 11:02:07,43.838015,39.42633,143.19,observed
2026-10-05 11:02:08,43.837958,39.426414,143.12,interp_short
2026-10-05 11:02:09,43.837898,39.4265,143.01,observed
2026-10-05 11:02:10,43.837781,39.426672,142.85,observed
2026-10-05 11:02:11,43.837663,39.426844,142.7,observed
2026-10-05 11:02:12,43.837544,39.427017,142.58,observed
2026-10-05 11:02:13,43.837424,39.427191,142.47,observed
2026-10-05 11:02:14,43.837303,39.427367,142.38,observed
2026-10-05 11:02:15,43.837182,39.427543,142.31,observed
2026-10-05 11:02:16,43.837121,39.427631,142.28,interp_short
2026-10-05 11:02:17,43.837059,39.427721,142.26,observed
2026-10-05 11:02:18,43.836936,39.427899,142.22,observed
2026-10-05 11:02:19,43.836812,39.428079,142.2,observed
2026-10-05 11:02:20,43.83675,39.42817,142.19,interp_short
2026-10-05 11:02:21,43.836688,39.428259,142.19,observed
2026-10-05 11:02:22,43.836562,39.428441,142.2,observed
2026-10-05 11:02:23,43.836434,39.428626,142.22,interp_short
2026-10-05 11:02:24,43.836309,39.428807,142.25,observed
2026-10-05 11:02:25,43.836244,39.428901,142.27,interp_short
2026-10-05 11:02:26,43.836181,39.428992,142.29,observed
2026-10-05 11:02:27,43.836052,39.429178,142.33,observed
2026-10-05 11:02:28,43.835923,39.429364,142.39,observed
2026-10-05 11:02:29,43.835858,39.429459,142.41,interp_short
2026-10-05 11:02:30,43.835793,39.429552,142.44,observed
2026-10-05 11:02:31,43.835662,39.42974,142.5,observed
2026-10-05 11:02:32,43.835596,39.429835,142.53,interp_short
2026-10-05 11:02:33,43.835531,39.42993,142.56,observed
2026-10-05 11:02:34,43.835398,39.43012,142.61,observed
2026-10-05 11:02:35,43.835266,39.430311,142.67,observed
2026-10-05 11:02:36,43.8352,39.430406,142.69,interp_short
2026-10-05 11:02:37,43.835132,39.430503,142.71,observed
2026-10-05 11:02:38,43.834998,39.430696,142.75,observed
2026-10-05 11:02:39,43.834931,39.430791,142.77,interp_short
2026-10-05 11:02:40,43.834863,39.430889,142.77,observed
2026-10-05 11:02:41,43.834728,39.431084,142.78,observed
2026-10-05 11:02:42,43.834661,39.43118,142.79,interp_short
2026-10-05 11:02:43,43.834592,39.431279,142.78,observed
2026-10-05 11:02:44,43.834455,39.431475,142.76,observed
2026-10-05 11:02:45,43.834364,39.431606,142.74,interp_short
2026-10-05 11:02:46,43.834273,39.431736,142.71,interp_short
2026-10-05 11:02:47,43.83418,39.431868,142.67,observed
2026-10-05 11:02:48,43.834042,39.432066,142.59,observed
2026-10-05 11:02:49,43.833904,39.432264,142.48,observed
2026-10-05 11:02:50,43.833834,39.432364,142.42,interp_short
2026-10-05 11:02:51,43.833765,39.432463,142.35,observed
2026-10-05 11:02:52,43.833626,39.432663,142.2,observed
2026-10-05 11:02:53,43.833486,39.432862,142.02,observed
2026-10-05 11:02:54,43.833415,39.432964,141.89,interp_short
2026-10-05 11:02:55,43.833346,39.433063,141.8,observed
2026-10-05 11:02:56,43.833251,39.433199,141.69,interp_short
2026-10-05 11:02:57,43.833158,39.433331,141.53,interp_short
2026-10-05 11:02:58,43.833065,39.433464,141.29,observed
2026-10-05 11:02:59,43.832924,39.433666,140.99,observed
2026-10-05 11:03:00,43.832852,39.433768,140.79,interp_short
2026-10-05 11:03:01,43.832782,39.433868,140.66,observed
2026-10-05 11:03:02,43.832711,39.43397,140.53,interp_short
2026-10-05 11:03:03,43.832641,39.43407,140.3,observed
2026-10-05 11:03:04,43.832499,39.434272,139.91,observed
2026-10-05 11:03:05,43.832357,39.434474,139.48,observed
2026-10-05 11:03:06,43.832286,39.434576,139.28,interp_short
2026-10-05 11:03:07,43.832215,39.434677,139.03,observed
2026-10-05 11:03:08,43.832073,39.434879,138.55,observed
2026-10-05 11:03:09,43.832,39.434982,138.31,interp_short
2026-10-05 11:03:10,43.83193,39.435082,138.04,observed
2026-10-05 11:03:11,43.831788,39.435285,137.51,observed
2026-10-05 11:03:12,43.831715,39.435388,137.24,interp_short
2026-10-05 11:03:13,43.831645,39.435488,136.95,observed
2026-10-05 11:03:14,43.831503,39.435691,136.36,observed
2026-10-05 11:03:15,43.83143,39.435794,136.06,interp_short
2026-10-05 11:03:16,43.83136,39.435893,135.76,observed
2026-10-05 11:03:17,43.831218,39.436096,135.13,observed
2026-10-05 11:03:18,43.831145,39.4362,134.71,interp_short
2026-10-05 11:03:19,43.831075,39.436299,134.49,observed
2026-10-05 11:03:20,43.831003,39.436401,134.26,interp_short
2026-10-05 11:03:21,43.830932,39.436501,133.83,observed
2026-10-05 11:03:22,43.83079,39.436703,133.16,observed
2026-10-05 11:03:23,43.830719,39.436804,132.74,interp_short
2026-10-05 11:03:24,43.830648,39.436906,132.47,observed
2026-10-05 11:03:25,43.830577,39.437006,132.12,interp_short
2026-10-05 11:03:26,43.830505,39.437107,131.78,observed
2026-10-05 11:03:27,43.830435,39.437207,131.52,interp_short
2026-10-05 11:03:28,43.830363,39.437309,131.09,observed
2026-10-05 11:03:29,43.830221,39.43751,130.39,observed
2026-10-05 11:03:30,43.830151,39.437609,129.94,interp_short
2026-10-05 11:03:31,43.830079,39.437711,129.69,observed
2026-10-05 11:03:32,43.830009,39.43781,129.43,interp_short
2026-10-05 11:03:33,43.829937,39.437912,129.0,observed
2026-10-05 11:03:34,43.829796,39.438112,128.31,observed
2026-10-05 11:03:35,43.829654,39.438312,127.63,observed
2026-10-05 11:03:36,43.829585,39.43841,127.29,interp_short
2026-10-05 11:03:37,43.829513,39.438512,126.96,observed
2026-10-05 11:03:38,43.829372,39.438711,126.31,observed
2026-10-05 11:03:39,43.829232,39.438909,125.67,observed
2026-10-05 11:03:40,43.829162,39.439007,125.28,interp_short
2026-10-05 11:03:41,43.829091,39.439107,125.06,observed
2026-10-05 11:03:42,43.829021,39.439206,124.85,interp_short
2026-10-05 11:03:43,43.828951,39.439305,124.47,observed
2026-10-05 11:03:44,43.828811,39.439502,123.91,observed
2026-10-05 11:03:45,43.828741,39.439601,123.64,interp_short
2026-10-05 11:03:46,43.828671,39.439699,123.38,observed
2026-10-05 11:03:47,43.828532,39.439895,122.88,observed
2026-10-05 11:03:48,43.828462,39.439994,122.62,interp_short
2026-10-05 11:03:49,43.828393,39.440091,122.41,observed
2026-10-05 11:03:50,43.828254,39.440286,121.98,observed
2026-10-05 11:03:51,43.828115,39.44048,121.59,observed
2026-10-05 11:03:52,43.828045,39.440578,121.36,interp_short
2026-10-05 11:03:53,43.827977,39.440674,121.23,observed
2026-10-05 11:03:54,43.827907,39.440772,121.11,interp_short
2026-10-05 11:03:55,43.827839,39.440868,120.93,observed
2026-10-05 11:03:56,43.827701,39.441061,120.66,observed
2026-10-05 11:03:57,43.827564,39.441253,120.44,observed
2026-10-05 11:03:58,43.827495,39.44135,120.33,interp_short
2026-10-05 11:03:59,43.827427,39.441445,120.27,observed
2026-10-05 11:04:00,43.827335,39.441574,120.2,interp_short
2026-10-05 11:04:01,43.827245,39.4417,120.13,interp_short
2026-10-05 11:04:02,43.827154,39.441827,120.07,observed
2026-10-05 11:04:03,43.827018,39.442017,120.04,observed
2026-10-05 11:04:04,43.826945,39.442119,120.04,interp_short
2026-10-05 11:04:05,43.826883,39.442206,120.07,interp_short
2026-10-05 11:04:06,43.82682,39.442294,120.1,interp_short
2026-10-05 11:04:07,43.826747,39.442395,120.14,observed
2026-10-05 11:04:08,43.82668,39.442489,120.18,interp_short
2026-10-05 11:04:09,43.826612,39.442584,120.26,observed
2026-10-05 11:04:10,43.826477,39.442772,120.43,observed
2026-10-05 11:04:11,43.826343,39.442959,120.65,observed
2026-10-05 11:04:12,43.826277,39.443051,120.77,interp_short
2026-10-05 11:04:13,43.826208,39.443146,120.92,observed
2026-10-05 11:04:14,43.826075,39.443332,121.23,observed
2026-10-05 11:04:15,43.825987,39.443455,121.47,interp_short
2026-10-05 11:04:16,43.825898,39.443578,121.67,interp_short
2026-10-05 11:04:17,43.825808,39.443703,122.0,observed
2026-10-05 11:04:18,43.825675,39.443888,122.45,observed
2026-10-05 11:04:19,43.825609,39.443979,122.68,interp_short
2026-10-05 11:04:20,43.825542,39.444072,122.94,observed
2026-10-05 11:04:21,43.825409,39.444256,123.46,observed
2026-10-05 11:04:22,43.825343,39.444347,123.75,interp_short
2026-10-05 11:04:23,43.825277,39.44444,124.03,observed
2026-10-05 11:04:24,43.825145,39.444623,124.63,observed
2026-10-05 11:04:25,43.825014,39.444806,125.27,observed
2026-10-05 11:04:26,43.824948,39.444897,125.59,interp_short
2026-10-05 11:04:27,43.824882,39.444988,125.93,observed
2026-10-05 11:04:28,43.824751,39.44517,126.62,observed
2026-10-05 11:04:29,43.82462,39.445351,127.34,observed
2026-10-05 11:04:30,43.824532,39.445473,127.96,interp_short
2026-10-05 11:04:31,43.824448,39.44559,128.46,interp_short
2026-10-05 11:04:32,43.824359,39.445713,128.84,observed
2026-10-05 11:04:33,43.824294,39.445802,129.15,interp_short
2026-10-05 11:04:34,43.824228,39.445894,129.62,observed
2026-10-05 11:04:35,43.824098,39.446074,130.41,observed
2026-10-05 11:04:36,43.823968,39.446254,131.22,observed
2026-10-05 11:04:37,43.823903,39.446343,131.62,interp_short
2026-10-05 11:04:38,43.823838,39.446434,132.03,observed
2026-10-05 11:04:39,43.823708,39.446614,132.85,observed
2026-10-05 11:04:40,43.823579,39.446793,133.67,observed
2026-10-05 11:04:41,43.823492,39.446913,134.24,interp_short
2026-10-05 11:04:42,43.823408,39.44703,134.71,interp_short
2026-10-05 11:04:43,43.82332,39.447151,135.31,observed
2026-10-05 11:04:44,43.823191,39.44733,136.12,observed
2026-10-05 11:04:45,43.823104,39.447451,136.71,interp_short
2026-10-05 11:04:46,43.82302,39.447567,137.17,interp_short
2026-10-05 11:04:47,43.822933,39.447688,137.73,observed
2026-10-05 11:04:48,43.822805,39.447866,138.52,observed
2026-10-05 11:04:49,43.822676,39.448044,139.3,observed
2026-10-05 11:04:50,43.822547,39.448223,140.06,observed
2026-10-05 11:04:51,43.822483,39.448312,140.42,interp_short
2026-10-05 11:04:52,43.822419,39.448401,140.8,observed
2026-10-05 11:04:53,43.82229,39.448579,141.52,observed
2026-10-05 11:04:54,43.822227,39.448667,141.9,interp_short
2026-10-05 11:04:55,43.822162,39.448757,142.23,observed
2026-10-05 11:04:56,43.822034,39.448935,142.92,observed
2026-10-05 11:04:57,43.821905,39.449113,143.58,observed
2026-10-05 11:04:58,43.821842,39.4492,143.9,interp_short
2026-10-05 11:04:59,43.821777,39.449291,144.22,observed
2026-10-05 11:05:00,43.821649,39.449469,144.84,observed
2026-10-05 11:05:01,43.821521,39.449647,145.43,observed
2026-10-05 11:05:02,43.821393,39.449825,146.01,observed
2026-10-05 11:05:03,43.821264,39.450003,146.56,observed
2026-10-05 11:05:04,43.821136,39.450181,147.08,observed
2026-10-05 11:05:05,43.821072,39.45027,147.33,interp_short
2026-10-05 11:05:06,43.821008,39.450359,147.58,observed
2026-10-05 11:05:07,43.82088,39.450537,148.07,observed
2026-10-05 11:05:08,43.820752,39.450716,148.52,observed
2026-10-05 11:05:09,43.820624,39.450894,148.96,observed
2026-10-05 11:05:10,43.820558,39.450985,149.17,interp_short
2026-10-05 11:05:11,43.820496,39.451072,149.38,observed
2026-10-05 11:05:12,43.820368,39.45125,149.79,observed
2026-10-05 11:05:13,43.82024,39.451429,150.17,observed
2026-10-05 11:05:14,43.820112,39.451607,150.54,observed
2026-10-05 11:05:15,43.820046,39.451698,150.73,interp_short
2026-10-05 11:05:16,43.819983,39.451785,150.9,observed
2026-10-05 11:05:17,43.819855,39.451964,151.25,observed
2026-10-05 11:05:18,43.819727,39.452142,151.58,observed
2026-10-05 11:05:19,43.819662,39.452233,151.74,interp_short
2026-10-05 11:05:20,43.819599,39.452321,151.91,observed
2026-10-05 11:05:21,43.819471,39.4525,152.24,observed
2026-10-05 11:05:22,43.819384,39.452622,152.51,interp_short
2026-10-05 11:05:23,43.819301,39.452737,152.71,interp_short
2026-10-05 11:05:24,43.819215,39.452857,152.87,observed
2026-10-05 11:05:25,43.819128,39.452978,153.04,interp_short
2026-10-05 11:05:26,43.819044,39.453094,153.25,interp_short
2026-10-05 11:05:27,43.818958,39.453214,153.51,observed
2026-10-05 11:05:28,43.81883,39.453393,153.83,observed
2026-10-05 11:05:29,43.818702,39.453572,154.16,observed
2026-10-05 11:05:30,43.818639,39.45366,154.37,interp_short
2026-10-05 11:05:31,43.818574,39.453751,154.5,observed
2026-10-05 11:05:32,43.81851,39.453839,154.63,interp_short
2026-10-05 11:05:33,43.818445,39.453929,154.85,observed
2026-10-05 11:05:34,43.818317,39.454108,155.21,observed
2026-10-05 11:05:35,43.818189,39.454287,155.59,observed
2026-10-05 11:05:36,43.818061,39.454466,155.98,observed
2026-10-05 11:05:37,43.817998,39.454553,156.18,interp_short
2026-10-05 11:05:38,43.817933,39.454644,156.39,observed
2026-10-05 11:05:39,43.817805,39.454823,156.81,observed
2026-10-05 11:05:40,43.817676,39.455002,157.26,observed
2026-10-05 11:05:41,43.817612,39.455091,157.48,interp_short
2026-10-05 11:05:42,43.817548,39.455181,157.72,observed
2026-10-05 11:05:43,43.81742,39.455359,158.21,observed
2026-10-05 11:05:44,43.817292,39.455538,158.72,observed
2026-10-05 11:05:45,43.817164,39.455717,159.25,observed
2026-10-05 11:05:46,43.817099,39.455807,159.52,interp_short
2026-10-05 11:05:47,43.817036,39.455895,159.8,observed
2026-10-05 11:05:48,43.816908,39.456074,160.38,observed
2026-10-05 11:05:49,43.816781,39.456253,160.98,observed
2026-10-05 11:05:50,43.816653,39.456431,161.6,observed
2026-10-05 11:05:51,43.816588,39.456521,162.01,interp_short
2026-10-05 11:05:52,43.816525,39.45661,162.25,observed
2026-10-05 11:05:53,43.816461,39.456699,162.5,interp_short
2026-10-05 11:05:54,43.816398,39.456788,162.92,observed
2026-10-05 11:05:55,43.81627,39.456967,163.6,observed
2026-10-05 11:05:56,43.816143,39.457145,164.31,observed
2026-10-05 11:05:57,43.816015,39.457324,165.04,observed
2026-10-05 11:05:58,43.815952,39.457413,165.49,interp_short
2026-10-05 11:05:59,43.815888,39.457502,165.79,observed
2026-10-05 11:06:00,43.815802,39.457622,166.16,interp_short
2026-10-05 11:06:01,43.81572,39.457738,166.67,interp_short
2026-10-05 11:06:02,43.815634,39.457859,167.33,observed
2026-10-05 11:06:03,43.815506,39.458038,168.12,observed
2026-10-05 11:06:04,43.81538,39.458217,168.93,observed
2026-10-05 11:06:05,43.815253,39.458395,169.74,observed
2026-10-05 11:06:06,43.815189,39.458485,170.17,interp_short
2026-10-05 11:06:07,43.815126,39.458574,170.56,observed
2026-10-05 11:06:08,43.814999,39.458754,171.3,interp_short
2026-10-05 11:06:09,43.814873,39.458932,172.21,observed
2026-10-05 11:06:10,43.814746,39.459111,173.03,observed
2026-10-05 11:06:11,43.814659,39.459234,173.72,interp_short
2026-10-05 11:06:12,43.814578,39.45935,174.28,interp_short
2026-10-05 11:06:13,43.814494,39.459469,174.68,observed
2026-10-05 11:06:14,43.81443,39.45956,174.98,interp_short
2026-10-05 11:06:15,43.814368,39.459649,175.49,observed
2026-10-05 11:06:16,43.814242,39.459828,176.29,observed
2026-10-05 11:06:17,43.814179,39.459918,176.7,interp_short
2026-10-05 11:06:18,43.814116,39.460008,177.08,observed
2026-10-05 11:06:19,43.81399,39.460188,177.86,observed
2026-10-05 11:06:20,43.813865,39.460368,178.61,observed
2026-10-05 11:06:21,43.813803,39.460457,178.98,interp_short
2026-10-05 11:06:22,43.813739,39.460549,179.35,observed
2026-10-05 11:06:23,43.813614,39.460729,180.06,observed
2026-10-05 11:06:24,43.813489,39.460911,180.75,observed
2026-10-05 11:06:25,43.813427,39.461,181.08,interp_short
2026-10-05 11:06:26,43.813364,39.461092,181.42,observed
2026-10-05 11:06:27,43.813238,39.461274,182.05,observed
2026-10-05 11:06:28,43.813176,39.461364,182.37,interp_short
2026-10-05 11:06:29,43.813113,39.461456,182.65,observed
2026-10-05 11:06:30,43.812988,39.461638,183.23,observed
2026-10-05 11:06:31,43.812864,39.461821,183.76,observed
2026-10-05 11:06:32,43.812739,39.462004,184.26,observed
2026-10-05 11:06:33,43.812614,39.462188,184.73,observed
2026-10-05 11:06:34,43.812552,39.462279,184.96,interp_short
2026-10-05 11:06:35,43.81249,39.462372,185.15,observed
2026-10-05 11:06:36,43.812365,39.462556,185.52,interp_short
2026-10-05 11:06:37,43.81224,39.462742,185.89,observed
2026-10-05 11:06:38,43.812178,39.462833,186.06,interp_short
2026-10-05 11:06:39,43.812116,39.462927,186.2,observed
2026-10-05 11:06:40,43.811991,39.463114,186.46,observed
2026-10-05 11:06:41,43.811912,39.463232,186.67,interp_short
2026-10-05 11:06:42,43.811842,39.463337,186.79,interp_short
2026-10-05 11:06:43,43.811773,39.463439,186.87,interp_short
2026-10-05 11:06:44,43.811701,39.463549,186.94,interp_short
2026-10-05 11:06:45,43.811618,39.463675,187.02,observed
2026-10-05 11:06:46,43.811494,39.463864,187.13,observed
2026-10-05 11:06:47,43.811369,39.464053,187.2,observed
2026-10-05 11:06:48,43.811245,39.464243,187.23,observed
2026-10-05 11:06:49,43.81112,39.464433,187.22,observed
2026-10-05 11:06:50,43.811059,39.464526,187.21,interp_short
2026-10-05 11:06:51,43.810995,39.464624,187.18,observed
2026-10-05 11:06:52,43.810871,39.464815,187.11,observed
2026-10-05 11:06:53,43.810746,39.465006,187.01,interp_short
2026-10-05 11:06:54,43.810621,39.4652,186.87,observed
2026-10-05 11:06:55,43.810496,39.465393,186.7,observed
2026-10-05 11:06:56,43.810371,39.465587,186.51,observed
2026-10-05 11:06:57,43.810307,39.465684,186.41,interp_short
2026-10-05 11:06:58,43.810245,39.465781,186.3,observed
2026-10-05 11:06:59,43.81012,39.465976,186.07,observed
2026-10-05 11:07:00,43.809994,39.466172,185.82,observed
2026-10-05 11:07:01,43.809868,39.466368,185.56,observed
2026-10-05 11:07:02,43.809804,39.466468,185.43,interp_short
2026-10-05 11:07:03,43.809742,39.466565,185.28,observed
2026-10-05 11:07:04,43.809616,39.466762,184.99,observed
2026-10-05 11:07:05,43.809552,39.466863,184.84,interp_short
2026-10-05 11:07:06,43.80949,39.46696,184.7,observed
2026-10-05 11:07:07,43.809363,39.467158,184.41,observed
2026-10-05 11:07:08,43.809236,39.467357,184.11,observed
2026-10-05 11:07:09,43.809108,39.467556,183.82,observed
2026-10-05 11:07:10,43.809043,39.467658,183.66,interp_short
2026-10-05 11:07:11,43.808981,39.467756,183.53,observed
2026-10-05 11:07:12,43.808852,39.467958,183.29,interp_short
2026-10-05 11:07:13,43.808725,39.468156,182.99,observed
2026-10-05 11:07:14,43.808596,39.468356,182.74,observed
2026-10-05 11:07:15,43.80853,39.468459,182.63,interp_short
2026-10-05 11:07:16,43.808467,39.468557,182.51,observed
2026-10-05 11:07:17,43.808338,39.468758,182.29,observed
2026-10-05 11:07:18,43.808272,39.468861,182.18,interp_short
2026-10-05 11:07:19,43.808208,39.468959,182.1,observed
2026-10-05 11:07:20,43.808078,39.46916,181.94,observed
2026-10-05 11:07:21,43.808006,39.469272,181.82,interp_short
2026-10-05 11:07:22,43.807946,39.469365,181.75,interp_short
2026-10-05 11:07:23,43.807887,39.469456,181.72,interp_short
2026-10-05 11:07:24,43.807817,39.469563,181.69,observed
2026-10-05 11:07:25,43.807728,39.469699,181.65,interp_short
2026-10-05 11:07:26,43.807642,39.469832,181.6,interp_short
2026-10-05 11:07:27,43.807554,39.469965,181.57,observed
2026-10-05 11:07:28,43.807421,39.470166,181.56,observed
2026-10-05 11:07:29,43.807356,39.470266,181.56,interp_short
2026-10-05 11:07:30,43.807289,39.470367,181.59,observed
2026-10-05 11:07:31,43.807156,39.470568,181.66,observed
2026-10-05 11:07:32,43.80709,39.470667,181.7,interp_short
2026-10-05 11:07:33,43.807022,39.470768,181.77,observed
2026-10-05 11:07:34,43.806888,39.470968,181.91,observed
2026-10-05 11:07:35,43.806822,39.471067,182.0,interp_short
2026-10-05 11:07:36,43.806753,39.471167,182.1,observed
2026-10-05 11:07:37,43.806618,39.471366,182.32,observed
2026-10-05 11:07:38,43.806483,39.471564,182.59,observed
2026-10-05 11:07:39,43.806416,39.471663,182.72,interp_short
2026-10-05 11:07:40,43.806347,39.471762,182.9,observed
2026-10-05 11:07:41,43.80621,39.471959,183.25,observed
2026-10-05 11:07:42,43.806142,39.472059,183.43,interp_short
2026-10-05 11:07:43,43.806073,39.472156,183.64,observed
2026-10-05 11:07:44,43.805936,39.472351,184.07,observed
2026-10-05 11:07:45,43.805868,39.47245,184.3,interp_short
2026-10-05 11:07:46,43.805798,39.472546,184.54,observed
2026-10-05 11:07:47,43.805659,39.47274,185.05,observed
2026-10-05 11:07:48,43.805557,39.472883,185.57,interp_short
2026-10-05 11:07:49,43.805451,39.47303,186.02,interp_short
2026-10-05 11:07:50,43.805345,39.473176,186.42,interp_short
2026-10-05 11:07:51,43.80524,39.473316,186.78,observed
2026-10-05 11:07:52,43.805171,39.473412,187.11,interp_short
2026-10-05 11:07:53,43.8051,39.473506,187.43,observed
2026-10-05 11:07:54,43.805007,39.473633,187.76,interp_short
2026-10-05 11:07:55,43.804914,39.473757,188.18,interp_short
2026-10-05 11:07:56,43.804817,39.473883,188.8,observed
2026-10-05 11:07:57,43.804676,39.47407,189.53,observed
2026-10-05 11:07:58,43.804606,39.474163,189.88,interp_short
2026-10-05 11:07:59,43.804533,39.474255,190.28,observed
2026-10-05 11:08:00,43.80439,39.474439,191.06,observed
2026-10-05 11:08:01,43.80432,39.47453,191.47,interp_short
2026-10-05 11:08:02,43.804247,39.474621,191.85,observed
2026-10-05 11:08:03,43.804104,39.474803,192.66,observed
2026-10-05 11:08:04,43.80396,39.474983,193.49,observed
2026-10-05 11:08:05,43.80389,39.475072,193.91,interp_short
2026-10-05 11:08:06,43.803816,39.475162,194.33,observed
2026-10-05 11:08:07,43.803671,39.475339,195.17,observed
2026-10-05 11:08:08,43.803526,39.475515,196.03,observed
2026-10-05 11:08:09,43.803431,39.475632,196.61,interp_short
2026-10-05 11:08:10,43.803337,39.475744,197.09,interp_short
2026-10-05 11:08:11,43.803235,39.475862,197.75,observed
2026-10-05 11:08:12,43.803089,39.476034,198.61,observed
2026-10-05 11:08:13,43.803018,39.476119,199.04,interp_short
2026-10-05 11:08:14,43.802943,39.476204,199.47,observed
2026-10-05 11:08:15,43.802797,39.476373,200.32,observed
2026-10-05 11:08:16,43.802699,39.476487,200.96,interp_short
2026-10-05 11:08:17,43.802605,39.476594,201.43,interp_short
2026-10-05 11:08:18,43.802504,39.476707,202.01,observed
2026-10-05 11:08:19,43.802357,39.476871,202.84,observed
2026-10-05 11:08:20,43.80221,39.477035,203.65,observed
2026-10-05 11:08:21,43.802063,39.477197,204.46,observed
2026-10-05 11:08:22,43.801916,39.477358,205.24,observed
2026-10-05 11:08:23,43.801769,39.477518,206.02,observed
2026-10-05 11:08:24,43.801668,39.477629,206.57,interp_short
2026-10-05 11:08:25,43.801573,39.477731,207.0,interp_short
2026-10-05 11:08:26,43.801475,39.477834,207.51,observed
2026-10-05 11:08:27,43.801329,39.47799,208.23,observed
2026-10-05 11:08:28,43.801182,39.478146,208.93,observed
2026-10-05 11:08:29,43.801106,39.478226,209.26,interp_short
2026-10-05 11:08:30,43.801035,39.4783,209.61,observed
2026-10-05 11:08:31,43.800889,39.478454,210.27,observed
2026-10-05 11:08:32,43.800814,39.478533,210.6,interp_short
2026-10-05 11:08:33,43.800743,39.478606,210.91,observed
2026-10-05 11:08:34,43.800597,39.478758,211.53,observed
2026-10-05 11:08:35,43.800523,39.478836,211.85,interp_short
2026-10-05 11:08:36,43.800451,39.47891,212.13,observed
2026-10-05 11:08:37,43.800306,39.47906,212.72,observed
2026-10-05 11:08:38,43.800161,39.47921,213.28,observed
2026-10-05 11:08:39,43.800017,39.47936,213.83,observed
2026-10-05 11:08:40,43.799945,39.479434,214.1,interp_short
2026-10-05 11:08:41,43.799873,39.47951,214.37,observed
2026-10-05 11:08:42,43.799729,39.479659,214.89,observed
2026-10-05 11:08:43,43.799658,39.479732,215.23,interp_short
2026-10-05 11:08:44,43.799586,39.479808,215.39,observed
2026-10-05 11:08:45,43.799433,39.479941,215.45,observed
2026-10-05 11:08:46,43.799278,39.48007,215.39,observed
2026-10-05 11:08:47,43.799201,39.480134,215.35,interp_short
2026-10-05 11:08:48,43.799124,39.4802,215.32,observed
2026-10-05 11:08:49,43.798971,39.480329,215.25,observed
2026-10-05 11:08:50,43.798818,39.480459,215.17,observed
2026-10-05 11:08:51,43.798665,39.480589,215.09,observed
2026-10-05 11:08:52,43.798578,39.480701,215.19,reconstructed_gap
2026-10-05 11:08:53,43.798469,39.480813,215.06,reconstructed_gap
2026-10-05 11:08:54,43.798361,39.480924,214.9,reconstructed_gap
2026-10-05 11:08:55,43.798252,39.481036,214.71,reconstructed_gap
2026-10-05 11:08:56,43.798144,39.481148,214.5,reconstructed_gap
2026-10-05 11:08:57,43.798036,39.48126,214.26,reconstructed_gap
2026-10-05 11:08:58,43.797928,39.481372,214.01,reconstructed_gap
2026-10-05 11:08:59,43.797821,39.481485,213.73,reconstructed_gap
2026-10-05 11:09:00,43.797714,39.481598,213.43,reconstructed_gap
2026-10-05 11:09:01,43.797606,39.48171,213.11,reconstructed_gap
2026-10-05 11:09:02,43.797499,39.481824,212.77,reconstructed_gap
2026-10-05 11:09:03,43.797393,39.481937,212.42,reconstructed_gap
2026-10-05 11:09:04,43.797286,39.48205,212.05,reconstructed_gap
2026-10-05 11:09:05,43.797179,39.482164,211.67,reconstructed_gap
2026-10-05 11:09:06,43.797073,39.482278,211.27,reconstructed_gap
2026-10-05 11:09:07,43.796967,39.482392,210.87,reconstructed_gap
2026-10-05 11:09:08,43.796861,39.482506,210.45,reconstructed_gap
2026-10-05 11:09:09,43.796755,39.48262,210.02,reconstructed_gap
2026-10-05 11:09:10,43.796649,39.482735,209.58,reconstructed_gap
2026-10-05 11:09:11,43.796544,39.482849,209.14,reconstructed_gap
2026-10-05 11:09:12,43.796438,39.482964,208.68,reconstructed_gap
2026-10-05 11:09:13,43.796333,39.483079,208.22,reconstructed_gap
2026-10-05 11:09:14,43.796228,39.483195,207.76,reconstructed_gap
2026-10-05 11:09:15,43.796123,39.48331,207.29,reconstructed_gap
2026-10-05 11:09:16,43.796018,39.483425,206.81,reconstructed_gap
2026-10-05 11:09:17,43.795914,39.483541,206.34,reconstructed_gap
2026-10-05 11:09:18,43.795809,39.483657,205.85,reconstructed_gap
2026-10-05 11:09:19,43.795705,39.483773,205.37,reconstructed_gap
2026-10-05 11:09:20,43.795601,39.483889,204.89,reconstructed_gap
2026-10-05 11:09:21,43.795497,39.484006,204.4,reconstructed_gap
2026-10-05 11:09:22,43.795393,39.484122,203.91,reconstructed_gap
2026-10-05 11:09:23,43.795289,39.484239,203.43,reconstructed_gap
2026-10-05 11:09:24,43.795185,39.484355,202.94,reconstructed_gap
2026-10-05 11:09:25,43.795081,39.484472,202.46,reconstructed_gap
2026-10-05 11:09:26,43.794978,39.48459,201.98,reconstructed_gap
2026-10-05 11:09:27,43.794874,39.484707,201.5,reconstructed_gap
2026-10-05 11:09:28,43.794771,39.484824,201.02,reconstructed_gap
2026-10-05 11:09:29,43.794668,39.484942,200.55,reconstructed_gap
2026-10-05 11:09:30,43.794565,39.485059,200.08,reconstructed_gap
2026-10-05 11:09:31,43.794462,39.485177,199.61,reconstructed_gap
2026-10-05 11:09:32,43.794359,39.485295,199.15,reconstructed_gap
2026-10-05 11:09:33,43.794256,39.485413,198.69,reconstructed_gap
2026-10-05 11:09:34,43.794153,39.485531,198.24,reconstructed_gap
2026-10-05 11:09:35,43.794051,39.48565,197.79,reconstructed_gap
2026-10-05 11:09:36,43.793948,39.485768,197.35,reconstructed_gap
2026-10-05 11:09:37,43.793846,39.485887,196.91,reconstructed_gap
2026-10-05 11:09:38,43.793744,39.486006,196.48,reconstructed_gap
2026-10-05 11:09:39,43.793641,39.486125,196.06,reconstructed_gap
2026-10-05 11:09:40,43.793539,39.486244,195.65,reconstructed_gap
2026-10-05 11:09:41,43.793437,39.486363,195.24,reconstructed_gap
2026-10-05 11:09:42,43.793335,39.486482,194.83,reconstructed_gap
2026-10-05 11:09:43,43.793233,39.486602,194.44,reconstructed_gap
2026-10-05 11:09:44,43.793131,39.486721,194.05,reconstructed_gap
2026-10-05 11:09:45,43.79303,39.486841,193.67,reconstructed_gap
2026-10-05 11:09:46,43.792928,39.486961,193.3,reconstructed_gap
2026-10-05 11:09:47,43.792826,39.48708,192.94,reconstructed_gap
2026-10-05 11:09:48,43.792725,39.4872,192.58,reconstructed_gap
2026-10-05 11:09:49,43.792623,39.487321,192.23,reconstructed_gap
2026-10-05 11:09:50,43.792521,39.487441,191.89,reconstructed_gap
2026-10-05 11:09:51,43.79242,39.487561,191.56,reconstructed_gap
2026-10-05 11:09:52,43.792319,39.487682,191.24,reconstructed_gap
2026-10-05 11:09:53,43.792217,39.487802,190.93,reconstructed_gap
2026-10-05 11:09:54,43.792116,39.487923,190.62,reconstructed_gap
2026-10-05 11:09:55,43.792015,39.488044,190.33,reconstructed_gap
2026-10-05 11:09:56,43.791914,39.488165,190.04,reconstructed_gap
2026-10-05 11:09:57,43.791812,39.488286,189.76,reconstructed_gap
2026-10-05 11:09:58,43.791711,39.488407,189.5,reconstructed_gap
2026-10-05 11:09:59,43.79161,39.488528,189.24,reconstructed_gap
2026-10-05 11:10:00,43.791509,39.488649,188.98,reconstructed_gap
2026-10-05 11:10:01,43.791408,39.488771,188.74,reconstructed_gap
2026-10-05 11:10:02,43.791307,39.488892,188.51,reconstructed_gap
2026-10-05 11:10:03,43.791206,39.489014,188.29,reconstructed_gap
2026-10-05 11:10:04,43.791105,39.489136,188.07,reconstructed_gap
2026-10-05 11:10:05,43.791004,39.489257,187.87,reconstructed_gap
2026-10-05 11:10:06,43.790903,39.489379,187.67,reconstructed_gap
2026-10-05 11:10:07,43.790802,39.489501,187.48,reconstructed_gap
2026-10-05 11:10:08,43.790701,39.489623,187.3,reconstructed_gap
2026-10-05 11:10:09,43.7906,39.489746,187.13,reconstructed_gap
2026-10-05 11:10:10,43.790499,39.489868,186.97,reconstructed_gap
2026-10-05 11:10:11,43.790399,39.48999,186.82,reconstructed_gap
2026-10-05 11:10:12,43.790298,39.490113,186.67,reconstructed_gap
2026-10-05 11:10:13,43.790197,39.490235,186.54,reconstructed_gap
2026-10-05 11:10:14,43.790096,39.490358,186.41,reconstructed_gap
2026-10-05 11:10:15,43.789995,39.490481,186.29,reconstructed_gap
2026-10-05 11:10:16,43.789894,39.490603,186.18,reconstructed_gap
2026-10-05 11:10:17,43.789793,39.490726,186.08,reconstructed_gap
2026-10-05 11:10:18,43.789692,39.490849,185.98,reconstructed_gap
2026-10-05 11:10:19,43.789591,39.490972,185.9,reconstructed_gap
2026-10-05 11:10:20,43.78949,39.491095,185.82,reconstructed_gap
2026-10-05 11:10:21,43.789389,39.491218,185.75,reconstructed_gap
2026-10-05 11:10:22,43.789288,39.491341,185.68,reconstructed_gap
2026-10-05 11:10:23,43.789187,39.491465,185.63,reconstructed_gap
2026-10-05 11:10:24,43.789086,39.491588,185.58,reconstructed_gap
2026-10-05 11:10:25,43.788985,39.491712,185.54,reconstructed_gap
2026-10-05 11:10:26,43.788884,39.491835,185.5,reconstructed_gap
2026-10-05 11:10:27,43.788782,39.491959,185.48,reconstructed_gap
2026-10-05 11:10:28,43.788681,39.492082,185.45,reconstructed_gap
2026-10-05 11:10:29,43.78858,39.492206,185.44,reconstructed_gap
2026-10-05 11:10:30,43.788478,39.49233,185.43,reconstructed_gap
2026-10-05 11:10:31,43.788377,39.492453,185.43,reconstructed_gap
2026-10-05 11:10:32,43.788276,39.492577,185.44,reconstructed_gap
2026-10-05 11:10:33,43.788174,39.492701,185.45,reconstructed_gap
2026-10-05 11:10:34,43.788072,39.492825,185.46,reconstructed_gap
2026-10-05 11:10:35,43.787971,39.492949,185.48,reconstructed_gap
2026-10-05 11:10:36,43.787869,39.493073,185.51,reconstructed_gap
2026-10-05 11:10:37,43.787767,39.493197,185.54,reconstructed_gap
2026-10-05 11:10:38,43.787665,39.493322,185.58,reconstructed_gap
2026-10-05 11:10:39,43.787564,39.493446,185.62,reconstructed_gap
2026-10-05 11:10:40,43.787462,39.49357,185.67,reconstructed_gap
2026-10-05 11:10:41,43.78736,39.493694,185.72,reconstructed_gap
2026-10-05 11:10:42,43.787257,39.493819,185.78,reconstructed_gap
2026-10-05 11:10:43,43.787155,39.493943,185.84,reconstructed_gap
2026-10-05 11:10:44,43.787053,39.494068,185.9,reconstructed_gap
2026-10-05 11:10:45,43.78695,39.494192,185.96,reconstructed_gap
2026-10-05 11:10:46,43.786848,39.494317,186.03,reconstructed_gap
2026-10-05 11:10:47,43.786745,39.494441,186.11,reconstructed_gap
2026-10-05 11:10:48,43.786643,39.494566,186.18,reconstructed_gap
2026-10-05 11:10:49,43.78654,39.494691,186.26,reconstructed_gap
2026-10-05 11:10:50,43.786437,39.494815,186.34,reconstructed_gap
2026-10-05 11:10:51,43.786334,39.49494,186.42,reconstructed_gap
2026-10-05 11:10:52,43.786231,39.495065,186.5,reconstructed_gap
2026-10-05 11:10:53,43.786127,39.495189,186.59,reconstructed_gap
2026-10-05 11:10:54,43.786024,39.495314,186.68,reconstructed_gap
2026-10-05 11:10:55,43.785921,39.495439,186.76,reconstructed_gap
2026-10-05 11:10:56,43.785817,39.495564,186.85,reconstructed_gap
2026-10-05 11:10:57,43.785713,39.495689,186.94,reconstructed_gap
2026-10-05 11:10:58,43.785609,39.495814,187.03,reconstructed_gap
2026-10-05 11:10:59,43.785505,39.495939,187.12,reconstructed_gap
2026-10-05 11:11:00,43.785401,39.496064,187.21,reconstructed_gap
2026-10-05 11:11:01,43.785297,39.496189,187.3,reconstructed_gap
2026-10-05 11:11:02,43.785193,39.496314,187.39,reconstructed_gap
2026-10-05 11:11:03,43.785088,39.496438,187.47,reconstructed_gap
2026-10-05 11:11:04,43.784983,39.496563,187.56,reconstructed_gap
2026-10-05 11:11:05,43.784878,39.496689,187.64,reconstructed_gap
2026-10-05 11:11:06,43.784773,39.496814,187.72,reconstructed_gap
2026-10-05 11:11:07,43.784668,39.496939,187.8,reconstructed_gap
2026-10-05 11:11:08,43.784563,39.497064,187.88,reconstructed_gap
2026-10-05 11:11:09,43.784457,39.497189,187.95,reconstructed_gap
2026-10-05 11:11:10,43.784352,39.497314,188.02,reconstructed_gap
2026-10-05 11:11:11,43.784246,39.497439,188.09,reconstructed_gap
2026-10-05 11:11:12,43.78414,39.497564,188.15,reconstructed_gap
2026-10-05 11:11:13,43.784034,39.497689,188.21,reconstructed_gap
2026-10-05 11:11:14,43.783927,39.497814,188.26,reconstructed_gap
2026-10-05 11:11:15,43.783821,39.497939,188.31,reconstructed_gap
2026-10-05 11:11:16,43.783714,39.498064,188.36,reconstructed_gap
2026-10-05 11:11:17,43.783607,39.498189,188.4,reconstructed_gap
2026-10-05 11:11:18,43.7835,39.498314,188.43,reconstructed_gap
2026-10-05 11:11:19,43.783392,39.498439,188.46,reconstructed_gap
2026-10-05 11:11:20,43.783285,39.498564,188.48,reconstructed_gap
2026-10-05 11:11:21,43.783177,39.498689,188.49,reconstructed_gap
2026-10-05 11:11:22,43.783069,39.498814,188.5,reconstructed_gap
2026-10-05 11:11:23,43.782961,39.498939,188.5,reconstructed_gap
2026-10-05 11:11:24,43.782852,39.499064,188.49,reconstructed_gap
2026-10-05 11:11:25,43.782744,39.499189,188.47,reconstructed_gap
2026-10-05 11:11:26,43.782635,39.499314,188.44,reconstructed_gap
2026-10-05 11:11:27,43.782526,39.499439,188.41,reconstructed_gap
2026-10-05 11:11:28,43.782417,39.499564,188.36,reconstructed_gap
2026-10-05 11:11:29,43.782307,39.499689,188.31,reconstructed_gap
2026-10-05 11:11:30,43.782197,39.499814,188.25,reconstructed_gap
2026-10-05 11:11:31,43.782087,39.499938,188.17,reconstructed_gap
2026-10-05 11:11:32,43.781977,39.500063,188.09,reconstructed_gap
2026-10-05 11:11:33,43.781866,39.500188,187.99,reconstructed_gap
2026-10-05 11:11:34,43.781755,39.500313,187.89,reconstructed_gap
2026-10-05 11:11:35,43.781644,39.500437,187.77,reconstructed_gap
2026-10-05 11:11:36,43.781533,39.500562,187.63,reconstructed_gap
2026-10-05 11:11:37,43.781421,39.500687,187.49,reconstructed_gap
2026-10-05 11:11:38,43.781309,39.500811,187.33,reconstructed_gap
2026-10-05 11:11:39,43.781197,39.500936,187.16,reconstructed_gap
2026-10-05 11:11:40,43.781085,39.50106,186.98,reconstructed_gap
2026-10-05 11:11:41,43.780972,39.501185,186.78,reconstructed_gap
2026-10-05 11:11:42,43.780859,39.501309,186.56,reconstructed_gap
2026-10-05 11:11:43,43.780746,39.501433,186.34,reconstructed_gap
2026-10-05 11:11:44,43.780632,39.501558,186.09,reconstructed_gap
2026-10-05 11:11:45,43.780518,39.501682,185.83,reconstructed_gap
2026-10-05 11:11:46,43.780404,39.501806,185.56,reconstructed_gap
2026-10-05 11:11:47,43.780289,39.50193,185.26,reconstructed_gap
2026-10-05 11:11:48,43.780174,39.502054,184.95,reconstructed_gap
2026-10-05 11:11:49,43.780059,39.502178,184.62,reconstructed_gap
2026-10-05 11:11:50,43.779944,39.502302,184.28,reconstructed_gap
2026-10-05 11:11:51,43.779828,39.502426,183.91,reconstructed_gap
2026-10-05 11:11:52,43.779731,39.502552,183.57,observed
2026-10-05 11:11:53,43.779575,39.502695,183.05,observed
2026-10-05 11:11:54,43.779474,39.502793,182.66,interp_short
2026-10-05 11:11:55,43.779374,39.502882,182.33,interp_short
2026-10-05 11:11:56,43.779266,39.502983,181.94,observed
2026-10-05 11:11:57,43.779115,39.503128,181.4,interp_short
2026-10-05 11:11:58,43.778961,39.503276,180.75,observed
2026-10-05 11:11:59,43.77881,39.503425,180.12,observed
2026-10-05 11:12:00,43.778736,39.503499,179.8,interp_short
2026-10-05 11:12:01,43.778659,39.503575,179.47,observed
2026-10-05 11:12:02,43.77851,39.503726,178.8,observed
2026-10-05 11:12:03,43.778362,39.50388,178.09,interp_short
2026-10-05 11:12:04,43.778215,39.504032,177.39,observed
2026-10-05 11:12:05,43.778069,39.504186,176.66,observed
2026-10-05 11:12:06,43.777923,39.504342,175.92,observed
2026-10-05 11:12:07,43.777779,39.5045,175.15,observed
2026-10-05 11:12:08,43.777706,39.50458,174.76,interp_short
2026-10-05 11:12:09,43.777636,39.504658,174.37,observed
2026-10-05 11:12:10,43.777493,39.504818,173.58,observed
2026-10-05 11:12:11,43.777352,39.504979,172.77,observed
2026-10-05 11:12:12,43.777278,39.505061,172.39,interp_short
2026-10-05 11:12:13,43.777211,39.505141,171.96,observed
2026-10-05 11:12:14,43.777071,39.505304,171.13,observed
2026-10-05 11:12:15,43.776999,39.505387,170.71,interp_short
2026-10-05 11:12:16,43.776932,39.505469,170.3,observed
2026-10-05 11:12:17,43.776794,39.505634,169.47,observed
2026-10-05 11:12:18,43.776725,39.505716,169.02,interp_short
2026-10-05 11:12:19,43.776657,39.505801,168.63,observed
2026-10-05 11:12:20,43.776521,39.505969,167.8,observed
2026-10-05 11:12:21,43.776385,39.506137,166.96,observed
2026-10-05 11:12:22,43.776318,39.506219,166.57,interp_short
2026-10-05 11:12:23,43.77625,39.506307,166.14,observed
2026-10-05 11:12:24,43.776115,39.506478,165.32,observed
2026-10-05 11:12:25,43.776049,39.506561,164.89,interp_short
2026-10-05 11:12:26,43.775982,39.506649,164.51,observed
2026-10-05 11:12:27,43.775849,39.506821,163.71,observed
2026-10-05 11:12:28,43.775716,39.506994,162.93,observed
2026-10-05 11:12:29,43.775651,39.507078,162.52,interp_short
2026-10-05 11:12:30,43.775584,39.507168,162.16,observed
2026-10-05 11:12:31,43.775453,39.50734,161.49,interp_short
2026-10-05 11:12:32,43.775321,39.507518,160.7,observed
2026-10-05 11:12:33,43.77519,39.507694,160.0,observed
2026-10-05 11:12:34,43.77506,39.507871,159.33,observed
2026-10-05 11:12:35,43.774995,39.507958,158.99,interp_short
2026-10-05 11:12:36,43.77493,39.508048,158.68,observed
2026-10-05 11:12:37,43.7748,39.508225,158.07,observed
2026-10-05 11:12:38,43.77467,39.508403,157.49,observed
2026-10-05 11:12:39,43.774606,39.508491,157.21,interp_short
2026-10-05 11:12:40,43.774541,39.508582,156.94,observed
2026-10-05 11:12:41,43.774412,39.508761,156.43,observed
2026-10-05 11:12:42,43.774283,39.50894,155.95,observed
2026-10-05 11:12:43,43.774154,39.509119,155.51,observed
2026-10-05 11:12:44,43.774025,39.509298,155.1,observed
2026-10-05 11:12:45,43.773936,39.509421,154.82,interp_short
2026-10-05 11:12:46,43.773853,39.509537,154.63,interp_short
2026-10-05 11:12:47,43.773766,39.509658,154.41,observed
2026-10-05 11:12:48,43.773637,39.509838,154.12,observed
2026-10-05 11:12:49,43.773508,39.510018,153.87,observed
2026-10-05 11:12:50,43.773443,39.510107,153.75,interp_short
2026-10-05 11:12:51,43.773378,39.510197,153.66,observed
2026-10-05 11:12:52,43.773248,39.510377,153.49,observed
2026-10-05 11:12:53,43.773119,39.510557,153.36,observed
2026-10-05 11:12:54,43.772988,39.510737,153.26,observed
2026-10-05 11:12:55,43.772923,39.510828,153.22,interp_short
2026-10-05 11:12:56,43.772858,39.510916,153.2,observed
2026-10-05 11:12:57,43.772727,39.511095,153.17,observed
2026-10-05 11:12:58,43.772596,39.511274,153.17,observed
2026-10-05 11:12:59,43.77253,39.511365,153.18,interp_short
2026-10-05 11:13:00,43.772464,39.511453,153.21,observed
2026-10-05 11:13:01,43.772332,39.511632,153.27,observed
2026-10-05 11:13:02,43.7722,39.51181,153.37,observed
2026-10-05 11:13:03,43.772066,39.51199,153.48,interp_short
2026-10-05 11:13:04,43.771934,39.512165,153.62,observed
2026-10-05 11:13:05,43.771801,39.512342,153.78,observed
2026-10-05 11:13:06,43.771732,39.512434,153.89,interp_short
2026-10-05 11:13:07,43.771666,39.512519,153.96,observed
2026-10-05 11:13:08,43.771598,39.51261,154.03,interp_short
2026-10-05 11:13:09,43.771532,39.512695,154.16,observed
2026-10-05 11:13:10,43.771397,39.512871,154.36,observed
2026-10-05 11:13:11,43.771261,39.513047,154.58,observed
2026-10-05 11:13:12,43.771125,39.513222,154.8,observed
2026-10-05 11:13:13,43.771056,39.51331,154.94,interp_short
2026-10-05 11:13:14,43.770988,39.513396,155.02,observed
2026-10-05 11:13:15,43.77092,39.513484,155.11,interp_short
2026-10-05 11:13:16,43.770851,39.51357,155.25,observed
2026-10-05 11:13:17,43.770714,39.513743,155.47,observed
2026-10-05 11:13:18,43.770575,39.513916,155.69,observed
2026-10-05 11:13:19,43.770507,39.514003,155.79,interp_short
2026-10-05 11:13:20,43.770437,39.514089,155.89,observed
2026-10-05 11:13:21,43.770298,39.514261,156.09,observed
2026-10-05 11:13:22,43.770229,39.514346,156.19,interp_short
2026-10-05 11:13:23,43.770158,39.514432,156.27,observed
2026-10-05 11:13:24,43.770018,39.514603,156.44,observed
2026-10-05 11:13:25,43.769877,39.514774,156.58,observed
2026-10-05 11:13:26,43.769783,39.514888,156.67,interp_short
2026-10-05 11:13:27,43.769691,39.514999,156.74,interp_short
2026-10-05 11:13:28,43.769594,39.515113,156.8,observed
2026-10-05 11:13:29,43.769452,39.515282,156.87,observed
2026-10-05 11:13:30,43.76931,39.51545,156.91,observed
2026-10-05 11:13:31,43.769239,39.515534,156.92,interp_short
2026-10-05 11:13:32,43.769167,39.515618,156.91,observed
2026-10-05 11:13:33,43.769071,39.515732,156.88,interp_short
2026-10-05 11:13:34,43.768978,39.51584,156.85,interp_short
2026-10-05 11:13:35,43.76888,39.515953,156.82,observed
2026-10-05 11:13:36,43.768809,39.516036,156.79,interp_short
2026-10-05 11:13:37,43.768736,39.516119,156.72,observed
2026-10-05 11:13:38,43.768592,39.516285,156.58,observed
2026-10-05 11:13:39,43.768447,39.516451,156.38,interp_short
2026-10-05 11:13:40,43.768302,39.516616,156.18,observed
2026-10-05 11:13:41,43.768204,39.516728,156.02,interp_short
2026-10-05 11:13:42,43.768109,39.516836,155.86,interp_short
2026-10-05 11:13:43,43.768011,39.516946,155.61,observed
2026-10-05 11:13:44,43.767865,39.51711,155.27,observed
2026-10-05 11:13:45,43.767767,39.517221,155.0,interp_short
2026-10-05 11:13:46,43.767671,39.517329,154.77,interp_short
2026-10-05 11:13:47,43.767573,39.517437,154.45,observed
2026-10-05 11:13:48,43.767426,39.5176,153.97,observed
2026-10-05 11:13:49,43.767279,39.517763,153.46,observed
2026-10-05 11:13:50,43.767205,39.517846,153.21,interp_short
2026-10-05 11:13:51,43.767132,39.517926,152.9,observed
2026-10-05 11:13:52,43.766985,39.518088,152.3,observed
2026-10-05 11:13:53,43.766911,39.518171,152.0,interp_short
2026-10-05 11:13:54,43.766838,39.51825,151.67,observed
2026-10-05 11:13:55,43.766691,39.518412,150.99,observed
2026-10-05 11:13:56,43.766617,39.518494,150.65,interp_short
2026-10-05 11:13:57,43.766544,39.518573,150.29,observed
2026-10-05 11:13:58,43.766396,39.518735,149.54,observed
2026-10-05 11:13:59,43.766322,39.518816,149.14,interp_short
2026-10-05 11:14:00,43.766249,39.518896,148.77,observed
2026-10-05 11:14:01,43.766101,39.519057,147.96,interp_short
2026-10-05 11:14:02,43.765954,39.519218,147.12,observed
2026-10-05 11:14:03,43.76588,39.519298,146.69,interp_short
2026-10-05 11:14:04,43.765806,39.519378,146.26,observed
2026-10-05 11:14:05,43.765659,39.519538,145.4,interp_short
2026-10-05 11:14:06,43.765511,39.519699,144.47,observed
2026-10-05 11:14:07,43.765438,39.519779,143.88,interp_short
2026-10-05 11:14:08,43.765364,39.51986,143.54,observed
2026-10-05 11:14:09,43.765291,39.519939,143.2,interp_short
2026-10-05 11:14:10,43.765216,39.52002,142.6,observed
2026-10-05 11:14:11,43.765069,39.52018,141.64,observed
2026-10-05 11:14:12,43.764921,39.52034,140.68,observed
2026-10-05 11:14:13,43.764774,39.5205,139.7,observed
2026-10-05 11:14:14,43.764701,39.52058,139.07,interp_short
2026-10-05 11:14:15,43.764627,39.52066,138.71,observed
2026-10-05 11:14:16,43.764554,39.52074,138.35,interp_short
2026-10-05 11:14:17,43.76448,39.52082,137.73,observed
2026-10-05 11:14:18,43.764332,39.52098,136.74,observed
2026-10-05 11:14:19,43.764185,39.52114,135.75,observed
2026-10-05 11:14:20,43.764039,39.5213,134.76,observed
2026-10-05 11:14:21,43.763965,39.521381,134.26,interp_short
2026-10-05 11:14:22,43.763892,39.52146,133.78,observed
2026-10-05 11:14:23,43.763745,39.52162,132.81,observed
2026-10-05 11:14:24,43.763598,39.52178,131.85,observed
2026-10-05 11:14:25,43.763523,39.521862,131.36,interp_short
2026-10-05 11:14:26,43.763452,39.52194,130.89,observed
2026-10-05 11:14:27,43.763304,39.522101,129.99,interp_short
2026-10-05 11:14:28,43.763159,39.52226,129.03,observed
2026-10-05 11:14:29,43.763085,39.522341,128.45,interp_short
2026-10-05 11:14:30,43.763013,39.52242,128.13,observed
2026-10-05 11:14:31,43.762939,39.522501,127.81,interp_short
2026-10-05 11:14:32,43.762867,39.52258,127.24,observed
2026-10-05 11:14:33,43.762721,39.52274,126.37,observed
2026-10-05 11:14:34,43.762622,39.522849,125.74,interp_short
2026-10-05 11:14:35,43.762526,39.522954,125.28,interp_short
2026-10-05 11:14:36,43.76243,39.52306,124.69,observed
2026-10-05 11:14:37,43.762284,39.52322,123.88,observed
2026-10-05 11:14:38,43.762205,39.523306,123.37,interp_short
2026-10-05 11:14:39,43.762138,39.52338,123.1,interp_short
2026-10-05 11:14:40,43.762071,39.523455,122.83,interp_short
2026-10-05 11:14:41,43.761993,39.523541,122.33,observed
2026-10-05 11:14:42,43.761848,39.523701,121.58,observed
2026-10-05 11:14:43,43.761775,39.523782,121.2,interp_short
2026-10-05 11:14:44,43.761702,39.523862,120.86,observed
2026-10-05 11:14:45,43.761557,39.524022,120.16,observed
2026-10-05 11:14:46,43.761412,39.524183,119.48,observed
2026-10-05 11:14:47,43.761267,39.524343,118.82,observed
2026-10-05 11:14:48,43.761195,39.524423,118.41,interp_short
2026-10-05 11:14:49,43.761122,39.524504,118.18,observed
2026-10-05 11:14:50,43.76105,39.524583,117.96,interp_short
2026-10-05 11:14:51,43.760977,39.524664,117.55,observed
2026-10-05 11:14:52,43.760832,39.524825,116.95,observed
2026-10-05 11:14:53,43.760762,39.524903,116.64,interp_short
2026-10-05 11:14:54,43.760688,39.524985,116.35,observed
2026-10-05 11:14:55,43.760543,39.525146,115.77,observed
2026-10-05 11:14:56,43.760398,39.525306,115.21,observed
2026-10-05 11:14:57,43.760328,39.525385,114.86,interp_short
2026-10-05 11:14:58,43.760254,39.525467,114.65,observed
2026-10-05 11:14:59,43.760183,39.525545,114.45,interp_short
2026-10-05 11:15:00,43.760109,39.525628,114.11,observed
2026-10-05 11:15:01,43.759965,39.525788,113.57,observed
2026-10-05 11:15:02,43.759821,39.525949,113.03,observed
2026-10-05 11:15:03,43.759677,39.526109,112.5,observed
2026-10-05 11:15:04,43.759532,39.52627,111.97,observed
2026-10-05 11:15:05,43.759461,39.526349,111.69,interp_short
2026-10-05 11:15:06,43.759388,39.52643,111.44,observed
2026-10-05 11:15:07,43.759244,39.52659,110.97,interp_short
2026-10-05 11:15:08,43.7591,39.526751,110.36,observed
2026-10-05 11:15:09,43.758956,39.526912,109.81,observed
2026-10-05 11:15:10,43.758858,39.527021,109.44,interp_short
2026-10-05 11:15:11,43.758766,39.527123,109.13,interp_short
2026-10-05 11:15:12,43.758669,39.527232,108.69,observed
2026-10-05 11:15:13,43.758525,39.527393,108.11,observed
2026-10-05 11:15:14,43.758454,39.527473,107.8,interp_short
2026-10-05 11:15:15,43.758382,39.527553,107.51,observed
2026-10-05 11:15:16,43.758238,39.527713,106.9,observed
2026-10-05 11:15:17,43.758095,39.527873,106.27,observed
2026-10-05 11:15:18,43.758024,39.527952,105.96,interp_short
2026-10-05 11:15:19,43.757951,39.528034,105.63,observed
2026-10-05 11:15:20,43.757809,39.528192,104.95,interp_short
2026-10-05 11:15:21,43.757665,39.528354,104.27,observed
2026-10-05 11:15:22,43.757595,39.528432,103.93,interp_short
2026-10-05 11:15:23,43.757522,39.528514,103.56,observed
2026-10-05 11:15:24,43.75738,39.528674,102.82,observed
2026-10-05 11:15:25,43.757237,39.528834,102.07,observed
2026-10-05 11:15:26,43.757094,39.528993,101.29,observed
2026-10-05 11:15:27,43.756952,39.529153,100.48,observed
2026-10-05 11:15:28,43.75681,39.529313,99.65,observed
2026-10-05 11:15:29,43.756739,39.529393,99.23,interp_short
2026-10-05 11:15:30,43.756668,39.529473,98.8,observed
2026-10-05 11:15:31,43.756526,39.529632,97.92,observed
2026-10-05 11:15:32,43.756384,39.529792,97.02,observed
2026-10-05 11:15:33,43.756242,39.529952,96.1,observed
2026-10-05 11:15:34,43.756101,39.530111,95.16,observed
2026-10-05 11:15:35,43.756028,39.530194,94.68,interp_short
2026-10-05 11:15:36,43.75596,39.530271,94.19,observed
2026-10-05 11:15:37,43.755819,39.530431,93.21,observed
2026-10-05 11:15:38,43.755678,39.53059,92.21,observed
2026-10-05 11:15:39,43.755537,39.53075,91.2,observed
2026-10-05 11:15:40,43.755465,39.530831,90.71,interp_short
2026-10-05 11:15:41,43.755397,39.530909,90.17,observed
2026-10-05 11:15:42,43.755257,39.531069,89.13,observed
2026-10-05 11:15:43,43.755185,39.53115,88.61,interp_short
2026-10-05 11:15:44,43.755117,39.531228,88.08,observed
2026-10-05 11:15:45,43.754977,39.531388,87.03,observed
2026-10-05 11:15:46,43.754906,39.531468,86.47,interp_short
2026-10-05 11:15:47,43.754837,39.531548,85.97,observed
2026-10-05 11:15:48,43.754698,39.531708,84.91,observed
2026-10-05 11:15:49,43.754559,39.531867,83.85,observed
2026-10-05 11:15:50,43.754489,39.531947,83.33,interp_short
2026-10-05 11:15:51,43.75442,39.532027,82.79,observed
2026-10-05 11:15:52,43.754281,39.532187,81.74,observed
2026-10-05 11:15:53,43.754143,39.532347,80.69,observed
2026-10-05 11:15:54,43.754005,39.532507,79.66,observed
2026-10-05 11:15:55,43.753935,39.532588,79.01,interp_short
2026-10-05 11:15:56,43.753866,39.532668,78.64,observed
2026-10-05 11:15:57,43.753797,39.532748,78.27,interp_short
2026-10-05 11:15:58,43.753729,39.532828,77.64,observed
2026-10-05 11:15:59,43.753591,39.532988,76.66,observed
2026-10-05 11:16:00,43.753453,39.533149,75.7,observed
2026-10-05 11:16:01,43.753316,39.53331,74.77,observed
2026-10-05 11:16:02,43.753246,39.533391,74.33,interp_short
2026-10-05 11:16:03,43.753179,39.533471,73.87,observed
2026-10-05 11:16:04,43.753042,39.533632,73.0,observed
2026-10-05 11:16:05,43.752973,39.533713,72.53,interp_short
2026-10-05 11:16:06,43.752905,39.533793,72.15,observed
2026-10-05 11:16:07,43.752768,39.533955,71.39,interp_short
2026-10-05 11:16:08,43.752632,39.534116,70.58,observed
2026-10-05 11:16:09,43.752564,39.534197,70.1,interp_short
2026-10-05 11:16:10,43.752496,39.534278,69.85,observed
2026-10-05 11:16:11,43.752428,39.534359,69.59,interp_short
2026-10-05 11:16:12,43.752359,39.534441,69.17,observed
2026-10-05 11:16:13,43.752223,39.534603,68.53,observed
2026-10-05 11:16:14,43.752087,39.534766,67.93,observed
2026-10-05 11:16:15,43.752019,39.534846,67.65,interp_short
2026-10-05 11:16:16,43.751951,39.534928,67.38,observed
2026-10-05 11:16:17,43.751815,39.535092,66.87,observed
2026-10-05 11:16:18,43.751748,39.535172,66.61,interp_short
2026-10-05 11:16:19,43.751679,39.535255,66.42,observed
2026-10-05 11:16:20,43.751543,39.535419,66.01,observed
2026-10-05 11:16:21,43.751407,39.535583,65.65,observed
2026-10-05 11:16:22,43.75134,39.535664,65.48,interp_short
2026-10-05 11:16:23,43.751271,39.535747,65.34,observed
2026-10-05 11:16:24,43.751135,39.535912,65.09,observed
2026-10-05 11:16:25,43.750999,39.536077,64.88,observed
2026-10-05 11:16:26,43.750932,39.536159,64.77,interp_short
2026-10-05 11:16:27,43.750863,39.536242,64.72,observed
2026-10-05 11:16:28,43.750772,39.536353,64.66,interp_short
2026-10-05 11:16:29,43.750683,39.536462,64.6,interp_short
2026-10-05 11:16:30,43.75059,39.536574,64.55,observed
2026-10-05 11:16:31,43.750454,39.53674,64.54,observed
2026-10-05 11:16:32,43.750317,39.536907,64.57,observed
2026-10-05 11:16:33,43.750249,39.53699,64.59,interp_short
2026-10-05 11:16:34,43.75018,39.537074,64.64,observed
2026-10-05 11:16:35,43.750043,39.537241,64.76,observed
2026-10-05 11:16:36,43.74993,39.537371,64.82,reconstructed_gap
2026-10-05 11:16:37,43.749829,39.537491,64.95,reconstructed_gap
2026-10-05 11:16:38,43.749727,39.537611,65.09,reconstructed_gap
2026-10-05 11:16:39,43.749625,39.537731,65.25,reconstructed_gap
2026-10-05 11:16:40,43.749523,39.53785,65.43,reconstructed_gap
2026-10-05 11:16:41,43.749421,39.53797,65.62,reconstructed_gap
2026-10-05 11:16:42,43.749319,39.538089,65.83,reconstructed_gap
2026-10-05 11:16:43,43.749217,39.538208,66.05,reconstructed_gap
2026-10-05 11:16:44,43.749116,39.538327,66.29,reconstructed_gap
2026-10-05 11:16:45,43.749014,39.538446,66.54,reconstructed_gap
2026-10-05 11:16:46,43.748912,39.538565,66.8,reconstructed_gap
2026-10-05 11:16:47,43.74881,39.538683,67.08,reconstructed_gap
2026-10-05 11:16:48,43.748708,39.538802,67.36,reconstructed_gap
2026-10-05 11:16:49,43.748607,39.53892,67.66,reconstructed_gap
2026-10-05 11:16:50,43.748505,39.539038,67.97,reconstructed_gap
2026-10-05 11:16:51,43.748403,39.539156,68.28,reconstructed_gap
2026-10-05 11:16:52,43.748301,39.539274,68.61,reconstructed_gap
2026-10-05 11:16:53,43.748199,39.539392,68.94,reconstructed_gap
2026-10-05 11:16:54,43.748098,39.53951,69.28,reconstructed_gap
2026-10-05 11:16:55,43.747996,39.539628,69.63,reconstructed_gap
2026-10-05 11:16:56,43.747894,39.539745,69.98,reconstructed_gap
2026-10-05 11:16:57,43.747792,39.539863,70.34,reconstructed_gap
2026-10-05 11:16:58,43.747691,39.53998,70.71,reconstructed_gap
2026-10-05 11:16:59,43.747589,39.540097,71.08,reconstructed_gap
2026-10-05 11:17:00,43.747487,39.540214,71.46,reconstructed_gap
2026-10-05 11:17:01,43.747385,39.540331,71.84,reconstructed_gap
2026-10-05 11:17:02,43.747283,39.540448,72.22,reconstructed_gap
2026-10-05 11:17:03,43.747182,39.540565,72.61,reconstructed_gap
2026-10-05 11:17:04,43.74708,39.540682,73.0,reconstructed_gap
2026-10-05 11:17:05,43.746978,39.540799,73.39,reconstructed_gap
2026-10-05 11:17:06,43.746876,39.540916,73.79,reconstructed_gap
2026-10-05 11:17:07,43.746774,39.541032,74.19,reconstructed_gap
2026-10-05 11:17:08,43.746672,39.541149,74.59,reconstructed_gap
2026-10-05 11:17:09,43.746571,39.541265,74.99,reconstructed_gap
2026-10-05 11:17:10,43.746469,39.541381,75.39,reconstructed_gap
2026-10-05 11:17:11,43.746367,39.541498,75.8,reconstructed_gap
2026-10-05 11:17:12,43.746265,39.541614,76.2,reconstructed_gap
2026-10-05 11:17:13,43.746163,39.54173,76.6,reconstructed_gap
2026-10-05 11:17:14,43.746061,39.541846,77.01,reconstructed_gap
2026-10-05 11:17:15,43.745959,39.541962,77.41,reconstructed_gap
2026-10-05 11:17:16,43.745857,39.542078,77.81,reconstructed_gap
2026-10-05 11:17:17,43.745755,39.542194,78.21,reconstructed_gap
2026-10-05 11:17:18,43.745653,39.54231,78.61,reconstructed_gap
2026-10-05 11:17:19,43.745551,39.542426,79.01,reconstructed_gap
2026-10-05 11:17:20,43.745449,39.542542,79.4,reconstructed_gap
2026-10-05 11:17:21,43.745347,39.542658,79.8,reconstructed_gap
2026-10-05 11:17:22,43.745245,39.542773,80.19,reconstructed_gap
2026-10-05 11:17:23,43.745143,39.542889,80.58,reconstructed_gap
2026-10-05 11:17:24,43.745041,39.543005,80.96,reconstructed_gap
2026-10-05 11:17:25,43.744939,39.54312,81.35,reconstructed_gap
2026-10-05 11:17:26,43.744836,39.543236,81.73,reconstructed_gap
2026-10-05 11:17:27,43.744734,39.543351,82.1,reconstructed_gap
2026-10-05 11:17:28,43.744632,39.543467,82.47,reconstructed_gap
2026-10-05 11:17:29,43.74453,39.543583,82.84,reconstructed_gap
2026-10-05 11:17:30,43.744427,39.543698,83.21,reconstructed_gap
2026-10-05 11:17:31,43.744325,39.543814,83.57,reconstructed_gap
2026-10-05 11:17:32,43.744223,39.543929,83.92,reconstructed_gap
2026-10-05 11:17:33,43.74412,39.544044,84.28,reconstructed_gap
2026-10-05 11:17:34,43.744018,39.54416,84.62,reconstructed_gap
2026-10-05 11:17:35,43.743915,39.544275,84.96,reconstructed_gap
2026-10-05 11:17:36,43.743813,39.544391,85.3,reconstructed_gap
2026-10-05 11:17:37,43.74371,39.544506,85.63,reconstructed_gap
2026-10-05 11:17:38,43.743608,39.544622,85.96,reconstructed_gap
2026-10-05 11:17:39,43.743505,39.544737,86.28,reconstructed_gap
2026-10-05 11:17:40,43.743402,39.544853,86.59,reconstructed_gap
2026-10-05 11:17:41,43.7433,39.544968,86.9,reconstructed_gap
2026-10-05 11:17:42,43.743197,39.545083,87.2,reconstructed_gap
2026-10-05 11:17:43,43.743094,39.545199,87.5,reconstructed_gap
2026-10-05 11:17:44,43.742991,39.545314,87.79,reconstructed_gap
2026-10-05 11:17:45,43.742888,39.54543,88.07,reconstructed_gap
2026-10-05 11:17:46,43.742785,39.545545,88.35,reconstructed_gap
2026-10-05 11:17:47,43.742682,39.545661,88.62,reconstructed_gap
2026-10-05 11:17:48,43.742579,39.545777,88.88,reconstructed_gap
2026-10-05 11:17:49,43.742476,39.545892,89.14,reconstructed_gap
2026-10-05 11:17:50,43.742373,39.546008,89.38,reconstructed_gap
2026-10-05 11:17:51,43.74227,39.546123,89.62,reconstructed_gap
2026-10-05 11:17:52,43.742167,39.546239,89.86,reconstructed_gap
2026-10-05 11:17:53,43.742063,39.546355,90.08,reconstructed_gap
2026-10-05 11:17:54,43.74196,39.546471,90.3,reconstructed_gap
2026-10-05 11:17:55,43.741857,39.546587,90.51,reconstructed_gap
2026-10-05 11:17:56,43.741753,39.546702,90.71,reconstructed_gap
2026-10-05 11:17:57,43.74165,39.546818,90.91,reconstructed_gap
2026-10-05 11:17:58,43.741546,39.546934,91.09,reconstructed_gap
2026-10-05 11:17:59,43.741443,39.54705,91.27,reconstructed_gap
2026-10-05 11:18:00,43.741339,39.547166,91.44,reconstructed_gap
2026-10-05 11:18:01,43.741235,39.547282,91.6,reconstructed_gap
2026-10-05 11:18:02,43.741131,39.547399,91.75,reconstructed_gap
2026-10-05 11:18:03,43.741027,39.547515,91.89,reconstructed_gap
2026-10-05 11:18:04,43.740923,39.547631,92.03,reconstructed_gap
2026-10-05 11:18:05,43.740819,39.547748,92.15,reconstructed_gap
2026-10-05 11:18:06,43.740715,39.547864,92.26,reconstructed_gap
2026-10-05 11:18:07,43.740611,39.54798,92.37,reconstructed_gap
2026-10-05 11:18:08,43.740507,39.548097,92.47,reconstructed_gap
2026-10-05 11:18:09,43.740403,39.548214,92.55,reconstructed_gap
2026-10-05 11:18:10,43.740298,39.54833,92.63,reconstructed_gap
2026-10-05 11:18:11,43.740194,39.548447,92.69,reconstructed_gap
2026-10-05 11:18:12,43.740089,39.548564,92.75,reconstructed_gap
2026-10-05 11:18:13,43.739985,39.548681,92.79,reconstructed_gap
2026-10-05 11:18:14,43.73988,39.548798,92.83,reconstructed_gap
2026-10-05 11:18:15,43.739775,39.548915,92.86,reconstructed_gap
2026-10-05 11:18:16,43.739671,39.549033,92.87,reconstructed_gap
2026-10-05 11:18:17,43.739566,39.54915,92.87,reconstructed_gap
2026-10-05 11:18:18,43.739461,39.549268,92.87,reconstructed_gap
2026-10-05 11:18:19,43.739356,39.549385,92.85,reconstructed_gap
2026-10-05 11:18:20,43.739251,39.549503,92.82,reconstructed_gap
2026-10-05 11:18:21,43.739145,39.54962,92.78,reconstructed_gap
2026-10-05 11:18:22,43.73904,39.549738,92.73,reconstructed_gap
2026-10-05 11:18:23,43.738935,39.549856,92.66,reconstructed_gap
2026-10-05 11:18:24,43.738829,39.549974,92.59,reconstructed_gap
2026-10-05 11:18:25,43.738724,39.550093,92.5,reconstructed_gap
2026-10-05 11:18:26,43.738618,39.550211,92.41,reconstructed_gap
2026-10-05 11:18:27,43.738512,39.550329,92.3,reconstructed_gap
2026-10-05 11:18:28,43.738406,39.550448,92.17,reconstructed_gap
2026-10-05 11:18:29,43.7383,39.550567,92.04,reconstructed_gap
2026-10-05 11:18:30,43.738194,39.550686,91.89,reconstructed_gap
2026-10-05 11:18:31,43.738088,39.550805,91.74,reconstructed_gap
2026-10-05 11:18:32,43.737982,39.550924,91.56,reconstructed_gap
2026-10-05 11:18:33,43.737876,39.551043,91.38,reconstructed_gap
2026-10-05 11:18:34,43.737769,39.551162,91.18,reconstructed_gap
2026-10-05 11:18:35,43.737663,39.551282,90.98,reconstructed_gap
2026-10-05 11:18:36,43.737556,39.551401,90.75,reconstructed_gap
2026-10-05 11:18:37,43.737449,39.551521,90.52,reconstructed_gap
2026-10-05 11:18:38,43.737343,39.551641,90.27,reconstructed_gap
2026-10-05 11:18:39,43.737236,39.551761,90.01,reconstructed_gap
2026-10-05 11:18:40,43.737129,39.551881,89.74,reconstructed_gap
2026-10-05 11:18:41,43.737021,39.552002,89.45,reconstructed_gap
2026-10-05 11:18:42,43.736914,39.552122,89.15,reconstructed_gap
2026-10-05 11:18:43,43.736807,39.552243,88.83,reconstructed_gap
2026-10-05 11:18:44,43.736699,39.552364,88.5,reconstructed_gap
2026-10-05 11:18:45,43.736592,39.552485,88.16,reconstructed_gap
2026-10-05 11:18:46,43.736484,39.552606,87.81,reconstructed_gap
2026-10-05 11:18:47,43.736376,39.552728,87.44,reconstructed_gap
2026-10-05 11:18:48,43.736268,39.552849,87.06,reconstructed_gap
2026-10-05 11:18:49,43.73616,39.552971,86.66,reconstructed_gap
2026-10-05 11:18:50,43.736052,39.553093,86.25,reconstructed_gap
2026-10-05 11:18:51,43.735944,39.553215,85.83,reconstructed_gap
2026-10-05 11:18:52,43.735835,39.553337,85.39,reconstructed_gap
2026-10-05 11:18:53,43.735727,39.55346,84.94,reconstructed_gap
2026-10-05 11:18:54,43.735618,39.553582,84.48,reconstructed_gap
2026-10-05 11:18:55,43.735509,39.553705,84.0,reconstructed_gap
2026-10-05 11:18:56,43.7354,39.553828,83.51,reconstructed_gap
2026-10-05 11:18:57,43.735291,39.553951,83.0,reconstructed_gap
2026-10-05 11:18:58,43.735182,39.554075,82.49,reconstructed_gap
2026-10-05 11:18:59,43.735073,39.554198,81.96,reconstructed_gap
2026-10-05 11:19:00,43.734963,39.554322,81.41,reconstructed_gap
2026-10-05 11:19:01,43.734854,39.554446,80.85,reconstructed_gap
2026-10-05 11:19:02,43.734744,39.554571,80.28,reconstructed_gap
2026-10-05 11:19:03,43.734634,39.554695,79.7,reconstructed_gap
2026-10-05 11:19:04,43.734524,39.55482,79.1,reconstructed_gap
2026-10-05 11:19:05,43.734414,39.554945,78.5,reconstructed_gap
2026-10-05 11:19:06,43.734304,39.55507,77.88,reconstructed_gap
2026-10-05 11:19:07,43.734193,39.555195,77.24,reconstructed_gap
2026-10-05 11:19:08,43.734083,39.555321,76.6,reconstructed_gap
2026-10-05 11:19:09,43.733972,39.555446,75.95,reconstructed_gap
2026-10-05 11:19:10,43.733861,39.555572,75.28,reconstructed_gap
2026-10-05 11:19:11,43.73375,39.555699,74.6,reconstructed_gap
2026-10-05 11:19:12,43.733639,39.555825,73.92,reconstructed_gap
2026-10-05 11:19:13,43.733528,39.555952,73.22,reconstructed_gap
2026-10-05 11:19:14,43.733416,39.556079,72.52,reconstructed_gap
2026-10-05 11:19:15,43.733305,39.556206,71.8,reconstructed_gap
2026-10-05 11:19:16,43.733193,39.556333,71.08,reconstructed_gap
2026-10-05 11:19:17,43.733081,39.556461,70.35,reconstructed_gap
2026-10-05 11:19:18,43.732969,39.556589,69.61,reconstructed_gap
2026-10-05 11:19:19,43.732857,39.556717,68.87,reconstructed_gap
2026-10-05 11:19:20,43.732744,39.556846,68.12,reconstructed_gap
2026-10-05 11:19:21,43.732632,39.556974,67.36,reconstructed_gap
2026-10-05 11:19:22,43.732519,39.557103,66.6,reconstructed_gap
2026-10-05 11:19:23,43.732406,39.557232,65.84,reconstructed_gap
2026-10-05 11:19:24,43.732293,39.557362,65.08,reconstructed_gap
2026-10-05 11:19:25,43.73218,39.557492,64.31,reconstructed_gap
2026-10-05 11:19:26,43.732066,39.557622,63.54,reconstructed_gap
2026-10-05 11:19:27,43.731953,39.557752,62.77,reconstructed_gap
2026-10-05 11:19:28,43.731839,39.557883,62.01,reconstructed_gap
2026-10-05 11:19:29,43.731725,39.558013,61.25,reconstructed_gap
2026-10-05 11:19:30,43.731611,39.558145,60.49,reconstructed_gap
2026-10-05 11:19:31,43.731497,39.558276,59.73,reconstructed_gap
2026-10-05 11:19:32,43.731382,39.558408,58.99,reconstructed_gap
2026-10-05 11:19:33,43.731268,39.55854,58.25,reconstructed_gap
2026-10-05 11:19:34,43.731153,39.558672,57.52,reconstructed_gap
2026-10-05 11:19:35,43.731038,39.558805,56.81,reconstructed_gap
2026-10-05 11:19:36,43.730923,39.558938,56.1,reconstructed_gap
2026-10-05 11:19:37,43.730807,39.559071,55.41,reconstructed_gap
2026-10-05 11:19:38,43.730692,39.559204,54.74,reconstructed_gap
2026-10-05 11:19:39,43.730576,39.559338,54.09,reconstructed_gap
2026-10-05 11:19:40,43.730475,39.559461,53.57,observed
2026-10-05 11:19:41,43.730347,39.559608,52.92,observed
2026-10-05 11:19:42,43.730219,39.559755,52.29,observed
2026-10-05 11:19:43,43.73009,39.559903,51.7,observed
2026-10-05 11:19:44,43.72996,39.560051,51.14,observed
2026-10-05 11:19:45,43.729831,39.5602,50.62,observed
2026-10-05 11:19:46,43.729701,39.56035,50.14,observed
2026-10-05 11:19:47,43.72957,39.5605,49.69,observed
2026-10-05 11:19:48,43.72944,39.56065,49.29,observed
2026-10-05 11:19:49,43.729308,39.560802,48.93,observed
2026-10-05 11:19:50,43.729177,39.560953,48.61,observed
2026-10-05 11:19:51,43.729086,39.561057,48.4,interp_short
2026-10-05 11:19:52,43.729002,39.561154,48.26,interp_short
2026-10-05 11:19:53,43.728911,39.561259,48.1,observed
2026-10-05 11:19:54,43.728778,39.561413,47.91,observed
2026-10-05 11:19:55,43.728709,39.561492,47.82,interp_short
2026-10-05 11:19:56,43.728644,39.561568,47.76,observed
2026-10-05 11:19:57,43.72851,39.561723,47.66,observed
2026-10-05 11:19:58,43.728375,39.561879,47.6,observed
2026-10-05 11:19:59,43.72824,39.562036,47.58,observed
2026-10-05 11:20:00,43.728104,39.562193,47.61,observed
2026-10-05 11:20:01,43.728035,39.562273,47.63,interp_short
2026-10-05 11:20:02,43.727967,39.562351,47.67,observed
2026-10-05 11:20:03,43.72783,39.56251,47.78,observed
2026-10-05 11:20:04,43.727693,39.56267,47.92,observed
2026-10-05 11:20:05,43.727624,39.562751,48.0,interp_short
2026-10-05 11:20:06,43.727555,39.562831,48.1,observed
2026-10-05 11:20:07,43.727416,39.562992,48.31,observed
2026-10-05 11:20:08,43.727277,39.563154,48.55,observed
2026-10-05 11:20:09,43.727207,39.563236,48.68,interp_short
2026-10-05 11:20:10,43.727137,39.563317,48.83,observed
2026-10-05 11:20:11,43.726996,39.56348,49.14,observed
2026-10-05 11:20:12,43.726855,39.563645,49.47,observed
2026-10-05 11:20:13,43.726785,39.563727,49.63,interp_short
2026-10-05 11:20:14,43.726714,39.56381,49.82,observed
2026-10-05 11:20:15,43.726571,39.563976,50.19,observed
2026-10-05 11:20:16,43.726501,39.564058,50.39,interp_short
2026-10-05 11:20:17,43.726429,39.564142,50.59,observed
2026-10-05 11:20:18,43.726285,39.56431,51.0,observed
2026-10-05 11:20:19,43.726142,39.564478,51.42,observed
2026-10-05 11:20:20,43.726071,39.56456,51.63,interp_short
2026-10-05 11:20:21,43.725997,39.564646,51.85,observed
2026-10-05 11:20:22,43.725852,39.564816,52.29,observed
2026-10-05 11:20:23,43.725707,39.564986,52.74,observed
2026-10-05 11:20:24,43.725635,39.56507,52.96,interp_short
2026-10-05 11:20:25,43.725561,39.565157,53.19,observed
2026-10-05 11:20:26,43.725415,39.565328,53.64,observed
2026-10-05 11:20:27,43.725317,39.565444,53.98,interp_short
2026-10-05 11:20:28,43.72522,39.565557,54.24,interp_short
2026-10-05 11:20:29,43.725121,39.565674,54.53,observed
2026-10-05 11:20:30,43.724973,39.565847,54.96,observed
2026-10-05 11:20:31,43.724825,39.566021,55.39,observed
2026-10-05 11:20:32,43.72475,39.566109,55.6,interp_short
2026-10-05 11:20:33,43.724676,39.566196,55.8,observed
2026-10-05 11:20:34,43.724527,39.566371,56.2,observed
2026-10-05 11:20:35,43.724377,39.566547,56.59,observed
2026-10-05 11:20:36,43.724227,39.566723,56.96,observed
2026-10-05 11:20:37,43.724151,39.566812,57.17,interp_short
2026-10-05 11:20:38,43.724077,39.5669,57.31,observed
2026-10-05 11:20:39,43.723963,39.567034,57.51,interp_short
2026-10-05 11:20:40,43.723849,39.567168,57.75,interp_short
2026-10-05 11:20:41,43.723736,39.567302,58.01,interp_short
2026-10-05 11:20:42,43.723624,39.567433,58.24,observed
2026-10-05 11:20:43,43.723527,39.567547,58.41,interp_short
2026-10-05 11:20:44,43.723438,39.567652,58.55,interp_short
2026-10-05 11:20:45,43.723351,39.567754,58.66,interp_short
2026-10-05 11:20:46,43.723263,39.567858,58.79,interp_short
2026-10-05 11:20:47,43.723168,39.56797,58.96,observed
2026-10-05 11:20:48,43.723016,39.56815,59.15,observed
2026-10-05 11:20:49,43.722939,39.56824,59.24,interp_short
2026-10-05 11:20:50,43.722863,39.568329,59.32,observed
2026-10-05 11:20:51,43.72271,39.56851,59.47,observed
2026-10-05 11:20:52,43.722557,39.56869,59.59,observed
2026-10-05 11:20:53,43.722404,39.568871,59.69,observed
2026-10-05 11:20:54,43.7223,39.568993,59.76,interp_short
2026-10-05 11:20:55,43.722199,39.569113,59.8,interp_short
2026-10-05 11:20:56,43.722097,39.569233,59.82,observed
2026-10-05 11:20:57,43.722019,39.569324,59.84,interp_short
2026-10-05 11:20:58,43.721943,39.569414,59.85,observed
2026-10-05 11:20:59,43.721866,39.569506,59.86,interp_short
2026-10-05 11:21:00,43.72179,39.569595,59.87,observed
2026-10-05 11:21:01,43.721635,39.569777,59.86,interp_short
2026-10-05 11:21:02,43.721482,39.569957,59.84,observed
2026-10-05 11:21:03,43.721404,39.570049,59.83,interp_short
2026-10-05 11:21:04,43.721328,39.570139,59.81,observed
2026-10-05 11:21:05,43.721173,39.57032,59.76,observed
2026-10-05 11:21:06,43.721019,39.570501,59.7,observed
2026-10-05 11:21:07,43.720941,39.570593,59.66,interp_short
2026-10-05 11:21:08,43.720865,39.570683,59.63,observed
2026-10-05 11:21:09,43.720788,39.570774,59.6,interp_short
2026-10-05 11:21:10,43.720711,39.570864,59.55,observed
2026-10-05 11:21:11,43.720557,39.571045,59.47,observed
2026-10-05 11:21:12,43.720481,39.571134,59.41,interp_short
2026-10-05 11:21:13,43.720403,39.571225,59.38,observed
2026-10-05 11:21:14,43.720327,39.571314,59.35,interp_short
2026-10-05 11:21:15,43.720249,39.571406,59.29,observed
2026-10-05 11:21:16,43.720095,39.571586,59.2,observed
2026-10-05 11:21:17,43.720019,39.571675,59.16,interp_short
2026-10-05 11:21:18,43.719941,39.571766,59.12,observed
2026-10-05 11:21:19,43.719788,39.571946,59.03,observed
2026-10-05 11:21:20,43.719634,39.572126,58.96,observed
2026-10-05 11:21:21,43.719559,39.572214,58.93,interp_short
2026-10-05 11:21:22,43.719481,39.572305,58.89,observed
2026-10-05 11:21:23,43.719327,39.572484,58.83,observed
2026-10-05 11:21:24,43.719252,39.572572,58.8,interp_short
2026-10-05 11:21:25,43.719174,39.572663,58.78,observed
2026-10-05 11:21:26,43.719021,39.572841,58.75,observed
2026-10-05 11:21:27,43.718868,39.573019,58.73,observed
2026-10-05 11:21:28,43.718716,39.573196,58.72,observed
2026-10-05 11:21:29,43.718633,39.573293,58.72,interp_short
2026-10-05 11:21:30,43.718563,39.573374,58.72,interp_short
2026-10-05 11:21:31,43.718493,39.573455,58.74,interp_short
2026-10-05 11:21:32,43.718411,39.57355,58.77,observed
2026-10-05 11:21:33,43.718259,39.573726,58.82,observed
2026-10-05 11:21:34,43.718108,39.573901,58.89,observed
2026-10-05 11:21:35,43.718006,39.57402,58.96,interp_short
2026-10-05 11:21:36,43.717906,39.574134,59.03,interp_short
2026-10-05 11:21:37,43.717805,39.574251,59.09,observed
2026-10-05 11:21:38,43.717703,39.574368,59.15,interp_short
2026-10-05 11:21:39,43.717605,39.574482,59.24,interp_short
2026-10-05 11:21:40,43.717503,39.574598,59.38,observed
2026-10-05 11:21:41,43.717353,39.574771,59.55,observed
2026-10-05 11:21:42,43.717278,39.574858,59.64,interp_short
2026-10-05 11:21:43,43.717203,39.574944,59.75,observed
2026-10-05 11:21:44,43.717053,39.575116,59.97,observed
2026-10-05 11:21:45,43.716978,39.575201,60.09,interp_short
2026-10-05 11:21:46,43.716903,39.575287,60.2,observed
2026-10-05 11:21:47,43.716754,39.575458,60.45,observed
2026-10-05 11:21:48,43.716605,39.575628,60.72,observed
2026-10-05 11:21:49,43.716505,39.575742,60.91,interp_short
2026-10-05 11:21:50,43.716408,39.575853,61.08,interp_short
2026-10-05 11:21:51,43.716308,39.575966,61.31,observed
2026-10-05 11:21:52,43.71616,39.576135,61.62,observed
2026-10-05 11:21:53,43.716085,39.57622,61.79,interp_short
2026-10-05 11:21:54,43.716012,39.576303,61.95,observed
2026-10-05 11:21:55,43.715865,39.57647,62.28,observed
2026-10-05 11:21:56,43.715717,39.576637,62.62,observed
2026-10-05 11:21:57,43.715616,39.576751,62.85,interp_short
2026-10-05 11:21:58,43.71552,39.57686,63.04,interp_short
2026-10-05 11:21:59,43.715424,39.576968,63.31,observed
2026-10-05 11:22:00,43.715278,39.577133,63.66,observed
2026-10-05 11:22:01,43.715203,39.577218,63.83,interp_short
2026-10-05 11:22:02,43.715132,39.577298,64.0,observed
2026-10-05 11:22:03,43.714986,39.577462,64.34,observed
2026-10-05 11:22:04,43.714886,39.577575,64.59,interp_short
2026-10-05 11:22:05,43.714791,39.577682,64.77,interp_short
2026-10-05 11:22:06,43.714696,39.577788,64.99,observed
2026-10-05 11:22:07,43.714551,39.577951,65.3,observed
2026-10-05 11:22:08,43.714478,39.578033,65.49,interp_short
2026-10-05 11:22:09,43.714406,39.578112,65.59,observed
2026-10-05 11:22:10,43.714334,39.578194,65.69,interp_short
2026-10-05 11:22:11,43.714262,39.578274,65.86,observed
2026-10-05 11:22:12,43.714118,39.578435,66.11,observed
2026-10-05 11:22:13,43.714047,39.578514,66.26,interp_short
2026-10-05 11:22:14,43.713974,39.578595,66.34,observed
2026-10-05 11:22:15,43.713904,39.578674,66.42,interp_short
2026-10-05 11:22:16,43.713831,39.578756,66.54,observed
2026-10-05 11:22:17,43.713688,39.578915,66.71,observed
2026-10-05 11:22:18,43.713545,39.579075,66.85,observed
2026-10-05 11:22:19,43.713475,39.579153,66.91,interp_short
2026-10-05 11:22:20,43.713402,39.579234,66.95,observed
2026-10-05 11:22:21,43.71326,39.579392,67.02,observed
2026-10-05 11:22:22,43.713117,39.57955,67.05,observed
2026-10-05 11:22:23,43.712976,39.579708,67.04,observed
2026-10-05 11:22:24,43.712907,39.579785,67.03,interp_short
2026-10-05 11:22:25,43.712834,39.579866,66.99,observed
2026-10-05 11:22:26,43.712692,39.580023,66.89,observed
2026-10-05 11:22:27,43.712551,39.58018,66.75,observed
2026-10-05 11:22:28,43.712481,39.580258,66.67,interp_short
2026-10-05 11:22:29,43.71241,39.580337,66.57,observed
2026-10-05 11:22:30,43.712269,39.580494,66.33,observed
2026-10-05 11:22:31,43.712128,39.58065,66.05,observed
2026-10-05 11:22:32,43.712058,39.580728,65.9,interp_short
2026-10-05 11:22:33,43.711987,39.580806,65.72,observed
2026-10-05 11:22:34,43.711847,39.580962,65.34,observed
2026-10-05 11:22:35,43.711706,39.581118,64.91,observed
2026-10-05 11:22:36,43.711566,39.581274,64.37,interp_short
2026-10-05 11:22:37,43.711426,39.581429,63.9,observed
2026-10-05 11:22:38,43.711355,39.581508,63.65,interp_short
2026-10-05 11:22:39,43.711286,39.581585,63.33,observed
2026-10-05 11:22:40,43.711146,39.581741,62.7,observed
2026-10-05 11:22:41,43.711007,39.581896,62.03,observed
2026-10-05 11:22:42,43.710867,39.582052,61.32,observed
2026-10-05 11:22:43,43.710796,39.58213,60.98,interp_short
2026-10-05 11:22:44,43.710727,39.582207,60.56,observed
2026-10-05 11:22:45,43.710588,39.582362,59.75,observed
2026-10-05 11:22:46,43.710518,39.58244,59.33,interp_short
2026-10-05 11:22:47,43.710449,39.582518,58.91,observed
2026-10-05 11:22:48,43.710309,39.582674,58.02,observed
2026-10-05 11:22:49,43.71017,39.582829,57.1,observed
2026-10-05 11:22:50,43.710031,39.582985,56.15,observed
2026-10-05 11:22:51,43.709962,39.583063,55.56,interp_short
2026-10-05 11:22:52,43.709892,39.583141,55.16,observed
2026-10-05 11:22:53,43.709798,39.583246,54.66,interp_short
2026-10-05 11:22:54,43.709709,39.583346,53.98,interp_short
2026-10-05 11:22:55,43.709613,39.583453,53.1,observed
2026-10-05 11:22:56,43.709474,39.583609,52.03,observed
2026-10-05 11:22:57,43.709335,39.583765,50.94,observed
2026-10-05 11:22:58,43.709196,39.583922,49.83,observed
2026-10-05 11:22:59,43.709057,39.584078,48.7,observed
2026-10-05 11:23:00,43.708988,39.584156,48.16,interp_short
2026-10-05 11:23:01,43.708918,39.584235,47.56,observed
2026-10-05 11:23:02,43.708779,39.584392,46.41,observed
2026-10-05 11:23:03,43.708711,39.584472,45.81,interp_short
2026-10-05 11:23:04,43.70864,39.584549,45.26,observed
2026-10-05 11:23:05,43.7085,39.584707,44.1,observed
2026-10-05 11:23:06,43.708361,39.584864,42.94,observed
2026-10-05 11:23:07,43.708222,39.585022,41.78,observed
2026-10-05 11:23:08,43.708083,39.58518,40.63,observed
2026-10-05 11:23:09,43.708015,39.585266,40.05,interp_short
2026-10-05 11:23:10,43.707943,39.585339,39.48,observed
2026-10-05 11:23:11,43.707804,39.585497,38.35,observed
2026-10-05 11:23:12,43.707665,39.585656,37.22,observed
2026-10-05 11:23:13,43.707498,39.585752,36.39,observed
2026-10-05 11:23:14,43.707415,39.585802,36.0,interp_short
2026-10-05 11:23:15,43.707328,39.585838,35.62,observed
2026-10-05 11:23:16,43.707158,39.585925,34.87,observed
2026-10-05 11:23:17,43.706988,39.586012,34.14,observed
2026-10-05 11:23:18,43.706818,39.586099,33.44,observed
2026-10-05 11:23:19,43.706734,39.586147,33.03,interp_short
2026-10-05 11:23:20,43.706647,39.586186,32.76,observed
2026-10-05 11:23:21,43.706534,39.586251,32.39,interp_short
2026-10-05 11:23:22,43.706424,39.586304,31.93,interp_short
2026-10-05 11:23:23,43.706306,39.586362,31.49,observed
2026-10-05 11:23:24,43.706193,39.586425,31.12,interp_short
2026-10-05 11:23:25,43.706083,39.586479,30.76,interp_short
2026-10-05 11:23:26,43.705965,39.586538,30.33,observed
2026-10-05 11:23:27,43.705794,39.586627,29.8,observed
2026-10-05 11:23:28,43.705624,39.586715,29.3,observed
2026-10-05 11:23:29,43.705453,39.586804,28.84,observed
2026-10-05 11:23:30,43.705369,39.586848,28.61,interp_short
2026-10-05 11:23:31,43.705282,39.586894,28.4,observed
2026-10-05 11:23:32,43.705111,39.586983,28.0,observed
2026-10-05 11:23:33,43.704939,39.587072,27.63,observed
2026-10-05 11:23:34,43.704768,39.587162,27.27,interp_short
2026-10-05 11:23:35,43.704597,39.587252,26.98,observed
2026-10-05 11:23:36,43.704511,39.587297,26.84,interp_short
2026-10-05 11:23:37,43.704425,39.587342,26.71,observed
2026-10-05 11:23:38,43.704254,39.587432,26.46,observed
2026-10-05 11:23:39,43.704082,39.587523,26.23,observed
2026-10-05 11:23:40,43.703995,39.587569,26.13,interp_short
2026-10-05 11:23:41,43.703911,39.587613,26.04,observed
2026-10-05 11:23:42,43.703739,39.587704,25.87,observed
2026-10-05 11:23:43,43.703567,39.587795,25.72,observed
2026-10-05 11:23:44,43.703481,39.587841,25.65,interp_short
2026-10-05 11:23:45,43.703396,39.587886,25.59,observed
2026-10-05 11:23:46,43.703224,39.587977,25.48,observed
2026-10-05 11:23:47,43.703107,39.588039,25.4,interp_short
2026-10-05 11:23:48,43.702996,39.588098,25.36,interp_short
2026-10-05 11:23:49,43.70288,39.588159,25.32,observed
2026-10-05 11:23:50,43.702708,39.58825,25.26,interp_short
2026-10-05 11:23:51,43.702536,39.588342,25.2,observed
2026-10-05 11:23:52,43.70245,39.588388,25.18,interp_short
2026-10-05 11:23:53,43.702363,39.588434,25.16,observed
2026-10-05 11:23:54,43.702191,39.588526,25.13,observed
2026-10-05 11:23:55,43.702105,39.588571,25.11,interp_short
2026-10-05 11:23:56,43.702019,39.588617,25.1,observed
2026-10-05 11:23:57,43.701847,39.588709,25.07,observed
2026-10-05 11:23:58,43.701674,39.588801,25.04,observed
2026-10-05 11:23:59,43.701502,39.588893,25.01,observed
2026-10-05 11:24:00,43.701415,39.588939,24.99,interp_short
2026-10-05 11:24:01,43.701329,39.588985,24.97,observed
2026-10-05 11:24:02,43.701157,39.589077,24.93,observed
2026-10-05 11:24:03,43.70104,39.589139,24.9,interp_short
2026-10-05 11:24:04,43.700928,39.589199,24.87,interp_short
2026-10-05 11:24:05,43.700812,39.589261,24.82,observed
2026-10-05 11:24:06,43.700639,39.589354,24.75,observed
2026-10-05 11:24:07,43.700467,39.589446,24.67,observed
2026-10-05 11:24:08,43.700294,39.589538,24.57,observed
2026-10-05 11:24:09,43.700207,39.589585,24.5,interp_short
2026-10-05 11:24:10,43.700121,39.589631,24.46,observed
2026-10-05 11:24:11,43.700035,39.589677,24.42,interp_short
2026-10-05 11:24:12,43.699949,39.589723,24.33,observed
2026-10-05 11:24:13,43.699776,39.589815,24.18,observed
2026-10-05 11:24:14,43.699661,39.589877,24.07,interp_short
2026-10-05 11:24:15,43.69955,39.589936,23.97,interp_short
2026-10-05 11:24:16,43.699431,39.59,23.83,observed
2026-10-05 11:24:17,43.699258,39.590093,23.62,observed
2026-10-05 11:24:18,43.699085,39.590185,23.4,observed
2026-10-05 11:24:19,43.698913,39.590278,23.16,observed
2026-10-05 11:24:20,43.69883,39.590322,23.03,interp_short
2026-10-05 11:24:21,43.69874,39.590371,22.9,observed
2026-10-05 11:24:22,43.698567,39.590464,22.62,observed
2026-10-05 11:24:23,43.698395,39.590556,22.32,observed
2026-10-05 11:24:24,43.698312,39.5906,22.17,interp_short
2026-10-05 11:24:25,43.698222,39.590649,22.0,observed
2026-10-05 11:24:26,43.698049,39.590742,21.67,observed
2026-10-05 11:24:27,43.697876,39.590835,21.32,observed
2026-10-05 11:24:28,43.697704,39.590928,20.96,observed
2026-10-05 11:24:29,43.697531,39.591021,20.58,observed
2026-10-05 11:24:30,43.697358,39.591114,20.19,observed
2026-10-05 11:24:31,43.697185,39.591207,19.8,observed
2026-10-05 11:24:32,43.697012,39.591301,19.39,observed
2026-10-05 11:24:33,43.69684,39.591394,18.98,observed
2026-10-05 11:24:34,43.696751,39.591442,18.78,interp_short
2026-10-05 11:24:35,43.696667,39.591487,18.57,observed
2026-10-05 11:24:36,43.696494,39.591581,18.15,observed
2026-10-05 11:24:37,43.696321,39.591675,17.73,observed
2026-10-05 11:24:38,43.696148,39.591768,17.32,observed
2026-10-05 11:24:39,43.696059,39.591816,17.11,interp_short
2026-10-05 11:24:40,43.695976,39.591862,16.91,observed
2026-10-05 11:24:41,43.695803,39.591956,16.51,observed
2026-10-05 11:24:42,43.695629,39.592051,16.07,interp_short
2026-10-05 11:24:43,43.695457,39.592144,15.73,observed
2026-10-05 11:24:44,43.695369,39.592192,15.55,interp_short
2026-10-05 11:24:45,43.695284,39.592238,15.36,observed
2026-10-05 11:24:46,43.695111,39.592332,15.01,observed
2026-10-05 11:24:47,43.694938,39.592426,14.68,observed
2026-10-05 11:24:48,43.694765,39.59252,14.36,observed
2026-10-05 11:24:49,43.694646,39.592585,14.12,interp_short
2026-10-05 11:24:50,43.694535,39.592645,13.94,interp_short
2026-10-05 11:24:51,43.694418,39.592709,13.8,observed
2026-10-05 11:24:52,43.694299,39.592774,13.66,interp_short
2026-10-05 11:24:53,43.694189,39.592834,13.51,interp_short
2026-10-05 11:24:54,43.694072,39.592898,13.34,observed
2026-10-05 11:24:55,43.693898,39.592992,13.16,observed
2026-10-05 11:24:56,43.69378,39.593057,13.04,interp_short
2026-10-05 11:24:57,43.693668,39.593118,12.96,interp_short
2026-10-05 11:24:58,43.693551,39.593182,12.88,observed
2026-10-05 11:24:59,43.693378,39.593276,12.79,observed
2026-10-05 11:25:00,43.693204,39.593371,12.73,observed
2026-10-05 11:25:01,43.693031,39.593466,12.71,observed
2026-10-05 11:25:02,43.692943,39.593514,12.7,interp_short
2026-10-05 11:25:03,43.692857,39.59356,12.72,observed
2026-10-05 11:25:04,43.692683,39.593655,12.76,observed
2026-10-05 11:25:05,43.692595,39.593703,12.79,interp_short
2026-10-05 11:25:06,43.692509,39.59375,12.84,observed
2026-10-05 11:25:07,43.692335,39.593844,12.96,observed
2026-10-05 11:25:08,43.69216,39.593939,13.11,observed
2026-10-05 11:25:09,43.691986,39.594033,13.29,observed
2026-10-05 11:25:10,43.6919,39.59408,13.39,interp_short
2026-10-05 11:25:11,43.691812,39.594128,13.51,observed
2026-10-05 11:25:12,43.691637,39.594222,13.75,observed
2026-10-05 11:25:13,43.691552,39.594269,13.92,interp_short
2026-10-05 11:25:14,43.691463,39.594317,14.03,observed
2026-10-05 11:25:15,43.691347,39.59438,14.17,interp_short
2026-10-05 11:25:16,43.691235,39.59444,14.38,interp_short
2026-10-05 11:25:17,43.691113,39.594505,14.68,observed
2026-10-05 11:25:18,43.690938,39.594599,15.04,observed
2026-10-05 11:25:19,43.690822,39.594661,15.31,interp_short
2026-10-05 11:25:20,43.690708,39.594722,15.53,interp_short
2026-10-05 11:25:21,43.690587,39.594786,15.83,observed
2026-10-05 11:25:22,43.690412,39.594879,16.26,observed
2026-10-05 11:25:23,43.690236,39.594972,16.71,observed
2026-10-05 11:25:24,43.690061,39.595065,17.17,observed
2026-10-05 11:25:25,43.689885,39.595158,17.64,observed
2026-10-05 11:25:26,43.689709,39.595251,18.12,observed
2026-10-05 11:25:27,43.689533,39.595343,18.61,observed
2026-10-05 11:25:28,43.689442,39.595391,18.84,interp_short
2026-10-05 11:25:29,43.689356,39.595435,19.1,observed
2026-10-05 11:25:30,43.68918,39.595526,19.6,observed
2026-10-05 11:25:31,43.689088,39.595574,19.85,interp_short
2026-10-05 11:25:32,43.689003,39.595618,20.09,observed
2026-10-05 11:25:33,43.688827,39.595709,20.58,observed
2026-10-05 11:25:34,43.688735,39.595756,20.82,interp_short
2026-10-05 11:25:35,43.68865,39.595799,21.06,observed
2026-10-05 11:25:36,43.688473,39.59589,21.53,observed
2026-10-05 11:25:37,43.688383,39.595936,21.77,interp_short
2026-10-05 11:25:38,43.688296,39.59598,21.98,observed
2026-10-05 11:25:39,43.688119,39.596069,22.42,observed
2026-10-05 11:25:40,43.68803,39.596114,22.7,interp_short
2026-10-05 11:25:41,43.687941,39.596158,22.84,observed
2026-10-05 11:25:42,43.687854,39.596202,22.99,interp_short
2026-10-05 11:25:43,43.687764,39.596247,23.24,observed
2026-10-05 11:25:44,43.687586,39.596336,23.61,observed
2026-10-05 11:25:45,43.687409,39.596424,23.96,observed
2026-10-05 11:25:46,43.687231,39.596511,24.27,observed
2026-10-05 11:25:47,43.687138,39.596557,24.46,interp_short
2026-10-05 11:25:48,43.687058,39.596597,24.56,interp_short
2026-10-05 11:25:49,43.686975,39.596637,24.65,interp_short
2026-10-05 11:25:50,43.686875,39.596685,24.8,observed
2026-10-05 11:25:51,43.686697,39.596772,25.02,observed
2026-10-05 11:25:52,43.68661,39.596814,25.12,interp_short
2026-10-05 11:25:53,43.686518,39.596858,25.19,observed
2026-10-05 11:25:54,43.68634,39.596943,25.33,observed
2026-10-05 11:25:55,43.686162,39.597028,25.43,observed
2026-10-05 11:25:56,43.685983,39.597113,25.48,observed
2026-10-05 11:25:57,43.685896,39.597155,25.5,interp_short
2026-10-05 11:25:58,43.685805,39.597197,25.49,observed
2026-10-05 11:25:59,43.685626,39.597281,25.46,observed
2026-10-05 11:26:00,43.685448,39.597365,25.38,observed
2026-10-05 11:26:01,43.68536,39.597406,25.33,interp_short
2026-10-05 11:26:02,43.685269,39.597448,25.26,observed
2026-10-05 11:26:03,43.685091,39.597531,25.1,observed
2026-10-05 11:26:04,43.684912,39.597613,24.89,observed
2026-10-05 11:26:05,43.684792,39.597669,24.72,interp_short
2026-10-05 11:26:06,43.684678,39.597721,24.56,interp_short
2026-10-05 11:26:07,43.684555,39.597777,24.34,observed
2026-10-05 11:26:08,43.684376,39.597859,24.0,observed
2026-10-05 11:26:09,43.684198,39.59794,23.62,observed
2026-10-05 11:26:10,43.68411,39.59798,23.42,interp_short
2026-10-05 11:26:11,43.684019,39.598021,23.19,observed
2026-10-05 11:26:12,43.683841,39.598102,22.73,observed
2026-10-05 11:26:13,43.683663,39.598182,22.23,observed
2026-10-05 11:26:14,43.683485,39.598262,21.7,observed
2026-10-05 11:26:15,43.683306,39.598343,21.13,observed
2026-10-05 11:26:16,43.683185,39.598397,20.71,interp_short
2026-10-05 11:26:17,43.683072,39.598448,20.35,interp_short
2026-10-05 11:26:18,43.682951,39.598502,19.9,observed
2026-10-05 11:26:19,43.682773,39.598582,19.24,observed
2026-10-05 11:26:20,43.682595,39.598662,18.56,observed
2026-10-05 11:26:21,43.682505,39.598703,18.21,interp_short
2026-10-05 11:26:22,43.682418,39.598742,17.85,observed
2026-10-05 11:26:23,43.682241,39.598822,17.13,observed
2026-10-05 11:26:24,43.682064,39.598901,16.39,observed
2026-10-05 11:26:25,43.681887,39.598981,15.63,observed
2026-10-05 11:26:26,43.68171,39.599061,14.86,observed
2026-10-05 11:26:27,43.68162,39.599102,14.47,interp_short
2026-10-05 11:26:28,43.681534,39.599141,14.08,observed
2026-10-05 11:26:29,43.681358,39.599222,13.3,observed
2026-10-05 11:26:30,43.681182,39.599302,12.51,observed
2026-10-05 11:26:31,43.681092,39.599343,12.14,interp_short
2026-10-05 11:26:32,43.681007,39.599383,11.72,observed
2026-10-05 11:26:33,43.680831,39.599464,10.93,observed
2026-10-05 11:26:34,43.680743,39.599504,10.52,interp_short
2026-10-05 11:26:35,43.680656,39.599545,10.15,observed
2026-10-05 11:26:36,43.680482,39.599627,9.37,observed
2026-10-05 11:26:37,43.680307,39.599709,8.6,observed
2026-10-05 11:26:38,43.680133,39.599792,7.85,observed
2026-10-05 11:26:39,43.680039,39.599836,7.37,interp_short
2026-10-05 11:26:40,43.679963,39.599871,7.09,interp_short
2026-10-05 11:26:41,43.679885,39.599909,6.82,interp_short
2026-10-05 11:26:42,43.679786,39.599958,6.38,observed
2026-10-05 11:26:43,43.679613,39.600042,5.67,observed
2026-10-05 11:26:44,43.67944,39.600126,5.0,observed
2026-10-05 11:26:45,43.679356,39.600167,4.88,interp_short
2026-10-05 11:26:46,43.679268,39.600211,5.0,observed
2026-10-05 11:26:47,43.679096,39.600297,5.0,observed
2026-10-05 11:26:48,43.678924,39.600383,5.0,observed
2026-10-05 11:26:49,43.678753,39.60047,5.0,observed
2026-10-05 11:26:50,43.678582,39.600557,5.0,interp_short
2026-10-05 11:26:51,43.678412,39.600646,5.0,observed
2026-10-05 11:26:52,43.678242,39.600734,5.0,observed
2026-10-05 11:26:53,43.678156,39.600778,5.0,interp_short
2026-10-05 11:26:54,43.678072,39.600824,5.0,observed
2026-10-05 11:26:55,43.677902,39.600914,5.0,observed
2026-10-05 11:26:56,43.677733,39.601005,5.0,observed
2026-10-05 11:26:57,43.677647,39.601051,5.0,interp_short
2026-10-05 11:26:58,43.677565,39.601097,5.0,observed
2026-10-05 11:26:59,43.677397,39.60119,5.0,observed
2026-10-05 11:27:00,43.677229,39.601283,5.0,observed
2026-10-05 11:27:01,43.677134,39.601335,5.0,interp_short
2026-10-05 11:27:02,43.67706,39.601376,5.0,interp_short
2026-10-05 11:27:03,43.676987,39.601418,5.0,interp_short
2026-10-05 11:27:04,43.676894,39.601472,5.0,observed
2026-10-05 11:27:05,43.676727,39.601568,5.0,observed
2026-10-05 11:27:06,43.676561,39.601663,5.0,interp_short
2026-10-05 11:27:07,43.676395,39.601761,5.0,observed
2026-10-05 11:27:08,43.676229,39.601859,5.0,observed
2026-10-05 11:27:09,43.676117,39.601924,5.0,interp_short
2026-10-05 11:27:10,43.67601,39.601989,5.0,interp_short
2026-10-05 11:27:11,43.675898,39.602057,5.0,observed
2026-10-05 11:27:12,43.675733,39.602157,5.0,observed
2026-10-05 11:27:13,43.675569,39.602258,5.0,observed
2026-10-05 11:27:14,43.675404,39.60236,5.0,observed
2026-10-05 11:27:15,43.67532,39.602411,5.0,interp_short
2026-10-05 11:27:16,43.67524,39.602462,5.0,observed
2026-10-05 11:27:17,43.675076,39.602565,5.0,observed
2026-10-05 11:27:18,43.674913,39.602668,5.0,observed
2026-10-05 11:27:19,43.674829,39.60272,5.0,interp_short
2026-10-05 11:27:20,43.674749,39.602772,5.0,observed
2026-10-05 11:27:21,43.674586,39.602877,5.0,observed
2026-10-05 11:27:22,43.674504,39.602929,5.0,interp_short
2026-10-05 11:27:23,43.674423,39.602982,5.0,observed
2026-10-05 11:27:24,43.67426,39.603088,5.0,observed
2026-10-05 11:27:25,43.674097,39.603194,5.0,observed
2026-10-05 11:27:26,43.674016,39.603246,5.0,interp_short
2026-10-05 11:27:27,43.673934,39.6033,5.0,observed
2026-10-05 11:27:28,43.673771,39.603407,5.0,observed
2026-10-05 11:27:29,43.67369,39.60346,5.0,interp_short
2026-10-05 11:27:30,43.673608,39.603514,5.0,observed
2026-10-05 11:27:31,43.673446,39.603622,5.0,observed
2026-10-05 11:27:32,43.673365,39.603676,5.0,interp_short
2026-10-05 11:27:33,43.673283,39.60373,5.0,observed
2026-10-05 11:27:34,43.67312,39.603838,5.0,observed
2026-10-05 11:27:35,43.672958,39.603946,5.0,interp_short
2026-10-05 11:27:36,43.672795,39.604054,5.0,observed
2026-10-05 11:27:37,43.672632,39.604163,5.0,observed
2026-10-05 11:27:38,43.672469,39.604271,5.0,observed
2026-10-05 11:27:39,43.672387,39.604326,5.0,interp_short
2026-10-05 11:27:40,43.672306,39.60438,5.0,observed
2026-10-05 11:27:41,43.672224,39.604434,5.0,interp_short
2026-10-05 11:27:42,43.672142,39.604488,5.0,observed
2026-10-05 11:27:43,43.671979,39.604596,5.0,observed
2026-10-05 11:27:44,43.671897,39.60465,5.0,interp_short
2026-10-05 11:27:45,43.671815,39.604704,5.0,observed
2026-10-05 11:27:46,43.671651,39.604812,5.0,observed
2026-10-05 11:27:47,43.671569,39.604867,5.0,interp_short
2026-10-05 11:27:48,43.671487,39.60492,5.0,observed
2026-10-05 11:27:49,43.671323,39.605028,5.0,interp_short
2026-10-05 11:27:50,43.671158,39.605135,5.0,observed
2026-10-05 11:27:51,43.670993,39.605241,5.0,interp_short
2026-10-05 11:27:52,43.670827,39.605347,5.0,observed
2026-10-05 11:27:53,43.670745,39.6054,5.0,interp_short
2026-10-05 11:27:54,43.670661,39.605453,5.0,observed
2026-10-05 11:27:55,43.670495,39.605559,5.0,observed
2026-10-05 11:27:56,43.670414,39.605611,5.0,interp_short
2026-10-05 11:27:57,43.670329,39.605663,5.0,observed
2026-10-05 11:27:58,43.670162,39.605768,5.0,observed
2026-10-05 11:27:59,43.670079,39.60582,5.0,interp_short
2026-10-05 11:28:00,43.669994,39.605871,5.0,observed
2026-10-05 11:28:01,43.669826,39.605974,5.0,observed
2026-10-05 11:28:02,43.669658,39.606076,5.0,observed
2026-10-05 11:28:03,43.669574,39.606128,5.0,interp_short
2026-10-05 11:28:04,43.669489,39.606178,5.0,observed
2026-10-05 11:28:05,43.669319,39.606279,5.0,observed
2026-10-05 11:28:06,43.669149,39.606379,5.0,observed
2026-10-05 11:28:07,43.668979,39.606478,5.0,observed
2026-10-05 11:28:08,43.668896,39.606527,5.0,interp_short
2026-10-05 11:28:09,43.668808,39.606576,5.0,observed
2026-10-05 11:28:10,43.668636,39.606674,5.0,observed
2026-10-05 11:28:11,43.668464,39.60677,5.0,observed
2026-10-05 11:28:12,43.668379,39.606819,5.0,interp_short
2026-10-05 11:28:13,43.668291,39.606866,5.0,observed
2026-10-05 11:28:14,43.668118,39.606961,5.0,observed
2026-10-05 11:28:15,43.667944,39.607055,5.0,observed
2026-10-05 11:28:16,43.667858,39.607102,5.0,interp_short
2026-10-05 11:28:17,43.667769,39.607148,5.0,observed
2026-10-05 11:28:18,43.667594,39.60724,5.0,observed
2026-10-05 11:28:19,43.667418,39.607331,5.0,observed
2026-10-05 11:28:20,43.667242,39.607422,5.0,observed
2026-10-05 11:28:21,43.667069,39.60751,5.0,interp_short
2026-10-05 11:28:22,43.666882,39.607603,5.0,interp_short
2026-10-05 11:28:23,43.66671,39.607687,5.0,observed
2026-10-05 11:28:24,43.666619,39.607733,5.0,interp_short
2026-10-05 11:28:25,43.666531,39.607774,5.0,observed
2026-10-05 11:28:26,43.666352,39.607859,5.0,observed
2026-10-05 11:28:27,43.666261,39.607904,5.0,interp_short
2026-10-05 11:28:28,43.666173,39.607944,5.0,observed
2026-10-05 11:28:29,43.66599,39.60803,5.0,interp_short
2026-10-05 11:28:30,43.665812,39.608111,5.0,observed
2026-10-05 11:28:31,43.665631,39.608193,5.0,observed
2026-10-05 11:28:32,43.665537,39.608236,5.0,interp_short
2026-10-05 11:28:33,43.665449,39.608275,5.0,observed
2026-10-05 11:28:34,43.665267,39.608356,5.0,observed
2026-10-05 11:28:35,43.665174,39.608398,5.0,interp_short
2026-10-05 11:28:36,43.665084,39.608436,5.0,observed
2026-10-05 11:28:37,43.664901,39.608515,5.0,observed
2026-10-05 11:28:38,43.664809,39.608555,5.0,interp_short
2026-10-05 11:28:39,43.664718,39.608593,5.0,observed
2026-10-05 11:28:40,43.664534,39.608671,5.0,observed
2026-10-05 11:28:41,43.664443,39.608711,5.0,interp_short
2026-10-05 11:28:42,43.66435,39.608749,5.0,observed
2026-10-05 11:28:43,43.664165,39.608825,5.0,observed
2026-10-05 11:28:44,43.66398,39.608901,5.0,observed
2026-10-05 11:28:45,43.663889,39.608939,5.0,interp_short
2026-10-05 11:28:46,43.663795,39.608977,5.0,observed
2026-10-05 11:28:47,43.663704,39.609014,5.0,interp_short
2026-10-05 11:28:48,43.66361,39.609052,5.0,observed
2026-10-05 11:28:49,43.663424,39.609127,5.0,observed
2026-10-05 11:28:50,43.663239,39.609201,5.0,observed
2026-10-05 11:28:51,43.663053,39.609275,5.0,observed
2026-10-05 11:28:52,43.662961,39.609312,5.0,interp_short
2026-10-05 11:28:53,43.662866,39.609349,5.0,observed
2026-10-05 11:28:54,43.66268,39.609422,5.0,observed
2026-10-05 11:28:55,43.662494,39.609495,5.0,observed
2026-10-05 11:28:56,43.662402,39.609531,5.0,interp_short
2026-10-05 11:28:57,43.662308,39.609568,5.0,observed
2026-10-05 11:28:58,43.662121,39.609641,5.0,observed
2026-10-05 11:28:59,43.661996,39.60969,5.0,interp_short
2026-10-05 11:29:00,43.661875,39.609736,5.0,interp_short
2026-10-05 11:29:01,43.661748,39.609786,5.0,observed
2026-10-05 11:29:02,43.661562,39.609859,5.0,observed
2026-10-05 11:29:03,43.66147,39.609895,5.0,interp_short
2026-10-05 11:29:04,43.661376,39.609932,5.0,observed
2026-10-05 11:29:05,43.66119,39.610004,5.0,observed
2026-10-05 11:29:06,43.661004,39.610077,5.0,observed
2026-10-05 11:29:07,43.660818,39.61015,5.0,observed
2026-10-05 11:29:08,43.660726,39.610186,5.0,interp_short
2026-10-05 11:29:09,43.660633,39.610224,5.0,observed
2026-10-05 11:29:10,43.660448,39.610297,5.0,observed
2026-10-05 11:29:11,43.660263,39.610371,5.0,observed
2026-10-05 11:29:12,43.660171,39.610407,5.0,interp_short
2026-10-05 11:29:13,43.660078,39.610445,5.0,observed
2026-10-05 11:29:14,43.659894,39.61052,5.0,observed
2026-10-05 11:29:15,43.65971,39.610595,5.0,observed
2026-10-05 11:29:16,43.659526,39.61067,5.0,observed
2026-10-05 11:29:17,43.659435,39.610707,5.01,interp_short
2026-10-05 11:29:18,43.659343,39.610746,5.0,observed
2026-10-05 11:29:19,43.65916,39.610822,5.0,observed
2026-10-05 11:29:20,43.658978,39.610899,5.27,observed
2026-10-05 11:29:21,43.658887,39.610937,5.57,interp_short
2026-10-05 11:29:22,43.658796,39.610977,6.01,observed
2026-10-05 11:29:23,43.658615,39.611055,6.71,observed
2026-10-05 11:29:24,43.658434,39.611133,7.39,observed
2026-10-05 11:29:25,43.65831,39.611186,7.86,interp_short
2026-10-05 11:29:26,43.658194,39.611238,8.22,interp_short
2026-10-05 11:29:27,43.658074,39.611292,8.64,observed
2026-10-05 11:29:28,43.657894,39.611373,9.21,observed
2026-10-05 11:29:29,43.657716,39.611454,9.75,observed
2026-10-05 11:29:30,43.657538,39.611536,10.25,observed
2026-10-05 11:29:31,43.65736,39.611619,10.72,observed
2026-10-05 11:29:32,43.65727,39.61166,10.95,interp_short
2026-10-05 11:29:33,43.657183,39.611702,11.15,observed
2026-10-05 11:29:34,43.657007,39.611786,11.55,observed
2026-10-05 11:29:35,43.656886,39.611843,11.88,interp_short
2026-10-05 11:29:36,43.656775,39.611897,12.1,interp_short
2026-10-05 11:29:37,43.656656,39.611956,12.24,observed
2026-10-05 11:29:38,43.656568,39.611998,12.36,interp_short
2026-10-05 11:29:39,43.656481,39.612043,12.54,observed
2026-10-05 11:29:40,43.656307,39.61213,12.81,observed
2026-10-05 11:29:41,43.656133,39.612217,13.04,observed
2026-10-05 11:29:42,43.656048,39.61226,13.15,interp_short
2026-10-05 11:29:43,43.655961,39.612306,13.25,observed
2026-10-05 11:29:44,43.655788,39.612395,13.43,observed
2026-10-05 11:29:45,43.655617,39.612485,13.59,observed
2026-10-05 11:29:46,43.655445,39.612576,13.72,observed
2026-10-05 11:29:47,43.655275,39.612667,13.83,observed
2026-10-05 11:29:48,43.655105,39.612759,13.92,observed
2026-10-05 11:29:49,43.655019,39.612805,13.96,interp_short
2026-10-05 11:29:50,43.654935,39.612852,14.0,observed
2026-10-05 11:29:51,43.654766,39.612946,14.06,observed
2026-10-05 11:29:52,43.654649,39.61301,14.1,interp_short
2026-10-05 11:29:53,43.654542,39.613071,14.12,interp_short
2026-10-05 11:29:54,43.65443,39.613135,14.14,observed
2026-10-05 11:29:55,43.654262,39.61323,14.17,observed
2026-10-05 11:29:56,43.654095,39.613326,14.19,observed
2026-10-05 11:29:57,43.653928,39.613423,14.21,observed
2026-10-05 11:29:58,43.653762,39.61352,14.23,observed
2026-10-05 11:29:59,43.653675,39.613567,14.24,interp_short
2026-10-05 11:30:00,43.653596,39.613617,14.24,observed
2026-10-05 11:30:01,43.653509,39.613664,14.24,interp_short
2026-10-05 11:30:02,43.65343,39.613716,14.26,observed
2026-10-05 11:30:03,43.653265,39.613814,14.29,observed
2026-10-05 11:30:04,43.6531,39.613913,14.32,observed
2026-10-05 11:30:05,43.652982,39.613973,14.35,interp_short
2026-10-05 11:30:06,43.652869,39.614031,14.38,interp_short
2026-10-05 11:30:07,43.65277,39.614113,14.42,observed
2026-10-05 11:30:08,43.652606,39.614213,14.48,observed
2026-10-05 11:30:09,43.652442,39.614314,14.56,observed
2026-10-05 11:30:10,43.65235,39.61435,14.6,interp_short
2026-10-05 11:30:11,43.652278,39.614415,14.65,observed
2026-10-05 11:30:12,43.652114,39.614516,14.76,observed
2026-10-05 11:30:13,43.652039,39.614572,14.81,interp_short
2026-10-05 11:30:14,43.651985,39.614662,14.89,observed
2026-10-05 11:30:15,43.65194,39.614918,15.06,observed
2026-10-05 11:30:16,43.651907,39.615031,15.15,interp_short
2026-10-05 11:30:17,43.651894,39.615174,15.25,observed
2026-10-05 11:30:18,43.651849,39.615429,15.46,observed
2026-10-05 11:30:19,43.651803,39.615686,15.69,observed
2026-10-05 11:30:20,43.651758,39.615942,15.94,observed
2026-10-05 11:30:21,43.651729,39.616064,16.08,interp_short
2026-10-05 11:30:22,43.651713,39.616198,16.21,observed
2026-10-05 11:30:23,43.651662,39.616451,16.47,interp_short
2026-10-05 11:30:24,43.651621,39.616711,16.8,observed
2026-10-05 11:30:25,43.651576,39.616967,17.12,observed
2026-10-05 11:30:26,43.651541,39.617139,17.35,interp_short
2026-10-05 11:30:27,43.651513,39.61731,17.55,interp_short
2026-10-05 11:30:28,43.651484,39.61748,17.81,observed
2026-10-05 11:30:29,43.651437,39.617736,18.18,observed
2026-10-05 11:30:30,43.651391,39.617992,18.56,observed
2026-10-05 11:30:31,43.651367,39.618124,18.79,interp_short
2026-10-05 11:30:32,43.651344,39.618248,18.96,observed
2026-10-05 11:30:33,43.65132,39.61838,19.16,interp_short
2026-10-05 11:30:34,43.651297,39.618504,19.36,observed
2026-10-05 11:30:35,43.651273,39.618635,19.51,interp_short
2026-10-05 11:30:36,43.65125,39.618759,19.77,observed
2026-10-05 11:30:37,43.651202,39.619015,20.19,observed
2026-10-05 11:30:38,43.651179,39.619144,20.42,interp_short
2026-10-05 11:30:39,43.651155,39.61927,20.62,observed
2026-10-05 11:30:40,43.651106,39.619525,21.04,observed
2026-10-05 11:30:41,43.651058,39.61978,21.47,observed
2026-10-05 11:30:42,43.651034,39.619907,21.67,interp_short
2026-10-05 11:30:43,43.651009,39.620035,21.9,observed
2026-10-05 11:30:44,43.65096,39.620289,22.32,observed
2026-10-05 11:30:45,43.650936,39.620415,22.53,interp_short
2026-10-05 11:30:46,43.65091,39.620543,22.74,observed
2026-10-05 11:30:47,43.65086,39.620797,23.15,observed
2026-10-05 11:30:48,43.650836,39.620923,23.35,interp_short
2026-10-05 11:30:49,43.65081,39.62105,23.54,observed
2026-10-05 11:30:50,43.650759,39.621303,23.93,observed
2026-10-05 11:30:51,43.650734,39.621429,24.12,interp_short
2026-10-05 11:30:52,43.650708,39.621556,24.3,observed
2026-10-05 11:30:53,43.650657,39.621808,24.66,observed
2026-10-05 11:30:54,43.650632,39.621933,24.84,interp_short
2026-10-05 11:30:55,43.650605,39.62206,24.99,observed
2026-10-05 11:30:56,43.650552,39.622311,25.31,observed
2026-10-05 11:30:57,43.6505,39.622563,25.6,observed
2026-10-05 11:30:58,43.650475,39.622685,25.74,interp_short
2026-10-05 11:30:59,43.650447,39.622813,25.87,observed
2026-10-05 11:31:00,43.650393,39.623064,26.11,observed
2026-10-05 11:31:01,43.650367,39.623185,26.25,interp_short
2026-10-05 11:31:02,43.650339,39.623314,26.33,observed
2026-10-05 11:31:03,43.650304,39.623478,26.42,interp_short
2026-10-05 11:31:04,43.650269,39.623639,26.54,interp_short
2026-10-05 11:31:05,43.65023,39.623813,26.68,observed
2026-10-05 11:31:06,43.650175,39.624062,26.81,observed
2026-10-05 11:31:07,43.65012,39.62431,26.9,observed
2026-10-05 11:31:08,43.650064,39.624558,26.97,observed
2026-10-05 11:31:09,43.650037,39.62468,27.0,interp_short
2026-10-05 11:31:10,43.650008,39.624806,27.0,observed
2026-10-05 11:31:11,43.649951,39.625053,27.0,observed
2026-10-05 11:31:12,43.649895,39.6253,26.97,observed
2026-10-05 11:31:13,43.649837,39.625547,26.9,observed
2026-10-05 11:31:14,43.64978,39.625793,26.81,observed
2026-10-05 11:31:15,43.649741,39.625962,26.73,interp_short
2026-10-05 11:31:16,43.649703,39.626121,26.65,interp_short
2026-10-05 11:31:17,43.649664,39.626285,26.52,observed
2026-10-05 11:31:18,43.649606,39.62653,26.33,observed
2026-10-05 11:31:19,43.649548,39.626775,26.12,observed
2026-10-05 11:31:20,43.649518,39.626902,26.01,interp_short
2026-10-05 11:31:21,43.649489,39.627019,25.87,observed
2026-10-05 11:31:22,43.649429,39.627268,25.59,interp_short
2026-10-05 11:31:23,43.649371,39.627507,25.31,observed
2026-10-05 11:31:24,43.649341,39.627634,25.18,interp_short
2026-10-05 11:31:25,43.649312,39.627751,25.0,observed
2026-10-05 11:31:26,43.649252,39.627994,24.66,observed
2026-10-05 11:31:27,43.649221,39.62812,24.48,interp_short
2026-10-05 11:31:28,43.649192,39.628237,24.31,observed
2026-10-05 11:31:29,43.649133,39.62848,23.95,observed
2026-10-05 11:31:30,43.649073,39.628723,23.57,observed
2026-10-05 11:31:31,43.649043,39.628846,23.38,interp_short
2026-10-05 11:31:32,43.649013,39.628965,23.18,observed
2026-10-05 11:31:33,43.648953,39.629207,22.79,observed
2026-10-05 11:31:34,43.648923,39.629328,22.53,interp_short
2026-10-05 11:31:35,43.648893,39.629449,22.39,observed
2026-10-05 11:31:36,43.648863,39.629569,22.25,interp_short
2026-10-05 11:31:37,43.648832,39.629691,21.99,observed
2026-10-05 11:31:38,43.648772,39.629932,21.59,observed
2026-10-05 11:31:39,43.648743,39.630051,21.39,interp_short
2026-10-05 11:31:40,43.648712,39.630174,21.19,observed
2026-10-05 11:31:41,43.648652,39.630415,20.81,observed
2026-10-05 11:31:42,43.648623,39.630533,20.61,interp_short
2026-10-05 11:31:43,43.648592,39.630656,20.43,observed
2026-10-05 11:31:44,43.648531,39.630897,20.06,observed
2026-10-05 11:31:45,43.648471,39.631137,19.71,observed
2026-10-05 11:31:46,43.648411,39.631378,19.38,observed
2026-10-05 11:31:47,43.648382,39.631496,19.21,interp_short
2026-10-05 11:31:48,43.648351,39.631619,19.07,observed
2026-10-05 11:31:49,43.648291,39.631859,18.79,observed
2026-10-05 11:31:50,43.648231,39.6321,18.53,observed
2026-10-05 11:31:51,43.648201,39.632219,18.41,interp_short
2026-10-05 11:31:52,43.648171,39.63234,18.3,observed
2026-10-05 11:31:53,43.648112,39.63258,18.1,observed
2026-10-05 11:31:54,43.648052,39.632821,17.93,observed
2026-10-05 11:31:55,43.648023,39.63294,17.85,interp_short
2026-10-05 11:31:56,43.647993,39.633061,17.8,observed
2026-10-05 11:31:57,43.647934,39.633301,17.71,observed
2026-10-05 11:31:58,43.647874,39.633541,17.66,observed
2026-10-05 11:31:59,43.647845,39.633659,17.64,interp_short
2026-10-05 11:32:00,43.647815,39.633782,17.64,observed
2026-10-05 11:32:01,43.647756,39.634022,17.67,observed
2026-10-05 11:32:02,43.647698,39.634262,17.74,observed
2026-10-05 11:32:03,43.647669,39.63438,17.79,interp_short
2026-10-05 11:32:04,43.647639,39.634503,17.86,observed
2026-10-05 11:32:05,43.647581,39.634743,18.01,observed
2026-10-05 11:32:06,43.647523,39.634983,18.22,observed
2026-10-05 11:32:07,43.647465,39.635224,18.46,observed
2026-10-05 11:32:08,43.647407,39.635464,18.76,observed
2026-10-05 11:32:09,43.647349,39.635705,19.09,observed
2026-10-05 11:32:10,43.647291,39.635946,19.47,observed
2026-10-05 11:32:11,43.647262,39.636067,19.67,interp_short
2026-10-05 11:32:12,43.647234,39.636187,19.9,observed
2026-10-05 11:32:13,43.647177,39.636427,20.37,observed
2026-10-05 11:32:14,43.64712,39.636668,20.87,observed
2026-10-05 11:32:15,43.647091,39.636791,21.15,interp_short
2026-10-05 11:32:16,43.647063,39.636909,21.42,observed
2026-10-05 11:32:17,43.647006,39.637153,21.95,interp_short
2026-10-05 11:32:18,43.64695,39.637392,22.63,observed
2026-10-05 11:32:19,43.646892,39.637637,23.31,interp_short
2026-10-05 11:32:20,43.646837,39.637875,23.98,observed
2026-10-05 11:32:21,43.646781,39.638116,24.7,observed
2026-10-05 11:32:22,43.646725,39.638358,25.45,observed
2026-10-05 11:32:23,43.646696,39.638483,25.82,interp_short
2026-10-05 11:32:24,43.646669,39.6386,26.23,observed
2026-10-05 11:32:25,43.646614,39.638842,27.03,observed
2026-10-05 11:32:26,43.646585,39.638967,27.56,interp_short
2026-10-05 11:32:27,43.646558,39.639084,27.85,observed
2026-10-05 11:32:28,43.64653,39.639209,28.15,interp_short
2026-10-05 11:32:29,43.646503,39.639326,28.69,observed
2026-10-05 11:32:30,43.646448,39.639568,29.55,observed
2026-10-05 11:32:31,43.646393,39.63981,30.42,observed
2026-10-05 11:32:32,43.646338,39.640053,31.29,observed
2026-10-05 11:32:33,43.646283,39.640295,32.18,observed
2026-10-05 11:32:34,43.646255,39.640417,32.61,interp_short
2026-10-05 11:32:35,43.646228,39.640538,33.07,observed
2026-10-05 11:32:36,43.646173,39.640781,33.96,observed
2026-10-05 11:32:37,43.646146,39.640902,34.55,interp_short
2026-10-05 11:32:38,43.646118,39.641024,34.85,observed
2026-10-05 11:32:39,43.646091,39.641144,35.15,interp_short
2026-10-05 11:32:40,43.646064,39.641267,35.73,observed
2026-10-05 11:32:41,43.646009,39.64151,36.61,observed
2026-10-05 11:32:42,43.645982,39.641629,37.04,interp_short
2026-10-05 11:32:43,43.645955,39.641753,37.48,observed
2026-10-05 11:32:44,43.6459,39.641996,38.34,observed
2026-10-05 11:32:45,43.645874,39.642115,38.82,interp_short
2026-10-05 11:32:46,43.645846,39.64224,39.18,observed
2026-10-05 11:32:47,43.645792,39.64248,39.9,interp_short
2026-10-05 11:32:48,43.645737,39.642727,40.81,observed
2026-10-05 11:32:49,43.645683,39.64297,41.6,observed
2026-10-05 11:32:50,43.645647,39.643131,42.13,interp_short
2026-10-05 11:32:51,43.645612,39.643291,42.56,interp_short
2026-10-05 11:32:52,43.645575,39.643458,43.11,observed
2026-10-05 11:32:53,43.645521,39.643702,43.82,observed
2026-10-05 11:32:54,43.645494,39.643823,44.18,interp_short
2026-10-05 11:32:55,43.645467,39.643946,44.51,observed
2026-10-05 11:32:56,43.645412,39.64419,45.18,observed
2026-10-05 11:32:57,43.645358,39.644434,45.81,observed
2026-10-05 11:32:58,43.645304,39.644678,46.42,observed
2026-10-05 11:32:59,43.64525,39.644922,46.99,observed
2026-10-05 11:33:00,43.645223,39.645046,47.27,interp_short
2026-10-05 11:33:01,43.645196,39.645167,47.54,observed
2026-10-05 11:33:02,43.645142,39.645411,48.05,observed
2026-10-05 11:33:03,43.645115,39.645534,48.37,interp_short
2026-10-05 11:33:04,43.645088,39.645655,48.54,observed
2026-10-05 11:33:05,43.645051,39.645821,48.76,interp_short
2026-10-05 11:33:06,43.645016,39.645979,49.06,interp_short
2026-10-05 11:33:07,43.64498,39.646144,49.42,observed
2026-10-05 11:33:08,43.644926,39.646389,49.82,observed
2026-10-05 11:33:09,43.644871,39.646633,50.19,observed
2026-10-05 11:33:10,43.644835,39.646798,50.47,interp_short
2026-10-05 11:33:11,43.6448,39.646957,50.68,interp_short
2026-10-05 11:33:12,43.644763,39.647122,50.86,observed
2026-10-05 11:33:13,43.644727,39.647287,51.03,interp_short
2026-10-05 11:33:14,43.644692,39.647445,51.21,interp_short
2026-10-05 11:33:15,43.644655,39.647611,51.43,observed
2026-10-05 11:33:16,43.644601,39.647856,51.68,observed
2026-10-05 11:33:17,43.644546,39.648101,51.91,observed
2026-10-05 11:33:18,43.64451,39.648264,52.07,interp_short
2026-10-05 11:33:19,43.644475,39.648423,52.19,interp_short
2026-10-05 11:33:20,43.644438,39.64859,52.33,observed
2026-10-05 11:33:21,43.644384,39.648835,52.52,observed
2026-10-05 11:33:22,43.644344,39.649017,52.69,interp_short
2026-10-05 11:33:23,43.644303,39.649199,52.82,interp_short
2026-10-05 11:33:24,43.644262,39.649383,52.93,interp_short
2026-10-05 11:33:25,43.644221,39.649569,53.01,observed
2026-10-05 11:33:26,43.644194,39.64969,53.08,interp_short
2026-10-05 11:33:27,43.644166,39.649814,53.17,observed
2026-10-05 11:33:28,43.644112,39.650058,53.31,observed
2026-10-05 11:33:29,43.644058,39.650303,53.46,observed
2026-10-05 11:33:30,43.644031,39.650425,53.53,interp_short
2026-10-05 11:33:31,43.644003,39.650548,53.61,observed
2026-10-05 11:33:32,43.643949,39.650793,53.76,observed
2026-10-05 11:33:33,43.643894,39.651038,53.91,observed
2026-10-05 11:33:34,43.64384,39.651282,54.07,observed
2026-10-05 11:33:35,43.643803,39.651448,54.19,interp_short
2026-10-05 11:33:36,43.643768,39.651608,54.29,interp_short
2026-10-05 11:33:37,43.643731,39.651772,54.42,observed
2026-10-05 11:33:38,43.643677,39.652017,54.61,observed
2026-10-05 11:33:39,43.643622,39.652262,54.81,observed
2026-10-05 11:33:40,43.643594,39.652386,54.91,interp_short
2026-10-05 11:33:41,43.643568,39.652506,55.02,observed
2026-10-05 11:33:42,43.643513,39.652751,55.25,observed
2026-10-05 11:33:43,43.643459,39.652996,55.49,observed
2026-10-05 11:33:44,43.643431,39.653122,55.61,interp_short
2026-10-05 11:33:45,43.643404,39.653241,55.75,observed
2026-10-05 11:33:46,43.64335,39.653486,56.02,observed
2026-10-05 11:33:47,43.643322,39.653611,56.17,interp_short
2026-10-05 11:33:48,43.643295,39.653731,56.31,observed
2026-10-05 11:33:49,43.643241,39.653976,56.61,observed
2026-10-05 11:33:50,43.643186,39.654221,56.94,observed
2026-10-05 11:33:51,43.643159,39.654343,57.14,interp_short
2026-10-05 11:33:52,43.643132,39.654466,57.28,observed
2026-10-05 11:33:53,43.643095,39.65463,57.45,interp_short
2026-10-05 11:33:54,43.64306,39.654789,57.68,interp_short
2026-10-05 11:33:55,43.643023,39.654956,58.0,observed
2026-10-05 11:33:56,43.642968,39.655201,58.38,observed
2026-10-05 11:33:57,43.642942,39.655321,58.63,interp_short
2026-10-05 11:33:58,43.642914,39.655446,58.78,observed
2026-10-05 11:33:59,43.642887,39.655565,58.93,interp_short
2026-10-05 11:34:00,43.642859,39.655691,59.19,observed
2026-10-05 11:34:01,43.642805,39.655936,59.61,observed
2026-10-05 11:34:02,43.64275,39.656181,60.04,observed
2026-10-05 11:34:03,43.642695,39.656426,60.47,observed
2026-10-05 11:34:04,43.642659,39.656587,60.79,interp_short
2026-10-05 11:34:05,43.642624,39.656748,61.05,interp_short
2026-10-05 11:34:06,43.642586,39.656917,61.36,observed
2026-10-05 11:34:07,43.642531,39.657162,61.8,observed
2026-10-05 11:34:08,43.642477,39.657407,62.25,observed
2026-10-05 11:34:09,43.64245,39.657528,62.47,interp_short
2026-10-05 11:34:10,43.642422,39.657653,62.69,observed
2026-10-05 11:34:11,43.642367,39.657898,63.13,observed
2026-10-05 11:34:12,43.642312,39.658144,63.56,observed
2026-10-05 11:34:13,43.642257,39.658389,63.98,observed
2026-10-05 11:34:14,43.642202,39.658635,64.39,observed
2026-10-05 11:34:15,43.642164,39.658806,64.73,interp_short
2026-10-05 11:34:16,43.642128,39.658964,64.98,interp_short
2026-10-05 11:34:17,43.642092,39.659126,65.16,observed
2026-10-05 11:34:18,43.642064,39.659252,65.3,interp_short
2026-10-05 11:34:19,43.642037,39.659372,65.51,observed
2026-10-05 11:34:20,43.641982,39.659617,65.85,observed
2026-10-05 11:34:21,43.641927,39.659863,66.15,observed
2026-10-05 11:34:22,43.641899,39.659989,66.29,interp_short
2026-10-05 11:34:23,43.641872,39.660109,66.43,observed
2026-10-05 11:34:24,43.641817,39.660355,66.69,observed
2026-10-05 11:34:25,43.641762,39.660597,66.93,interp_short
2026-10-05 11:34:26,43.641703,39.660859,67.12,interp_short
2026-10-05 11:34:27,43.64165,39.661093,67.24,observed
2026-10-05 11:34:28,43.641622,39.661219,67.31,interp_short
2026-10-05 11:34:29,43.641595,39.661339,67.35,observed
2026-10-05 11:34:30,43.641567,39.661465,67.39,interp_short
2026-10-05 11:34:31,43.641539,39.661586,67.42,observed
2026-10-05 11:34:32,43.641511,39.66171,67.44,interp_short
2026-10-05 11:34:33,43.641483,39.661832,67.45,observed
2026-10-05 11:34:34,43.641428,39.662078,67.44,observed
2026-10-05 11:34:35,43.6414,39.662201,67.43,interp_short
2026-10-05 11:34:36,43.641372,39.662325,67.39,observed
2026-10-05 11:34:37,43.641316,39.662571,67.29,observed
2026-10-05 11:34:38,43.64126,39.662818,67.15,observed
2026-10-05 11:34:39,43.641232,39.66294,67.08,interp_short
2026-10-05 11:34:40,43.641204,39.663064,66.96,observed
2026-10-05 11:34:41,43.641147,39.663311,66.73,observed
2026-10-05 11:34:42,43.641119,39.663432,66.6,interp_short
2026-10-05 11:34:43,43.641091,39.663557,66.44,observed
2026-10-05 11:34:44,43.641035,39.663804,66.12,observed
2026-10-05 11:34:45,43.641007,39.663925,65.95,interp_short
2026-10-05 11:34:46,43.640978,39.664051,65.75,observed
2026-10-05 11:34:47,43.640922,39.664298,65.33,observed
2026-10-05 11:34:48,43.640865,39.664545,64.86,observed
2026-10-05 11:34:49,43.640808,39.664791,64.36,observed
2026-10-05 11:34:50,43.64078,39.664914,64.11,interp_short
2026-10-05 11:34:51,43.640751,39.665038,63.81,observed
2026-10-05 11:34:52,43.640695,39.665285,63.22,observed
2026-10-05 11:34:53,43.640667,39.665409,62.9,interp_short
2026-10-05 11:34:54,43.640638,39.665532,62.59,observed
2026-10-05 11:34:55,43.64058,39.665779,61.92,observed
2026-10-05 11:34:56,43.640523,39.666026,61.22,observed
2026-10-05 11:34:57,43.640494,39.666151,60.86,interp_short
2026-10-05 11:34:58,43.640466,39.666273,60.48,observed
2026-10-05 11:34:59,43.640409,39.666521,59.72,observed
2026-10-05 11:35:00,43.640351,39.666768,58.92,observed
2026-10-05 11:35:01,43.640322,39.666894,58.54,interp_short
2026-10-05 11:35:02,43.640294,39.667015,58.1,observed
2026-10-05 11:35:03,43.640236,39.667262,57.25,observed
2026-10-05 11:35:04,43.640207,39.667386,56.83,interp_short
2026-10-05 11:35:05,43.640179,39.667509,56.38,observed
2026-10-05 11:35:06,43.640121,39.667756,55.49,observed
2026-10-05 11:35:07,43.640092,39.66788,55.05,interp_short
2026-10-05 11:35:08,43.640063,39.668003,54.59,observed
2026-10-05 11:35:09,43.640005,39.66825,53.67,observed
2026-10-05 11:35:10,43.639977,39.668372,53.2,interp_short
2026-10-05 11:35:11,43.639948,39.668497,52.75,observed
2026-10-05 11:35:12,43.63989,39.668744,51.82,observed
2026-10-05 11:35:13,43.639862,39.668865,51.21,interp_short
2026-10-05 11:35:14,43.639832,39.668992,50.89,observed
2026-10-05 11:35:15,43.639804,39.669112,50.55,interp_short
2026-10-05 11:35:16,43.639774,39.669239,49.95,observed
2026-10-05 11:35:17,43.639716,39.669486,49.02,observed
2026-10-05 11:35:18,43.639658,39.669732,48.1,observed
2026-10-05 11:35:19,43.6396,39.669979,47.18,observed
2026-10-05 11:35:20,43.639542,39.670226,46.28,observed
2026-10-05 11:35:21,43.639514,39.670346,45.83,interp_short
2026-10-05 11:35:22,43.639484,39.670473,45.39,observed
2026-10-05 11:35:23,43.639425,39.67072,44.52,observed
2026-10-05 11:35:24,43.639367,39.670967,43.67,observed
2026-10-05 11:35:25,43.639338,39.671089,43.25,interp_short
2026-10-05 11:35:26,43.639309,39.671213,42.84,observed
2026-10-05 11:35:27,43.639251,39.67146,42.04,observed
2026-10-05 11:35:28,43.639193,39.671706,41.27,observed
2026-10-05 11:35:29,43.639135,39.671953,40.52,observed
2026-10-05 11:35:30,43.639106,39.672077,40.15,interp_short
2026-10-05 11:35:31,43.639077,39.672199,39.8,observed
2026-10-05 11:35:32,43.639019,39.672445,39.12,observed
2026-10-05 11:35:33,43.638961,39.672691,38.47,observed
2026-10-05 11:35:34,43.638903,39.672937,37.85,observed
2026-10-05 11:35:35,43.638874,39.673061,37.56,interp_short
2026-10-05 11:35:36,43.638845,39.673183,37.27,observed
2026-10-05 11:35:37,43.638788,39.673429,36.73,observed
2026-10-05 11:35:38,43.638758,39.673554,36.45,interp_short
2026-10-05 11:35:39,43.63873,39.673675,36.23,observed
2026-10-05 11:35:40,43.638672,39.67392,35.76,observed
2026-10-05 11:35:41,43.638615,39.674166,35.33,observed
2026-10-05 11:35:42,43.638585,39.67429,35.11,interp_short
2026-10-05 11:35:43,43.638557,39.674411,34.94,observed
2026-10-05 11:35:44,43.6385,39.674658,34.63,interp_short
2026-10-05 11:35:45,43.638443,39.674902,34.27,observed
2026-10-05 11:35:46,43.638386,39.675147,34.0,observed
2026-10-05 11:35:47,43.638357,39.675272,33.87,interp_short
2026-10-05 11:35:48,43.638329,39.675392,33.75,observed
2026-10-05 11:35:49,43.638272,39.675636,33.55,observed
2026-10-05 11:35:50,43.638243,39.67576,33.45,interp_short
2026-10-05 11:35:51,43.638215,39.675881,33.37,observed
2026-10-05 11:35:52,43.638158,39.676125,33.23,observed
2026-10-05 11:35:53,43.638119,39.676292,33.13,interp_short
2026-10-05 11:35:54,43.638082,39.676453,33.07,interp_short
2026-10-05 11:35:55,43.638045,39.676614,33.04,observed
2026-10-05 11:35:56,43.638017,39.676738,33.01,interp_short
2026-10-05 11:35:57,43.637989,39.676858,32.98,observed
2026-10-05 11:35:58,43.637933,39.677102,32.95,observed
2026-10-05 11:35:59,43.637877,39.677345,32.94,observed
2026-10-05 11:36:00,43.637849,39.677467,32.94,interp_short
2026-10-05 11:36:01,43.637821,39.677589,32.96,observed
2026-10-05 11:36:02,43.637765,39.677832,32.99,observed
2026-10-05 11:36:03,43.637737,39.677952,33.01,interp_short
2026-10-05 11:36:04,43.637709,39.678075,33.04,observed
2026-10-05 11:36:05,43.637654,39.678318,33.1,observed
2026-10-05 11:36:06,43.637626,39.678439,33.13,interp_short
2026-10-05 11:36:07,43.637599,39.678561,33.17,observed
2026-10-05 11:36:08,43.637544,39.678804,33.26,observed
2026-10-05 11:36:09,43.637516,39.678925,33.31,interp_short
2026-10-05 11:36:10,43.637489,39.679047,33.35,observed
2026-10-05 11:36:11,43.637434,39.679289,33.44,observed
2026-10-05 11:36:12,43.637379,39.679531,33.54,observed
2026-10-05 11:36:13,43.637325,39.679774,33.64,observed
2026-10-05 11:36:14,43.637297,39.679895,33.69,interp_short
2026-10-05 11:36:15,43.63727,39.680016,33.74,observed
2026-10-05 11:36:16,43.637216,39.680257,33.83,observed
2026-10-05 11:36:17,43.637162,39.680499,33.91,observed
2026-10-05 11:36:18,43.637133,39.68063,33.96,interp_short
2026-10-05 11:36:19,43.637108,39.680739,33.98,interp_short
2026-10-05 11:36:20,43.637084,39.680848,34.01,interp_short
2026-10-05 11:36:21,43.637054,39.680982,34.05,observed
2026-10-05 11:36:22,43.637001,39.681223,34.11,observed
2026-10-05 11:36:23,43.636974,39.681342,34.14,interp_short
2026-10-05 11:36:24,43.636947,39.681464,34.15,observed
2026-10-05 11:36:25,43.636894,39.681705,34.18,observed
2026-10-05 11:36:26,43.636841,39.681946,34.19,observed
2026-10-05 11:36:27,43.636788,39.682187,34.18,observed
2026-10-05 11:36:28,43.636761,39.682307,34.18,interp_short
2026-10-05 11:36:29,43.636735,39.682428,34.16,observed
2026-10-05 11:36:30,43.636682,39.682668,34.11,observed
2026-10-05 11:36:31,43.636629,39.682909,34.05,observed
2026-10-05 11:36:32,43.636577,39.683149,33.97,observed
2026-10-05 11:36:33,43.636541,39.683311,33.89,interp_short
2026-10-05 11:36:34,43.636507,39.683467,33.81,interp_short
2026-10-05 11:36:35,43.636472,39.683629,33.75,observed
2026-10-05 11:36:36,43.636446,39.683749,33.7,interp_short
2026-10-05 11:36:37,43.63642,39.683869,33.61,observed
2026-10-05 11:36:38,43.636368,39.684109,33.45,observed
2026-10-05 11:36:39,43.636316,39.684349,33.27,observed
2026-10-05 11:36:40,43.63629,39.684469,33.15,interp_short
2026-10-05 11:36:41,43.636264,39.684589,33.08,observed
2026-10-05 11:36:42,43.636238,39.684708,33.01,interp_short
2026-10-05 11:36:43,43.636212,39.684829,32.87,observed
2026-10-05 11:36:44,43.636161,39.685068,32.64,observed
2026-10-05 11:36:45,43.636109,39.685308,32.4,observed
2026-10-05 11:36:46,43.636057,39.685547,32.14,observed
2026-10-05 11:36:47,43.636023,39.685707,31.96,interp_short
2026-10-05 11:36:48,43.63599,39.685863,31.81,interp_short
2026-10-05 11:36:49,43.635955,39.686026,31.61,observed
2026-10-05 11:36:50,43.635903,39.686266,31.32,observed
2026-10-05 11:36:51,43.635865,39.686444,31.05,interp_short
2026-10-05 11:36:52,43.635826,39.686623,30.82,interp_short
2026-10-05 11:36:53,43.635788,39.686804,30.63,interp_short
2026-10-05 11:36:54,43.635749,39.686984,30.45,observed
2026-10-05 11:36:55,43.635715,39.687145,30.28,interp_short
2026-10-05 11:36:56,43.635682,39.6873,30.09,interp_short
2026-10-05 11:36:57,43.635647,39.687463,29.86,observed
2026-10-05 11:36:58,43.635595,39.687703,29.57,observed
2026-10-05 11:36:59,43.635544,39.687942,29.29,observed
2026-10-05 11:37:00,43.635519,39.688061,29.16,interp_short
2026-10-05 11:37:01,43.635493,39.688182,29.02,observed
2026-10-05 11:37:02,43.635442,39.688421,28.76,observed
2026-10-05 11:37:03,43.635417,39.68854,28.62,interp_short
2026-10-05 11:37:04,43.635391,39.688661,28.51,observed
2026-10-05 11:37:05,43.635339,39.6889,28.28,observed
2026-10-05 11:37:06,43.635288,39.68914,28.06,observed
2026-10-05 11:37:07,43.635237,39.68938,27.86,observed
2026-10-05 11:37:08,43.635211,39.689498,27.76,interp_short
2026-10-05 11:37:09,43.635185,39.68962,27.68,observed
2026-10-05 11:37:10,43.635134,39.68986,27.53,observed
2026-10-05 11:37:11,43.635082,39.6901,27.39,observed
2026-10-05 11:37:12,43.635031,39.69034,27.29,observed
2026-10-05 11:37:13,43.635005,39.690458,27.24,interp_short
2026-10-05 11:37:14,43.634979,39.69058,27.21,observed
2026-10-05 11:37:15,43.634927,39.690819,27.16,interp_short
2026-10-05 11:37:16,43.634875,39.691061,27.13,observed
2026-10-05 11:37:17,43.634823,39.691302,27.13,observed
2026-10-05 11:37:18,43.634797,39.691423,27.14,interp_short
2026-10-05 11:37:19,43.634771,39.691543,27.17,observed
2026-10-05 11:37:20,43.634719,39.691784,27.23,observed
2026-10-05 11:37:21,43.634667,39.692027,27.32,interp_short
2026-10-05 11:37:22,43.634615,39.692266,27.45,observed
2026-10-05 11:37:23,43.634562,39.692507,27.6,observed
2026-10-05 11:37:24,43.634535,39.692631,27.68,interp_short
2026-10-05 11:37:25,43.63451,39.692749,27.79,observed
2026-10-05 11:37:26,43.634457,39.692991,28.0,observed
2026-10-05 11:37:27,43.634404,39.693232,28.24,observed
2026-10-05 11:37:28,43.634352,39.693475,28.51,observed
2026-10-05 11:37:29,43.634324,39.693599,28.65,interp_short
2026-10-05 11:37:30,43.634298,39.693717,28.8,observed
2026-10-05 11:37:31,43.634245,39.693959,29.12,observed
2026-10-05 11:37:32,43.634209,39.694127,29.42,interp_short
2026-10-05 11:37:33,43.634174,39.694284,29.65,interp_short
2026-10-05 11:37:34,43.634139,39.694445,29.82,observed
2026-10-05 11:37:35,43.634112,39.694568,29.95,interp_short
2026-10-05 11:37:36,43.634085,39.694688,30.2,observed
2026-10-05 11:37:37,43.634031,39.694931,30.6,observed
2026-10-05 11:37:38,43.634006,39.695054,30.82,interp_short
2026-10-05 11:37:39,43.633977,39.695174,31.02,observed
2026-10-05 11:37:40,43.633923,39.695418,31.44,observed
2026-10-05 11:37:41,43.633869,39.695662,31.88,observed
2026-10-05 11:37:42,43.633847,39.695788,32.1,interp_short
2026-10-05 11:37:43,43.633815,39.695906,32.32,observed
2026-10-05 11:37:44,43.63376,39.69615,32.77,observed
2026-10-05 11:37:45,43.633705,39.696395,33.22,observed
2026-10-05 11:37:46,43.633687,39.696523,33.42,interp_short
2026-10-05 11:37:47,43.633651,39.696639,33.67,observed
2026-10-05 11:37:48,43.633596,39.696884,34.12,observed
2026-10-05 11:37:49,43.633578,39.697015,34.24,interp_short
2026-10-05 11:37:50,43.633541,39.697129,34.56,observed
2026-10-05 11:37:51,43.633431,39.697318,35.77,observed
2026-10-05 11:37:52,43.633277,39.697463,37.57,observed
2026-10-05 11:37:53,43.633209,39.697544,38.5,interp_short
2026-10-05 11:37:54,43.633124,39.697609,39.36,observed
2026-10-05 11:37:55,43.63297,39.697754,41.14,observed
2026-10-05 11:37:56,43.632816,39.6979,42.89,observed
2026-10-05 11:37:57,43.632745,39.697978,43.75,interp_short
2026-10-05 11:37:58,43.632662,39.698046,44.62,observed
2026-10-05 11:37:59,43.632508,39.698192,46.33,observed
2026-10-05 11:38:00,43.632354,39.698338,48.0,observed
2026-10-05 11:38:01,43.6322,39.698485,49.65,observed
2026-10-05 11:38:02,43.632118,39.698569,50.71,interp_short
2026-10-05 11:38:03,43.632047,39.698636,51.32,interp_short
2026-10-05 11:38:04,43.631975,39.698701,51.9,interp_short
2026-10-05 11:38:05,43.631891,39.698778,52.85,observed
2026-10-05 11:38:06,43.631736,39.698925,54.39,observed
2026-10-05 11:38:07,43.631581,39.699073,55.89,observed
2026-10-05 11:38:08,43.631503,39.699147,56.71,interp_short
2026-10-05 11:38:09,43.631426,39.69922,57.36,observed
2026-10-05 11:38:10,43.631275,39.699364,58.48,interp_short
2026-10-05 11:38:11,43.631109,39.699521,59.96,interp_short
2026-10-05 11:38:12,43.63096,39.699663,61.51,observed
2026-10-05 11:38:13,43.630805,39.699811,62.81,observed
2026-10-05 11:38:14,43.630726,39.699886,63.6,interp_short
2026-10-05 11:38:15,43.630649,39.699959,64.06,observed
2026-10-05 11:38:16,43.630571,39.700034,64.5,interp_short
2026-10-05 11:38:17,43.630493,39.700108,65.27,observed
2026-10-05 11:38:18,43.630338,39.700256,66.43,observed
2026-10-05 11:38:19,43.63026,39.70033,67.16,interp_short
2026-10-05 11:38:20,43.630182,39.700405,67.55,observed
2026-10-05 11:38:21,43.630104,39.700479,67.95,interp_short
2026-10-05 11:38:22,43.630026,39.700553,68.63,observed
2026-10-05 11:38:23,43.62987,39.700702,69.66,observed
2026-10-05 11:38:24,43.629714,39.700851,70.65,observed
2026-10-05 11:38:25,43.629558,39.701,71.59,observed
2026-10-05 11:38:26,43.62948,39.701074,72.06,interp_short
2026-10-05 11:38:27,43.629401,39.701149,72.5,observed
2026-10-05 11:38:28,43.629245,39.701298,73.37,observed
2026-10-05 11:38:29,43.629089,39.701447,74.2,observed
2026-10-05 11:38:30,43.629011,39.701521,74.58,interp_short
2026-10-05 11:38:31,43.628932,39.701596,74.99,observed
2026-10-05 11:38:32,43.628776,39.701746,75.75,observed
2026-10-05 11:38:33,43.628697,39.701821,76.14,interp_short
2026-10-05 11:38:34,43.628619,39.701895,76.49,observed
2026-10-05 11:38:35,43.628463,39.702044,77.19,observed
2026-10-05 11:38:36,43.628358,39.702144,77.7,interp_short
2026-10-05 11:38:37,43.628257,39.702241,78.06,interp_short
2026-10-05 11:38:38,43.62815,39.702343,78.51,observed
2026-10-05 11:38:39,43.627993,39.702492,79.14,observed
2026-10-05 11:38:40,43.627917,39.702565,79.54,interp_short
2026-10-05 11:38:41,43.627837,39.702642,79.75,observed
2026-10-05 11:38:42,43.627761,39.702715,79.97,interp_short
2026-10-05 11:38:43,43.62768,39.702791,80.34,observed
2026-10-05 11:38:44,43.627523,39.702941,80.92,observed
2026-10-05 11:38:45,43.627367,39.70309,81.49,observed
2026-10-05 11:38:46,43.62721,39.703239,82.05,observed
2026-10-05 11:38:47,43.627133,39.703312,82.33,interp_short
2026-10-05 11:38:48,43.627053,39.703388,82.61,observed
2026-10-05 11:38:49,43.626897,39.703538,83.17,observed
2026-10-05 11:38:50,43.62674,39.703687,83.72,observed
2026-10-05 11:38:51,43.626584,39.703836,84.29,observed
2026-10-05 11:38:52,43.626427,39.703985,84.85,observed
2026-10-05 11:38:53,43.626349,39.70406,85.14,interp_short
2026-10-05 11:38:54,43.626271,39.704134,85.43,observed
2026-10-05 11:38:55,43.626114,39.704283,86.0,interp_short
2026-10-05 11:38:56,43.625958,39.704431,86.63,observed
2026-10-05 11:38:57,43.62585,39.704533,87.05,interp_short
2026-10-05 11:38:58,43.62575,39.704628,87.4,interp_short
2026-10-05 11:38:59,43.625645,39.704728,87.89,observed
2026-10-05 11:39:00,43.625489,39.704877,88.55,observed
2026-10-05 11:39:01,43.625411,39.704952,88.89,interp_short
2026-10-05 11:39:02,43.625333,39.705025,89.24,observed
2026-10-05 11:39:03,43.625177,39.705173,89.95,observed
2026-10-05 11:39:04,43.625071,39.705273,90.5,interp_short
2026-10-05 11:39:05,43.624971,39.705368,90.92,interp_short
2026-10-05 11:39:06,43.624864,39.705469,91.46,observed
2026-10-05 11:39:07,43.624708,39.705617,92.25,observed
2026-10-05 11:39:08,43.624553,39.705764,93.08,observed
2026-10-05 11:39:09,43.624397,39.705911,93.94,observed
2026-10-05 11:39:10,43.624319,39.705985,94.38,interp_short
2026-10-05 11:39:11,43.624241,39.706059,94.83,observed
2026-10-05 11:39:12,43.624085,39.706206,95.75,observed
2026-10-05 11:39:13,43.62393,39.706353,96.71,observed
2026-10-05 11:39:14,43.62385,39.706428,97.19,interp_short
2026-10-05 11:39:15,43.623774,39.706499,97.7,observed
2026-10-05 11:39:16,43.623619,39.706646,98.72,observed
2026-10-05 11:39:17,43.623463,39.706792,99.77,observed
2026-10-05 11:39:18,43.623308,39.706938,100.86,observed
2026-10-05 11:39:19,43.623153,39.707085,101.98,observed
2026-10-05 11:39:20,43.623073,39.70716,102.71,interp_short
2026-10-05 11:39:21,43.622998,39.70723,103.13,observed
2026-10-05 11:39:22,43.622919,39.707305,103.53,interp_short
2026-10-05 11:39:23,43.622843,39.707376,104.31,observed
2026-10-05 11:39:24,43.622688,39.707521,105.51,observed
2026-10-05 11:39:25,43.622611,39.707594,106.11,interp_short
2026-10-05 11:39:26,43.622533,39.707667,106.74,observed
2026-10-05 11:39:27,43.622379,39.707812,108.0,observed
2026-10-05 11:39:28,43.622303,39.707884,108.84,interp_short
2026-10-05 11:39:29,43.622224,39.707957,109.29,observed
2026-10-05 11:39:30,43.622149,39.708028,109.77,interp_short
2026-10-05 11:39:31,43.62207,39.708102,110.59,observed
2026-10-05 11:39:32,43.621915,39.708246,111.91,observed
2026-10-05 11:39:33,43.621761,39.708391,113.26,observed
2026-10-05 11:39:34,43.621687,39.708461,113.93,interp_short
2026-10-05 11:39:35,43.621607,39.708535,114.62,observed
2026-10-05 11:39:36,43.621452,39.708679,115.99,observed
2026-10-05 11:39:37,43.621298,39.708823,117.37,observed
2026-10-05 11:39:38,43.621144,39.708967,118.77,observed
2026-10-05 11:39:39,43.620991,39.70911,120.17,observed
2026-10-05 11:39:40,43.620837,39.709254,121.58,observed
2026-10-05 11:39:41,43.620763,39.709329,122.48,interp_short
2026-10-05 11:39:42,43.620683,39.709397,123.0,observed
2026-10-05 11:39:43,43.620609,39.709473,123.52,interp_short
2026-10-05 11:39:44,43.620529,39.70954,124.41,observed
2026-10-05 11:39:45,43.620376,39.709683,125.83,observed
2026-10-05 11:39:46,43.620223,39.709826,127.24,observed
2026-10-05 11:39:47,43.620069,39.709968,128.65,observed
2026-10-05 11:39:48,43.619912,39.7101,129.73,observed
2026-10-05 11:39:49,43.619734,39.710167,128.94,observed
2026-10-05 11:39:50,43.619555,39.710234,128.15,observed
2026-10-05 11:39:51,43.619468,39.710274,127.78,interp_short
2026-10-05 11:39:52,43.619377,39.710301,127.35,observed
2026-10-05 11:39:53,43.619199,39.710368,126.53,observed
2026-10-05 11:39:54,43.61902,39.710434,125.71,observed
2026-10-05 11:39:55,43.618932,39.710472,125.28,interp_short
2026-10-05 11:39:56,43.618842,39.710501,124.87,observed
2026-10-05 11:39:57,43.618664,39.710571,124.09,interp_short
2026-10-05 11:39:58,43.618486,39.710634,123.15,observed
2026-10-05 11:39:59,43.618308,39.7107,122.27,observed
2026-10-05 11:40:00,43.61813,39.710766,121.37,observed
2026-10-05 11:40:01,43.618041,39.7108,120.91,interp_short
2026-10-05 11:40:02,43.617952,39.710833,120.46,observed
2026-10-05 11:40:03,43.617775,39.710899,119.53,observed
2026-10-05 11:40:04,43.617597,39.710965,118.59,observed
2026-10-05 11:40:05,43.617508,39.710998,118.13,interp_short
2026-10-05 11:40:06,43.617419,39.711031,117.64,observed
2026-10-05 11:40:07,43.617242,39.711097,116.67,observed
2026-10-05 11:40:08,43.617107,39.711147,115.82,interp_short
2026-10-05 11:40:09,43.616974,39.711197,115.15,interp_short
2026-10-05 11:40:10,43.616842,39.711246,114.5,interp_short
2026-10-05 11:40:11,43.616709,39.711295,113.7,observed
2026-10-05 11:40:12,43.616531,39.711361,112.69,observed
2026-10-05 11:40:13,43.616353,39.711427,111.69,interp_short
2026-10-05 11:40:14,43.616177,39.711493,110.66,observed
2026-10-05 11:40:15,43.615999,39.711559,109.64,observed
2026-10-05 11:40:16,43.61591,39.711592,109.12,interp_short
2026-10-05 11:40:17,43.615822,39.711625,108.61,observed
2026-10-05 11:40:18,43.615645,39.711691,107.59,observed
2026-10-05 11:40:19,43.615467,39.711757,106.57,observed
2026-10-05 11:40:20,43.615379,39.71179,106.07,interp_short
2026-10-05 11:40:21,43.61529,39.711823,105.56,observed
2026-10-05 11:40:22,43.615113,39.711889,104.55,observed
2026-10-05 11:40:23,43.614992,39.711934,103.69,interp_short
2026-10-05 11:40:24,43.61488,39.711976,103.08,interp_short
2026-10-05 11:40:25,43.614758,39.712022,102.57,observed
2026-10-05 11:40:26,43.614638,39.712067,102.04,interp_short
2026-10-05 11:40:27,43.614525,39.712109,101.42,interp_short
2026-10-05 11:40:28,43.614404,39.712154,100.65,observed
2026-10-05 11:40:29,43.614226,39.712221,99.72,observed
2026-10-05 11:40:30,43.614049,39.712287,98.8,observed
2026-10-05 11:40:31,43.613872,39.712354,97.92,observed
2026-10-05 11:40:32,43.613695,39.71242,97.06,observed
2026-10-05 11:40:33,43.613517,39.712487,96.23,observed
2026-10-05 11:40:34,43.61334,39.712554,95.43,observed
2026-10-05 11:40:35,43.613251,39.712588,95.05,interp_short
2026-10-05 11:40:36,43.613163,39.712621,94.66,observed
2026-10-05 11:40:37,43.612985,39.712688,93.93,observed
2026-10-05 11:40:38,43.612895,39.712722,93.55,interp_short
2026-10-05 11:40:39,43.612808,39.712755,93.23,observed
2026-10-05 11:40:40,43.612631,39.712822,92.57,observed
2026-10-05 11:40:41,43.612453,39.712889,91.96,observed
2026-10-05 11:40:42,43.612276,39.712956,91.38,observed
2026-10-05 11:40:43,43.612154,39.713002,90.99,interp_short
2026-10-05 11:40:44,43.612041,39.713045,90.7,interp_short
2026-10-05 11:40:45,43.611921,39.713091,90.35,observed
2026-10-05 11:40:46,43.611744,39.713159,89.89,observed
2026-10-05 11:40:47,43.611655,39.713192,89.67,interp_short
2026-10-05 11:40:48,43.611566,39.713226,89.49,observed
2026-10-05 11:40:49,43.611389,39.713294,89.12,observed
2026-10-05 11:40:50,43.611211,39.713362,88.8,observed
2026-10-05 11:40:51,43.611123,39.713396,88.66,interp_short
2026-10-05 11:40:52,43.611034,39.71343,88.53,observed
2026-10-05 11:40:53,43.610856,39.713498,88.29,observed
2026-10-05 11:40:54,43.610679,39.713566,88.1,observed
2026-10-05 11:40:55,43.61059,39.7136,88.02,interp_short
2026-10-05 11:40:56,43.610501,39.713634,87.95,observed
2026-10-05 11:40:57,43.610323,39.713703,87.84,observed
2026-10-05 11:40:58,43.610146,39.713771,87.78,observed
2026-10-05 11:40:59,43.609968,39.713839,87.75,observed
2026-10-05 11:41:00,43.60979,39.713908,87.75,observed
2026-10-05 11:41:01,43.609699,39.713943,87.75,interp_short
2026-10-05 11:41:02,43.609612,39.713977,87.79,observed
2026-10-05 11:41:03,43.609434,39.714045,87.87,observed
2026-10-05 11:41:04,43.609343,39.71408,87.91,interp_short
2026-10-05 11:41:05,43.609256,39.714114,87.97,observed
2026-10-05 11:41:06,43.609079,39.714183,88.1,observed
2026-10-05 11:41:07,43.608901,39.714252,88.26,observed
2026-10-05 11:41:08,43.608811,39.714287,88.34,interp_short
2026-10-05 11:41:09,43.608723,39.714321,88.44,observed
2026-10-05 11:41:10,43.608545,39.71439,88.64,observed
2026-10-05 11:41:11,43.608424,39.714437,88.83,interp_short
2026-10-05 11:41:12,43.608309,39.714481,88.99,interp_short
2026-10-05 11:41:13,43.608189,39.714528,89.1,observed
2026-10-05 11:41:14,43.6081,39.714563,89.19,interp_short
2026-10-05 11:41:15,43.60801,39.714598,89.34,observed
2026-10-05 11:41:16,43.607832,39.714667,89.59,observed
2026-10-05 11:41:17,43.607745,39.714701,89.72,interp_short
2026-10-05 11:41:18,43.607654,39.714736,89.85,observed
2026-10-05 11:41:19,43.607476,39.714806,90.12,observed
2026-10-05 11:41:20,43.607389,39.71484,90.28,interp_short
2026-10-05 11:41:21,43.607298,39.714875,90.38,observed
2026-10-05 11:41:22,43.607162,39.714928,90.52,interp_short
2026-10-05 11:41:23,43.607019,39.714984,90.7,interp_short
2026-10-05 11:41:24,43.606872,39.715041,90.91,interp_short
2026-10-05 11:41:25,43.606726,39.715098,91.14,interp_short
2026-10-05 11:41:26,43.606584,39.715153,91.36,observed
2026-10-05 11:41:27,43.606406,39.715223,91.57,observed
2026-10-05 11:41:28,43.606228,39.715292,91.77,observed
2026-10-05 11:41:29,43.60614,39.715326,91.86,interp_short
2026-10-05 11:41:30,43.606049,39.715362,91.94,observed
2026-10-05 11:41:31,43.605871,39.715431,92.09,observed
2026-10-05 11:41:32,43.605692,39.715501,92.21,observed
2026-10-05 11:41:33,43.605514,39.715571,92.31,observed
2026-10-05 11:41:34,43.605424,39.715606,92.36,interp_short
2026-10-05 11:41:35,43.605335,39.71564,92.38,observed
2026-10-05 11:41:36,43.605157,39.71571,92.41,observed
2026-10-05 11:41:37,43.605067,39.715745,92.42,interp_short
2026-10-05 11:41:38,43.604978,39.71578,92.41,observed
2026-10-05 11:41:39,43.6048,39.715849,92.37,observed
2026-10-05 11:41:40,43.604621,39.715919,92.3,observed
2026-10-05 11:41:41,43.604442,39.715989,92.19,observed
2026-10-05 11:41:42,43.604352,39.716024,92.13,interp_short
2026-10-05 11:41:43,43.604264,39.716058,92.04,observed
2026-10-05 11:41:44,43.604085,39.716128,91.85,observed
2026-10-05 11:41:45,43.603906,39.716198,91.62,observed
2026-10-05 11:41:46,43.603815,39.716233,91.51,interp_short
2026-10-05 11:41:47,43.603728,39.716267,91.35,observed
2026-10-05 11:41:48,43.603549,39.716337,91.04,observed
2026-10-05 11:41:49,43.603459,39.716372,90.88,interp_short
2026-10-05 11:41:50,43.60337,39.716406,90.69,observed
2026-10-05 11:41:51,43.603191,39.716476,90.29,observed
2026-10-05 11:41:52,43.60307,39.716523,89.91,interp_short
2026-10-05 11:41:53,43.602953,39.716569,89.61,interp_short
2026-10-05 11:41:54,43.602834,39.716615,89.39,observed
2026-10-05 11:41:55,43.602744,39.71665,89.2,interp_short
2026-10-05 11:41:56,43.602655,39.716685,88.88,observed
2026-10-05 11:41:57,43.602476,39.716754,88.34,observed
2026-10-05 11:41:58,43.602298,39.716823,87.76,observed
2026-10-05 11:41:59,43.602178,39.71687,87.24,interp_short
2026-10-05 11:42:00,43.60206,39.716915,86.82,interp_short
2026-10-05 11:42:01,43.60194,39.716962,86.5,observed
2026-10-05 11:42:02,43.601851,39.716997,86.25,interp_short
2026-10-05 11:42:03,43.601761,39.717032,85.82,observed
2026-10-05 11:42:04,43.601582,39.717101,85.12,observed
2026-10-05 11:42:05,43.601494,39.717135,84.74,interp_short
2026-10-05 11:42:06,43.601404,39.71717,84.38,observed
2026-10-05 11:42:07,43.601225,39.71724,83.63,observed
2026-10-05 11:42:08,43.601087,39.717294,82.81,interp_short
2026-10-05 11:42:09,43.600942,39.71735,82.06,interp_short
2026-10-05 11:42:10,43.600794,39.717407,81.39,interp_short
2026-10-05 11:42:11,43.600649,39.717463,80.83,interp_short
2026-10-05 11:42:12,43.60051,39.717517,80.41,observed
2026-10-05 11:42:13,43.600421,39.717551,80.09,interp_short
2026-10-05 11:42:14,43.600331,39.717586,79.56,observed
2026-10-05 11:42:15,43.600152,39.717655,78.71,observed
2026-10-05 11:42:16,43.600064,39.717689,78.15,interp_short
2026-10-05 11:42:17,43.599973,39.717724,77.85,observed
2026-10-05 11:42:18,43.599885,39.717758,77.54,interp_short
2026-10-05 11:42:19,43.599794,39.717793,76.99,observed
2026-10-05 11:42:20,43.599615,39.717862,76.12,observed
2026-10-05 11:42:21,43.599437,39.717932,75.25,observed
2026-10-05 11:42:22,43.599258,39.718001,74.39,observed
2026-10-05 11:42:23,43.599169,39.718035,73.97,interp_short
2026-10-05 11:42:24,43.599079,39.71807,73.52,observed
2026-10-05 11:42:25,43.5989,39.718139,72.67,observed
2026-10-05 11:42:26,43.598811,39.718173,72.22,interp_short
2026-10-05 11:42:27,43.598721,39.718208,71.82,observed
2026-10-05 11:42:28,43.598543,39.718277,70.99,observed
2026-10-05 11:42:29,43.598364,39.718346,70.16,observed
2026-10-05 11:42:30,43.598185,39.718415,69.35,observed
2026-10-05 11:42:31,43.598005,39.718484,68.48,interp_short
2026-10-05 11:42:32,43.597828,39.718552,67.78,observed
2026-10-05 11:42:33,43.597737,39.718587,67.43,interp_short
2026-10-05 11:42:34,43.597649,39.718621,67.02,observed
2026-10-05 11:42:35,43.59747,39.71869,66.27,observed
2026-10-05 11:42:36,43.597379,39.718725,65.79,interp_short
2026-10-05 11:42:37,43.597291,39.718759,65.55,observed
2026-10-05 11:42:38,43.5972,39.718794,65.31,interp_short
2026-10-05 11:42:39,43.597112,39.718828,64.85,observed
2026-10-05 11:42:40,43.596934,39.718897,64.16,observed
2026-10-05 11:42:41,43.596844,39.718932,63.81,interp_short
2026-10-05 11:42:42,43.596755,39.718966,63.5,observed
2026-10-05 11:42:43,43.596576,39.719035,62.86,observed
2026-10-05 11:42:44,43.596397,39.719104,62.23,observed
2026-10-05 11:42:45,43.596218,39.719173,61.6,interp_short
2026-10-05 11:42:46,43.59604,39.719241,61.05,observed
2026-10-05 11:42:47,43.595951,39.719275,60.7,interp_short
2026-10-05 11:42:48,43.595861,39.71931,60.48,observed
2026-10-05 11:42:49,43.595773,39.719344,60.28,interp_short
2026-10-05 11:42:50,43.595683,39.719379,59.94,observed
2026-10-05 11:42:51,43.595504,39.719448,59.41,observed
2026-10-05 11:42:52,43.595384,39.719494,59.03,interp_short
2026-10-05 11:42:53,43.595267,39.719539,58.75,interp_short
2026-10-05 11:42:54,43.595146,39.719585,58.39,observed
2026-10-05 11:42:55,43.594968,39.719654,57.91,observed
2026-10-05 11:42:56,43.594879,39.719688,57.66,interp_short
2026-10-05 11:42:57,43.594789,39.719723,57.43,observed
2026-10-05 11:42:58,43.59461,39.719792,56.96,observed
2026-10-05 11:42:59,43.594431,39.71986,56.5,observed
2026-10-05 11:43:00,43.594343,39.719894,56.28,interp_short
2026-10-05 11:43:01,43.594253,39.719929,56.05,observed
2026-10-05 11:43:02,43.594074,39.719998,55.6,observed
2026-10-05 11:43:03,43.593956,39.720043,55.27,interp_short
2026-10-05 11:43:04,43.59384,39.720088,55.03,interp_short
2026-10-05 11:43:05,43.593717,39.720135,54.7,observed
2026-10-05 11:43:06,43.593538,39.720204,54.25,observed
2026-10-05 11:43:07,43.59345,39.720238,54.01,interp_short
2026-10-05 11:43:08,43.593359,39.720273,53.79,observed
2026-10-05 11:43:09,43.593187,39.720339,53.35,interp_short
2026-10-05 11:43:10,43.592998,39.720412,52.81,interp_short
2026-10-05 11:43:11,43.592823,39.720479,52.37,observed
2026-10-05 11:43:12,43.592734,39.720513,52.14,interp_short
2026-10-05 11:43:13,43.592644,39.720548,51.88,observed
2026-10-05 11:43:14,43.592466,39.720617,51.37,observed
2026-10-05 11:43:15,43.592287,39.720686,50.84,observed
2026-10-05 11:43:16,43.592108,39.720754,50.29,observed
2026-10-05 11:43:17,43.592018,39.720789,50.02,interp_short
2026-10-05 11:43:18,43.59193,39.720823,49.73,observed
2026-10-05 11:43:19,43.591751,39.720892,49.14,observed
2026-10-05 11:43:20,43.591572,39.720961,48.53,observed
2026-10-05 11:43:21,43.591394,39.721029,47.89,observed
2026-10-05 11:43:22,43.591303,39.721064,47.57,interp_short
2026-10-05 11:43:23,43.591215,39.721098,47.23,observed
2026-10-05 11:43:24,43.591036,39.721167,46.55,observed
2026-10-05 11:43:25,43.590946,39.721201,46.09,interp_short
2026-10-05 11:43:26,43.590858,39.721235,45.83,observed
2026-10-05 11:43:27,43.590769,39.721269,45.54,interp_short
2026-10-05 11:43:28,43.590679,39.721304,45.09,observed
2026-10-05 11:43:29,43.590501,39.721373,44.4,interp_short
2026-10-05 11:43:30,43.590322,39.721442,43.53,observed
2026-10-05 11:43:31,43.590143,39.72151,42.7,observed
2026-10-05 11:43:32,43.590056,39.721544,42.31,interp_short
2026-10-05 11:43:33,43.589964,39.721579,41.85,observed
2026-10-05 11:43:34,43.589786,39.721648,40.97,observed
2026-10-05 11:43:35,43.589699,39.721681,40.51,interp_short
2026-10-05 11:43:36,43.589607,39.721717,40.07,observed
2026-10-05 11:43:37,43.589429,39.721785,39.14,observed
2026-10-05 11:43:38,43.58925,39.721854,38.18,observed
2026-10-05 11:43:39,43.589071,39.721923,37.2,observed
2026-10-05 11:43:40,43.588893,39.721992,36.2,observed
2026-10-05 11:43:41,43.588804,39.722026,35.7,interp_short
2026-10-05 11:43:42,43.588714,39.72206,35.18,observed
2026-10-05 11:43:43,43.588535,39.722129,34.13,observed
2026-10-05 11:43:44,43.588357,39.722198,33.07,observed
2026-10-05 11:43:45,43.588178,39.722267,32.0,observed
2026-10-05 11:43:46,43.588,39.722336,30.91,observed
2026-10-05 11:43:47,43.587909,39.722371,30.38,interp_short
2026-10-05 11:43:48,43.587821,39.722404,29.82,observed
2026-10-05 11:43:49,43.587643,39.722473,28.71,observed
2026-10-05 11:43:50,43.587519,39.722521,27.9,interp_short
2026-10-05 11:43:51,43.587406,39.722565,27.29,interp_short
2026-10-05 11:43:52,43.587285,39.722611,26.48,observed
2026-10-05 11:43:53,43.587107,39.72268,25.37,observed
2026-10-05 11:43:54,43.587018,39.722714,24.8,interp_short
2026-10-05 11:43:55,43.586928,39.722749,24.26,observed
2026-10-05 11:43:56,43.58675,39.722818,23.15,observed
2026-10-05 11:43:57,43.586571,39.722886,22.05,observed
2026-10-05 11:43:58,43.586484,39.72292,21.51,interp_short
2026-10-05 11:43:59,43.586393,39.722955,20.96,observed
2026-10-05 11:44:00,43.586214,39.723024,19.88,observed
2026-10-05 11:44:01,43.586036,39.723093,18.82,observed
2026-10-05 11:44:02,43.585852,39.723164,17.75,interp_short
2026-10-05 11:44:03,43.585679,39.723231,16.76,observed
2026-10-05 11:44:04,43.585578,39.723263,16.04,interp_short
2026-10-05 11:44:05,43.5855,39.7233,15.77,observed
