point_id,timestamp,latitude,longitude,altitude
1,2026-09-16T10:00:01,44.320042,38.707155,25.0
2,2026-09-16T10:00:02,44.320083,38.70731,25.0
3,2026-09-16T10:00:04,44.320167,38.70762,25.0
4,2026-09-16T10:00:05,44.320208,38.707775,25.0
5,2026-09-16T10:00:06,44.32025,38.70793,25.0
6,2026-09-16T10:00:07,44.320292,38.708085,25.0
7,2026-09-16T10:00:09,44.320375,38.708395,25.0
8,2026-09-16T10:00:11,44.320458,38.708705,25.0
9,2026-09-16T10:00:13,44.320542,38.709015,25.1
10,2026-09-16T10:00:15,44.320625,38.709325,25.1
11,2026-09-16T10:00:16,44.320667,38.70948,25.1
12,2026-09-16T10:00:18,44.32075,38.70979,25.1
13,2026-09-16T10:00:21,44.320875,38.710255,25.2
14,2026-09-16T10:00:22,44.320917,38.71041,25.2
15,2026-09-16T10:00:24,44.321,38.71072,25.2
16,2026-09-16T10:00:25,44.321042,38.710875,25.2
17,2026-09-16T10:00:26,44.321083,38.71103,25.2
18,2026-09-16T10:00:27,44.321125,38.711185,25.3
19,2026-09-16T10:00:28,44.321167,38.71134,25.3
20,2026-09-16T10:00:30,44.32125,38.71165,25.3
21,2026-09-16T10:00:32,44.321333,38.71196,25.4
22,2026-09-16T10:00:34,44.321417,38.712271,25.4
23,2026-09-16T10:00:38,44.321583,38.712891,25.5
24,2026-09-16T10:00:40,44.321667,38.713201,25.6
25,2026-09-16T10:00:41,44.321709,38.713356,25.6
26,2026-09-16T10:00:42,44.32175,38.713511,25.6
27,2026-09-16T10:00:43,44.321792,38.713666,25.7
28,2026-09-16T10:00:44,44.321834,38.713821,25.7
29,2026-09-16T10:00:45,44.321875,38.713976,25.7
30,2026-09-16T10:00:46,44.321917,38.714131,25.8
31,2026-09-16T10:00:48,44.322,38.714441,25.8
32,2026-09-16T10:00:49,44.322042,38.714596,25.9
33,2026-09-16T10:00:51,44.322125,38.714906,25.9
34,2026-09-16T10:00:52,44.322167,38.715061,26.0
35,2026-09-16T10:00:53,44.322209,38.715216,26.0
36,2026-09-16T10:00:54,44.32225,38.715371,26.0
37,2026-09-16T10:00:55,44.322292,38.715526,26.1
38,2026-09-16T10:00:56,44.322334,38.715681,26.1
39,2026-09-16T10:00:57,44.322375,38.715836,26.1
40,2026-09-16T10:01:00,44.3225,38.716301,26.3
41,2026-09-16T10:01:01,44.322542,38.716456,26.3
42,2026-09-16T10:01:02,44.322584,38.716611,26.3
43,2026-09-16T10:01:03,44.322625,38.716766,26.4
44,2026-09-16T10:01:04,44.322667,38.716921,26.4
45,2026-09-16T10:01:05,44.322709,38.717076,26.5
46,2026-09-16T10:01:06,44.32275,38.717231,26.5
47,2026-09-16T10:01:07,44.322792,38.717386,26.6
48,2026-09-16T10:01:08,44.322834,38.717541,26.6
49,2026-09-16T10:01:09,44.322875,38.717696,26.6
50,2026-09-16T10:01:10,44.322917,38.717851,26.7
51,2026-09-16T10:01:11,44.322959,38.718006,26.7
52,2026-09-16T10:01:12,44.323,38.718161,26.8
53,2026-09-16T10:01:13,44.323042,38.718316,26.8
54,2026-09-16T10:01:14,44.323084,38.718471,26.9
55,2026-09-16T10:01:15,44.323125,38.718626,26.9
56,2026-09-16T10:01:17,44.323209,38.718936,27.0
57,2026-09-16T10:01:18,44.32325,38.719091,27.1
58,2026-09-16T10:01:19,44.323292,38.719246,27.1
59,2026-09-16T10:01:21,44.323375,38.719556,27.2
60,2026-09-16T10:01:22,44.323417,38.719711,27.3
61,2026-09-16T10:01:23,44.323459,38.719866,27.3
62,2026-09-16T10:01:24,44.3235,38.720021,27.4
63,2026-09-16T10:01:25,44.323542,38.720176,27.5
64,2026-09-16T10:01:26,44.323584,38.720331,27.5
65,2026-09-16T10:01:27,44.323625,38.720486,27.6
66,2026-09-16T10:01:29,44.323709,38.720796,27.7
67,2026-09-16T10:01:30,44.32375,38.720951,27.7
68,2026-09-16T10:01:31,44.323792,38.721106,27.8
69,2026-09-16T10:01:34,44.323917,38.721571,28.0
70,2026-09-16T10:01:37,44.324042,38.722037,28.1
71,2026-09-16T10:01:38,44.324084,38.722192,28.2
72,2026-09-16T10:01:39,44.324125,38.722347,28.3
73,2026-09-16T10:01:40,44.324167,38.722502,28.3
74,2026-09-16T10:01:42,44.32425,38.722812,28.5
75,2026-09-16T10:01:44,44.324334,38.723122,28.6
76,2026-09-16T10:01:45,44.324375,38.723277,28.7
77,2026-09-16T10:01:49,44.324542,38.723897,28.9
78,2026-09-16T10:01:50,44.324584,38.724052,29.0
79,2026-09-16T10:01:51,44.324625,38.724207,29.1
80,2026-09-16T10:01:52,44.324667,38.724362,29.1
81,2026-09-16T10:01:53,44.324709,38.724517,29.2
82,2026-09-16T10:01:54,44.32475,38.724672,29.3
83,2026-09-16T10:01:55,44.324792,38.724827,29.3
84,2026-09-16T10:01:56,44.324834,38.724982,29.4
85,2026-09-16T10:01:57,44.324875,38.725137,29.5
86,2026-09-16T10:01:58,44.324917,38.725292,29.5
87,2026-09-16T10:02:00,44.325001,38.725602,29.7
88,2026-09-16T10:02:01,44.325042,38.725757,29.8
89,2026-09-16T10:02:02,44.325084,38.725912,29.8
90,2026-09-16T10:02:03,44.325126,38.726067,29.9
91,2026-09-16T10:02:04,44.325167,38.726222,30.0
92,2026-09-16T10:02:05,44.325209,38.726377,30.0
93,2026-09-16T10:02:06,44.325251,38.726532,30.1
94,2026-09-16T10:02:07,44.325292,38.726687,30.2
95,2026-09-16T10:02:08,44.325334,38.726842,30.3
96,2026-09-16T10:02:09,44.325376,38.726997,30.3
97,2026-09-16T10:02:10,44.325417,38.727152,30.4
98,2026-09-16T10:02:13,44.325542,38.727617,30.7
99,2026-09-16T10:02:14,44.325584,38.727772,30.7
100,2026-09-16T10:02:16,44.325667,38.728082,30.9
101,2026-09-16T10:02:17,44.325709,38.728237,31.0
102,2026-09-16T10:02:18,44.325751,38.728392,31.0
103,2026-09-16T10:02:19,44.325792,38.728547,31.1
104,2026-09-16T10:02:20,44.325834,38.728702,31.2
105,2026-09-16T10:02:21,44.325876,38.728857,31.3
106,2026-09-16T10:02:22,44.325917,38.729012,31.4
107,2026-09-16T10:02:23,44.325959,38.729167,31.5
108,2026-09-16T10:02:25,44.326042,38.729477,31.6
109,2026-09-16T10:02:26,44.326084,38.729632,31.7
110,2026-09-16T10:02:27,44.326126,38.729787,31.8
111,2026-09-16T10:02:28,44.326167,38.729942,31.9
112,2026-09-16T10:02:30,44.326251,38.730252,32.0
113,2026-09-16T10:02:31,44.326292,38.730407,32.1
114,2026-09-16T10:02:32,44.326334,38.730562,32.2
115,2026-09-16T10:02:33,44.326376,38.730717,32.3
116,2026-09-16T10:02:34,44.326417,38.730872,32.4
117,2026-09-16T10:02:35,44.326459,38.731027,32.5
118,2026-09-16T10:02:36,44.326501,38.731182,32.5
119,2026-09-16T10:02:38,44.326584,38.731492,32.7
120,2026-09-16T10:02:39,44.326626,38.731647,32.8
121,2026-09-16T10:02:40,44.326667,38.731802,32.9
122,2026-09-16T10:02:41,44.326709,38.731957,33.0
123,2026-09-16T10:02:42,44.326751,38.732113,33.1
124,2026-09-16T10:02:43,44.326792,38.732268,33.2
125,2026-09-16T10:02:44,44.326834,38.732423,33.2
126,2026-09-16T10:02:45,44.326876,38.732578,33.3
127,2026-09-16T10:02:46,44.326917,38.732733,33.4
128,2026-09-16T10:02:47,44.326959,38.732888,33.5
129,2026-09-16T10:02:48,44.327001,38.733043,33.6
130,2026-09-16T10:02:50,44.327084,38.733353,33.8
131,2026-09-16T10:02:51,44.327126,38.733508,33.9
132,2026-09-16T10:02:52,44.327167,38.733663,34.0
133,2026-09-16T10:02:53,44.327209,38.733818,34.1
134,2026-09-16T10:02:54,44.327251,38.733973,34.2
135,2026-09-16T10:02:55,44.327292,38.734128,34.3
136,2026-09-16T10:02:56,44.327334,38.734283,34.3
137,2026-09-16T10:02:57,44.327376,38.734438,34.4
138,2026-09-16T10:02:58,44.327417,38.734593,34.5
139,2026-09-16T10:02:59,44.327459,38.734748,34.6
140,2026-09-16T10:03:00,44.327501,38.734903,34.7
141,2026-09-16T10:03:01,44.327542,38.735058,34.8
142,2026-09-16T10:03:02,44.327584,38.735213,34.9
143,2026-09-16T10:03:03,44.327626,38.735368,35.0
144,2026-09-16T10:03:04,44.327667,38.735523,35.1
145,2026-09-16T10:03:06,44.327751,38.735833,35.3
146,2026-09-16T10:03:07,44.327792,38.735988,35.4
147,2026-09-16T10:03:08,44.327834,38.736143,35.5
148,2026-09-16T10:03:09,44.327876,38.736298,35.6
149,2026-09-16T10:03:10,44.327917,38.736453,35.7
150,2026-09-16T10:03:11,44.327959,38.736608,35.8
151,2026-09-16T10:03:12,44.328001,38.736763,35.9
152,2026-09-16T10:03:13,44.328042,38.736918,36.0
153,2026-09-16T10:03:14,44.328084,38.737073,36.1
154,2026-09-16T10:03:15,44.328126,38.737228,36.2
155,2026-09-16T10:03:16,44.328167,38.737383,36.3
156,2026-09-16T10:03:17,44.328209,38.737538,36.4
157,2026-09-16T10:03:18,44.328251,38.737693,36.5
158,2026-09-16T10:03:19,44.328292,38.737848,36.6
159,2026-09-16T10:03:20,44.328334,38.738003,36.7
160,2026-09-16T10:03:21,44.328376,38.738158,36.8
161,2026-09-16T10:03:22,44.328418,38.738313,36.9
162,2026-09-16T10:03:23,44.328459,38.738468,37.0
163,2026-09-16T10:03:24,44.328501,38.738623,37.1
164,2026-09-16T10:03:25,44.328543,38.738778,37.2
165,2026-09-16T10:03:26,44.328584,38.738933,37.3
166,2026-09-16T10:03:27,44.328626,38.739088,37.4
167,2026-09-16T10:03:28,44.328668,38.739243,37.5
168,2026-09-16T10:03:29,44.328709,38.739398,37.6
169,2026-09-16T10:03:30,44.328751,38.739553,37.7
170,2026-09-16T10:03:33,44.328876,38.740018,38.0
171,2026-09-16T10:03:34,44.328918,38.740173,38.1
172,2026-09-16T10:03:35,44.328959,38.740328,38.2
173,2026-09-16T10:03:36,44.329001,38.740483,38.3
174,2026-09-16T10:03:38,44.329084,38.740793,38.5
175,2026-09-16T10:03:39,44.329126,38.740948,38.6
176,2026-09-16T10:03:40,44.329168,38.741103,38.7
177,2026-09-16T10:03:43,44.329293,38.741568,39.0
178,2026-09-16T10:03:44,44.329334,38.741723,39.1
179,2026-09-16T10:03:45,44.329376,38.741878,39.2
180,2026-09-16T10:03:46,44.329418,38.742034,39.3
181,2026-09-16T10:03:47,44.329459,38.742189,39.5
182,2026-09-16T10:03:48,44.329501,38.742344,39.6
183,2026-09-16T10:03:49,44.329543,38.742499,39.7
184,2026-09-16T10:03:50,44.329584,38.742654,39.8
185,2026-09-16T10:03:51,44.329626,38.742809,39.9
186,2026-09-16T10:03:52,44.329668,38.742964,40.0
187,2026-09-16T10:03:54,44.329751,38.743274,40.2
188,2026-09-16T10:03:55,44.329793,38.743429,40.3
189,2026-09-16T10:03:56,44.329834,38.743584,40.4
190,2026-09-16T10:03:57,44.329876,38.743739,40.5
191,2026-09-16T10:03:58,44.329918,38.743894,40.6
192,2026-09-16T10:04:00,44.330001,38.744204,40.8
193,2026-09-16T10:04:01,44.330043,38.744359,41.0
194,2026-09-16T10:04:02,44.330084,38.744514,41.1
195,2026-09-16T10:04:03,44.330126,38.744669,41.2
196,2026-09-16T10:04:04,44.330168,38.744824,41.3
197,2026-09-16T10:04:06,44.330251,38.745134,41.5
198,2026-09-16T10:04:07,44.330293,38.745289,41.6
199,2026-09-16T10:04:09,44.330376,38.745599,41.8
200,2026-09-16T10:04:10,44.330418,38.745754,41.9
201,2026-09-16T10:04:13,44.330543,38.746219,42.3
202,2026-09-16T10:04:14,44.330584,38.746374,42.4
203,2026-09-16T10:04:15,44.330626,38.746529,42.5
204,2026-09-16T10:04:16,44.330668,38.746684,42.6
205,2026-09-16T10:04:17,44.330709,38.746839,42.7
206,2026-09-16T10:04:18,44.330751,38.746994,42.8
207,2026-09-16T10:04:20,44.330834,38.747304,43.0
208,2026-09-16T10:04:21,44.330876,38.747459,43.1
209,2026-09-16T10:04:22,44.330918,38.747614,43.3
210,2026-09-16T10:04:24,44.331001,38.747924,43.5
211,2026-09-16T10:04:26,44.331084,38.748234,43.7
212,2026-09-16T10:04:28,44.331168,38.748544,43.9
213,2026-09-16T10:04:29,44.331209,38.748699,44.0
214,2026-09-16T10:04:30,44.331251,38.748854,44.1
215,2026-09-16T10:04:31,44.331293,38.749009,44.3
216,2026-09-16T10:04:32,44.331334,38.749164,44.4
217,2026-09-16T10:04:33,44.331376,38.749319,44.5
218,2026-09-16T10:04:35,44.331459,38.749629,44.7
219,2026-09-16T10:04:36,44.331501,38.749784,44.8
220,2026-09-16T10:04:37,44.331543,38.749939,44.9
221,2026-09-16T10:04:38,44.331584,38.750094,45.0
222,2026-09-16T10:04:39,44.331626,38.750249,45.1
223,2026-09-16T10:04:40,44.331668,38.750404,45.3
224,2026-09-16T10:04:41,44.33171,38.750559,45.4
225,2026-09-16T10:04:42,44.331751,38.750714,45.5
226,2026-09-16T10:04:43,44.331793,38.750869,45.6
227,2026-09-16T10:04:44,44.331835,38.751024,45.7
228,2026-09-16T10:04:45,44.331876,38.751179,45.8
229,2026-09-16T10:04:47,44.33196,38.751489,46.0
230,2026-09-16T10:04:48,44.332001,38.751644,46.2
231,2026-09-16T10:04:49,44.332043,38.751799,46.3
232,2026-09-16T10:04:53,44.33221,38.75242,46.7
233,2026-09-16T10:04:54,44.332251,38.752575,46.8
234,2026-09-16T10:04:55,44.332293,38.75273,46.9
235,2026-09-16T10:04:56,44.332335,38.752885,47.1
236,2026-09-16T10:04:57,44.332376,38.75304,47.2
237,2026-09-16T10:04:58,44.332418,38.753195,47.3
238,2026-09-16T10:04:59,44.33246,38.75335,47.4
239,2026-09-16T10:05:00,44.332501,38.753505,47.5
240,2026-09-16T10:05:01,44.332543,38.75366,47.6
241,2026-09-16T10:05:02,44.332585,38.753815,47.7
242,2026-09-16T10:05:05,44.33271,38.75428,48.1
243,2026-09-16T10:05:06,44.332751,38.754435,48.2
244,2026-09-16T10:05:07,44.332793,38.75459,48.3
245,2026-09-16T10:05:08,44.332835,38.754745,48.4
246,2026-09-16T10:05:09,44.332876,38.7549,48.5
247,2026-09-16T10:05:10,44.332918,38.755055,48.6
248,2026-09-16T10:05:12,44.333001,38.755365,48.9
249,2026-09-16T10:05:13,44.333043,38.75552,49.0
250,2026-09-16T10:05:14,44.333085,38.755675,49.1
251,2026-09-16T10:05:17,44.33321,38.75614,49.4
252,2026-09-16T10:05:19,44.333293,38.75645,49.6
253,2026-09-16T10:05:20,44.333335,38.756605,49.8
254,2026-09-16T10:05:22,44.333418,38.756915,50.0
255,2026-09-16T10:05:24,44.333501,38.757225,50.2
256,2026-09-16T10:05:25,44.333543,38.75738,50.3
257,2026-09-16T10:05:26,44.333585,38.757535,50.4
258,2026-09-16T10:05:27,44.333626,38.75769,50.5
259,2026-09-16T10:05:28,44.333668,38.757845,50.6
260,2026-09-16T10:05:29,44.33371,38.758,50.8
261,2026-09-16T10:05:31,44.333793,38.75831,51.0
262,2026-09-16T10:05:32,44.333835,38.758465,51.1
263,2026-09-16T10:05:36,44.334001,38.759085,51.5
264,2026-09-16T10:05:37,44.334043,38.75924,51.6
265,2026-09-16T10:05:38,44.334085,38.759395,51.8
266,2026-09-16T10:05:39,44.334126,38.75955,51.9
267,2026-09-16T10:05:40,44.334168,38.759705,52.0
268,2026-09-16T10:05:41,44.33421,38.75986,52.1
269,2026-09-16T10:05:42,44.334251,38.760015,52.2
270,2026-09-16T10:05:43,44.334293,38.76017,52.3
271,2026-09-16T10:05:44,44.334335,38.760325,52.4
272,2026-09-16T10:05:45,44.334376,38.76048,52.5
273,2026-09-16T10:05:48,44.334501,38.760945,52.9
274,2026-09-16T10:05:50,44.334585,38.761255,53.1
275,2026-09-16T10:05:51,44.334626,38.76141,53.2
276,2026-09-16T10:05:52,44.334668,38.761565,53.3
277,2026-09-16T10:05:54,44.334751,38.761875,53.5
278,2026-09-16T10:05:55,44.334793,38.762031,53.6
279,2026-09-16T10:05:56,44.334835,38.762186,53.7
280,2026-09-16T10:05:57,44.334876,38.762341,53.8
281,2026-09-16T10:05:58,44.334918,38.762496,53.9
282,2026-09-16T10:05:59,44.33496,38.762651,54.1
283,2026-09-16T10:06:01,44.335043,38.762961,54.3
284,2026-09-16T10:06:02,44.335085,38.763116,54.4
285,2026-09-16T10:06:03,44.335127,38.763271,54.5
286,2026-09-16T10:06:04,44.335168,38.763426,54.6
287,2026-09-16T10:06:05,44.33521,38.763581,54.7
288,2026-09-16T10:06:06,44.335252,38.763736,54.8
289,2026-09-16T10:06:08,44.335335,38.764046,55.0
290,2026-09-16T10:06:09,44.335377,38.764201,55.1
291,2026-09-16T10:06:10,44.335418,38.764356,55.2
292,2026-09-16T10:06:11,44.33546,38.764511,55.3
293,2026-09-16T10:06:12,44.335502,38.764666,55.4
294,2026-09-16T10:06:13,44.335543,38.764821,55.6
295,2026-09-16T10:06:14,44.335585,38.764976,55.7
296,2026-09-16T10:06:15,44.335627,38.765131,55.8
297,2026-09-16T10:06:17,44.33571,38.765441,56.0
298,2026-09-16T10:06:18,44.335752,38.765596,56.1
299,2026-09-16T10:06:20,44.335835,38.765906,56.3
300,2026-09-16T10:06:22,44.335918,38.766216,56.5
301,2026-09-16T10:06:23,44.33596,38.766371,56.6
302,2026-09-16T10:06:24,44.336002,38.766526,56.7
303,2026-09-16T10:06:25,44.336043,38.766681,56.8
304,2026-09-16T10:06:26,44.336085,38.766836,56.9
305,2026-09-16T10:06:27,44.336127,38.766991,57.0
306,2026-09-16T10:06:29,44.33621,38.767301,57.2
307,2026-09-16T10:06:30,44.336252,38.767456,57.3
308,2026-09-16T10:06:31,44.336293,38.767611,57.4
309,2026-09-16T10:06:32,44.336335,38.767766,57.5
310,2026-09-16T10:06:35,44.33646,38.768231,57.8
311,2026-09-16T10:06:36,44.336502,38.768386,57.9
312,2026-09-16T10:06:37,44.336543,38.768541,58.0
313,2026-09-16T10:06:38,44.336585,38.768696,58.1
314,2026-09-16T10:06:39,44.336627,38.768851,58.2
315,2026-09-16T10:06:41,44.33671,38.769161,58.4
316,2026-09-16T10:06:42,44.336752,38.769316,58.5
317,2026-09-16T10:06:43,44.336793,38.769471,58.6
318,2026-09-16T10:06:44,44.336835,38.769626,58.7
319,2026-09-16T10:06:45,44.336877,38.769781,58.8
320,2026-09-16T10:06:46,44.336918,38.769936,58.9
321,2026-09-16T10:06:47,44.33696,38.770091,59.0
322,2026-09-16T10:06:49,44.337043,38.770401,59.2
323,2026-09-16T10:06:51,44.337127,38.770711,59.4
324,2026-09-16T10:06:52,44.337168,38.770866,59.5
325,2026-09-16T10:06:53,44.33721,38.771021,59.6
326,2026-09-16T10:06:54,44.337252,38.771176,59.7
327,2026-09-16T10:06:55,44.337293,38.771331,59.8
328,2026-09-16T10:06:57,44.337377,38.771641,60.0
329,2026-09-16T10:06:58,44.337418,38.771796,60.1
330,2026-09-16T10:06:59,44.33746,38.771951,60.2
331,2026-09-16T10:07:00,44.337502,38.772107,60.3
332,2026-09-16T10:07:01,44.337543,38.772262,60.4
333,2026-09-16T10:07:02,44.337585,38.772417,60.5
334,2026-09-16T10:07:03,44.337627,38.772572,60.6
335,2026-09-16T10:07:04,44.337668,38.772727,60.7
336,2026-09-16T10:07:05,44.33771,38.772882,60.8
337,2026-09-16T10:07:06,44.337752,38.773037,60.8
338,2026-09-16T10:07:08,44.337835,38.773347,61.0
339,2026-09-16T10:07:09,44.337877,38.773502,61.1
340,2026-09-16T10:07:10,44.337918,38.773657,61.2
341,2026-09-16T10:07:11,44.33796,38.773812,61.3
342,2026-09-16T10:07:12,44.338002,38.773967,61.4
343,2026-09-16T10:07:13,44.338043,38.774122,61.5
344,2026-09-16T10:07:14,44.338085,38.774277,61.6
345,2026-09-16T10:07:15,44.338127,38.774432,61.7
346,2026-09-16T10:07:16,44.338168,38.774587,61.8
347,2026-09-16T10:07:17,44.33821,38.774742,61.8
348,2026-09-16T10:07:18,44.338252,38.774897,61.9
349,2026-09-16T10:07:21,44.338377,38.775362,62.2
350,2026-09-16T10:07:22,44.338419,38.775517,62.3
351,2026-09-16T10:07:23,44.33846,38.775672,62.4
352,2026-09-16T10:07:24,44.338502,38.775827,62.5
353,2026-09-16T10:07:25,44.338544,38.775982,62.5
354,2026-09-16T10:07:26,44.338585,38.776137,62.6
355,2026-09-16T10:07:28,44.338669,38.776447,62.8
356,2026-09-16T10:07:29,44.33871,38.776602,62.9
357,2026-09-16T10:07:31,44.338794,38.776912,63.1
358,2026-09-16T10:07:32,44.338835,38.777067,63.1
359,2026-09-16T10:07:34,44.338919,38.777377,63.3
360,2026-09-16T10:07:35,44.33896,38.777532,63.4
361,2026-09-16T10:07:36,44.339002,38.777687,63.5
362,2026-09-16T10:07:38,44.339085,38.777997,63.6
363,2026-09-16T10:07:39,44.339127,38.778152,63.7
364,2026-09-16T10:07:40,44.339169,38.778307,63.8
365,2026-09-16T10:07:43,44.339294,38.778772,64.0
366,2026-09-16T10:07:44,44.339335,38.778927,64.1
367,2026-09-16T10:07:46,44.339419,38.779237,64.3
368,2026-09-16T10:07:48,44.339502,38.779547,64.4
369,2026-09-16T10:07:49,44.339544,38.779702,64.5
370,2026-09-16T10:07:50,44.339585,38.779857,64.6
371,2026-09-16T10:07:51,44.339627,38.780012,64.7
372,2026-09-16T10:07:52,44.339669,38.780167,64.7
373,2026-09-16T10:07:53,44.33971,38.780322,64.8
374,2026-09-16T10:07:55,44.339794,38.780632,65.0
375,2026-09-16T10:07:56,44.339835,38.780787,65.0
376,2026-09-16T10:07:57,44.339877,38.780942,65.1
377,2026-09-16T10:07:58,44.339919,38.781097,65.2
378,2026-09-16T10:07:59,44.33996,38.781252,65.3
379,2026-09-16T10:08:00,44.340002,38.781407,65.3
380,2026-09-16T10:08:01,44.340044,38.781562,65.4
381,2026-09-16T10:08:02,44.340085,38.781717,65.5
382,2026-09-16T10:08:04,44.340169,38.782028,65.6
383,2026-09-16T10:08:05,44.34021,38.782183,65.7
384,2026-09-16T10:08:06,44.340252,38.782338,65.7
385,2026-09-16T10:08:08,44.340335,38.782648,65.9
386,2026-09-16T10:08:09,44.340377,38.782803,66.0
387,2026-09-16T10:08:10,44.340419,38.782958,66.0
388,2026-09-16T10:08:11,44.34046,38.783113,66.1
389,2026-09-16T10:08:12,44.340502,38.783268,66.2
390,2026-09-16T10:08:13,44.340544,38.783423,66.2
391,2026-09-16T10:08:14,44.340585,38.783578,66.3
392,2026-09-16T10:08:15,44.340627,38.783733,66.4
393,2026-09-16T10:08:17,44.34071,38.784043,66.5
394,2026-09-16T10:08:18,44.340752,38.784198,66.5
395,2026-09-16T10:08:19,44.340794,38.784353,66.6
396,2026-09-16T10:08:21,44.340877,38.784663,66.7
397,2026-09-16T10:08:22,44.340919,38.784818,66.8
398,2026-09-16T10:08:23,44.34096,38.784973,66.9
399,2026-09-16T10:08:24,44.341002,38.785128,66.9
400,2026-09-16T10:08:25,44.341044,38.785283,67.0
401,2026-09-16T10:08:26,44.341085,38.785438,67.0
402,2026-09-16T10:08:27,44.341127,38.785593,67.1
403,2026-09-16T10:08:28,44.341169,38.785748,67.2
404,2026-09-16T10:08:32,44.341335,38.786368,67.4
405,2026-09-16T10:08:34,44.341419,38.786678,67.5
406,2026-09-16T10:08:35,44.34146,38.786833,67.5
407,2026-09-16T10:08:36,44.341502,38.786988,67.6
408,2026-09-16T10:08:37,44.341544,38.787143,67.7
409,2026-09-16T10:08:39,44.341627,38.787453,67.8
410,2026-09-16T10:08:40,44.341669,38.787608,67.8
411,2026-09-16T10:08:41,44.341711,38.787763,67.9
412,2026-09-16T10:08:42,44.341752,38.787918,67.9
413,2026-09-16T10:08:43,44.341794,38.788073,68.0
414,2026-09-16T10:08:44,44.341836,38.788228,68.0
415,2026-09-16T10:08:45,44.341877,38.788383,68.1
416,2026-09-16T10:08:46,44.341919,38.788538,68.1
417,2026-09-16T10:08:47,44.341961,38.788693,68.2
418,2026-09-16T10:08:48,44.342002,38.788848,68.2
419,2026-09-16T10:08:49,44.342044,38.789003,68.3
420,2026-09-16T10:08:50,44.342086,38.789158,68.3
421,2026-09-16T10:08:51,44.342127,38.789313,68.4
422,2026-09-16T10:08:54,44.342252,38.789778,68.5
423,2026-09-16T10:08:55,44.342294,38.789933,68.5
424,2026-09-16T10:08:56,44.342336,38.790088,68.6
425,2026-09-16T10:08:57,44.342377,38.790243,68.6
426,2026-09-16T10:08:59,44.342461,38.790553,68.7
427,2026-09-16T10:09:00,44.342502,38.790708,68.7
428,2026-09-16T10:09:01,44.342544,38.790863,68.8
429,2026-09-16T10:09:02,44.342586,38.791018,68.8
430,2026-09-16T10:09:04,44.342669,38.791328,68.9
431,2026-09-16T10:09:05,44.342711,38.791483,68.9
432,2026-09-16T10:09:06,44.342752,38.791638,69.0
433,2026-09-16T10:09:07,44.342794,38.791793,69.0
434,2026-09-16T10:09:08,44.342836,38.791948,69.0
435,2026-09-16T10:09:09,44.342877,38.792104,69.1
436,2026-09-16T10:09:11,44.342961,38.792414,69.2
437,2026-09-16T10:09:12,44.343002,38.792569,69.2
438,2026-09-16T10:09:13,44.343044,38.792724,69.2
439,2026-09-16T10:09:15,44.343127,38.793034,69.3
440,2026-09-16T10:09:16,44.343169,38.793189,69.3
441,2026-09-16T10:09:17,44.343211,38.793344,69.3
442,2026-09-16T10:09:18,44.343252,38.793499,69.4
443,2026-09-16T10:09:19,44.343294,38.793654,69.4
444,2026-09-16T10:09:20,44.343336,38.793809,69.4
445,2026-09-16T10:09:21,44.343377,38.793964,69.5
446,2026-09-16T10:09:22,44.343419,38.794119,69.5
447,2026-09-16T10:09:24,44.343502,38.794429,69.5
448,2026-09-16T10:09:25,44.343544,38.794584,69.6
449,2026-09-16T10:09:26,44.343586,38.794739,69.6
450,2026-09-16T10:09:29,44.343711,38.795204,69.7
451,2026-09-16T10:09:30,44.343752,38.795359,69.7
452,2026-09-16T10:09:31,44.343794,38.795514,69.7
453,2026-09-16T10:09:32,44.343836,38.795669,69.7
454,2026-09-16T10:09:33,44.343877,38.795824,69.7
455,2026-09-16T10:09:34,44.343919,38.795979,69.8
456,2026-09-16T10:09:35,44.343961,38.796134,69.8
457,2026-09-16T10:09:38,44.344086,38.796599,69.8
458,2026-09-16T10:09:39,44.344127,38.796754,69.8
459,2026-09-16T10:09:40,44.344169,38.796909,69.9
460,2026-09-16T10:09:41,44.344211,38.797064,69.9
461,2026-09-16T10:09:43,44.344294,38.797374,69.9
462,2026-09-16T10:09:44,44.344336,38.797529,69.9
463,2026-09-16T10:09:45,44.344377,38.797684,69.9
464,2026-09-16T10:09:47,44.344461,38.797994,69.9
465,2026-09-16T10:09:48,44.344502,38.798149,69.9
466,2026-09-16T10:09:49,44.344544,38.798304,70.0
467,2026-09-16T10:09:53,44.344711,38.798924,70.0
468,2026-09-16T10:09:55,44.344794,38.799234,70.0
469,2026-09-16T10:09:56,44.344836,38.799389,70.0
470,2026-09-16T10:09:57,44.344877,38.799544,70.0
471,2026-09-16T10:09:58,44.344919,38.799699,70.0
472,2026-09-16T10:09:59,44.344961,38.799854,70.0
473,2026-09-16T10:10:00,44.345005,38.800008,70.0
474,2026-09-16T10:10:01,44.34508,38.800141,70.0
475,2026-09-16T10:10:02,44.345155,38.800275,70.0
476,2026-09-16T10:10:04,44.345305,38.800541,70.0
477,2026-09-16T10:10:06,44.345455,38.800808,70.0
478,2026-09-16T10:10:07,44.34553,38.800941,70.0
479,2026-09-16T10:10:08,44.345605,38.801075,70.1
480,2026-09-16T10:10:09,44.34568,38.801208,70.1
481,2026-09-16T10:10:10,44.345755,38.801341,70.1
482,2026-09-16T10:10:12,44.345905,38.801608,70.1
483,2026-09-16T10:10:13,44.34598,38.801742,70.2
484,2026-09-16T10:10:14,44.346055,38.801875,70.2
485,2026-09-16T10:10:15,44.34613,38.802008,70.2
486,2026-09-16T10:10:16,44.346205,38.802142,70.2
487,2026-09-16T10:10:18,44.346355,38.802408,70.3
488,2026-09-16T10:10:19,44.34643,38.802542,70.3
489,2026-09-16T10:10:22,44.346655,38.802942,70.5
490,2026-09-16T10:10:26,44.346955,38.803475,70.6
491,2026-09-16T10:10:27,44.34703,38.803608,70.7
492,2026-09-16T10:10:28,44.347105,38.803742,70.7
493,2026-09-16T10:10:29,44.34718,38.803875,70.8
494,2026-09-16T10:10:30,44.347255,38.804008,70.8
495,2026-09-16T10:10:31,44.34733,38.804142,70.9
496,2026-09-16T10:10:32,44.347405,38.804275,71.0
497,2026-09-16T10:10:33,44.34748,38.804408,71.0
498,2026-09-16T10:10:34,44.347555,38.804542,71.1
499,2026-09-16T10:10:35,44.34763,38.804675,71.1
500,2026-09-16T10:10:36,44.347705,38.804808,71.2
501,2026-09-16T10:10:38,44.347855,38.805075,71.3
502,2026-09-16T10:10:39,44.34793,38.805209,71.4
503,2026-09-16T10:10:40,44.348005,38.805342,71.5
504,2026-09-16T10:10:41,44.34808,38.805475,71.5
505,2026-09-16T10:10:42,44.348155,38.805609,71.6
506,2026-09-16T10:10:43,44.34823,38.805742,71.7
507,2026-09-16T10:10:44,44.348305,38.805875,71.8
508,2026-09-16T10:10:45,44.34838,38.806009,71.8
509,2026-09-16T10:10:46,44.348455,38.806142,71.9
510,2026-09-16T10:10:48,44.348605,38.806409,72.1
511,2026-09-16T10:10:49,44.34868,38.806542,72.2
512,2026-09-16T10:10:50,44.348755,38.806675,72.3
513,2026-09-16T10:10:51,44.34883,38.806809,72.4
514,2026-09-16T10:10:52,44.348905,38.806942,72.4
515,2026-09-16T10:10:54,44.349055,38.807209,72.6
516,2026-09-16T10:10:56,44.349205,38.807475,72.8
517,2026-09-16T10:10:57,44.34928,38.807609,72.9
518,2026-09-16T10:10:58,44.349355,38.807742,73.0
519,2026-09-16T10:10:59,44.34943,38.807875,73.1
520,2026-09-16T10:11:00,44.349505,38.808009,73.2
521,2026-09-16T10:11:01,44.34958,38.808142,73.3
522,2026-09-16T10:11:02,44.349655,38.808275,73.4
523,2026-09-16T10:11:03,44.34973,38.808409,73.5
524,2026-09-16T10:11:04,44.349805,38.808542,73.7
525,2026-09-16T10:11:05,44.34988,38.808676,73.8
526,2026-09-16T10:11:06,44.349955,38.808809,73.9
527,2026-09-16T10:11:07,44.35003,38.808942,74.0
528,2026-09-16T10:11:09,44.35018,38.809209,74.2
529,2026-09-16T10:11:10,44.350255,38.809342,74.3
530,2026-09-16T10:11:11,44.35033,38.809476,74.5
531,2026-09-16T10:11:12,44.350405,38.809609,74.6
532,2026-09-16T10:11:14,44.350555,38.809876,74.8
533,2026-09-16T10:11:15,44.35063,38.810009,74.9
534,2026-09-16T10:11:17,44.35078,38.810276,75.2
535,2026-09-16T10:11:18,44.350855,38.810409,75.3
536,2026-09-16T10:11:19,44.35093,38.810542,75.5
537,2026-09-16T10:11:20,44.351005,38.810676,75.6
538,2026-09-16T10:11:21,44.35108,38.810809,75.7
539,2026-09-16T10:11:22,44.351155,38.810942,75.9
540,2026-09-16T10:11:24,44.351305,38.811209,76.1
541,2026-09-16T10:11:25,44.35138,38.811342,76.3
542,2026-09-16T10:11:26,44.351455,38.811476,76.4
543,2026-09-16T10:11:27,44.35153,38.811609,76.6
544,2026-09-16T10:11:28,44.351605,38.811743,76.7
545,2026-09-16T10:11:29,44.35168,38.811876,76.9
546,2026-09-16T10:11:30,44.351755,38.812009,77.0
547,2026-09-16T10:11:31,44.35183,38.812143,77.1
548,2026-09-16T10:11:32,44.351905,38.812276,77.3
549,2026-09-16T10:11:33,44.35198,38.812409,77.4
550,2026-09-16T10:11:34,44.352055,38.812543,77.6
551,2026-09-16T10:11:35,44.35213,38.812676,77.7
552,2026-09-16T10:11:37,44.35228,38.812943,78.1
553,2026-09-16T10:11:38,44.352355,38.813076,78.2
554,2026-09-16T10:11:39,44.35243,38.813209,78.4
555,2026-09-16T10:11:41,44.35258,38.813476,78.7
556,2026-09-16T10:11:42,44.352655,38.813609,78.9
557,2026-09-16T10:11:43,44.35273,38.813743,79.0
558,2026-09-16T10:11:44,44.352805,38.813876,79.2
559,2026-09-16T10:11:46,44.352955,38.814143,79.5
560,2026-09-16T10:11:47,44.35303,38.814276,79.7
561,2026-09-16T10:11:49,44.35318,38.814543,80.0
562,2026-09-16T10:11:54,44.353555,38.81521,80.9
563,2026-09-16T10:11:56,44.353705,38.815476,81.2
564,2026-09-16T10:11:57,44.35378,38.81561,81.4
565,2026-09-16T10:11:58,44.353855,38.815743,81.6
566,2026-09-16T10:11:59,44.35393,38.815876,81.8
567,2026-09-16T10:12:00,44.354005,38.81601,82.0
568,2026-09-16T10:12:01,44.35408,38.816143,82.2
569,2026-09-16T10:12:02,44.354155,38.816276,82.3
570,2026-09-16T10:12:03,44.35423,38.81641,82.5
571,2026-09-16T10:12:05,44.35438,38.816676,82.9
572,2026-09-16T10:12:06,44.354455,38.81681,83.1
573,2026-09-16T10:12:07,44.35453,38.816943,83.3
574,2026-09-16T10:12:08,44.354605,38.817076,83.5
575,2026-09-16T10:12:09,44.35468,38.81721,83.7
576,2026-09-16T10:12:11,44.35483,38.817476,84.1
577,2026-09-16T10:12:12,44.354905,38.81761,84.3
578,2026-09-16T10:12:14,44.355056,38.817876,84.7
579,2026-09-16T10:12:17,44.355281,38.818276,85.3
580,2026-09-16T10:12:19,44.355431,38.818543,85.7
581,2026-09-16T10:12:20,44.355506,38.818677,85.9
582,2026-09-16T10:12:21,44.355581,38.81881,86.1
583,2026-09-16T10:12:24,44.355806,38.81921,86.7
584,2026-09-16T10:12:26,44.355956,38.819477,87.1
585,2026-09-16T10:12:28,44.356106,38.819743,87.6
586,2026-09-16T10:12:29,44.356181,38.819877,87.8
587,2026-09-16T10:12:30,44.356256,38.82001,88.0
588,2026-09-16T10:12:31,44.356331,38.820143,88.2
589,2026-09-16T10:12:32,44.356406,38.820277,88.4
590,2026-09-16T10:12:33,44.356481,38.82041,88.6
591,2026-09-16T10:12:34,44.356556,38.820543,88.9
592,2026-09-16T10:12:35,44.356631,38.820677,89.1
593,2026-09-16T10:12:36,44.356706,38.82081,89.3
594,2026-09-16T10:12:37,44.356781,38.820943,89.5
595,2026-09-16T10:12:39,44.356931,38.82121,90.0
596,2026-09-16T10:12:40,44.357006,38.821343,90.2
597,2026-09-16T10:12:42,44.357156,38.82161,90.6
598,2026-09-16T10:12:47,44.357531,38.822277,91.8
599,2026-09-16T10:12:48,44.357606,38.82241,92.0
600,2026-09-16T10:12:49,44.357681,38.822544,92.2
601,2026-09-16T10:12:50,44.357756,38.822677,92.5
602,2026-09-16T10:12:51,44.357831,38.82281,92.7
603,2026-09-16T10:12:52,44.357906,38.822944,93.0
604,2026-09-16T10:12:53,44.357981,38.823077,93.2
605,2026-09-16T10:12:55,44.358131,38.823344,93.7
606,2026-09-16T10:12:56,44.358206,38.823477,93.9
607,2026-09-16T10:12:57,44.358281,38.82361,94.1
608,2026-09-16T10:12:58,44.358356,38.823744,94.4
609,2026-09-16T10:12:59,44.358431,38.823877,94.6
610,2026-09-16T10:13:00,44.358506,38.82401,94.9
611,2026-09-16T10:13:01,44.358581,38.824144,95.1
612,2026-09-16T10:13:03,44.358731,38.82441,95.6
613,2026-09-16T10:13:04,44.358806,38.824544,95.8
614,2026-09-16T10:13:05,44.358881,38.824677,96.1
615,2026-09-16T10:13:06,44.358956,38.82481,96.3
616,2026-09-16T10:13:07,44.359031,38.824944,96.6
617,2026-09-16T10:13:08,44.359106,38.825077,96.8
618,2026-09-16T10:13:10,44.359256,38.825344,97.3
619,2026-09-16T10:13:11,44.359331,38.825477,97.6
620,2026-09-16T10:13:12,44.359406,38.825611,97.8
621,2026-09-16T10:13:13,44.359481,38.825744,98.1
622,2026-09-16T10:13:16,44.359706,38.826144,98.8
623,2026-09-16T10:13:17,44.359781,38.826277,99.1
624,2026-09-16T10:13:18,44.359856,38.826411,99.3
625,2026-09-16T10:13:20,44.360006,38.826677,99.8
626,2026-09-16T10:13:21,44.360081,38.826811,100.1
627,2026-09-16T10:13:22,44.360156,38.826944,100.3
628,2026-09-16T10:13:23,44.360231,38.827077,100.6
629,2026-09-16T10:13:24,44.360306,38.827211,100.9
630,2026-09-16T10:13:25,44.360381,38.827344,101.1
631,2026-09-16T10:13:26,44.360456,38.827477,101.4
632,2026-09-16T10:13:27,44.360531,38.827611,101.6
633,2026-09-16T10:13:28,44.360606,38.827744,101.9
634,2026-09-16T10:13:30,44.360756,38.828011,102.4
635,2026-09-16T10:13:31,44.360831,38.828144,102.7
636,2026-09-16T10:13:32,44.360906,38.828277,102.9
637,2026-09-16T10:13:33,44.360981,38.828411,103.2
638,2026-09-16T10:13:34,44.361056,38.828544,103.5
639,2026-09-16T10:13:35,44.361131,38.828678,103.7
640,2026-09-16T10:13:36,44.361206,38.828811,104.0
641,2026-09-16T10:13:37,44.361281,38.828944,104.3
642,2026-09-16T10:13:38,44.361356,38.829078,104.5
643,2026-09-16T10:13:39,44.361431,38.829211,104.8
644,2026-09-16T10:13:40,44.361506,38.829344,105.1
645,2026-09-16T10:13:41,44.361581,38.829478,105.3
646,2026-09-16T10:13:42,44.361656,38.829611,105.6
647,2026-09-16T10:13:43,44.361731,38.829744,105.9
648,2026-09-16T10:13:44,44.361806,38.829878,106.1
649,2026-09-16T10:13:45,44.361881,38.830011,106.4
650,2026-09-16T10:13:46,44.361956,38.830144,106.7
651,2026-09-16T10:13:47,44.362031,38.830278,106.9
652,2026-09-16T10:13:49,44.362181,38.830544,107.5
653,2026-09-16T10:13:50,44.362256,38.830678,107.8
654,2026-09-16T10:13:51,44.362331,38.830811,108.0
655,2026-09-16T10:13:52,44.362406,38.830944,108.3
656,2026-09-16T10:13:54,44.362556,38.831211,108.9
657,2026-09-16T10:13:55,44.362631,38.831344,109.1
658,2026-09-16T10:13:56,44.362706,38.831478,109.4
659,2026-09-16T10:13:58,44.362856,38.831745,110.0
660,2026-09-16T10:13:59,44.362931,38.831878,110.2
661,2026-09-16T10:14:00,44.363006,38.832011,110.5
662,2026-09-16T10:14:02,44.363156,38.832278,111.1
663,2026-09-16T10:14:03,44.363231,38.832411,111.3
664,2026-09-16T10:14:04,44.363306,38.832545,111.6
665,2026-09-16T10:14:05,44.363381,38.832678,111.9
666,2026-09-16T10:14:06,44.363456,38.832811,112.2
667,2026-09-16T10:14:07,44.363531,38.832945,112.4
668,2026-09-16T10:14:08,44.363606,38.833078,112.7
669,2026-09-16T10:14:09,44.363681,38.833211,113.0
670,2026-09-16T10:14:11,44.363831,38.833478,113.6
671,2026-09-16T10:14:13,44.363981,38.833745,114.1
672,2026-09-16T10:14:14,44.364056,38.833878,114.4
673,2026-09-16T10:14:15,44.364131,38.834011,114.7
674,2026-09-16T10:14:17,44.364281,38.834278,115.2
675,2026-09-16T10:14:19,44.364431,38.834545,115.8
676,2026-09-16T10:14:20,44.364506,38.834678,116.1
677,2026-09-16T10:14:21,44.364581,38.834811,116.4
678,2026-09-16T10:14:22,44.364656,38.834945,116.7
679,2026-09-16T10:14:23,44.364731,38.835078,116.9
680,2026-09-16T10:14:24,44.364806,38.835212,117.2
681,2026-09-16T10:14:25,44.364881,38.835345,117.5
682,2026-09-16T10:14:27,44.365032,38.835612,118.1
683,2026-09-16T10:14:28,44.365107,38.835745,118.4
684,2026-09-16T10:14:29,44.365182,38.835878,118.6
685,2026-09-16T10:14:30,44.365257,38.836012,118.9
686,2026-09-16T10:14:33,44.365482,38.836412,119.8
687,2026-09-16T10:14:34,44.365557,38.836545,120.1
688,2026-09-16T10:14:35,44.365632,38.836678,120.4
689,2026-09-16T10:14:36,44.365707,38.836812,120.6
690,2026-09-16T10:14:37,44.365782,38.836945,120.9
691,2026-09-16T10:14:38,44.365857,38.837078,121.2
692,2026-09-16T10:14:40,44.366007,38.837345,121.8
693,2026-09-16T10:14:41,44.366082,38.837478,122.1
694,2026-09-16T10:14:42,44.366157,38.837612,122.4
695,2026-09-16T10:14:44,44.366307,38.837878,122.9
696,2026-09-16T10:14:45,44.366382,38.838012,123.2
697,2026-09-16T10:14:46,44.366457,38.838145,123.5
698,2026-09-16T10:14:47,44.366532,38.838278,123.8
699,2026-09-16T10:14:48,44.366607,38.838412,124.1
700,2026-09-16T10:14:49,44.366682,38.838545,124.4
701,2026-09-16T10:14:50,44.366757,38.838679,124.7
702,2026-09-16T10:14:51,44.366832,38.838812,124.9
703,2026-09-16T10:14:52,44.366907,38.838945,125.2
704,2026-09-16T10:14:53,44.366982,38.839079,125.5
705,2026-09-16T10:14:54,44.367057,38.839212,125.8
706,2026-09-16T10:14:55,44.367132,38.839345,126.1
707,2026-09-16T10:14:56,44.367207,38.839479,126.4
708,2026-09-16T10:14:57,44.367282,38.839612,126.7
709,2026-09-16T10:14:58,44.367357,38.839745,127.0
710,2026-09-16T10:14:59,44.367432,38.839879,127.2
711,2026-09-16T10:15:00,44.367507,38.840012,127.5
712,2026-09-16T10:15:01,44.367582,38.840145,127.8
713,2026-09-16T10:15:02,44.367657,38.840279,128.1
714,2026-09-16T10:15:03,44.367732,38.840412,128.4
715,2026-09-16T10:15:04,44.367807,38.840545,128.7
716,2026-09-16T10:15:05,44.367882,38.840679,129.0
717,2026-09-16T10:15:07,44.368032,38.840945,129.5
718,2026-09-16T10:15:09,44.368182,38.841212,130.1
719,2026-09-16T10:15:10,44.368257,38.841345,130.4
720,2026-09-16T10:15:11,44.368332,38.841479,130.7
721,2026-09-16T10:15:12,44.368407,38.841612,131.0
722,2026-09-16T10:15:13,44.368482,38.841746,131.3
723,2026-09-16T10:15:15,44.368632,38.842012,131.8
724,2026-09-16T10:15:16,44.368707,38.842146,132.1
725,2026-09-16T10:15:17,44.368782,38.842279,132.4
726,2026-09-16T10:15:18,44.368857,38.842412,132.7
727,2026-09-16T10:15:19,44.368932,38.842546,133.0
728,2026-09-16T10:15:20,44.369007,38.842679,133.3
729,2026-09-16T10:15:22,44.369157,38.842946,133.8
730,2026-09-16T10:15:23,44.369232,38.843079,134.1
731,2026-09-16T10:15:24,44.369307,38.843212,134.4
732,2026-09-16T10:15:25,44.369382,38.843346,134.7
733,2026-09-16T10:15:26,44.369457,38.843479,135.0
734,2026-09-16T10:15:28,44.369607,38.843746,135.6
735,2026-09-16T10:15:29,44.369682,38.843879,135.8
736,2026-09-16T10:15:30,44.369757,38.844012,136.1
737,2026-09-16T10:15:31,44.369832,38.844146,136.4
738,2026-09-16T10:15:33,44.369982,38.844412,137.0
739,2026-09-16T10:15:35,44.370132,38.844679,137.5
740,2026-09-16T10:15:36,44.370207,38.844812,137.8
741,2026-09-16T10:15:37,44.370282,38.844946,138.1
742,2026-09-16T10:15:38,44.370357,38.845079,138.4
743,2026-09-16T10:15:39,44.370432,38.845213,138.7
744,2026-09-16T10:15:41,44.370582,38.845479,139.2
745,2026-09-16T10:15:42,44.370657,38.845613,139.5
746,2026-09-16T10:15:43,44.370732,38.845746,139.8
747,2026-09-16T10:15:44,44.370807,38.845879,140.1
748,2026-09-16T10:15:45,44.370882,38.846013,140.4
749,2026-09-16T10:15:46,44.370957,38.846146,140.6
750,2026-09-16T10:15:47,44.371032,38.846279,140.9
751,2026-09-16T10:15:48,44.371107,38.846413,141.2
752,2026-09-16T10:15:49,44.371182,38.846546,141.5
753,2026-09-16T10:15:50,44.371257,38.846679,141.8
754,2026-09-16T10:15:51,44.371332,38.846813,142.0
755,2026-09-16T10:15:53,44.371482,38.847079,142.6
756,2026-09-16T10:15:54,44.371557,38.847213,142.9
757,2026-09-16T10:15:55,44.371632,38.847346,143.2
758,2026-09-16T10:15:56,44.371707,38.847479,143.4
759,2026-09-16T10:15:57,44.371782,38.847613,143.7
760,2026-09-16T10:15:59,44.371932,38.847879,144.3
761,2026-09-16T10:16:01,44.372082,38.848146,144.8
762,2026-09-16T10:16:02,44.372157,38.848279,145.1
763,2026-09-16T10:16:03,44.372232,38.848413,145.4
764,2026-09-16T10:16:06,44.372457,38.848813,146.2
765,2026-09-16T10:16:08,44.372607,38.84908,146.7
766,2026-09-16T10:16:09,44.372682,38.849213,147.0
767,2026-09-16T10:16:12,44.372907,38.849613,147.8
768,2026-09-16T10:16:13,44.372982,38.849746,148.1
769,2026-09-16T10:16:14,44.373057,38.84988,148.4
770,2026-09-16T10:16:15,44.373132,38.850013,148.6
771,2026-09-16T10:16:16,44.373207,38.850146,148.9
772,2026-09-16T10:16:17,44.373282,38.85028,149.2
773,2026-09-16T10:16:18,44.373357,38.850413,149.4
774,2026-09-16T10:16:19,44.373432,38.850546,149.7
775,2026-09-16T10:16:20,44.373507,38.85068,150.0
776,2026-09-16T10:16:21,44.373582,38.850813,150.2
777,2026-09-16T10:16:22,44.373657,38.850946,150.5
778,2026-09-16T10:16:23,44.373732,38.85108,150.8
779,2026-09-16T10:16:24,44.373807,38.851213,151.0
780,2026-09-16T10:16:25,44.373882,38.851346,151.3
781,2026-09-16T10:16:26,44.373957,38.85148,151.6
782,2026-09-16T10:16:27,44.374032,38.851613,151.8
783,2026-09-16T10:16:28,44.374107,38.851747,152.1
784,2026-09-16T10:16:29,44.374182,38.85188,152.4
785,2026-09-16T10:16:30,44.374257,38.852013,152.6
786,2026-09-16T10:16:31,44.374332,38.852147,152.9
787,2026-09-16T10:16:32,44.374407,38.85228,153.1
788,2026-09-16T10:16:35,44.374632,38.85268,153.9
789,2026-09-16T10:16:36,44.374707,38.852813,154.2
790,2026-09-16T10:16:37,44.374782,38.852947,154.4
791,2026-09-16T10:16:38,44.374857,38.85308,154.7
792,2026-09-16T10:16:39,44.374932,38.853213,155.0
793,2026-09-16T10:16:40,44.375008,38.853347,155.2
794,2026-09-16T10:16:41,44.375083,38.85348,155.5
795,2026-09-16T10:16:43,44.375233,38.853747,156.0
796,2026-09-16T10:16:44,44.375308,38.85388,156.2
797,2026-09-16T10:16:45,44.375383,38.854013,156.5
798,2026-09-16T10:16:46,44.375458,38.854147,156.7
799,2026-09-16T10:16:47,44.375533,38.85428,157.0
800,2026-09-16T10:16:48,44.375608,38.854413,157.2
801,2026-09-16T10:16:51,44.375833,38.854813,158.0
802,2026-09-16T10:16:52,44.375908,38.854947,158.2
803,2026-09-16T10:16:53,44.375983,38.85508,158.5
804,2026-09-16T10:16:54,44.376058,38.855214,158.7
805,2026-09-16T10:16:55,44.376133,38.855347,159.0
806,2026-09-16T10:16:56,44.376208,38.85548,159.2
807,2026-09-16T10:16:57,44.376283,38.855614,159.5
808,2026-09-16T10:16:59,44.376433,38.85588,159.9
809,2026-09-16T10:17:01,44.376583,38.856147,160.4
810,2026-09-16T10:17:03,44.376733,38.856414,160.9
811,2026-09-16T10:17:04,44.376808,38.856547,161.1
812,2026-09-16T10:17:05,44.376883,38.85668,161.4
813,2026-09-16T10:17:07,44.377033,38.856947,161.9
814,2026-09-16T10:17:08,44.377108,38.85708,162.1
815,2026-09-16T10:17:09,44.377183,38.857214,162.3
816,2026-09-16T10:17:10,44.377258,38.857347,162.6
817,2026-09-16T10:17:11,44.377333,38.85748,162.8
818,2026-09-16T10:17:12,44.377408,38.857614,163.0
819,2026-09-16T10:17:13,44.377483,38.857747,163.3
820,2026-09-16T10:17:15,44.377633,38.858014,163.7
821,2026-09-16T10:17:16,44.377708,38.858147,163.9
822,2026-09-16T10:17:17,44.377783,38.85828,164.2
823,2026-09-16T10:17:19,44.377933,38.858547,164.6
824,2026-09-16T10:17:20,44.378008,38.858681,164.9
825,2026-09-16T10:17:21,44.378083,38.858814,165.1
826,2026-09-16T10:17:22,44.378158,38.858947,165.3
827,2026-09-16T10:17:23,44.378233,38.859081,165.5
828,2026-09-16T10:17:24,44.378308,38.859214,165.7
829,2026-09-16T10:17:25,44.378383,38.859347,166.0
830,2026-09-16T10:17:27,44.378533,38.859614,166.4
831,2026-09-16T10:17:28,44.378608,38.859747,166.6
832,2026-09-16T10:17:29,44.378683,38.859881,166.8
833,2026-09-16T10:17:30,44.378758,38.860014,167.1
834,2026-09-16T10:17:31,44.378833,38.860147,167.3
835,2026-09-16T10:17:32,44.378908,38.860281,167.5
836,2026-09-16T10:17:33,44.378983,38.860414,167.7
837,2026-09-16T10:17:34,44.379058,38.860547,167.9
838,2026-09-16T10:17:35,44.379133,38.860681,168.1
839,2026-09-16T10:17:38,44.379358,38.861081,168.7
840,2026-09-16T10:17:39,44.379433,38.861214,169.0
841,2026-09-16T10:17:40,44.379508,38.861347,169.2
842,2026-09-16T10:17:41,44.379583,38.861481,169.4
843,2026-09-16T10:17:42,44.379658,38.861614,169.6
844,2026-09-16T10:17:43,44.379733,38.861748,169.8
845,2026-09-16T10:17:44,44.379808,38.861881,170.0
846,2026-09-16T10:17:45,44.379883,38.862014,170.2
847,2026-09-16T10:17:46,44.379958,38.862148,170.4
848,2026-09-16T10:17:47,44.380033,38.862281,170.6
849,2026-09-16T10:17:49,44.380183,38.862548,171.0
850,2026-09-16T10:17:50,44.380258,38.862681,171.2
851,2026-09-16T10:17:52,44.380408,38.862948,171.6
852,2026-09-16T10:17:53,44.380483,38.863081,171.7
853,2026-09-16T10:17:54,44.380558,38.863214,171.9
854,2026-09-16T10:17:55,44.380633,38.863348,172.1
855,2026-09-16T10:17:57,44.380783,38.863614,172.5
856,2026-09-16T10:17:59,44.380933,38.863881,172.9
857,2026-09-16T10:18:00,44.381008,38.864014,173.1
858,2026-09-16T10:18:01,44.381083,38.864148,173.2
859,2026-09-16T10:18:02,44.381158,38.864281,173.4
860,2026-09-16T10:18:03,44.381233,38.864414,173.6
861,2026-09-16T10:18:05,44.381383,38.864681,174.0
862,2026-09-16T10:18:06,44.381458,38.864814,174.1
863,2026-09-16T10:18:08,44.381608,38.865081,174.5
864,2026-09-16T10:18:09,44.381683,38.865215,174.7
865,2026-09-16T10:18:11,44.381833,38.865481,175.0
866,2026-09-16T10:18:12,44.381908,38.865615,175.2
867,2026-09-16T10:18:13,44.381983,38.865748,175.4
868,2026-09-16T10:18:14,44.382058,38.865881,175.5
869,2026-09-16T10:18:16,44.382208,38.866148,175.9
870,2026-09-16T10:18:17,44.382283,38.866281,176.0
871,2026-09-16T10:18:18,44.382358,38.866415,176.2
872,2026-09-16T10:18:19,44.382433,38.866548,176.3
873,2026-09-16T10:18:20,44.382508,38.866681,176.5
874,2026-09-16T10:18:21,44.382583,38.866815,176.7
875,2026-09-16T10:18:22,44.382658,38.866948,176.8
876,2026-09-16T10:18:24,44.382808,38.867215,177.1
877,2026-09-16T10:18:25,44.382883,38.867348,177.3
878,2026-09-16T10:18:26,44.382958,38.867481,177.4
879,2026-09-16T10:18:28,44.383108,38.867748,177.7
880,2026-09-16T10:18:30,44.383258,38.868015,178.0
881,2026-09-16T10:18:34,44.383558,38.868548,178.6
882,2026-09-16T10:18:35,44.383633,38.868682,178.7
883,2026-09-16T10:18:36,44.383708,38.868815,178.9
884,2026-09-16T10:18:37,44.383783,38.868948,179.0
885,2026-09-16T10:18:38,44.383858,38.869082,179.2
886,2026-09-16T10:18:39,44.383933,38.869215,179.3
887,2026-09-16T10:18:40,44.384008,38.869348,179.4
888,2026-09-16T10:18:42,44.384158,38.869615,179.7
889,2026-09-16T10:18:44,44.384308,38.869882,179.9
890,2026-09-16T10:18:45,44.384383,38.870015,180.1
891,2026-09-16T10:18:46,44.384458,38.870148,180.2
892,2026-09-16T10:18:48,44.384608,38.870415,180.4
893,2026-09-16T10:18:49,44.384683,38.870548,180.6
894,2026-09-16T10:18:50,44.384758,38.870682,180.7
895,2026-09-16T10:18:51,44.384833,38.870815,180.8
896,2026-09-16T10:18:52,44.384908,38.870948,180.9
897,2026-09-16T10:18:53,44.384983,38.871082,181.0
898,2026-09-16T10:18:54,44.385059,38.871215,181.1
899,2026-09-16T10:18:55,44.385134,38.871348,181.3
900,2026-09-16T10:18:56,44.385209,38.871482,181.4
901,2026-09-16T10:18:57,44.385284,38.871615,181.5
902,2026-09-16T10:18:58,44.385359,38.871749,181.6
903,2026-09-16T10:18:59,44.385434,38.871882,181.7
904,2026-09-16T10:19:00,44.385509,38.872015,181.8
905,2026-09-16T10:19:01,44.385584,38.872149,181.9
906,2026-09-16T10:19:03,44.385734,38.872415,182.1
907,2026-09-16T10:19:06,44.385959,38.872815,182.4
908,2026-09-16T10:19:08,44.386109,38.873082,182.6
909,2026-09-16T10:19:10,44.386259,38.873349,182.7
910,2026-09-16T10:19:11,44.386334,38.873482,182.8
911,2026-09-16T10:19:12,44.386409,38.873615,182.9
912,2026-09-16T10:19:14,44.386559,38.873882,183.1
913,2026-09-16T10:19:17,44.386784,38.874282,183.3
914,2026-09-16T10:19:18,44.386859,38.874415,183.4
915,2026-09-16T10:19:19,44.386934,38.874549,183.5
916,2026-09-16T10:19:20,44.387009,38.874682,183.5
917,2026-09-16T10:19:21,44.387084,38.874815,183.6
918,2026-09-16T10:19:23,44.387234,38.875082,183.7
919,2026-09-16T10:19:24,44.387309,38.875216,183.8
920,2026-09-16T10:19:25,44.387384,38.875349,183.9
921,2026-09-16T10:19:26,44.387459,38.875482,183.9
922,2026-09-16T10:19:27,44.387534,38.875616,184.0
923,2026-09-16T10:19:28,44.387609,38.875749,184.1
924,2026-09-16T10:19:29,44.387684,38.875882,184.1
925,2026-09-16T10:19:30,44.387759,38.876016,184.2
926,2026-09-16T10:19:31,44.387834,38.876149,184.2
927,2026-09-16T10:19:32,44.387909,38.876282,184.3
928,2026-09-16T10:19:33,44.387984,38.876416,184.3
929,2026-09-16T10:19:34,44.388059,38.876549,184.4
930,2026-09-16T10:19:36,44.388209,38.876816,184.5
931,2026-09-16T10:19:37,44.388284,38.876949,184.5
932,2026-09-16T10:19:38,44.388359,38.877082,184.6
933,2026-09-16T10:19:39,44.388434,38.877216,184.6
934,2026-09-16T10:19:41,44.388584,38.877482,184.7
935,2026-09-16T10:19:42,44.388659,38.877616,184.7
936,2026-09-16T10:19:44,44.388809,38.877882,184.8
937,2026-09-16T10:19:45,44.388884,38.878016,184.8
938,2026-09-16T10:19:46,44.388959,38.878149,184.8
939,2026-09-16T10:19:47,44.389034,38.878282,184.8
940,2026-09-16T10:19:49,44.389184,38.878549,184.9
941,2026-09-16T10:19:51,44.389334,38.878816,184.9
942,2026-09-16T10:19:52,44.389409,38.878949,184.9
943,2026-09-16T10:19:53,44.389484,38.879083,185.0
944,2026-09-16T10:19:56,44.389709,38.879483,185.0
945,2026-09-16T10:19:58,44.389859,38.879749,185.0
946,2026-09-16T10:20:00,44.390006,38.88003,185.0
947,2026-09-16T10:20:01,44.390056,38.88028,185.0
948,2026-09-16T10:20:02,44.390106,38.88053,185.0
949,2026-09-16T10:20:03,44.390156,38.88078,185.0
950,2026-09-16T10:20:04,44.390206,38.88103,185.0
951,2026-09-16T10:20:05,44.390256,38.88128,185.0
952,2026-09-16T10:20:06,44.390306,38.88153,185.0
953,2026-09-16T10:20:07,44.390356,38.88178,185.0
954,2026-09-16T10:20:09,44.390456,38.88228,184.9
955,2026-09-16T10:20:11,44.390556,38.88278,184.9
956,2026-09-16T10:20:12,44.390606,38.88303,184.9
957,2026-09-16T10:20:13,44.390656,38.88328,184.9
958,2026-09-16T10:20:14,44.390706,38.88353,184.9
959,2026-09-16T10:20:15,44.390756,38.88378,184.8
960,2026-09-16T10:20:16,44.390806,38.88403,184.8
961,2026-09-16T10:20:18,44.390906,38.88453,184.8
962,2026-09-16T10:20:19,44.390956,38.88478,184.7
963,2026-09-16T10:20:21,44.391056,38.885281,184.7
964,2026-09-16T10:20:23,44.391156,38.885781,184.6
965,2026-09-16T10:20:25,44.391256,38.886281,184.5
966,2026-09-16T10:20:26,44.391306,38.886531,184.5
967,2026-09-16T10:20:27,44.391356,38.886781,184.5
968,2026-09-16T10:20:28,44.391406,38.887031,184.4
969,2026-09-16T10:20:29,44.391456,38.887281,184.4
970,2026-09-16T10:20:30,44.391506,38.887531,184.3
971,2026-09-16T10:20:31,44.391556,38.887781,184.3
972,2026-09-16T10:20:32,44.391606,38.888031,184.3
973,2026-09-16T10:20:33,44.391656,38.888281,184.2
974,2026-09-16T10:20:34,44.391706,38.888531,184.2
975,2026-09-16T10:20:35,44.391756,38.888781,184.1
976,2026-09-16T10:20:36,44.391806,38.889031,184.1
977,2026-09-16T10:20:37,44.391856,38.889281,184.0
978,2026-09-16T10:20:38,44.391906,38.889531,184.0
979,2026-09-16T10:20:39,44.391956,38.889781,183.9
980,2026-09-16T10:20:40,44.392006,38.890031,183.8
981,2026-09-16T10:20:41,44.392056,38.890281,183.8
982,2026-09-16T10:20:42,44.392106,38.890531,183.7
983,2026-09-16T10:20:43,44.392156,38.890781,183.7
984,2026-09-16T10:20:44,44.392206,38.891031,183.6
985,2026-09-16T10:20:46,44.392306,38.891531,183.5
986,2026-09-16T10:20:48,44.392406,38.892031,183.4
987,2026-09-16T10:20:49,44.392456,38.892281,183.3
988,2026-09-16T10:20:51,44.392556,38.892781,183.2
989,2026-09-16T10:20:52,44.392606,38.893031,183.1
990,2026-09-16T10:20:55,44.392756,38.893781,182.9
991,2026-09-16T10:20:56,44.392806,38.894031,182.8
992,2026-09-16T10:20:57,44.392856,38.894281,182.7
993,2026-09-16T10:20:58,44.392906,38.894531,182.6
994,2026-09-16T10:20:59,44.392956,38.894781,182.6
995,2026-09-16T10:21:00,44.393006,38.895032,182.5
996,2026-09-16T10:21:02,44.393106,38.895532,182.3
997,2026-09-16T10:21:04,44.393206,38.896032,182.1
998,2026-09-16T10:21:05,44.393256,38.896282,182.0
999,2026-09-16T10:21:06,44.393306,38.896532,182.0
1000,2026-09-16T10:21:07,44.393356,38.896782,181.9
1001,2026-09-16T10:21:08,44.393406,38.897032,181.8
1002,2026-09-16T10:21:09,44.393456,38.897282,181.7
1003,2026-09-16T10:21:10,44.393506,38.897532,181.6
1004,2026-09-16T10:21:11,44.393556,38.897782,181.5
1005,2026-09-16T10:21:12,44.393606,38.898032,181.4
1006,2026-09-16T10:21:13,44.393656,38.898282,181.3
1007,2026-09-16T10:21:14,44.393706,38.898532,181.2
1008,2026-09-16T10:21:15,44.393756,38.898782,181.1
1009,2026-09-16T10:21:16,44.393806,38.899032,181.0
1010,2026-09-16T10:21:18,44.393906,38.899532,180.8
1011,2026-09-16T10:21:19,44.393956,38.899782,180.7
1012,2026-09-16T10:21:20,44.394006,38.900032,180.6
1013,2026-09-16T10:21:21,44.394056,38.900282,180.5
1014,2026-09-16T10:21:22,44.394106,38.900532,180.4
1015,2026-09-16T10:21:23,44.394156,38.900782,180.3
1016,2026-09-16T10:21:24,44.394206,38.901032,180.2
1017,2026-09-16T10:21:26,44.394306,38.901532,180.0
1018,2026-09-16T10:21:27,44.394356,38.901782,179.9
1019,2026-09-16T10:21:28,44.394406,38.902032,179.7
1020,2026-09-16T10:21:29,44.394456,38.902282,179.6
1021,2026-09-16T10:21:30,44.394506,38.902532,179.5
1022,2026-09-16T10:21:31,44.394556,38.902782,179.4
1023,2026-09-16T10:21:32,44.394606,38.903032,179.3
1024,2026-09-16T10:21:33,44.394656,38.903282,179.2
1025,2026-09-16T10:21:34,44.394706,38.903532,179.0
1026,2026-09-16T10:21:36,44.394806,38.904032,178.8
1027,2026-09-16T10:21:38,44.394906,38.904532,178.6
1028,2026-09-16T10:21:39,44.394956,38.904782,178.4
1029,2026-09-16T10:21:40,44.395007,38.905033,178.3
1030,2026-09-16T10:21:41,44.395057,38.905283,178.2
1031,2026-09-16T10:21:42,44.395107,38.905533,178.1
1032,2026-09-16T10:21:43,44.395157,38.905783,177.9
1033,2026-09-16T10:21:44,44.395207,38.906033,177.8
1034,2026-09-16T10:21:45,44.395257,38.906283,177.7
1035,2026-09-16T10:21:46,44.395307,38.906533,177.5
1036,2026-09-16T10:21:47,44.395357,38.906783,177.4
1037,2026-09-16T10:21:48,44.395407,38.907033,177.3
1038,2026-09-16T10:21:49,44.395457,38.907283,177.2
1039,2026-09-16T10:21:51,44.395557,38.907783,176.9
1040,2026-09-16T10:21:52,44.395607,38.908033,176.7
1041,2026-09-16T10:21:56,44.395807,38.909033,176.2
1042,2026-09-16T10:21:57,44.395857,38.909283,176.0
1043,2026-09-16T10:21:59,44.395957,38.909783,175.8
1044,2026-09-16T10:22:00,44.396007,38.910033,175.6
1045,2026-09-16T10:22:01,44.396057,38.910283,175.5
1046,2026-09-16T10:22:02,44.396107,38.910533,175.3
1047,2026-09-16T10:22:03,44.396157,38.910783,175.2
1048,2026-09-16T10:22:04,44.396207,38.911033,175.0
1049,2026-09-16T10:22:05,44.396257,38.911283,174.9
1050,2026-09-16T10:22:06,44.396307,38.911533,174.7
1051,2026-09-16T10:22:07,44.396357,38.911783,174.6
1052,2026-09-16T10:22:09,44.396457,38.912283,174.3
1053,2026-09-16T10:22:11,44.396557,38.912783,174.0
1054,2026-09-16T10:22:12,44.396607,38.913033,173.8
1055,2026-09-16T10:22:13,44.396657,38.913283,173.7
1056,2026-09-16T10:22:14,44.396707,38.913533,173.5
1057,2026-09-16T10:22:15,44.396757,38.913783,173.4
1058,2026-09-16T10:22:16,44.396807,38.914033,173.2
1059,2026-09-16T10:22:17,44.396857,38.914283,173.0
1060,2026-09-16T10:22:18,44.396907,38.914533,172.9
1061,2026-09-16T10:22:20,44.397007,38.915034,172.6
1062,2026-09-16T10:22:21,44.397057,38.915284,172.4
1063,2026-09-16T10:22:22,44.397107,38.915534,172.2
1064,2026-09-16T10:22:23,44.397157,38.915784,172.1
1065,2026-09-16T10:22:24,44.397207,38.916034,171.9
1066,2026-09-16T10:22:25,44.397257,38.916284,171.7
1067,2026-09-16T10:22:28,44.397407,38.917034,171.3
1068,2026-09-16T10:22:30,44.397507,38.917534,170.9
1069,2026-09-16T10:22:31,44.397557,38.917784,170.7
1070,2026-09-16T10:22:32,44.397607,38.918034,170.6
1071,2026-09-16T10:22:33,44.397657,38.918284,170.4
1072,2026-09-16T10:22:34,44.397707,38.918534,170.2
1073,2026-09-16T10:22:36,44.397807,38.919034,169.9
1074,2026-09-16T10:22:37,44.397857,38.919284,169.7
1075,2026-09-16T10:22:38,44.397907,38.919534,169.5
1076,2026-09-16T10:22:39,44.397957,38.919784,169.4
1077,2026-09-16T10:22:41,44.398057,38.920284,169.0
1078,2026-09-16T10:22:42,44.398107,38.920534,168.8
1079,2026-09-16T10:22:43,44.398157,38.920784,168.7
1080,2026-09-16T10:22:44,44.398207,38.921034,168.5
1081,2026-09-16T10:22:45,44.398257,38.921284,168.3
1082,2026-09-16T10:22:46,44.398307,38.921534,168.1
1083,2026-09-16T10:22:47,44.398357,38.921784,167.9
1084,2026-09-16T10:22:48,44.398407,38.922034,167.8
1085,2026-09-16T10:22:50,44.398507,38.922534,167.4
1086,2026-09-16T10:22:51,44.398557,38.922784,167.2
1087,2026-09-16T10:22:54,44.398707,38.923534,166.7
1088,2026-09-16T10:22:55,44.398757,38.923784,166.5
1089,2026-09-16T10:22:56,44.398807,38.924034,166.3
1090,2026-09-16T10:22:57,44.398857,38.924284,166.1
1091,2026-09-16T10:22:58,44.398907,38.924534,165.9
1092,2026-09-16T10:22:59,44.398957,38.924784,165.7
1093,2026-09-16T10:23:00,44.399007,38.925035,165.5
1094,2026-09-16T10:23:01,44.399057,38.925285,165.3
1095,2026-09-16T10:23:02,44.399107,38.925535,165.2
1096,2026-09-16T10:23:04,44.399207,38.926035,164.8
1097,2026-09-16T10:23:05,44.399257,38.926285,164.6
1098,2026-09-16T10:23:06,44.399307,38.926535,164.4
1099,2026-09-16T10:23:07,44.399357,38.926785,164.2
1100,2026-09-16T10:23:08,44.399407,38.927035,164.0
1101,2026-09-16T10:23:09,44.399457,38.927285,163.8
1102,2026-09-16T10:23:10,44.399507,38.927535,163.6
1103,2026-09-16T10:23:11,44.399557,38.927785,163.4
1104,2026-09-16T10:23:14,44.399707,38.928535,162.8
1105,2026-09-16T10:23:15,44.399757,38.928785,162.6
1106,2026-09-16T10:23:16,44.399807,38.929035,162.4
1107,2026-09-16T10:23:17,44.399857,38.929285,162.2
1108,2026-09-16T10:23:18,44.399907,38.929535,162.0
1109,2026-09-16T10:23:19,44.399957,38.929785,161.8
1110,2026-09-16T10:23:21,44.400057,38.930285,161.4
1111,2026-09-16T10:23:23,44.400157,38.930785,161.0
1112,2026-09-16T10:23:24,44.400207,38.931035,160.8
1113,2026-09-16T10:23:25,44.400257,38.931285,160.6
1114,2026-09-16T10:23:27,44.400357,38.931785,160.2
1115,2026-09-16T10:23:29,44.400457,38.932285,159.8
1116,2026-09-16T10:23:30,44.400507,38.932535,159.6
1117,2026-09-16T10:23:31,44.400557,38.932785,159.4
1118,2026-09-16T10:23:32,44.400607,38.933035,159.2
1119,2026-09-16T10:23:34,44.400707,38.933535,158.8
1120,2026-09-16T10:23:35,44.400757,38.933785,158.6
1121,2026-09-16T10:23:36,44.400807,38.934035,158.4
1122,2026-09-16T10:23:37,44.400857,38.934285,158.2
1123,2026-09-16T10:23:39,44.400957,38.934785,157.8
1124,2026-09-16T10:23:40,44.401007,38.935036,157.5
1125,2026-09-16T10:23:41,44.401057,38.935286,157.3
1126,2026-09-16T10:23:42,44.401107,38.935536,157.1
1127,2026-09-16T10:23:43,44.401157,38.935786,156.9
1128,2026-09-16T10:23:44,44.401207,38.936036,156.7
1129,2026-09-16T10:23:45,44.401257,38.936286,156.5
1130,2026-09-16T10:23:47,44.401357,38.936786,156.1
1131,2026-09-16T10:23:48,44.401407,38.937036,155.9
1132,2026-09-16T10:23:50,44.401507,38.937536,155.4
1133,2026-09-16T10:23:51,44.401557,38.937786,155.2
1134,2026-09-16T10:23:53,44.401657,38.938286,154.8
1135,2026-09-16T10:23:54,44.401707,38.938536,154.6
1136,2026-09-16T10:23:55,44.401757,38.938786,154.4
1137,2026-09-16T10:23:56,44.401807,38.939036,154.2
1138,2026-09-16T10:23:57,44.401857,38.939286,153.9
1139,2026-09-16T10:23:59,44.401957,38.939786,153.5
1140,2026-09-16T10:24:00,44.402007,38.940036,153.3
1141,2026-09-16T10:24:02,44.402107,38.940536,152.9
1142,2026-09-16T10:24:03,44.402157,38.940786,152.6
1143,2026-09-16T10:24:04,44.402207,38.941036,152.4
1144,2026-09-16T10:24:05,44.402257,38.941286,152.2
1145,2026-09-16T10:24:07,44.402357,38.941786,151.8
1146,2026-09-16T10:24:08,44.402407,38.942036,151.6
1147,2026-09-16T10:24:09,44.402457,38.942286,151.3
1148,2026-09-16T10:24:10,44.402507,38.942536,151.1
1149,2026-09-16T10:24:11,44.402557,38.942786,150.9
1150,2026-09-16T10:24:12,44.402607,38.943036,150.7
1151,2026-09-16T10:24:14,44.402707,38.943536,150.2
1152,2026-09-16T10:24:15,44.402757,38.943786,150.0
1153,2026-09-16T10:24:16,44.402807,38.944036,149.8
1154,2026-09-16T10:24:17,44.402857,38.944286,149.6
1155,2026-09-16T10:24:19,44.402957,38.944786,149.1
1156,2026-09-16T10:24:20,44.403007,38.945037,148.9
1157,2026-09-16T10:24:21,44.403057,38.945287,148.7
1158,2026-09-16T10:24:22,44.403107,38.945537,148.5
1159,2026-09-16T10:24:23,44.403157,38.945787,148.3
1160,2026-09-16T10:24:24,44.403207,38.946037,148.0
1161,2026-09-16T10:24:25,44.403257,38.946287,147.8
1162,2026-09-16T10:24:26,44.403307,38.946537,147.6
1163,2026-09-16T10:24:27,44.403357,38.946787,147.4
1164,2026-09-16T10:24:28,44.403407,38.947037,147.1
1165,2026-09-16T10:24:29,44.403457,38.947287,146.9
1166,2026-09-16T10:24:31,44.403557,38.947787,146.5
1167,2026-09-16T10:24:33,44.403657,38.948287,146.0
1168,2026-09-16T10:24:34,44.403707,38.948537,145.8
1169,2026-09-16T10:24:35,44.403757,38.948787,145.6
1170,2026-09-16T10:24:36,44.403807,38.949037,145.4
1171,2026-09-16T10:24:37,44.403857,38.949287,145.1
1172,2026-09-16T10:24:38,44.403907,38.949537,144.9
1173,2026-09-16T10:24:40,44.404007,38.950037,144.5
1174,2026-09-16T10:24:41,44.404057,38.950287,144.2
1175,2026-09-16T10:24:44,44.404207,38.951037,143.6
1176,2026-09-16T10:24:45,44.404257,38.951287,143.3
1177,2026-09-16T10:24:46,44.404307,38.951537,143.1
1178,2026-09-16T10:24:47,44.404357,38.951787,142.9
1179,2026-09-16T10:24:49,44.404457,38.952287,142.4
1180,2026-09-16T10:24:50,44.404507,38.952537,142.2
1181,2026-09-16T10:24:51,44.404557,38.952787,142.0
1182,2026-09-16T10:24:52,44.404607,38.953037,141.8
1183,2026-09-16T10:24:53,44.404657,38.953287,141.5
1184,2026-09-16T10:24:55,44.404757,38.953787,141.1
1185,2026-09-16T10:24:57,44.404857,38.954287,140.6
1186,2026-09-16T10:24:59,44.404957,38.954787,140.2
1187,2026-09-16T10:25:00,44.405008,38.955038,140.0
1188,2026-09-16T10:25:02,44.405108,38.955538,139.5
1189,2026-09-16T10:25:03,44.405158,38.955788,139.3
1190,2026-09-16T10:25:04,44.405208,38.956038,139.1
1191,2026-09-16T10:25:05,44.405258,38.956288,138.8
1192,2026-09-16T10:25:06,44.405308,38.956538,138.6
1193,2026-09-16T10:25:07,44.405358,38.956788,138.4
1194,2026-09-16T10:25:08,44.405408,38.957038,138.2
1195,2026-09-16T10:25:10,44.405508,38.957538,137.7
1196,2026-09-16T10:25:11,44.405558,38.957788,137.5
1197,2026-09-16T10:25:14,44.405708,38.958538,136.8
1198,2026-09-16T10:25:15,44.405758,38.958788,136.6
1199,2026-09-16T10:25:17,44.405858,38.959288,136.1
1200,2026-09-16T10:25:18,44.405908,38.959538,135.9
1201,2026-09-16T10:25:19,44.405958,38.959788,135.7
1202,2026-09-16T10:25:20,44.406008,38.960038,135.5
1203,2026-09-16T10:25:21,44.406058,38.960288,135.2
1204,2026-09-16T10:25:22,44.406108,38.960538,135.0
1205,2026-09-16T10:25:23,44.406158,38.960788,134.8
1206,2026-09-16T10:25:24,44.406208,38.961038,134.6
1207,2026-09-16T10:25:25,44.406258,38.961288,134.4
1208,2026-09-16T10:25:26,44.406308,38.961538,134.1
1209,2026-09-16T10:25:28,44.406408,38.962038,133.7
1210,2026-09-16T10:25:29,44.406458,38.962288,133.5
1211,2026-09-16T10:25:31,44.406558,38.962788,133.0
1212,2026-09-16T10:25:32,44.406608,38.963038,132.8
1213,2026-09-16T10:25:33,44.406658,38.963288,132.6
1214,2026-09-16T10:25:34,44.406708,38.963538,132.3
1215,2026-09-16T10:25:35,44.406758,38.963788,132.1
1216,2026-09-16T10:25:37,44.406858,38.964288,131.7
1217,2026-09-16T10:25:38,44.406908,38.964538,131.5
1218,2026-09-16T10:25:39,44.406958,38.964788,131.2
1219,2026-09-16T10:25:40,44.407008,38.965039,131.0
1220,2026-09-16T10:25:41,44.407058,38.965289,130.8
1221,2026-09-16T10:25:42,44.407108,38.965539,130.6
1222,2026-09-16T10:25:45,44.407258,38.966289,129.9
1223,2026-09-16T10:25:46,44.407308,38.966539,129.7
1224,2026-09-16T10:25:47,44.407358,38.966789,129.5
1225,2026-09-16T10:25:48,44.407408,38.967039,129.3
1226,2026-09-16T10:25:49,44.407458,38.967289,129.0
1227,2026-09-16T10:25:51,44.407558,38.967789,128.6
1228,2026-09-16T10:25:52,44.407608,38.968039,128.4
1229,2026-09-16T10:25:53,44.407658,38.968289,128.2
1230,2026-09-16T10:25:54,44.407708,38.968539,127.9
1231,2026-09-16T10:25:55,44.407758,38.968789,127.7
1232,2026-09-16T10:25:56,44.407808,38.969039,127.5
1233,2026-09-16T10:25:57,44.407858,38.969289,127.3
1234,2026-09-16T10:25:59,44.407958,38.969789,126.9
1235,2026-09-16T10:26:00,44.408008,38.970039,126.6
1236,2026-09-16T10:26:01,44.408058,38.970289,126.4
1237,2026-09-16T10:26:03,44.408158,38.970789,126.0
1238,2026-09-16T10:26:04,44.408208,38.971039,125.8
1239,2026-09-16T10:26:05,44.408258,38.971289,125.6
1240,2026-09-16T10:26:06,44.408308,38.971539,125.4
1241,2026-09-16T10:26:07,44.408358,38.971789,125.1
1242,2026-09-16T10:26:10,44.408508,38.972539,124.5
1243,2026-09-16T10:26:11,44.408558,38.972789,124.3
1244,2026-09-16T10:26:12,44.408608,38.973039,124.1
1245,2026-09-16T10:26:13,44.408658,38.973289,123.9
1246,2026-09-16T10:26:14,44.408708,38.973539,123.7
1247,2026-09-16T10:26:17,44.408858,38.974289,123.0
1248,2026-09-16T10:26:19,44.408958,38.974789,122.6
1249,2026-09-16T10:26:20,44.409008,38.97504,122.4
1250,2026-09-16T10:26:21,44.409058,38.97529,122.2
1251,2026-09-16T10:26:22,44.409108,38.97554,122.0
1252,2026-09-16T10:26:23,44.409158,38.97579,121.8
1253,2026-09-16T10:26:24,44.409208,38.97604,121.6
1254,2026-09-16T10:26:25,44.409258,38.97629,121.4
1255,2026-09-16T10:26:26,44.409308,38.97654,121.1
1256,2026-09-16T10:26:27,44.409358,38.97679,120.9
1257,2026-09-16T10:26:28,44.409408,38.97704,120.7
1258,2026-09-16T10:26:29,44.409458,38.97729,120.5
1259,2026-09-16T10:26:30,44.409508,38.97754,120.3
1260,2026-09-16T10:26:31,44.409558,38.97779,120.1
1261,2026-09-16T10:26:32,44.409608,38.97804,119.9
1262,2026-09-16T10:26:34,44.409708,38.97854,119.5
1263,2026-09-16T10:26:36,44.409808,38.97904,119.1
1264,2026-09-16T10:26:38,44.409908,38.97954,118.7
1265,2026-09-16T10:26:40,44.410008,38.98004,118.3
1266,2026-09-16T10:26:41,44.410058,38.98029,118.1
1267,2026-09-16T10:26:42,44.410108,38.98054,117.9
1268,2026-09-16T10:26:43,44.410158,38.98079,117.7
1269,2026-09-16T10:26:44,44.410208,38.98104,117.5
1270,2026-09-16T10:26:45,44.410258,38.98129,117.3
1271,2026-09-16T10:26:47,44.410358,38.98179,116.9
1272,2026-09-16T10:26:49,44.410458,38.98229,116.5
1273,2026-09-16T10:26:50,44.410508,38.98254,116.3
1274,2026-09-16T10:26:51,44.410558,38.98279,116.1
1275,2026-09-16T10:26:52,44.410608,38.98304,115.9
1276,2026-09-16T10:26:53,44.410658,38.98329,115.7
1277,2026-09-16T10:26:54,44.410708,38.98354,115.6
1278,2026-09-16T10:26:55,44.410758,38.98379,115.4
1279,2026-09-16T10:26:59,44.410958,38.98479,114.6
1280,2026-09-16T10:27:00,44.411008,38.985041,114.4
1281,2026-09-16T10:27:01,44.411058,38.985291,114.2
1282,2026-09-16T10:27:02,44.411108,38.985541,114.0
1283,2026-09-16T10:27:04,44.411208,38.986041,113.7
1284,2026-09-16T10:27:05,44.411258,38.986291,113.5
1285,2026-09-16T10:27:07,44.411358,38.986791,113.1
1286,2026-09-16T10:27:08,44.411408,38.987041,112.9
1287,2026-09-16T10:27:09,44.411458,38.987291,112.7
1288,2026-09-16T10:27:10,44.411508,38.987541,112.6
1289,2026-09-16T10:27:12,44.411608,38.988041,112.2
1290,2026-09-16T10:27:13,44.411658,38.988291,112.0
1291,2026-09-16T10:27:14,44.411708,38.988541,111.8
1292,2026-09-16T10:27:15,44.411758,38.988791,111.6
1293,2026-09-16T10:27:16,44.411808,38.989041,111.5
1294,2026-09-16T10:27:17,44.411858,38.989291,111.3
1295,2026-09-16T10:27:18,44.411908,38.989541,111.1
1296,2026-09-16T10:27:19,44.411958,38.989791,110.9
1297,2026-09-16T10:27:20,44.412008,38.990041,110.8
1298,2026-09-16T10:27:21,44.412058,38.990291,110.6
1299,2026-09-16T10:27:23,44.412158,38.990791,110.2
1300,2026-09-16T10:27:24,44.412208,38.991041,110.1
1301,2026-09-16T10:27:25,44.412258,38.991291,109.9
1302,2026-09-16T10:27:26,44.412308,38.991541,109.7
1303,2026-09-16T10:27:27,44.412358,38.991791,109.5
1304,2026-09-16T10:27:28,44.412408,38.992041,109.4
1305,2026-09-16T10:27:29,44.412458,38.992291,109.2
1306,2026-09-16T10:27:31,44.412558,38.992791,108.9
1307,2026-09-16T10:27:32,44.412608,38.993041,108.7
1308,2026-09-16T10:27:33,44.412658,38.993291,108.5
1309,2026-09-16T10:27:34,44.412708,38.993541,108.4
1310,2026-09-16T10:27:36,44.412808,38.994041,108.0
1311,2026-09-16T10:27:37,44.412858,38.994291,107.9
1312,2026-09-16T10:27:39,44.412958,38.994791,107.5
1313,2026-09-16T10:27:41,44.413058,38.995292,107.2
1314,2026-09-16T10:27:43,44.413158,38.995792,106.9
1315,2026-09-16T10:27:44,44.413208,38.996042,106.7
1316,2026-09-16T10:27:45,44.413258,38.996292,106.6
1317,2026-09-16T10:27:46,44.413308,38.996542,106.4
1318,2026-09-16T10:27:47,44.413358,38.996792,106.3
1319,2026-09-16T10:27:48,44.413408,38.997042,106.1
1320,2026-09-16T10:27:49,44.413458,38.997292,106.0
1321,2026-09-16T10:27:50,44.413508,38.997542,105.8
1322,2026-09-16T10:27:53,44.413658,38.998292,105.4
1323,2026-09-16T10:27:54,44.413708,38.998542,105.2
1324,2026-09-16T10:27:55,44.413758,38.998792,105.1
1325,2026-09-16T10:27:56,44.413808,38.999042,104.9
1326,2026-09-16T10:27:57,44.413858,38.999292,104.8
1327,2026-09-16T10:27:58,44.413908,38.999542,104.6
1328,2026-09-16T10:27:59,44.413958,38.999792,104.5
1329,2026-09-16T10:28:00,44.414008,39.000042,104.3
1330,2026-09-16T10:28:01,44.414058,39.000292,104.2
1331,2026-09-16T10:28:02,44.414108,39.000542,104.0
1332,2026-09-16T10:28:05,44.414258,39.001292,103.6
1333,2026-09-16T10:28:06,44.414308,39.001542,103.5
1334,2026-09-16T10:28:07,44.414358,39.001792,103.4
1335,2026-09-16T10:28:09,44.414458,39.002292,103.1
1336,2026-09-16T10:28:10,44.414508,39.002542,102.9
1337,2026-09-16T10:28:13,44.414658,39.003292,102.5
1338,2026-09-16T10:28:14,44.414708,39.003542,102.4
1339,2026-09-16T10:28:15,44.414758,39.003792,102.3
1340,2026-09-16T10:28:16,44.414808,39.004042,102.2
1341,2026-09-16T10:28:17,44.414858,39.004292,102.0
1342,2026-09-16T10:28:18,44.414908,39.004542,101.9
1343,2026-09-16T10:28:19,44.414958,39.004792,101.8
1344,2026-09-16T10:28:20,44.415009,39.005043,101.6
1345,2026-09-16T10:28:21,44.415059,39.005293,101.5
1346,2026-09-16T10:28:23,44.415159,39.005793,101.3
1347,2026-09-16T10:28:24,44.415209,39.006043,101.2
1348,2026-09-16T10:28:25,44.415259,39.006293,101.0
1349,2026-09-16T10:28:26,44.415309,39.006543,100.9
1350,2026-09-16T10:28:27,44.415359,39.006793,100.8
1351,2026-09-16T10:28:28,44.415409,39.007043,100.7
1352,2026-09-16T10:28:29,44.415459,39.007293,100.6
1353,2026-09-16T10:28:30,44.415509,39.007543,100.4
1354,2026-09-16T10:28:31,44.415559,39.007793,100.3
1355,2026-09-16T10:28:32,44.415609,39.008043,100.2
1356,2026-09-16T10:28:34,44.415709,39.008543,100.0
1357,2026-09-16T10:28:35,44.415759,39.008793,99.9
1358,2026-09-16T10:28:36,44.415809,39.009043,99.8
1359,2026-09-16T10:28:37,44.415859,39.009293,99.7
1360,2026-09-16T10:28:39,44.415959,39.009793,99.5
1361,2026-09-16T10:28:40,44.416009,39.010043,99.4
1362,2026-09-16T10:28:41,44.416059,39.010293,99.3
1363,2026-09-16T10:28:42,44.416109,39.010543,99.2
1364,2026-09-16T10:28:43,44.416159,39.010793,99.0
1365,2026-09-16T10:28:44,44.416209,39.011043,98.9
1366,2026-09-16T10:28:45,44.416259,39.011293,98.9
1367,2026-09-16T10:28:47,44.416359,39.011793,98.7
1368,2026-09-16T10:28:48,44.416409,39.012043,98.6
1369,2026-09-16T10:28:49,44.416459,39.012293,98.5
1370,2026-09-16T10:28:53,44.416659,39.013293,98.1
1371,2026-09-16T10:28:54,44.416709,39.013543,98.0
1372,2026-09-16T10:28:55,44.416759,39.013793,97.9
1373,2026-09-16T10:28:56,44.416809,39.014043,97.8
1374,2026-09-16T10:28:58,44.416909,39.014543,97.7
1375,2026-09-16T10:29:02,44.417109,39.015544,97.3
1376,2026-09-16T10:29:03,44.417159,39.015794,97.3
1377,2026-09-16T10:29:04,44.417209,39.016044,97.2
1378,2026-09-16T10:29:05,44.417259,39.016294,97.1
1379,2026-09-16T10:29:08,44.417409,39.017044,96.9
1380,2026-09-16T10:29:09,44.417459,39.017294,96.8
1381,2026-09-16T10:29:10,44.417509,39.017544,96.8
1382,2026-09-16T10:29:11,44.417559,39.017794,96.7
1383,2026-09-16T10:29:12,44.417609,39.018044,96.6
1384,2026-09-16T10:29:13,44.417659,39.018294,96.6
1385,2026-09-16T10:29:14,44.417709,39.018544,96.5
1386,2026-09-16T10:29:15,44.417759,39.018794,96.4
1387,2026-09-16T10:29:16,44.417809,39.019044,96.4
1388,2026-09-16T10:29:17,44.417859,39.019294,96.3
1389,2026-09-16T10:29:19,44.417959,39.019794,96.2
1390,2026-09-16T10:29:21,44.418059,39.020294,96.1
1391,2026-09-16T10:29:22,44.418109,39.020544,96.0
1392,2026-09-16T10:29:23,44.418159,39.020794,96.0
1393,2026-09-16T10:29:24,44.418209,39.021044,95.9
1394,2026-09-16T10:29:26,44.418309,39.021544,95.8
1395,2026-09-16T10:29:27,44.418359,39.021794,95.8
1396,2026-09-16T10:29:29,44.418459,39.022294,95.7
1397,2026-09-16T10:29:31,44.418559,39.022794,95.6
1398,2026-09-16T10:29:32,44.418609,39.023044,95.6
1399,2026-09-16T10:29:33,44.418659,39.023294,95.5
1400,2026-09-16T10:29:34,44.418709,39.023544,95.5
1401,2026-09-16T10:29:36,44.418809,39.024044,95.4
1402,2026-09-16T10:29:37,44.418859,39.024294,95.4
1403,2026-09-16T10:29:38,44.418909,39.024544,95.3
1404,2026-09-16T10:29:39,44.418959,39.024794,95.3
1405,2026-09-16T10:29:41,44.419059,39.025295,95.3
1406,2026-09-16T10:29:42,44.419109,39.025545,95.2
1407,2026-09-16T10:29:44,44.419209,39.026045,95.2
1408,2026-09-16T10:29:46,44.419309,39.026545,95.1
1409,2026-09-16T10:29:47,44.419359,39.026795,95.1
1410,2026-09-16T10:29:48,44.419409,39.027045,95.1
1411,2026-09-16T10:29:49,44.419459,39.027295,95.1
1412,2026-09-16T10:29:50,44.419509,39.027545,95.1
1413,2026-09-16T10:29:52,44.419609,39.028045,95.0
1414,2026-09-16T10:29:56,44.419809,39.029045,95.0
1415,2026-09-16T10:29:57,44.419859,39.029295,95.0
1416,2026-09-16T10:29:58,44.419909,39.029545,95.0
1417,2026-09-16T10:29:59,44.419959,39.029795,95.0
1418,2026-09-16T10:30:00,44.419964,39.030018,95.0
1419,2026-09-16T10:30:01,44.419764,39.030118,95.0
1420,2026-09-16T10:30:02,44.419564,39.030218,95.0
1421,2026-09-16T10:30:04,44.419164,39.030418,95.0
1422,2026-09-16T10:30:06,44.418764,39.030618,95.0
1423,2026-09-16T10:30:08,44.418364,39.030818,95.0
1424,2026-09-16T10:30:09,44.418164,39.030918,95.0
1425,2026-09-16T10:30:10,44.417964,39.031018,94.9
1426,2026-09-16T10:30:11,44.417764,39.031118,94.9
1427,2026-09-16T10:30:12,44.417564,39.031218,94.9
1428,2026-09-16T10:30:13,44.417364,39.031318,94.9
1429,2026-09-16T10:30:14,44.417164,39.031418,94.9
1430,2026-09-16T10:30:15,44.416964,39.031518,94.9
1431,2026-09-16T10:30:16,44.416764,39.031618,94.9
1432,2026-09-16T10:30:18,44.416364,39.031818,94.8
1433,2026-09-16T10:30:19,44.416164,39.031918,94.8
1434,2026-09-16T10:30:20,44.415964,39.032018,94.8
1435,2026-09-16T10:30:21,44.415764,39.032118,94.8
1436,2026-09-16T10:30:22,44.415564,39.032218,94.8
1437,2026-09-16T10:30:23,44.415364,39.032318,94.7
1438,2026-09-16T10:30:24,44.415164,39.032418,94.7
1439,2026-09-16T10:30:26,44.414763,39.032618,94.7
1440,2026-09-16T10:30:27,44.414563,39.032718,94.6
1441,2026-09-16T10:30:28,44.414363,39.032818,94.6
1442,2026-09-16T10:30:29,44.414163,39.032918,94.6
1443,2026-09-16T10:30:30,44.413963,39.033018,94.6
1444,2026-09-16T10:30:31,44.413763,39.033118,94.5
1445,2026-09-16T10:30:32,44.413563,39.033218,94.5
1446,2026-09-16T10:30:34,44.413163,39.033418,94.4
1447,2026-09-16T10:30:36,44.412763,39.033618,94.4
1448,2026-09-16T10:30:37,44.412563,39.033718,94.3
1449,2026-09-16T10:30:38,44.412363,39.033818,94.3
1450,2026-09-16T10:30:39,44.412163,39.033918,94.3
1451,2026-09-16T10:30:40,44.411963,39.034018,94.2
1452,2026-09-16T10:30:41,44.411763,39.034118,94.2
1453,2026-09-16T10:30:42,44.411563,39.034218,94.2
1454,2026-09-16T10:30:43,44.411363,39.034318,94.1
1455,2026-09-16T10:30:44,44.411163,39.034418,94.1
1456,2026-09-16T10:30:45,44.410963,39.034518,94.0
1457,2026-09-16T10:30:46,44.410763,39.034618,94.0
1458,2026-09-16T10:30:47,44.410563,39.034718,93.9
1459,2026-09-16T10:30:48,44.410363,39.034818,93.9
1460,2026-09-16T10:30:49,44.410163,39.034918,93.9
1461,2026-09-16T10:30:50,44.409963,39.035019,93.8
1462,2026-09-16T10:30:52,44.409563,39.035219,93.7
1463,2026-09-16T10:30:53,44.409363,39.035319,93.7
1464,2026-09-16T10:30:54,44.409163,39.035419,93.6
1465,2026-09-16T10:30:55,44.408963,39.035519,93.6
1466,2026-09-16T10:30:56,44.408763,39.035619,93.5
1467,2026-09-16T10:30:57,44.408563,39.035719,93.5
1468,2026-09-16T10:30:58,44.408363,39.035819,93.4
1469,2026-09-16T10:30:59,44.408163,39.035919,93.4
1470,2026-09-16T10:31:00,44.407963,39.036019,93.3
1471,2026-09-16T10:31:01,44.407763,39.036119,93.3
1472,2026-09-16T10:31:03,44.407363,39.036319,93.1
1473,2026-09-16T10:31:05,44.406963,39.036519,93.0
1474,2026-09-16T10:31:06,44.406763,39.036619,93.0
1475,2026-09-16T10:31:07,44.406563,39.036719,92.9
1476,2026-09-16T10:31:08,44.406363,39.036819,92.9
1477,2026-09-16T10:31:09,44.406163,39.036919,92.8
1478,2026-09-16T10:31:10,44.405963,39.037019,92.7
1479,2026-09-16T10:31:11,44.405763,39.037119,92.7
1480,2026-09-16T10:31:12,44.405563,39.037219,92.6
1481,2026-09-16T10:31:13,44.405363,39.037319,92.5
1482,2026-09-16T10:31:14,44.405163,39.037419,92.5
1483,2026-09-16T10:31:15,44.404962,39.037519,92.4
1484,2026-09-16T10:31:16,44.404762,39.037619,92.3
1485,2026-09-16T10:31:18,44.404362,39.037819,92.2
1486,2026-09-16T10:31:19,44.404162,39.037919,92.1
1487,2026-09-16T10:31:21,44.403762,39.038119,92.0
1488,2026-09-16T10:31:22,44.403562,39.038219,91.9
1489,2026-09-16T10:31:23,44.403362,39.038319,91.9
1490,2026-09-16T10:31:24,44.403162,39.038419,91.8
1491,2026-09-16T10:31:25,44.402962,39.038519,91.7
1492,2026-09-16T10:31:27,44.402562,39.038719,91.6
1493,2026-09-16T10:31:29,44.402162,39.038919,91.4
1494,2026-09-16T10:31:30,44.401962,39.039019,91.3
1495,2026-09-16T10:31:32,44.401562,39.039219,91.2
1496,2026-09-16T10:31:33,44.401362,39.039319,91.1
1497,2026-09-16T10:31:34,44.401162,39.039419,91.0
1498,2026-09-16T10:31:35,44.400962,39.039519,90.9
1499,2026-09-16T10:31:36,44.400762,39.039619,90.9
1500,2026-09-16T10:31:38,44.400362,39.039819,90.7
1501,2026-09-16T10:31:39,44.400162,39.039919,90.6
1502,2026-09-16T10:31:40,44.399962,39.040019,90.5
1503,2026-09-16T10:31:42,44.399562,39.040219,90.4
1504,2026-09-16T10:31:43,44.399362,39.040319,90.3
1505,2026-09-16T10:31:44,44.399162,39.040419,90.2
1506,2026-09-16T10:31:45,44.398962,39.040519,90.1
1507,2026-09-16T10:31:46,44.398762,39.040619,90.0
1508,2026-09-16T10:31:47,44.398562,39.040719,89.9
1509,2026-09-16T10:31:48,44.398362,39.040819,89.9
1510,2026-09-16T10:31:49,44.398162,39.040919,89.8
1511,2026-09-16T10:31:50,44.397962,39.041019,89.7
1512,2026-09-16T10:31:51,44.397762,39.041119,89.6
1513,2026-09-16T10:31:52,44.397562,39.041219,89.5
1514,2026-09-16T10:31:53,44.397362,39.041319,89.4
1515,2026-09-16T10:31:54,44.397162,39.041419,89.3
1516,2026-09-16T10:31:56,44.396762,39.041619,89.1
1517,2026-09-16T10:31:57,44.396562,39.041719,89.0
1518,2026-09-16T10:31:58,44.396362,39.041819,88.9
1519,2026-09-16T10:31:59,44.396162,39.041919,88.8
1520,2026-09-16T10:32:00,44.395962,39.042019,88.7
1521,2026-09-16T10:32:02,44.395562,39.042219,88.5
1522,2026-09-16T10:32:04,44.395162,39.042419,88.4
1523,2026-09-16T10:32:05,44.394961,39.042519,88.3
1524,2026-09-16T10:32:06,44.394761,39.042619,88.2
1525,2026-09-16T10:32:07,44.394561,39.042719,88.1
1526,2026-09-16T10:32:08,44.394361,39.042819,88.0
1527,2026-09-16T10:32:09,44.394161,39.042919,87.9
1528,2026-09-16T10:32:10,44.393961,39.043019,87.8
1529,2026-09-16T10:32:11,44.393761,39.043119,87.6
1530,2026-09-16T10:32:12,44.393561,39.043219,87.5
1531,2026-09-16T10:32:13,44.393361,39.043319,87.4
1532,2026-09-16T10:32:14,44.393161,39.043419,87.3
1533,2026-09-16T10:32:15,44.392961,39.043519,87.2
1534,2026-09-16T10:32:16,44.392761,39.043619,87.1
1535,2026-09-16T10:32:18,44.392361,39.043819,86.9
1536,2026-09-16T10:32:19,44.392161,39.043919,86.8
1537,2026-09-16T10:32:20,44.391961,39.044019,86.7
1538,2026-09-16T10:32:22,44.391561,39.044219,86.5
1539,2026-09-16T10:32:23,44.391361,39.044319,86.4
1540,2026-09-16T10:32:24,44.391161,39.044419,86.3
1541,2026-09-16T10:32:25,44.390961,39.044519,86.2
1542,2026-09-16T10:32:26,44.390761,39.044619,86.0
1543,2026-09-16T10:32:27,44.390561,39.044719,85.9
1544,2026-09-16T10:32:28,44.390361,39.044819,85.8
1545,2026-09-16T10:32:29,44.390161,39.044919,85.7
1546,2026-09-16T10:32:30,44.389961,39.04502,85.6
1547,2026-09-16T10:32:31,44.389761,39.04512,85.5
1548,2026-09-16T10:32:32,44.389561,39.04522,85.4
1549,2026-09-16T10:32:33,44.389361,39.04532,85.3
1550,2026-09-16T10:32:35,44.388961,39.04552,85.0
1551,2026-09-16T10:32:36,44.388761,39.04562,84.9
1552,2026-09-16T10:32:38,44.388361,39.04582,84.7
1553,2026-09-16T10:32:39,44.388161,39.04592,84.6
1554,2026-09-16T10:32:40,44.387961,39.04602,84.5
1555,2026-09-16T10:32:41,44.387761,39.04612,84.3
1556,2026-09-16T10:32:42,44.387561,39.04622,84.2
1557,2026-09-16T10:32:44,44.387161,39.04642,84.0
1558,2026-09-16T10:32:46,44.386761,39.04662,83.7
1559,2026-09-16T10:32:47,44.386561,39.04672,83.6
1560,2026-09-16T10:32:48,44.386361,39.04682,83.5
1561,2026-09-16T10:32:49,44.386161,39.04692,83.4
1562,2026-09-16T10:32:50,44.385961,39.04702,83.3
1563,2026-09-16T10:32:51,44.385761,39.04712,83.1
1564,2026-09-16T10:32:52,44.385561,39.04722,83.0
1565,2026-09-16T10:32:53,44.385361,39.04732,82.9
1566,2026-09-16T10:32:54,44.385161,39.04742,82.8
1567,2026-09-16T10:32:55,44.38496,39.04752,82.6
1568,2026-09-16T10:32:56,44.38476,39.04762,82.5
1569,2026-09-16T10:32:57,44.38456,39.04772,82.4
1570,2026-09-16T10:32:58,44.38436,39.04782,82.3
1571,2026-09-16T10:32:59,44.38416,39.04792,82.1
1572,2026-09-16T10:33:00,44.38396,39.04802,82.0
1573,2026-09-16T10:33:02,44.38356,39.04822,81.8
1574,2026-09-16T10:33:03,44.38336,39.04832,81.6
1575,2026-09-16T10:33:04,44.38316,39.04842,81.5
1576,2026-09-16T10:33:05,44.38296,39.04852,81.4
1577,2026-09-16T10:33:06,44.38276,39.04862,81.3
1578,2026-09-16T10:33:07,44.38256,39.04872,81.1
1579,2026-09-16T10:33:08,44.38236,39.04882,81.0
1580,2026-09-16T10:33:09,44.38216,39.04892,80.9
1581,2026-09-16T10:33:10,44.38196,39.04902,80.7
1582,2026-09-16T10:33:11,44.38176,39.04912,80.6
1583,2026-09-16T10:33:12,44.38156,39.04922,80.5
1584,2026-09-16T10:33:13,44.38136,39.04932,80.3
1585,2026-09-16T10:33:14,44.38116,39.04942,80.2
1586,2026-09-16T10:33:15,44.38096,39.04952,80.1
1587,2026-09-16T10:33:16,44.38076,39.04962,79.9
1588,2026-09-16T10:33:17,44.38056,39.04972,79.8
1589,2026-09-16T10:33:18,44.38036,39.04982,79.7
1590,2026-09-16T10:33:19,44.38016,39.04992,79.6
1591,2026-09-16T10:33:20,44.37996,39.05002,79.4
1592,2026-09-16T10:33:21,44.37976,39.05012,79.3
1593,2026-09-16T10:33:22,44.37956,39.05022,79.2
1594,2026-09-16T10:33:23,44.37936,39.05032,79.0
1595,2026-09-16T10:33:24,44.37916,39.05042,78.9
1596,2026-09-16T10:33:25,44.37896,39.05052,78.7
1597,2026-09-16T10:33:26,44.37876,39.05062,78.6
1598,2026-09-16T10:33:27,44.37856,39.05072,78.5
1599,2026-09-16T10:33:28,44.37836,39.05082,78.3
1600,2026-09-16T10:33:29,44.37816,39.05092,78.2
1601,2026-09-16T10:33:30,44.37796,39.05102,78.1
1602,2026-09-16T10:33:31,44.37776,39.05112,77.9
1603,2026-09-16T10:33:33,44.37736,39.05132,77.7
1604,2026-09-16T10:33:34,44.37716,39.05142,77.5
1605,2026-09-16T10:33:35,44.37696,39.05152,77.4
1606,2026-09-16T10:33:36,44.37676,39.05162,77.2
1607,2026-09-16T10:33:37,44.37656,39.05172,77.1
1608,2026-09-16T10:33:39,44.37616,39.05192,76.8
1609,2026-09-16T10:33:41,44.37576,39.05212,76.5
1610,2026-09-16T10:33:42,44.37556,39.05222,76.4
1611,2026-09-16T10:33:43,44.37536,39.05232,76.3
1612,2026-09-16T10:33:44,44.37516,39.05242,76.1
1613,2026-09-16T10:33:46,44.374759,39.05262,75.8
1614,2026-09-16T10:33:47,44.374559,39.05272,75.7
1615,2026-09-16T10:33:48,44.374359,39.05282,75.6
1616,2026-09-16T10:33:51,44.373759,39.05312,75.1
1617,2026-09-16T10:33:52,44.373559,39.05322,75.0
1618,2026-09-16T10:33:53,44.373359,39.05332,74.9
1619,2026-09-16T10:33:54,44.373159,39.05342,74.7
1620,2026-09-16T10:33:55,44.372959,39.05352,74.6
1621,2026-09-16T10:33:57,44.372559,39.05372,74.3
1622,2026-09-16T10:33:58,44.372359,39.05382,74.1
1623,2026-09-16T10:34:00,44.371959,39.05402,73.9
1624,2026-09-16T10:34:01,44.371759,39.05412,73.7
1625,2026-09-16T10:34:02,44.371559,39.05422,73.6
1626,2026-09-16T10:34:03,44.371359,39.05432,73.4
1627,2026-09-16T10:34:04,44.371159,39.05442,73.3
1628,2026-09-16T10:34:06,44.370759,39.05462,73.0
1629,2026-09-16T10:34:07,44.370559,39.05472,72.8
1630,2026-09-16T10:34:08,44.370359,39.05482,72.7
1631,2026-09-16T10:34:09,44.370159,39.05492,72.5
1632,2026-09-16T10:34:10,44.369959,39.055021,72.4
1633,2026-09-16T10:34:11,44.369759,39.055121,72.3
1634,2026-09-16T10:34:12,44.369559,39.055221,72.1
1635,2026-09-16T10:34:13,44.369359,39.055321,72.0
1636,2026-09-16T10:34:14,44.369159,39.055421,71.8
1637,2026-09-16T10:34:16,44.368759,39.055621,71.5
1638,2026-09-16T10:34:17,44.368559,39.055721,71.4
1639,2026-09-16T10:34:18,44.368359,39.055821,71.2
1640,2026-09-16T10:34:19,44.368159,39.055921,71.1
1641,2026-09-16T10:34:20,44.367959,39.056021,70.9
1642,2026-09-16T10:34:21,44.367759,39.056121,70.8
1643,2026-09-16T10:34:22,44.367559,39.056221,70.6
1644,2026-09-16T10:34:23,44.367359,39.056321,70.5
1645,2026-09-16T10:34:24,44.367159,39.056421,70.3
1646,2026-09-16T10:34:25,44.366959,39.056521,70.2
1647,2026-09-16T10:34:26,44.366759,39.056621,70.0
1648,2026-09-16T10:34:28,44.366359,39.056821,69.8
1649,2026-09-16T10:34:30,44.365959,39.057021,69.5
1650,2026-09-16T10:34:31,44.365759,39.057121,69.3
1651,2026-09-16T10:34:33,44.365359,39.057321,69.0
1652,2026-09-16T10:34:34,44.365159,39.057421,68.9
1653,2026-09-16T10:34:36,44.364758,39.057621,68.6
1654,2026-09-16T10:34:37,44.364558,39.057721,68.4
1655,2026-09-16T10:34:38,44.364358,39.057821,68.3
1656,2026-09-16T10:34:39,44.364158,39.057921,68.1
1657,2026-09-16T10:34:40,44.363958,39.058021,68.0
1658,2026-09-16T10:34:41,44.363758,39.058121,67.8
1659,2026-09-16T10:34:42,44.363558,39.058221,67.7
1660,2026-09-16T10:34:43,44.363358,39.058321,67.5
1661,2026-09-16T10:34:44,44.363158,39.058421,67.4
1662,2026-09-16T10:34:45,44.362958,39.058521,67.2
1663,2026-09-16T10:34:46,44.362758,39.058621,67.1
1664,2026-09-16T10:34:47,44.362558,39.058721,66.9
1665,2026-09-16T10:34:49,44.362158,39.058921,66.6
1666,2026-09-16T10:34:50,44.361958,39.059021,66.5
1667,2026-09-16T10:34:51,44.361758,39.059121,66.3
1668,2026-09-16T10:34:52,44.361558,39.059221,66.2
1669,2026-09-16T10:34:53,44.361358,39.059321,66.0
1670,2026-09-16T10:34:54,44.361158,39.059421,65.9
1671,2026-09-16T10:34:55,44.360958,39.059521,65.7
1672,2026-09-16T10:34:56,44.360758,39.059621,65.6
1673,2026-09-16T10:34:57,44.360558,39.059721,65.4
1674,2026-09-16T10:34:59,44.360158,39.059921,65.1
1675,2026-09-16T10:35:00,44.359958,39.060021,65.0
1676,2026-09-16T10:35:01,44.359758,39.060121,64.8
1677,2026-09-16T10:35:02,44.359558,39.060221,64.7
1678,2026-09-16T10:35:03,44.359358,39.060321,64.5
1679,2026-09-16T10:35:04,44.359158,39.060421,64.4
1680,2026-09-16T10:35:05,44.358958,39.060521,64.2
1681,2026-09-16T10:35:06,44.358758,39.060621,64.1
1682,2026-09-16T10:35:11,44.357758,39.061121,63.3
1683,2026-09-16T10:35:12,44.357558,39.061221,63.2
1684,2026-09-16T10:35:13,44.357358,39.061321,63.0
1685,2026-09-16T10:35:15,44.356958,39.061521,62.7
1686,2026-09-16T10:35:16,44.356758,39.061621,62.6
1687,2026-09-16T10:35:17,44.356558,39.061721,62.4
1688,2026-09-16T10:35:18,44.356358,39.061821,62.3
1689,2026-09-16T10:35:19,44.356158,39.061921,62.1
1690,2026-09-16T10:35:20,44.355958,39.062021,62.0
1691,2026-09-16T10:35:21,44.355758,39.062121,61.8
1692,2026-09-16T10:35:23,44.355358,39.062321,61.5
1693,2026-09-16T10:35:25,44.354957,39.062521,61.2
1694,2026-09-16T10:35:26,44.354757,39.062621,61.1
1695,2026-09-16T10:35:29,44.354157,39.062921,60.6
1696,2026-09-16T10:35:30,44.353957,39.063021,60.5
1697,2026-09-16T10:35:31,44.353757,39.063121,60.3
1698,2026-09-16T10:35:32,44.353557,39.063221,60.2
1699,2026-09-16T10:35:34,44.353157,39.063421,59.9
1700,2026-09-16T10:35:35,44.352957,39.063521,59.7
1701,2026-09-16T10:35:36,44.352757,39.063621,59.6
1702,2026-09-16T10:35:37,44.352557,39.063721,59.4
1703,2026-09-16T10:35:39,44.352157,39.063921,59.2
1704,2026-09-16T10:35:40,44.351957,39.064021,59.0
1705,2026-09-16T10:35:41,44.351757,39.064121,58.9
1706,2026-09-16T10:35:42,44.351557,39.064221,58.7
1707,2026-09-16T10:35:43,44.351357,39.064321,58.6
1708,2026-09-16T10:35:44,44.351157,39.064421,58.4
1709,2026-09-16T10:35:46,44.350757,39.064621,58.1
1710,2026-09-16T10:35:48,44.350357,39.064821,57.8
1711,2026-09-16T10:35:51,44.349757,39.065122,57.4
1712,2026-09-16T10:35:53,44.349357,39.065322,57.1
1713,2026-09-16T10:35:54,44.349157,39.065422,57.0
1714,2026-09-16T10:35:55,44.348957,39.065522,56.8
1715,2026-09-16T10:35:56,44.348757,39.065622,56.7
1716,2026-09-16T10:35:58,44.348357,39.065822,56.4
1717,2026-09-16T10:35:59,44.348157,39.065922,56.2
1718,2026-09-16T10:36:00,44.347957,39.066022,56.1
1719,2026-09-16T10:36:01,44.347757,39.066122,55.9
1720,2026-09-16T10:36:02,44.347557,39.066222,55.8
1721,2026-09-16T10:36:03,44.347357,39.066322,55.7
1722,2026-09-16T10:36:04,44.347157,39.066422,55.5
1723,2026-09-16T10:36:06,44.346757,39.066622,55.2
1724,2026-09-16T10:36:09,44.346157,39.066922,54.8
1725,2026-09-16T10:36:10,44.345957,39.067022,54.7
1726,2026-09-16T10:36:11,44.345757,39.067122,54.5
1727,2026-09-16T10:36:12,44.345557,39.067222,54.4
1728,2026-09-16T10:36:13,44.345357,39.067322,54.2
1729,2026-09-16T10:36:14,44.345157,39.067422,54.1
1730,2026-09-16T10:36:15,44.344956,39.067522,54.0
1731,2026-09-16T10:36:16,44.344756,39.067622,53.8
1732,2026-09-16T10:36:17,44.344556,39.067722,53.7
1733,2026-09-16T10:36:19,44.344156,39.067922,53.4
1734,2026-09-16T10:36:20,44.343956,39.068022,53.3
1735,2026-09-16T10:36:21,44.343756,39.068122,53.1
1736,2026-09-16T10:36:22,44.343556,39.068222,53.0
1737,2026-09-16T10:36:25,44.342956,39.068522,52.6
1738,2026-09-16T10:36:26,44.342756,39.068622,52.4
1739,2026-09-16T10:36:27,44.342556,39.068722,52.3
1740,2026-09-16T10:36:28,44.342356,39.068822,52.1
1741,2026-09-16T10:36:30,44.341956,39.069022,51.9
1742,2026-09-16T10:36:32,44.341556,39.069222,51.6
1743,2026-09-16T10:36:33,44.341356,39.069322,51.5
1744,2026-09-16T10:36:34,44.341156,39.069422,51.3
1745,2026-09-16T10:36:35,44.340956,39.069522,51.2
1746,2026-09-16T10:36:36,44.340756,39.069622,51.1
1747,2026-09-16T10:36:37,44.340556,39.069722,50.9
1748,2026-09-16T10:36:38,44.340356,39.069822,50.8
1749,2026-09-16T10:36:40,44.339956,39.070022,50.5
1750,2026-09-16T10:36:41,44.339756,39.070122,50.4
1751,2026-09-16T10:36:42,44.339556,39.070222,50.3
1752,2026-09-16T10:36:43,44.339356,39.070322,50.1
1753,2026-09-16T10:36:44,44.339156,39.070422,50.0
1754,2026-09-16T10:36:45,44.338956,39.070522,49.9
1755,2026-09-16T10:36:46,44.338756,39.070622,49.7
1756,2026-09-16T10:36:47,44.338556,39.070722,49.6
1757,2026-09-16T10:36:48,44.338356,39.070822,49.5
1758,2026-09-16T10:36:49,44.338156,39.070922,49.3
1759,2026-09-16T10:36:51,44.337756,39.071122,49.1
1760,2026-09-16T10:36:52,44.337556,39.071222,49.0
1761,2026-09-16T10:36:54,44.337156,39.071422,48.7
1762,2026-09-16T10:36:56,44.336756,39.071622,48.4
1763,2026-09-16T10:36:57,44.336556,39.071722,48.3
1764,2026-09-16T10:36:58,44.336356,39.071822,48.2
1765,2026-09-16T10:36:59,44.336156,39.071922,48.1
1766,2026-09-16T10:37:00,44.335956,39.072022,47.9
1767,2026-09-16T10:37:02,44.335556,39.072222,47.7
1768,2026-09-16T10:37:03,44.335356,39.072322,47.6
1769,2026-09-16T10:37:04,44.335156,39.072422,47.4
1770,2026-09-16T10:37:06,44.334755,39.072622,47.2
1771,2026-09-16T10:37:07,44.334555,39.072722,47.1
1772,2026-09-16T10:37:08,44.334355,39.072822,46.9
1773,2026-09-16T10:37:09,44.334155,39.072922,46.8
1774,2026-09-16T10:37:10,44.333955,39.073022,46.7
1775,2026-09-16T10:37:11,44.333755,39.073122,46.6
1776,2026-09-16T10:37:14,44.333155,39.073422,46.2
1777,2026-09-16T10:37:15,44.332955,39.073522,46.1
1778,2026-09-16T10:37:17,44.332555,39.073722,45.9
1779,2026-09-16T10:37:18,44.332355,39.073822,45.7
1780,2026-09-16T10:37:20,44.331955,39.074022,45.5
1781,2026-09-16T10:37:21,44.331755,39.074122,45.4
1782,2026-09-16T10:37:22,44.331555,39.074222,45.3
1783,2026-09-16T10:37:23,44.331355,39.074322,45.1
1784,2026-09-16T10:37:24,44.331155,39.074422,45.0
1785,2026-09-16T10:37:26,44.330755,39.074622,44.8
1786,2026-09-16T10:37:27,44.330555,39.074722,44.7
1787,2026-09-16T10:37:28,44.330355,39.074822,44.6
1788,2026-09-16T10:37:30,44.329955,39.075023,44.3
1789,2026-09-16T10:37:33,44.329355,39.075323,44.0
1790,2026-09-16T10:37:35,44.328955,39.075523,43.8
1791,2026-09-16T10:37:36,44.328755,39.075623,43.7
1792,2026-09-16T10:37:37,44.328555,39.075723,43.6
1793,2026-09-16T10:37:38,44.328355,39.075823,43.5
1794,2026-09-16T10:37:39,44.328155,39.075923,43.4
1795,2026-09-16T10:37:41,44.327755,39.076123,43.1
1796,2026-09-16T10:37:42,44.327555,39.076223,43.0
1797,2026-09-16T10:37:43,44.327355,39.076323,42.9
1798,2026-09-16T10:37:44,44.327155,39.076423,42.8
1799,2026-09-16T10:37:45,44.326955,39.076523,42.7
1800,2026-09-16T10:37:46,44.326755,39.076623,42.6
1801,2026-09-16T10:37:47,44.326555,39.076723,42.5
1802,2026-09-16T10:37:48,44.326355,39.076823,42.4
1803,2026-09-16T10:37:49,44.326155,39.076923,42.3
1804,2026-09-16T10:37:51,44.325755,39.077123,42.1
1805,2026-09-16T10:37:52,44.325555,39.077223,42.0
1806,2026-09-16T10:37:54,44.325155,39.077423,41.8
1807,2026-09-16T10:37:56,44.324754,39.077623,41.6
1808,2026-09-16T10:37:57,44.324554,39.077723,41.5
1809,2026-09-16T10:37:58,44.324354,39.077823,41.4
1810,2026-09-16T10:37:59,44.324154,39.077923,41.3
1811,2026-09-16T10:38:00,44.323954,39.078023,41.2
1812,2026-09-16T10:38:01,44.323754,39.078123,41.1
1813,2026-09-16T10:38:02,44.323554,39.078223,41.0
1814,2026-09-16T10:38:03,44.323354,39.078323,40.9
1815,2026-09-16T10:38:04,44.323154,39.078423,40.8
1816,2026-09-16T10:38:05,44.322954,39.078523,40.7
1817,2026-09-16T10:38:09,44.322154,39.078923,40.4
1818,2026-09-16T10:38:10,44.321954,39.079023,40.3
1819,2026-09-16T10:38:12,44.321554,39.079223,40.1
1820,2026-09-16T10:38:13,44.321354,39.079323,40.0
1821,2026-09-16T10:38:14,44.321154,39.079423,39.9
1822,2026-09-16T10:38:15,44.320954,39.079523,39.8
1823,2026-09-16T10:38:16,44.320754,39.079623,39.8
1824,2026-09-16T10:38:17,44.320554,39.079723,39.7
1825,2026-09-16T10:38:18,44.320354,39.079823,39.6
1826,2026-09-16T10:38:19,44.320154,39.079923,39.5
1827,2026-09-16T10:38:20,44.319954,39.080023,39.4
1828,2026-09-16T10:38:22,44.319554,39.080223,39.3
1829,2026-09-16T10:38:25,44.318954,39.080523,39.0
1830,2026-09-16T10:38:26,44.318754,39.080623,38.9
1831,2026-09-16T10:38:27,44.318554,39.080723,38.9
1832,2026-09-16T10:38:28,44.318354,39.080823,38.8
1833,2026-09-16T10:38:29,44.318154,39.080923,38.7
1834,2026-09-16T10:38:31,44.317754,39.081123,38.6
1835,2026-09-16T10:38:32,44.317554,39.081223,38.5
1836,2026-09-16T10:38:33,44.317354,39.081323,38.4
1837,2026-09-16T10:38:34,44.317154,39.081423,38.3
1838,2026-09-16T10:38:35,44.316954,39.081523,38.3
1839,2026-09-16T10:38:37,44.316554,39.081723,38.1
1840,2026-09-16T10:38:38,44.316354,39.081823,38.0
1841,2026-09-16T10:38:39,44.316154,39.081923,38.0
1842,2026-09-16T10:38:40,44.315954,39.082023,37.9
1843,2026-09-16T10:38:41,44.315754,39.082123,37.8
1844,2026-09-16T10:38:42,44.315554,39.082223,37.8
1845,2026-09-16T10:38:43,44.315354,39.082323,37.7
1846,2026-09-16T10:38:44,44.315154,39.082423,37.6
1847,2026-09-16T10:38:45,44.314953,39.082523,37.6
1848,2026-09-16T10:38:46,44.314753,39.082623,37.5
1849,2026-09-16T10:38:47,44.314553,39.082723,37.4
1850,2026-09-16T10:38:49,44.314153,39.082923,37.3
1851,2026-09-16T10:38:50,44.313953,39.083023,37.2
1852,2026-09-16T10:38:51,44.313753,39.083123,37.2
1853,2026-09-16T10:38:52,44.313553,39.083223,37.1
1854,2026-09-16T10:38:53,44.313353,39.083323,37.1
1855,2026-09-16T10:38:54,44.313153,39.083423,37.0
1856,2026-09-16T10:38:56,44.312753,39.083623,36.9
1857,2026-09-16T10:38:58,44.312353,39.083823,36.8
1858,2026-09-16T10:38:59,44.312153,39.083923,36.7
1859,2026-09-16T10:39:01,44.311753,39.084123,36.6
1860,2026-09-16T10:39:02,44.311553,39.084223,36.6
1861,2026-09-16T10:39:03,44.311353,39.084323,36.5
1862,2026-09-16T10:39:05,44.310953,39.084523,36.4
1863,2026-09-16T10:39:06,44.310753,39.084623,36.4
1864,2026-09-16T10:39:07,44.310553,39.084723,36.3
1865,2026-09-16T10:39:09,44.310153,39.084923,36.2
1866,2026-09-16T10:39:10,44.309953,39.085024,36.2
1867,2026-09-16T10:39:11,44.309753,39.085124,36.1
1868,2026-09-16T10:39:12,44.309553,39.085224,36.1
1869,2026-09-16T10:39:13,44.309353,39.085324,36.0
1870,2026-09-16T10:39:14,44.309153,39.085424,36.0
1871,2026-09-16T10:39:15,44.308953,39.085524,36.0
1872,2026-09-16T10:39:16,44.308753,39.085624,35.9
1873,2026-09-16T10:39:17,44.308553,39.085724,35.9
1874,2026-09-16T10:39:19,44.308153,39.085924,35.8
1875,2026-09-16T10:39:21,44.307753,39.086124,35.7
1876,2026-09-16T10:39:23,44.307353,39.086324,35.6
1877,2026-09-16T10:39:24,44.307153,39.086424,35.6
1878,2026-09-16T10:39:25,44.306953,39.086524,35.6
1879,2026-09-16T10:39:26,44.306753,39.086624,35.5
1880,2026-09-16T10:39:27,44.306553,39.086724,35.5
1881,2026-09-16T10:39:28,44.306353,39.086824,35.5
1882,2026-09-16T10:39:29,44.306153,39.086924,35.5
1883,2026-09-16T10:39:30,44.305953,39.087024,35.4
1884,2026-09-16T10:39:31,44.305753,39.087124,35.4
1885,2026-09-16T10:39:32,44.305553,39.087224,35.4
1886,2026-09-16T10:39:33,44.305353,39.087324,35.3
1887,2026-09-16T10:39:34,44.305153,39.087424,35.3
1888,2026-09-16T10:39:36,44.304752,39.087624,35.3
1889,2026-09-16T10:39:38,44.304352,39.087824,35.2
1890,2026-09-16T10:39:39,44.304152,39.087924,35.2
1891,2026-09-16T10:39:40,44.303952,39.088024,35.2
1892,2026-09-16T10:39:41,44.303752,39.088124,35.2
1893,2026-09-16T10:39:42,44.303552,39.088224,35.2
1894,2026-09-16T10:39:43,44.303352,39.088324,35.1
1895,2026-09-16T10:39:44,44.303152,39.088424,35.1
1896,2026-09-16T10:39:45,44.302952,39.088524,35.1
1897,2026-09-16T10:39:46,44.302752,39.088624,35.1
1898,2026-09-16T10:39:47,44.302552,39.088724,35.1
1899,2026-09-16T10:39:48,44.302352,39.088824,35.1
1900,2026-09-16T10:39:49,44.302152,39.088924,35.1
1901,2026-09-16T10:39:50,44.301952,39.089024,35.0
1902,2026-09-16T10:39:51,44.301752,39.089124,35.0
1903,2026-09-16T10:39:53,44.301352,39.089324,35.0
1904,2026-09-16T10:39:54,44.301152,39.089424,35.0
1905,2026-09-16T10:39:55,44.300952,39.089524,35.0
1906,2026-09-16T10:39:56,44.300752,39.089624,35.0
1907,2026-09-16T10:39:57,44.300552,39.089724,35.0
1908,2026-09-16T10:39:58,44.300352,39.089824,35.0
1909,2026-09-16T10:39:59,44.300152,39.089924,35.0
1910,2026-09-16T10:40:00,44.299928,39.089996,35.0
1911,2026-09-16T10:40:01,44.299628,39.089979,35.0
1912,2026-09-16T10:40:02,44.299328,39.089963,35.0
1913,2026-09-16T10:40:03,44.299028,39.089946,35.0
1914,2026-09-16T10:40:04,44.298728,39.089929,35.0
1915,2026-09-16T10:40:07,44.297828,39.089879,35.0
1916,2026-09-16T10:40:08,44.297528,39.089863,35.0
1917,2026-09-16T10:40:09,44.297228,39.089846,35.1
1918,2026-09-16T10:40:10,44.296928,39.089829,35.1
1919,2026-09-16T10:40:11,44.296628,39.089813,35.1
1920,2026-09-16T10:40:13,44.296028,39.089779,35.1
1921,2026-09-16T10:40:14,44.295728,39.089763,35.1
1922,2026-09-16T10:40:15,44.295428,39.089746,35.2
1923,2026-09-16T10:40:16,44.295128,39.089729,35.2
1924,2026-09-16T10:40:18,44.294527,39.089696,35.2
1925,2026-09-16T10:40:19,44.294227,39.089679,35.2
1926,2026-09-16T10:40:21,44.293627,39.089646,35.3
1927,2026-09-16T10:40:22,44.293327,39.089629,35.3
1928,2026-09-16T10:40:23,44.293027,39.089613,35.4
1929,2026-09-16T10:40:24,44.292727,39.089596,35.4
1930,2026-09-16T10:40:25,44.292427,39.089579,35.4
1931,2026-09-16T10:40:26,44.292127,39.089563,35.4
1932,2026-09-16T10:40:27,44.291827,39.089546,35.5
1933,2026-09-16T10:40:28,44.291527,39.089529,35.5
1934,2026-09-16T10:40:29,44.291227,39.089513,35.6
1935,2026-09-16T10:40:30,44.290927,39.089496,35.6
1936,2026-09-16T10:40:31,44.290627,39.089479,35.6
1937,2026-09-16T10:40:32,44.290327,39.089463,35.7
1938,2026-09-16T10:40:33,44.290027,39.089446,35.7
1939,2026-09-16T10:40:34,44.289727,39.089429,35.8
1940,2026-09-16T10:40:35,44.289427,39.089413,35.8
1941,2026-09-16T10:40:36,44.289127,39.089396,35.8
1942,2026-09-16T10:40:37,44.288827,39.089379,35.9
1943,2026-09-16T10:40:38,44.288527,39.089363,35.9
1944,2026-09-16T10:40:39,44.288227,39.089346,36.0
1945,2026-09-16T10:40:40,44.287927,39.089329,36.0
1946,2026-09-16T10:40:41,44.287627,39.089313,36.1
1947,2026-09-16T10:40:42,44.287327,39.089296,36.1
1948,2026-09-16T10:40:43,44.287027,39.089279,36.2
1949,2026-09-16T10:40:44,44.286727,39.089263,36.2
1950,2026-09-16T10:40:45,44.286427,39.089246,36.3
1951,2026-09-16T10:40:46,44.286127,39.089229,36.4
1952,2026-09-16T10:40:48,44.285527,39.089196,36.5
1953,2026-09-16T10:40:49,44.285227,39.089179,36.5
1954,2026-09-16T10:40:50,44.284926,39.089163,36.6
1955,2026-09-16T10:40:51,44.284626,39.089146,36.7
1956,2026-09-16T10:40:52,44.284326,39.089129,36.7
1957,2026-09-16T10:40:54,44.283726,39.089096,36.8
1958,2026-09-16T10:40:56,44.283126,39.089063,37.0
1959,2026-09-16T10:40:57,44.282826,39.089046,37.0
1960,2026-09-16T10:40:59,44.282226,39.089013,37.2
1961,2026-09-16T10:41:00,44.281926,39.088996,37.3
1962,2026-09-16T10:41:01,44.281626,39.088979,37.3
1963,2026-09-16T10:41:02,44.281326,39.088963,37.4
1964,2026-09-16T10:41:03,44.281026,39.088946,37.5
1965,2026-09-16T10:41:06,44.280126,39.088896,37.7
1966,2026-09-16T10:41:07,44.279826,39.088879,37.8
1967,2026-09-16T10:41:08,44.279526,39.088863,37.9
1968,2026-09-16T10:41:09,44.279226,39.088846,38.0
1969,2026-09-16T10:41:10,44.278926,39.088829,38.0
1970,2026-09-16T10:41:11,44.278626,39.088813,38.1
1971,2026-09-16T10:41:12,44.278326,39.088796,38.2
1972,2026-09-16T10:41:15,44.277426,39.088746,38.5
1973,2026-09-16T10:41:16,44.277126,39.088729,38.5
1974,2026-09-16T10:41:17,44.276826,39.088713,38.6
1975,2026-09-16T10:41:19,44.276226,39.088679,38.8
1976,2026-09-16T10:41:20,44.275926,39.088663,38.9
1977,2026-09-16T10:41:21,44.275626,39.088646,39.0
1978,2026-09-16T10:41:22,44.275326,39.088629,39.1
1979,2026-09-16T10:41:28,44.273525,39.088529,39.7
1980,2026-09-16T10:41:29,44.273225,39.088513,39.8
1981,2026-09-16T10:41:30,44.272925,39.088496,39.9
1982,2026-09-16T10:41:31,44.272625,39.088479,40.0
1983,2026-09-16T10:41:33,44.272025,39.088446,40.2
1984,2026-09-16T10:41:34,44.271725,39.088429,40.3
1985,2026-09-16T10:41:35,44.271425,39.088413,40.4
1986,2026-09-16T10:41:36,44.271125,39.088396,40.5
1987,2026-09-16T10:41:37,44.270825,39.088379,40.6
1988,2026-09-16T10:41:39,44.270225,39.088346,40.8
1989,2026-09-16T10:41:40,44.269925,39.088329,41.0
1990,2026-09-16T10:41:41,44.269625,39.088312,41.1
1991,2026-09-16T10:41:42,44.269325,39.088296,41.2
1992,2026-09-16T10:41:43,44.269025,39.088279,41.3
1993,2026-09-16T10:41:44,44.268725,39.088262,41.4
1994,2026-09-16T10:41:45,44.268425,39.088246,41.5
1995,2026-09-16T10:41:46,44.268125,39.088229,41.6
1996,2026-09-16T10:41:47,44.267825,39.088212,41.8
1997,2026-09-16T10:41:48,44.267525,39.088196,41.9
1998,2026-09-16T10:41:49,44.267225,39.088179,42.0
1999,2026-09-16T10:41:50,44.266925,39.088162,42.1
2000,2026-09-16T10:41:51,44.266625,39.088146,42.2
2001,2026-09-16T10:41:52,44.266325,39.088129,42.4
2002,2026-09-16T10:41:54,44.265725,39.088096,42.6
2003,2026-09-16T10:41:58,44.264524,39.088029,43.1
2004,2026-09-16T10:42:00,44.263924,39.087996,43.4
2005,2026-09-16T10:42:01,44.263624,39.087979,43.5
2006,2026-09-16T10:42:04,44.262724,39.087929,43.9
2007,2026-09-16T10:42:05,44.262424,39.087912,44.0
2008,2026-09-16T10:42:06,44.262124,39.087896,44.1
2009,2026-09-16T10:42:07,44.261824,39.087879,44.3
2010,2026-09-16T10:42:08,44.261524,39.087862,44.4
2011,2026-09-16T10:42:09,44.261224,39.087846,44.5
2012,2026-09-16T10:42:10,44.260924,39.087829,44.7
2013,2026-09-16T10:42:12,44.260324,39.087796,44.9
2014,2026-09-16T10:42:13,44.260024,39.087779,45.1
2015,2026-09-16T10:42:15,44.259424,39.087746,45.4
2016,2026-09-16T10:42:16,44.259124,39.087729,45.5
2017,2026-09-16T10:42:17,44.258824,39.087712,45.6
2018,2026-09-16T10:42:18,44.258524,39.087696,45.8
2019,2026-09-16T10:42:19,44.258224,39.087679,45.9
2020,2026-09-16T10:42:21,44.257624,39.087646,46.2
2021,2026-09-16T10:42:23,44.257024,39.087612,46.5
2022,2026-09-16T10:42:24,44.256724,39.087596,46.6
2023,2026-09-16T10:42:26,44.256124,39.087562,46.9
2024,2026-09-16T10:42:27,44.255824,39.087546,47.1
2025,2026-09-16T10:42:28,44.255524,39.087529,47.2
2026,2026-09-16T10:42:29,44.255224,39.087512,47.4
2027,2026-09-16T10:42:30,44.254923,39.087496,47.5
2028,2026-09-16T10:42:31,44.254623,39.087479,47.7
2029,2026-09-16T10:42:32,44.254323,39.087462,47.8
2030,2026-09-16T10:42:33,44.254023,39.087446,48.0
2031,2026-09-16T10:42:35,44.253423,39.087412,48.3
2032,2026-09-16T10:42:36,44.253123,39.087396,48.5
2033,2026-09-16T10:42:37,44.252823,39.087379,48.6
2034,2026-09-16T10:42:38,44.252523,39.087362,48.8
2035,2026-09-16T10:42:39,44.252223,39.087346,48.9
2036,2026-09-16T10:42:40,44.251923,39.087329,49.1
2037,2026-09-16T10:42:41,44.251623,39.087312,49.2
2038,2026-09-16T10:42:42,44.251323,39.087296,49.4
2039,2026-09-16T10:42:43,44.251023,39.087279,49.5
2040,2026-09-16T10:42:44,44.250723,39.087262,49.7
2041,2026-09-16T10:42:45,44.250423,39.087246,49.9
2042,2026-09-16T10:42:46,44.250123,39.087229,50.0
2043,2026-09-16T10:42:47,44.249823,39.087212,50.2
2044,2026-09-16T10:42:48,44.249523,39.087196,50.3
2045,2026-09-16T10:42:49,44.249223,39.087179,50.5
2046,2026-09-16T10:42:50,44.248923,39.087162,50.7
2047,2026-09-16T10:42:51,44.248623,39.087146,50.8
2048,2026-09-16T10:42:52,44.248323,39.087129,51.0
2049,2026-09-16T10:42:53,44.248023,39.087112,51.2
2050,2026-09-16T10:42:55,44.247423,39.087079,51.5
2051,2026-09-16T10:42:56,44.247123,39.087062,51.7
2052,2026-09-16T10:42:57,44.246823,39.087046,51.8
2053,2026-09-16T10:42:58,44.246523,39.087029,52.0
2054,2026-09-16T10:42:59,44.246223,39.087012,52.2
2055,2026-09-16T10:43:00,44.245923,39.086996,52.3
2056,2026-09-16T10:43:01,44.245623,39.086979,52.5
2057,2026-09-16T10:43:02,44.245323,39.086962,52.7
2058,2026-09-16T10:43:03,44.245023,39.086946,52.8
2059,2026-09-16T10:43:04,44.244722,39.086929,53.0
2060,2026-09-16T10:43:05,44.244422,39.086912,53.2
2061,2026-09-16T10:43:07,44.243822,39.086879,53.5
2062,2026-09-16T10:43:08,44.243522,39.086862,53.7
2063,2026-09-16T10:43:09,44.243222,39.086846,53.9
2064,2026-09-16T10:43:10,44.242922,39.086829,54.0
2065,2026-09-16T10:43:11,44.242622,39.086812,54.2
2066,2026-09-16T10:43:13,44.242022,39.086779,54.6
2067,2026-09-16T10:43:14,44.241722,39.086762,54.7
2068,2026-09-16T10:43:15,44.241422,39.086746,54.9
2069,2026-09-16T10:43:16,44.241122,39.086729,55.1
2070,2026-09-16T10:43:17,44.240822,39.086712,55.3
2071,2026-09-16T10:43:18,44.240522,39.086696,55.4
2072,2026-09-16T10:43:19,44.240222,39.086679,55.6
2073,2026-09-16T10:43:20,44.239922,39.086662,55.8
2074,2026-09-16T10:43:21,44.239622,39.086646,56.0
2075,2026-09-16T10:43:23,44.239022,39.086612,56.3
2076,2026-09-16T10:43:24,44.238722,39.086596,56.5
2077,2026-09-16T10:43:25,44.238422,39.086579,56.7
2078,2026-09-16T10:43:26,44.238122,39.086562,56.9
2079,2026-09-16T10:43:27,44.237822,39.086546,57.0
2080,2026-09-16T10:43:28,44.237522,39.086529,57.2
2081,2026-09-16T10:43:30,44.236922,39.086496,57.6
2082,2026-09-16T10:43:32,44.236322,39.086462,58.0
2083,2026-09-16T10:43:33,44.236022,39.086446,58.1
2084,2026-09-16T10:43:36,44.235122,39.086396,58.7
2085,2026-09-16T10:43:37,44.234821,39.086379,58.9
2086,2026-09-16T10:43:38,44.234521,39.086362,59.1
2087,2026-09-16T10:43:41,44.233621,39.086312,59.6
2088,2026-09-16T10:43:42,44.233321,39.086296,59.8
2089,2026-09-16T10:43:43,44.233021,39.086279,60.0
2090,2026-09-16T10:43:44,44.232721,39.086262,60.2
2091,2026-09-16T10:43:46,44.232121,39.086229,60.5
2092,2026-09-16T10:43:48,44.231521,39.086196,60.9
2093,2026-09-16T10:43:49,44.231221,39.086179,61.1
2094,2026-09-16T10:43:50,44.230921,39.086162,61.3
2095,2026-09-16T10:43:51,44.230621,39.086146,61.5
2096,2026-09-16T10:43:52,44.230321,39.086129,61.7
2097,2026-09-16T10:43:53,44.230021,39.086112,61.9
2098,2026-09-16T10:43:54,44.229721,39.086096,62.1
2099,2026-09-16T10:43:55,44.229421,39.086079,62.3
2100,2026-09-16T10:43:56,44.229121,39.086062,62.4
2101,2026-09-16T10:43:57,44.228821,39.086046,62.6
2102,2026-09-16T10:43:58,44.228521,39.086029,62.8
2103,2026-09-16T10:43:59,44.228221,39.086012,63.0
2104,2026-09-16T10:44:00,44.227921,39.085996,63.2
2105,2026-09-16T10:44:01,44.227621,39.085979,63.4
2106,2026-09-16T10:44:02,44.227321,39.085962,63.6
2107,2026-09-16T10:44:03,44.227021,39.085946,63.8
2108,2026-09-16T10:44:04,44.226721,39.085929,64.0
2109,2026-09-16T10:44:05,44.226421,39.085912,64.2
2110,2026-09-16T10:44:06,44.226121,39.085896,64.4
2111,2026-09-16T10:44:07,44.225821,39.085879,64.6
2112,2026-09-16T10:44:08,44.225521,39.085862,64.8
2113,2026-09-16T10:44:09,44.225221,39.085846,64.9
2114,2026-09-16T10:44:10,44.22492,39.085829,65.1
2115,2026-09-16T10:44:11,44.22462,39.085812,65.3
2116,2026-09-16T10:44:12,44.22432,39.085796,65.5
2117,2026-09-16T10:44:13,44.22402,39.085779,65.7
2118,2026-09-16T10:44:14,44.22372,39.085762,65.9
2119,2026-09-16T10:44:15,44.22342,39.085746,66.1
2120,2026-09-16T10:44:16,44.22312,39.085729,66.3
2121,2026-09-16T10:44:17,44.22282,39.085712,66.5
2122,2026-09-16T10:44:18,44.22252,39.085696,66.7
2123,2026-09-16T10:44:19,44.22222,39.085679,66.9
2124,2026-09-16T10:44:20,44.22192,39.085662,67.1
2125,2026-09-16T10:44:21,44.22162,39.085646,67.3
2126,2026-09-16T10:44:22,44.22132,39.085629,67.5
2127,2026-09-16T10:44:23,44.22102,39.085612,67.7
2128,2026-09-16T10:44:25,44.22042,39.085579,68.1
2129,2026-09-16T10:44:26,44.22012,39.085562,68.3
2130,2026-09-16T10:44:27,44.21982,39.085546,68.5
2131,2026-09-16T10:44:28,44.21952,39.085529,68.7
2132,2026-09-16T10:44:29,44.21922,39.085512,68.9
2133,2026-09-16T10:44:30,44.21892,39.085496,69.1
2134,2026-09-16T10:44:31,44.21862,39.085479,69.3
2135,2026-09-16T10:44:32,44.21832,39.085462,69.5
2136,2026-09-16T10:44:34,44.21772,39.085429,69.9
2137,2026-09-16T10:44:35,44.21742,39.085412,70.1
2138,2026-09-16T10:44:36,44.21712,39.085396,70.3
2139,2026-09-16T10:44:37,44.21682,39.085379,70.5
2140,2026-09-16T10:44:39,44.21622,39.085346,70.9
2141,2026-09-16T10:44:41,44.21562,39.085312,71.3
2142,2026-09-16T10:44:42,44.21532,39.085296,71.5
2143,2026-09-16T10:44:43,44.21502,39.085279,71.7
2144,2026-09-16T10:44:44,44.214719,39.085262,71.9
2145,2026-09-16T10:44:46,44.214119,39.085229,72.3
2146,2026-09-16T10:44:47,44.213819,39.085212,72.5
2147,2026-09-16T10:44:50,44.212919,39.085162,73.1
2148,2026-09-16T10:44:51,44.212619,39.085146,73.3
2149,2026-09-16T10:44:53,44.212019,39.085112,73.7
2150,2026-09-16T10:44:54,44.211719,39.085096,73.9
2151,2026-09-16T10:44:55,44.211419,39.085079,74.1
2152,2026-09-16T10:44:56,44.211119,39.085062,74.3
2153,2026-09-16T10:44:59,44.210219,39.085012,74.9
2154,2026-09-16T10:45:00,44.209919,39.084995,75.1
2155,2026-09-16T10:45:02,44.209319,39.084962,75.5
2156,2026-09-16T10:45:03,44.209019,39.084945,75.7
2157,2026-09-16T10:45:04,44.208719,39.084929,75.9
2158,2026-09-16T10:45:05,44.208419,39.084912,76.1
2159,2026-09-16T10:45:06,44.208119,39.084895,76.3
2160,2026-09-16T10:45:08,44.207519,39.084862,76.7
2161,2026-09-16T10:45:09,44.207219,39.084845,76.9
2162,2026-09-16T10:45:10,44.206919,39.084829,77.1
2163,2026-09-16T10:45:11,44.206619,39.084812,77.3
2164,2026-09-16T10:45:12,44.206319,39.084795,77.5
2165,2026-09-16T10:45:13,44.206019,39.084779,77.7
2166,2026-09-16T10:45:14,44.205719,39.084762,77.9
2167,2026-09-16T10:45:15,44.205419,39.084745,78.1
2168,2026-09-16T10:45:16,44.205119,39.084729,78.3
2169,2026-09-16T10:45:17,44.204818,39.084712,78.5
2170,2026-09-16T10:45:18,44.204518,39.084695,78.6
2171,2026-09-16T10:45:19,44.204218,39.084679,78.8
2172,2026-09-16T10:45:20,44.203918,39.084662,79.0
2173,2026-09-16T10:45:21,44.203618,39.084645,79.2
2174,2026-09-16T10:45:22,44.203318,39.084629,79.4
2175,2026-09-16T10:45:23,44.203018,39.084612,79.6
2176,2026-09-16T10:45:24,44.202718,39.084595,79.8
2177,2026-09-16T10:45:25,44.202418,39.084579,80.0
2178,2026-09-16T10:45:26,44.202118,39.084562,80.2
2179,2026-09-16T10:45:27,44.201818,39.084545,80.4
2180,2026-09-16T10:45:28,44.201518,39.084529,80.6
2181,2026-09-16T10:45:29,44.201218,39.084512,80.8
2182,2026-09-16T10:45:30,44.200918,39.084495,81.0
2183,2026-09-16T10:45:31,44.200618,39.084479,81.2
2184,2026-09-16T10:45:33,44.200018,39.084445,81.6
2185,2026-09-16T10:45:34,44.199718,39.084429,81.8
2186,2026-09-16T10:45:35,44.199418,39.084412,82.0
2187,2026-09-16T10:45:36,44.199118,39.084395,82.2
2188,2026-09-16T10:45:38,44.198518,39.084362,82.6
2189,2026-09-16T10:45:39,44.198218,39.084345,82.8
2190,2026-09-16T10:45:40,44.197918,39.084329,83.0
2191,2026-09-16T10:45:41,44.197618,39.084312,83.2
2192,2026-09-16T10:45:43,44.197018,39.084279,83.6
2193,2026-09-16T10:45:44,44.196718,39.084262,83.8
2194,2026-09-16T10:45:45,44.196418,39.084245,84.0
2195,2026-09-16T10:45:46,44.196118,39.084229,84.2
2196,2026-09-16T10:45:47,44.195818,39.084212,84.4
2197,2026-09-16T10:45:49,44.195218,39.084179,84.8
2198,2026-09-16T10:45:51,44.194617,39.084145,85.2
2199,2026-09-16T10:45:52,44.194317,39.084129,85.3
2200,2026-09-16T10:45:55,44.193417,39.084079,85.9
2201,2026-09-16T10:45:56,44.193117,39.084062,86.1
2202,2026-09-16T10:45:57,44.192817,39.084045,86.3
2203,2026-09-16T10:45:58,44.192517,39.084029,86.5
2204,2026-09-16T10:45:59,44.192217,39.084012,86.7
2205,2026-09-16T10:46:00,44.191917,39.083995,86.9
2206,2026-09-16T10:46:01,44.191617,39.083979,87.1
2207,2026-09-16T10:46:02,44.191317,39.083962,87.3
2208,2026-09-16T10:46:03,44.191017,39.083945,87.5
2209,2026-09-16T10:46:04,44.190717,39.083929,87.7
2210,2026-09-16T10:46:05,44.190417,39.083912,87.8
2211,2026-09-16T10:46:07,44.189817,39.083879,88.2
2212,2026-09-16T10:46:08,44.189517,39.083862,88.4
2213,2026-09-16T10:46:12,44.188317,39.083795,89.2
2214,2026-09-16T10:46:13,44.188017,39.083779,89.4
2215,2026-09-16T10:46:14,44.187717,39.083762,89.6
2216,2026-09-16T10:46:15,44.187417,39.083745,89.7
2217,2026-09-16T10:46:16,44.187117,39.083729,89.9
2218,2026-09-16T10:46:18,44.186517,39.083695,90.3
2219,2026-09-16T10:46:19,44.186217,39.083679,90.5
2220,2026-09-16T10:46:20,44.185917,39.083662,90.7
2221,2026-09-16T10:46:21,44.185617,39.083645,90.9
2222,2026-09-16T10:46:22,44.185317,39.083629,91.0
2223,2026-09-16T10:46:23,44.185017,39.083612,91.2
2224,2026-09-16T10:46:24,44.184716,39.083595,91.4
2225,2026-09-16T10:46:25,44.184416,39.083579,91.6
2226,2026-09-16T10:46:26,44.184116,39.083562,91.8
2227,2026-09-16T10:46:27,44.183816,39.083545,92.0
2228,2026-09-16T10:46:28,44.183516,39.083529,92.1
2229,2026-09-16T10:46:29,44.183216,39.083512,92.3
2230,2026-09-16T10:46:30,44.182916,39.083495,92.5
2231,2026-09-16T10:46:31,44.182616,39.083479,92.7
2232,2026-09-16T10:46:32,44.182316,39.083462,92.9
2233,2026-09-16T10:46:33,44.182016,39.083445,93.1
2234,2026-09-16T10:46:35,44.181416,39.083412,93.4
2235,2026-09-16T10:46:36,44.181116,39.083395,93.6
2236,2026-09-16T10:46:37,44.180816,39.083379,93.8
2237,2026-09-16T10:46:38,44.180516,39.083362,94.0
2238,2026-09-16T10:46:39,44.180216,39.083345,94.1
2239,2026-09-16T10:46:40,44.179916,39.083329,94.3
2240,2026-09-16T10:46:41,44.179616,39.083312,94.5
2241,2026-09-16T10:46:43,44.179016,39.083279,94.8
2242,2026-09-16T10:46:44,44.178716,39.083262,95.0
2243,2026-09-16T10:46:45,44.178416,39.083245,95.2
2244,2026-09-16T10:46:46,44.178116,39.083229,95.4
2245,2026-09-16T10:46:47,44.177816,39.083212,95.5
2246,2026-09-16T10:46:48,44.177516,39.083195,95.7
2247,2026-09-16T10:46:49,44.177216,39.083179,95.9
2248,2026-09-16T10:46:50,44.176916,39.083162,96.1
2249,2026-09-16T10:46:51,44.176616,39.083145,96.2
2250,2026-09-16T10:46:52,44.176316,39.083129,96.4
2251,2026-09-16T10:46:53,44.176016,39.083112,96.6
2252,2026-09-16T10:46:54,44.175716,39.083095,96.8
2253,2026-09-16T10:46:55,44.175416,39.083079,96.9
2254,2026-09-16T10:46:56,44.175116,39.083062,97.1
2255,2026-09-16T10:46:57,44.174815,39.083045,97.3
2256,2026-09-16T10:46:59,44.174215,39.083012,97.6
2257,2026-09-16T10:47:01,44.173615,39.082979,97.9
2258,2026-09-16T10:47:02,44.173315,39.082962,98.1
2259,2026-09-16T10:47:04,44.172715,39.082929,98.4
2260,2026-09-16T10:47:05,44.172415,39.082912,98.6
2261,2026-09-16T10:47:06,44.172115,39.082895,98.8
2262,2026-09-16T10:47:07,44.171815,39.082879,98.9
2263,2026-09-16T10:47:08,44.171515,39.082862,99.1
2264,2026-09-16T10:47:09,44.171215,39.082845,99.3
2265,2026-09-16T10:47:10,44.170915,39.082829,99.4
2266,2026-09-16T10:47:11,44.170615,39.082812,99.6
2267,2026-09-16T10:47:12,44.170315,39.082795,99.7
2268,2026-09-16T10:47:14,44.169715,39.082762,100.1
2269,2026-09-16T10:47:15,44.169415,39.082745,100.2
2270,2026-09-16T10:47:16,44.169115,39.082729,100.4
2271,2026-09-16T10:47:17,44.168815,39.082712,100.5
2272,2026-09-16T10:47:18,44.168515,39.082695,100.7
2273,2026-09-16T10:47:19,44.168215,39.082679,100.9
2274,2026-09-16T10:47:21,44.167615,39.082645,101.2
2275,2026-09-16T10:47:22,44.167315,39.082629,101.3
2276,2026-09-16T10:47:23,44.167015,39.082612,101.5
2277,2026-09-16T10:47:24,44.166715,39.082595,101.6
2278,2026-09-16T10:47:25,44.166415,39.082579,101.8
2279,2026-09-16T10:47:27,44.165815,39.082545,102.1
2280,2026-09-16T10:47:28,44.165515,39.082529,102.2
2281,2026-09-16T10:47:29,44.165215,39.082512,102.4
2282,2026-09-16T10:47:30,44.164914,39.082495,102.5
2283,2026-09-16T10:47:31,44.164614,39.082479,102.7
2284,2026-09-16T10:47:32,44.164314,39.082462,102.8
2285,2026-09-16T10:47:33,44.164014,39.082445,103.0
2286,2026-09-16T10:47:34,44.163714,39.082429,103.1
2287,2026-09-16T10:47:36,44.163114,39.082395,103.4
2288,2026-09-16T10:47:37,44.162814,39.082379,103.6
2289,2026-09-16T10:47:38,44.162514,39.082362,103.7
2290,2026-09-16T10:47:39,44.162214,39.082345,103.9
2291,2026-09-16T10:47:40,44.161914,39.082329,104.0
2292,2026-09-16T10:47:41,44.161614,39.082312,104.1
2293,2026-09-16T10:47:43,44.161014,39.082279,104.4
2294,2026-09-16T10:47:45,44.160414,39.082245,104.7
2295,2026-09-16T10:47:46,44.160114,39.082229,104.9
2296,2026-09-16T10:47:49,44.159214,39.082179,105.3
2297,2026-09-16T10:47:50,44.158914,39.082162,105.4
2298,2026-09-16T10:47:51,44.158614,39.082145,105.5
2299,2026-09-16T10:47:52,44.158314,39.082129,105.7
2300,2026-09-16T10:47:53,44.158014,39.082112,105.8
2301,2026-09-16T10:47:55,44.157414,39.082079,106.1
2302,2026-09-16T10:47:57,44.156814,39.082045,106.3
2303,2026-09-16T10:47:58,44.156514,39.082029,106.5
2304,2026-09-16T10:47:59,44.156214,39.082012,106.6
2305,2026-09-16T10:48:00,44.155914,39.081995,106.7
2306,2026-09-16T10:48:01,44.155614,39.081979,106.8
2307,2026-09-16T10:48:03,44.155014,39.081945,107.1
2308,2026-09-16T10:48:07,44.153813,39.081879,107.6
2309,2026-09-16T10:48:08,44.153513,39.081862,107.7
2310,2026-09-16T10:48:09,44.153213,39.081845,107.8
2311,2026-09-16T10:48:10,44.152913,39.081829,108.0
2312,2026-09-16T10:48:11,44.152613,39.081812,108.1
2313,2026-09-16T10:48:12,44.152313,39.081795,108.2
2314,2026-09-16T10:48:13,44.152013,39.081779,108.3
2315,2026-09-16T10:48:15,44.151413,39.081745,108.5
2316,2026-09-16T10:48:16,44.151113,39.081729,108.7
2317,2026-09-16T10:48:17,44.150813,39.081712,108.8
2318,2026-09-16T10:48:18,44.150513,39.081695,108.9
2319,2026-09-16T10:48:19,44.150213,39.081679,109.0
2320,2026-09-16T10:48:20,44.149913,39.081662,109.1
2321,2026-09-16T10:48:21,44.149613,39.081645,109.2
2322,2026-09-16T10:48:22,44.149313,39.081628,109.3
2323,2026-09-16T10:48:23,44.149013,39.081612,109.4
2324,2026-09-16T10:48:24,44.148713,39.081595,109.5
2325,2026-09-16T10:48:25,44.148413,39.081578,109.6
2326,2026-09-16T10:48:29,44.147213,39.081512,110.1
2327,2026-09-16T10:48:31,44.146613,39.081478,110.3
2328,2026-09-16T10:48:32,44.146313,39.081462,110.4
2329,2026-09-16T10:48:34,44.145713,39.081428,110.6
2330,2026-09-16T10:48:35,44.145413,39.081412,110.7
2331,2026-09-16T10:48:36,44.145113,39.081395,110.8
2332,2026-09-16T10:48:37,44.144812,39.081378,110.9
2333,2026-09-16T10:48:38,44.144512,39.081362,111.0
2334,2026-09-16T10:48:39,44.144212,39.081345,111.0
2335,2026-09-16T10:48:40,44.143912,39.081328,111.1
2336,2026-09-16T10:48:41,44.143612,39.081312,111.2
2337,2026-09-16T10:48:43,44.143012,39.081278,111.4
2338,2026-09-16T10:48:44,44.142712,39.081262,111.5
2339,2026-09-16T10:48:45,44.142412,39.081245,111.6
2340,2026-09-16T10:48:48,44.141512,39.081195,111.8
2341,2026-09-16T10:48:49,44.141212,39.081178,111.9
2342,2026-09-16T10:48:51,44.140612,39.081145,112.1
2343,2026-09-16T10:48:53,44.140012,39.081112,112.3
2344,2026-09-16T10:48:54,44.139712,39.081095,112.3
2345,2026-09-16T10:48:56,44.139112,39.081062,112.5
2346,2026-09-16T10:48:57,44.138812,39.081045,112.6
2347,2026-09-16T10:48:58,44.138512,39.081028,112.6
2348,2026-09-16T10:48:59,44.138212,39.081012,112.7
2349,2026-09-16T10:49:00,44.137912,39.080995,112.8
2350,2026-09-16T10:49:01,44.137612,39.080978,112.9
2351,2026-09-16T10:49:02,44.137312,39.080962,112.9
2352,2026-09-16T10:49:04,44.136712,39.080928,113.1
2353,2026-09-16T10:49:06,44.136112,39.080895,113.2
2354,2026-09-16T10:49:07,44.135812,39.080878,113.3
2355,2026-09-16T10:49:08,44.135512,39.080862,113.3
2356,2026-09-16T10:49:09,44.135212,39.080845,113.4
2357,2026-09-16T10:49:10,44.134911,39.080828,113.4
2358,2026-09-16T10:49:11,44.134611,39.080812,113.5
2359,2026-09-16T10:49:12,44.134311,39.080795,113.6
2360,2026-09-16T10:49:13,44.134011,39.080778,113.6
2361,2026-09-16T10:49:17,44.132811,39.080712,113.8
2362,2026-09-16T10:49:18,44.132511,39.080695,113.9
2363,2026-09-16T10:49:19,44.132211,39.080678,113.9
2364,2026-09-16T10:49:20,44.131911,39.080662,114.0
2365,2026-09-16T10:49:21,44.131611,39.080645,114.0
2366,2026-09-16T10:49:22,44.131311,39.080628,114.1
2367,2026-09-16T10:49:23,44.131011,39.080612,114.1
2368,2026-09-16T10:49:24,44.130711,39.080595,114.2
2369,2026-09-16T10:49:25,44.130411,39.080578,114.2
2370,2026-09-16T10:49:26,44.130111,39.080562,114.3
2371,2026-09-16T10:49:27,44.129811,39.080545,114.3
2372,2026-09-16T10:49:28,44.129511,39.080528,114.4
2373,2026-09-16T10:49:29,44.129211,39.080512,114.4
2374,2026-09-16T10:49:30,44.128911,39.080495,114.4
2375,2026-09-16T10:49:31,44.128611,39.080478,114.5
2376,2026-09-16T10:49:32,44.128311,39.080462,114.5
2377,2026-09-16T10:49:34,44.127711,39.080428,114.6
2378,2026-09-16T10:49:35,44.127411,39.080412,114.6
2379,2026-09-16T10:49:36,44.127111,39.080395,114.6
2380,2026-09-16T10:49:37,44.126811,39.080378,114.7
2381,2026-09-16T10:49:38,44.126511,39.080362,114.7
2382,2026-09-16T10:49:39,44.126211,39.080345,114.7
2383,2026-09-16T10:49:40,44.125911,39.080328,114.7
2384,2026-09-16T10:49:41,44.125611,39.080312,114.8
2385,2026-09-16T10:49:43,44.125011,39.080278,114.8
2386,2026-09-16T10:49:44,44.12471,39.080262,114.8
2387,2026-09-16T10:49:45,44.12441,39.080245,114.9
2388,2026-09-16T10:49:46,44.12411,39.080228,114.9
2389,2026-09-16T10:49:47,44.12381,39.080212,114.9
2390,2026-09-16T10:49:48,44.12351,39.080195,114.9
2391,2026-09-16T10:49:49,44.12321,39.080178,114.9
2392,2026-09-16T10:49:50,44.12291,39.080162,114.9
2393,2026-09-16T10:49:52,44.12231,39.080128,115.0
2394,2026-09-16T10:49:53,44.12201,39.080112,115.0
2395,2026-09-16T10:49:54,44.12171,39.080095,115.0
2396,2026-09-16T10:49:56,44.12111,39.080062,115.0
2397,2026-09-16T10:49:58,44.12051,39.080028,115.0
2398,2026-09-16T10:49:59,44.12021,39.080012,115.0
2399,2026-09-16T10:50:01,44.119935,39.080043,115.0
2400,2026-09-16T10:50:03,44.119835,39.08011,115.0
2401,2026-09-16T10:50:04,44.119785,39.080143,115.0
2402,2026-09-16T10:50:05,44.119735,39.080177,115.0
2403,2026-09-16T10:50:08,44.119585,39.080277,115.1
2404,2026-09-16T10:50:09,44.119535,39.08031,115.1
2405,2026-09-16T10:50:10,44.119485,39.080343,115.1
2406,2026-09-16T10:50:13,44.119335,39.080443,115.2
2407,2026-09-16T10:50:14,44.119285,39.080477,115.2
2408,2026-09-16T10:50:16,44.119185,39.080543,115.3
2409,2026-09-16T10:50:20,44.118985,39.080677,115.4
2410,2026-09-16T10:50:22,44.118885,39.080743,115.5
2411,2026-09-16T10:50:24,44.118785,39.08081,115.6
2412,2026-09-16T10:50:26,44.118685,39.080877,115.7
2413,2026-09-16T10:50:28,44.118585,39.080943,115.8
2414,2026-09-16T10:50:29,44.118535,39.080977,115.9
2415,2026-09-16T10:50:30,44.118485,39.08101,116.0
2416,2026-09-16T10:50:31,44.118435,39.081043,116.0
2417,2026-09-16T10:50:35,44.118235,39.081177,116.3
2418,2026-09-16T10:50:36,44.118185,39.08121,116.4
2419,2026-09-16T10:50:38,44.118085,39.081277,116.5
2420,2026-09-16T10:50:40,44.117985,39.081343,116.7
2421,2026-09-16T10:50:41,44.117935,39.081377,116.8
2422,2026-09-16T10:50:42,44.117885,39.08141,116.8
2423,2026-09-16T10:50:44,44.117785,39.081477,117.0
2424,2026-09-16T10:50:46,44.117685,39.081543,117.2
2425,2026-09-16T10:50:48,44.117585,39.08161,117.4
2426,2026-09-16T10:50:49,44.117535,39.081643,117.5
2427,2026-09-16T10:50:50,44.117485,39.081677,117.6
2428,2026-09-16T10:50:51,44.117435,39.08171,117.7
2429,2026-09-16T10:50:52,44.117385,39.081744,117.8
2430,2026-09-16T10:50:54,44.117285,39.08181,118.0
2431,2026-09-16T10:50:55,44.117235,39.081844,118.1
2432,2026-09-16T10:50:56,44.117185,39.081877,118.2
2433,2026-09-16T10:50:59,44.117035,39.081977,118.6
2434,2026-09-16T10:51:02,44.116885,39.082077,118.9
2435,2026-09-16T10:51:03,44.116835,39.08211,119.0
2436,2026-09-16T10:51:06,44.116685,39.08221,119.4
2437,2026-09-16T10:51:07,44.116635,39.082244,119.5
2438,2026-09-16T10:51:08,44.116585,39.082277,119.7
2439,2026-09-16T10:51:09,44.116535,39.08231,119.8
2440,2026-09-16T10:51:11,44.116435,39.082377,120.1
2441,2026-09-16T10:51:12,44.116385,39.08241,120.2
2442,2026-09-16T10:51:13,44.116335,39.082444,120.3
2443,2026-09-16T10:51:14,44.116285,39.082477,120.5
2444,2026-09-16T10:51:15,44.116235,39.08251,120.6
2445,2026-09-16T10:51:16,44.116185,39.082544,120.8
2446,2026-09-16T10:51:18,44.116085,39.08261,121.1
2447,2026-09-16T10:51:21,44.115935,39.08271,121.5
2448,2026-09-16T10:51:23,44.115835,39.082777,121.8
2449,2026-09-16T10:51:24,44.115785,39.08281,122.0
2450,2026-09-16T10:51:25,44.115735,39.082844,122.1
2451,2026-09-16T10:51:26,44.115685,39.082877,122.3
2452,2026-09-16T10:51:27,44.115635,39.08291,122.5
2453,2026-09-16T10:51:28,44.115585,39.082944,122.6
2454,2026-09-16T10:51:29,44.115535,39.082977,122.8
2455,2026-09-16T10:51:30,44.115485,39.08301,122.9
2456,2026-09-16T10:51:31,44.115435,39.083044,123.1
2457,2026-09-16T10:51:32,44.115385,39.083077,123.3
2458,2026-09-16T10:51:33,44.115335,39.08311,123.5
2459,2026-09-16T10:51:36,44.115185,39.08321,124.0
2460,2026-09-16T10:51:37,44.115135,39.083244,124.1
2461,2026-09-16T10:51:38,44.115085,39.083277,124.3
2462,2026-09-16T10:51:39,44.115035,39.08331,124.5
2463,2026-09-16T10:51:42,44.114884,39.08341,125.1
2464,2026-09-16T10:51:43,44.114834,39.083444,125.2
2465,2026-09-16T10:51:44,44.114784,39.083477,125.4
2466,2026-09-16T10:51:46,44.114684,39.083544,125.8
2467,2026-09-16T10:51:47,44.114634,39.083577,126.0
2468,2026-09-16T10:51:48,44.114584,39.08361,126.2
2469,2026-09-16T10:51:49,44.114534,39.083644,126.4
2470,2026-09-16T10:51:50,44.114484,39.083677,126.6
2471,2026-09-16T10:51:51,44.114434,39.08371,126.8
2472,2026-09-16T10:51:52,44.114384,39.083744,127.0
2473,2026-09-16T10:51:53,44.114334,39.083777,127.2
2474,2026-09-16T10:51:54,44.114284,39.08381,127.4
2475,2026-09-16T10:51:55,44.114234,39.083844,127.6
2476,2026-09-16T10:51:56,44.114184,39.083877,127.8
2477,2026-09-16T10:51:57,44.114134,39.08391,128.0
2478,2026-09-16T10:51:58,44.114084,39.083944,128.2
2479,2026-09-16T10:51:59,44.114034,39.083977,128.4
2480,2026-09-16T10:52:00,44.113984,39.08401,128.6
2481,2026-09-16T10:52:01,44.113934,39.084044,128.8
2482,2026-09-16T10:52:04,44.113784,39.084144,129.4
2483,2026-09-16T10:52:06,44.113684,39.08421,129.9
2484,2026-09-16T10:52:08,44.113584,39.084277,130.3
2485,2026-09-16T10:52:09,44.113534,39.08431,130.5
2486,2026-09-16T10:52:13,44.113334,39.084444,131.4
2487,2026-09-16T10:52:14,44.113284,39.084477,131.6
2488,2026-09-16T10:52:15,44.113234,39.08451,131.9
2489,2026-09-16T10:52:16,44.113184,39.084544,132.1
2490,2026-09-16T10:52:17,44.113134,39.084577,132.3
2491,2026-09-16T10:52:18,44.113084,39.08461,132.5
2492,2026-09-16T10:52:19,44.113034,39.084644,132.8
2493,2026-09-16T10:52:20,44.112984,39.084677,133.0
2494,2026-09-16T10:52:21,44.112934,39.08471,133.2
2495,2026-09-16T10:52:22,44.112884,39.084744,133.5
2496,2026-09-16T10:52:24,44.112784,39.08481,133.9
2497,2026-09-16T10:52:27,44.112634,39.08491,134.7
2498,2026-09-16T10:52:30,44.112484,39.085011,135.4
2499,2026-09-16T10:52:32,44.112384,39.085077,135.9
2500,2026-09-16T10:52:33,44.112334,39.085111,136.1
2501,2026-09-16T10:52:35,44.112234,39.085177,136.6
2502,2026-09-16T10:52:36,44.112184,39.085211,136.9
2503,2026-09-16T10:52:37,44.112134,39.085244,137.1
2504,2026-09-16T10:52:38,44.112084,39.085277,137.4
2505,2026-09-16T10:52:39,44.112034,39.085311,137.6
2506,2026-09-16T10:52:41,44.111934,39.085377,138.1
2507,2026-09-16T10:52:42,44.111884,39.085411,138.4
2508,2026-09-16T10:52:43,44.111834,39.085444,138.7
2509,2026-09-16T10:52:44,44.111784,39.085477,138.9
2510,2026-09-16T10:52:45,44.111734,39.085511,139.2
2511,2026-09-16T10:52:46,44.111684,39.085544,139.4
2512,2026-09-16T10:52:47,44.111634,39.085577,139.7
2513,2026-09-16T10:52:48,44.111584,39.085611,140.0
2514,2026-09-16T10:52:49,44.111534,39.085644,140.2
2515,2026-09-16T10:52:50,44.111484,39.085677,140.5
2516,2026-09-16T10:52:51,44.111434,39.085711,140.7
2517,2026-09-16T10:52:53,44.111334,39.085777,141.3
2518,2026-09-16T10:52:54,44.111284,39.085811,141.5
2519,2026-09-16T10:52:55,44.111234,39.085844,141.8
2520,2026-09-16T10:52:56,44.111184,39.085877,142.1
2521,2026-09-16T10:52:57,44.111134,39.085911,142.4
2522,2026-09-16T10:52:58,44.111084,39.085944,142.6
2523,2026-09-16T10:52:59,44.111034,39.085977,142.9
2524,2026-09-16T10:53:00,44.110984,39.086011,143.2
2525,2026-09-16T10:53:01,44.110934,39.086044,143.4
2526,2026-09-16T10:53:02,44.110884,39.086077,143.7
2527,2026-09-16T10:53:03,44.110834,39.086111,144.0
2528,2026-09-16T10:53:05,44.110734,39.086177,144.5
2529,2026-09-16T10:53:06,44.110684,39.086211,144.8
2530,2026-09-16T10:53:08,44.110584,39.086277,145.4
2531,2026-09-16T10:53:09,44.110534,39.086311,145.7
2532,2026-09-16T10:53:10,44.110484,39.086344,145.9
2533,2026-09-16T10:53:11,44.110434,39.086377,146.2
2534,2026-09-16T10:53:12,44.110384,39.086411,146.5
2535,2026-09-16T10:53:13,44.110334,39.086444,146.8
2536,2026-09-16T10:53:15,44.110234,39.086511,147.4
2537,2026-09-16T10:53:16,44.110184,39.086544,147.6
2538,2026-09-16T10:53:17,44.110134,39.086577,147.9
2539,2026-09-16T10:53:18,44.110084,39.086611,148.2
2540,2026-09-16T10:53:19,44.110034,39.086644,148.5
2541,2026-09-16T10:53:20,44.109984,39.086677,148.8
2542,2026-09-16T10:53:21,44.109934,39.086711,149.1
2543,2026-09-16T10:53:22,44.109884,39.086744,149.4
2544,2026-09-16T10:53:23,44.109834,39.086777,149.7
2545,2026-09-16T10:53:27,44.109634,39.086911,150.8
2546,2026-09-16T10:53:29,44.109534,39.086977,151.4
2547,2026-09-16T10:53:31,44.109434,39.087044,152.0
2548,2026-09-16T10:53:32,44.109384,39.087077,152.3
2549,2026-09-16T10:53:33,44.109334,39.087111,152.6
2550,2026-09-16T10:53:34,44.109284,39.087144,152.9
2551,2026-09-16T10:53:35,44.109234,39.087177,153.2
2552,2026-09-16T10:53:36,44.109184,39.087211,153.5
2553,2026-09-16T10:53:37,44.109134,39.087244,153.8
2554,2026-09-16T10:53:38,44.109084,39.087277,154.1
2555,2026-09-16T10:53:39,44.109034,39.087311,154.4
2556,2026-09-16T10:53:40,44.108984,39.087344,154.7
2557,2026-09-16T10:53:41,44.108934,39.087377,155.0
2558,2026-09-16T10:53:42,44.108884,39.087411,155.3
2559,2026-09-16T10:53:43,44.108834,39.087444,155.6
2560,2026-09-16T10:53:44,44.108784,39.087477,155.9
2561,2026-09-16T10:53:45,44.108734,39.087511,156.2
2562,2026-09-16T10:53:46,44.108684,39.087544,156.5
2563,2026-09-16T10:53:47,44.108634,39.087577,156.8
2564,2026-09-16T10:53:48,44.108584,39.087611,157.1
2565,2026-09-16T10:53:49,44.108534,39.087644,157.5
2566,2026-09-16T10:53:50,44.108484,39.087677,157.8
2567,2026-09-16T10:53:52,44.108384,39.087744,158.4
2568,2026-09-16T10:53:53,44.108334,39.087777,158.7
2569,2026-09-16T10:53:54,44.108284,39.087811,159.0
2570,2026-09-16T10:53:55,44.108234,39.087844,159.3
2571,2026-09-16T10:53:56,44.108184,39.087877,159.6
2572,2026-09-16T10:53:57,44.108134,39.087911,159.9
2573,2026-09-16T10:53:59,44.108034,39.087977,160.5
2574,2026-09-16T10:54:00,44.107984,39.088011,160.9
2575,2026-09-16T10:54:01,44.107934,39.088044,161.2
2576,2026-09-16T10:54:02,44.107884,39.088077,161.5
2577,2026-09-16T10:54:03,44.107834,39.088111,161.8
2578,2026-09-16T10:54:04,44.107784,39.088144,162.1
2579,2026-09-16T10:54:06,44.107684,39.088211,162.7
2580,2026-09-16T10:54:07,44.107634,39.088244,163.1
2581,2026-09-16T10:54:08,44.107584,39.088277,163.4
2582,2026-09-16T10:54:09,44.107534,39.088311,163.7
2583,2026-09-16T10:54:10,44.107484,39.088344,164.0
2584,2026-09-16T10:54:12,44.107384,39.088411,164.6
2585,2026-09-16T10:54:13,44.107334,39.088444,165.0
2586,2026-09-16T10:54:14,44.107284,39.088478,165.3
2587,2026-09-16T10:54:15,44.107234,39.088511,165.6
2588,2026-09-16T10:54:16,44.107184,39.088544,165.9
2589,2026-09-16T10:54:18,44.107084,39.088611,166.5
2590,2026-09-16T10:54:19,44.107034,39.088644,166.9
2591,2026-09-16T10:54:20,44.106984,39.088678,167.2
2592,2026-09-16T10:54:21,44.106934,39.088711,167.5
2593,2026-09-16T10:54:22,44.106884,39.088744,167.8
2594,2026-09-16T10:54:23,44.106834,39.088778,168.1
2595,2026-09-16T10:54:24,44.106784,39.088811,168.5
2596,2026-09-16T10:54:25,44.106734,39.088844,168.8
2597,2026-09-16T10:54:26,44.106684,39.088878,169.1
2598,2026-09-16T10:54:27,44.106634,39.088911,169.4
2599,2026-09-16T10:54:28,44.106584,39.088944,169.7
2600,2026-09-16T10:54:29,44.106534,39.088978,170.1
2601,2026-09-16T10:54:30,44.106484,39.089011,170.4
2602,2026-09-16T10:54:31,44.106434,39.089044,170.7
2603,2026-09-16T10:54:32,44.106384,39.089078,171.0
2604,2026-09-16T10:54:33,44.106334,39.089111,171.4
2605,2026-09-16T10:54:34,44.106284,39.089144,171.7
2606,2026-09-16T10:54:35,44.106234,39.089178,172.0
2607,2026-09-16T10:54:36,44.106184,39.089211,172.3
2608,2026-09-16T10:54:37,44.106134,39.089244,172.6
2609,2026-09-16T10:54:38,44.106084,39.089278,173.0
2610,2026-09-16T10:54:40,44.105984,39.089344,173.6
2611,2026-09-16T10:54:43,44.105834,39.089444,174.6
2612,2026-09-16T10:54:45,44.105734,39.089511,175.2
2613,2026-09-16T10:54:46,44.105684,39.089544,175.6
2614,2026-09-16T10:54:47,44.105634,39.089578,175.9
2615,2026-09-16T10:54:49,44.105534,39.089644,176.5
2616,2026-09-16T10:54:50,44.105484,39.089678,176.9
2617,2026-09-16T10:54:51,44.105434,39.089711,177.2
2618,2026-09-16T10:54:52,44.105384,39.089744,177.5
2619,2026-09-16T10:54:53,44.105334,39.089778,177.8
2620,2026-09-16T10:54:54,44.105284,39.089811,178.2
2621,2026-09-16T10:54:56,44.105184,39.089878,178.8
2622,2026-09-16T10:54:57,44.105134,39.089911,179.1
2623,2026-09-16T10:54:58,44.105084,39.089944,179.5
2624,2026-09-16T10:54:59,44.105034,39.089978,179.8
2625,2026-09-16T10:55:00,44.104983,39.090011,180.1
2626,2026-09-16T10:55:01,44.104933,39.090044,180.4
2627,2026-09-16T10:55:02,44.104883,39.090078,180.8
2628,2026-09-16T10:55:03,44.104833,39.090111,181.1
2629,2026-09-16T10:55:04,44.104783,39.090144,181.4
2630,2026-09-16T10:55:06,44.104683,39.090211,182.1
2631,2026-09-16T10:55:07,44.104633,39.090244,182.4
2632,2026-09-16T10:55:08,44.104583,39.090278,182.7
2633,2026-09-16T10:55:10,44.104483,39.090344,183.4
2634,2026-09-16T10:55:11,44.104433,39.090378,183.7
2635,2026-09-16T10:55:13,44.104333,39.090444,184.3
2636,2026-09-16T10:55:15,44.104233,39.090511,185.0
2637,2026-09-16T10:55:16,44.104183,39.090544,185.3
2638,2026-09-16T10:55:18,44.104083,39.090611,186.0
2639,2026-09-16T10:55:20,44.103983,39.090678,186.6
2640,2026-09-16T10:55:21,44.103933,39.090711,186.9
2641,2026-09-16T10:55:22,44.103883,39.090744,187.2
2642,2026-09-16T10:55:23,44.103833,39.090778,187.6
2643,2026-09-16T10:55:24,44.103783,39.090811,187.9
2644,2026-09-16T10:55:26,44.103683,39.090878,188.5
2645,2026-09-16T10:55:27,44.103633,39.090911,188.9
2646,2026-09-16T10:55:28,44.103583,39.090944,189.2
2647,2026-09-16T10:55:30,44.103483,39.091011,189.8
2648,2026-09-16T10:55:31,44.103433,39.091044,190.1
2649,2026-09-16T10:55:32,44.103383,39.091078,190.5
2650,2026-09-16T10:55:33,44.103333,39.091111,190.8
2651,2026-09-16T10:55:35,44.103233,39.091178,191.4
2652,2026-09-16T10:55:36,44.103183,39.091211,191.8
2653,2026-09-16T10:55:39,44.103033,39.091311,192.7
2654,2026-09-16T10:55:40,44.102983,39.091344,193.0
2655,2026-09-16T10:55:41,44.102933,39.091378,193.3
2656,2026-09-16T10:55:42,44.102883,39.091411,193.7
2657,2026-09-16T10:55:43,44.102833,39.091444,194.0
2658,2026-09-16T10:55:44,44.102783,39.091478,194.3
2659,2026-09-16T10:55:45,44.102733,39.091511,194.6
2660,2026-09-16T10:55:46,44.102683,39.091544,194.9
2661,2026-09-16T10:55:47,44.102633,39.091578,195.3
2662,2026-09-16T10:55:48,44.102583,39.091611,195.6
2663,2026-09-16T10:55:49,44.102533,39.091644,195.9
2664,2026-09-16T10:55:53,44.102333,39.091778,197.2
2665,2026-09-16T10:55:54,44.102283,39.091811,197.5
2666,2026-09-16T10:55:56,44.102183,39.091878,198.1
2667,2026-09-16T10:55:57,44.102133,39.091911,198.4
2668,2026-09-16T10:55:58,44.102083,39.091945,198.7
2669,2026-09-16T10:55:59,44.102033,39.091978,199.0
2670,2026-09-16T10:56:00,44.101983,39.092011,199.3
2671,2026-09-16T10:56:01,44.101933,39.092045,199.7
2672,2026-09-16T10:56:02,44.101883,39.092078,200.0
2673,2026-09-16T10:56:03,44.101833,39.092111,200.3
2674,2026-09-16T10:56:04,44.101783,39.092145,200.6
2675,2026-09-16T10:56:05,44.101733,39.092178,200.9
2676,2026-09-16T10:56:06,44.101683,39.092211,201.2
2677,2026-09-16T10:56:07,44.101633,39.092245,201.5
2678,2026-09-16T10:56:08,44.101583,39.092278,201.8
2679,2026-09-16T10:56:09,44.101533,39.092311,202.1
2680,2026-09-16T10:56:10,44.101483,39.092345,202.4
2681,2026-09-16T10:56:11,44.101433,39.092378,202.7
2682,2026-09-16T10:56:12,44.101383,39.092411,203.1
2683,2026-09-16T10:56:13,44.101333,39.092445,203.4
2684,2026-09-16T10:56:14,44.101283,39.092478,203.7
2685,2026-09-16T10:56:16,44.101183,39.092545,204.3
2686,2026-09-16T10:56:17,44.101133,39.092578,204.6
2687,2026-09-16T10:56:18,44.101083,39.092611,204.9
2688,2026-09-16T10:56:20,44.100983,39.092678,205.5
2689,2026-09-16T10:56:21,44.100933,39.092711,205.8
2690,2026-09-16T10:56:22,44.100883,39.092745,206.1
2691,2026-09-16T10:56:24,44.100783,39.092811,206.7
2692,2026-09-16T10:56:25,44.100733,39.092845,207.0
2693,2026-09-16T10:56:26,44.100683,39.092878,207.3
2694,2026-09-16T10:56:28,44.100583,39.092945,207.9
2695,2026-09-16T10:56:29,44.100533,39.092978,208.2
2696,2026-09-16T10:56:30,44.100483,39.093011,208.5
2697,2026-09-16T10:56:31,44.100433,39.093045,208.8
2698,2026-09-16T10:56:34,44.100283,39.093145,209.6
2699,2026-09-16T10:56:35,44.100233,39.093178,209.9
2700,2026-09-16T10:56:38,44.100083,39.093278,210.8
2701,2026-09-16T10:56:41,44.099933,39.093378,211.7
2702,2026-09-16T10:56:42,44.099883,39.093411,212.0
2703,2026-09-16T10:56:43,44.099833,39.093445,212.3
2704,2026-09-16T10:56:45,44.099733,39.093511,212.8
2705,2026-09-16T10:56:46,44.099683,39.093545,213.1
2706,2026-09-16T10:56:47,44.099633,39.093578,213.4
2707,2026-09-16T10:56:48,44.099583,39.093611,213.7
2708,2026-09-16T10:56:49,44.099533,39.093645,214.0
2709,2026-09-16T10:56:53,44.099333,39.093778,215.1
2710,2026-09-16T10:56:54,44.099283,39.093811,215.4
2711,2026-09-16T10:56:55,44.099233,39.093845,215.6
2712,2026-09-16T10:56:56,44.099183,39.093878,215.9
2713,2026-09-16T10:56:57,44.099133,39.093911,216.2
2714,2026-09-16T10:56:58,44.099083,39.093945,216.5
2715,2026-09-16T10:56:59,44.099033,39.093978,216.7
2716,2026-09-16T10:57:00,44.098983,39.094011,217.0
2717,2026-09-16T10:57:01,44.098933,39.094045,217.3
2718,2026-09-16T10:57:02,44.098883,39.094078,217.6
2719,2026-09-16T10:57:03,44.098833,39.094111,217.8
2720,2026-09-16T10:57:04,44.098783,39.094145,218.1
2721,2026-09-16T10:57:05,44.098733,39.094178,218.4
2722,2026-09-16T10:57:06,44.098683,39.094211,218.6
2723,2026-09-16T10:57:07,44.098633,39.094245,218.9
2724,2026-09-16T10:57:08,44.098583,39.094278,219.2
2725,2026-09-16T10:57:10,44.098483,39.094345,219.7
2726,2026-09-16T10:57:11,44.098433,39.094378,220.0
2727,2026-09-16T10:57:12,44.098383,39.094411,220.2
2728,2026-09-16T10:57:13,44.098333,39.094445,220.5
2729,2026-09-16T10:57:15,44.098233,39.094511,221.0
2730,2026-09-16T10:57:16,44.098183,39.094545,221.3
2731,2026-09-16T10:57:17,44.098133,39.094578,221.5
2732,2026-09-16T10:57:18,44.098083,39.094611,221.8
2733,2026-09-16T10:57:19,44.098033,39.094645,222.0
2734,2026-09-16T10:57:20,44.097983,39.094678,222.3
2735,2026-09-16T10:57:21,44.097933,39.094711,222.5
2736,2026-09-16T10:57:22,44.097883,39.094745,222.8
2737,2026-09-16T10:57:24,44.097783,39.094811,223.3
2738,2026-09-16T10:57:25,44.097733,39.094845,223.5
2739,2026-09-16T10:57:26,44.097683,39.094878,223.8
2740,2026-09-16T10:57:27,44.097633,39.094911,224.0
2741,2026-09-16T10:57:29,44.097533,39.094978,224.5
2742,2026-09-16T10:57:30,44.097483,39.095012,224.8
2743,2026-09-16T10:57:31,44.097433,39.095045,225.0
2744,2026-09-16T10:57:32,44.097383,39.095078,225.3
2745,2026-09-16T10:57:33,44.097333,39.095112,225.5
2746,2026-09-16T10:57:34,44.097283,39.095145,225.7
2747,2026-09-16T10:57:36,44.097183,39.095212,226.2
2748,2026-09-16T10:57:37,44.097133,39.095245,226.4
2749,2026-09-16T10:57:39,44.097033,39.095312,226.9
2750,2026-09-16T10:57:40,44.096983,39.095345,227.2
2751,2026-09-16T10:57:41,44.096933,39.095378,227.4
2752,2026-09-16T10:57:42,44.096883,39.095412,227.6
2753,2026-09-16T10:57:46,44.096683,39.095545,228.5
2754,2026-09-16T10:57:48,44.096583,39.095612,229.0
2755,2026-09-16T10:57:49,44.096533,39.095645,229.2
2756,2026-09-16T10:57:51,44.096433,39.095712,229.6
2757,2026-09-16T10:57:52,44.096383,39.095745,229.9
2758,2026-09-16T10:57:54,44.096283,39.095812,230.3
2759,2026-09-16T10:57:55,44.096233,39.095845,230.5
2760,2026-09-16T10:57:56,44.096183,39.095878,230.7
2761,2026-09-16T10:57:57,44.096133,39.095912,230.9
2762,2026-09-16T10:57:58,44.096083,39.095945,231.1
2763,2026-09-16T10:57:59,44.096033,39.095978,231.3
2764,2026-09-16T10:58:00,44.095983,39.096012,231.6
2765,2026-09-16T10:58:03,44.095833,39.096112,232.2
2766,2026-09-16T10:58:04,44.095783,39.096145,232.4
2767,2026-09-16T10:58:06,44.095683,39.096212,232.8
2768,2026-09-16T10:58:08,44.095583,39.096278,233.2
2769,2026-09-16T10:58:09,44.095533,39.096312,233.4
2770,2026-09-16T10:58:10,44.095483,39.096345,233.6
2771,2026-09-16T10:58:11,44.095433,39.096378,233.8
2772,2026-09-16T10:58:12,44.095383,39.096412,233.9
2773,2026-09-16T10:58:13,44.095333,39.096445,234.1
2774,2026-09-16T10:58:14,44.095283,39.096478,234.3
2775,2026-09-16T10:58:15,44.095233,39.096512,234.5
2776,2026-09-16T10:58:16,44.095183,39.096545,234.7
2777,2026-09-16T10:58:18,44.095083,39.096612,235.1
2778,2026-09-16T10:58:19,44.095033,39.096645,235.3
2779,2026-09-16T10:58:20,44.094982,39.096678,235.4
2780,2026-09-16T10:58:22,44.094882,39.096745,235.8
2781,2026-09-16T10:58:23,44.094832,39.096778,236.0
2782,2026-09-16T10:58:24,44.094782,39.096812,236.1
2783,2026-09-16T10:58:25,44.094732,39.096845,236.3
2784,2026-09-16T10:58:26,44.094682,39.096878,236.5
2785,2026-09-16T10:58:27,44.094632,39.096912,236.7
2786,2026-09-16T10:58:28,44.094582,39.096945,236.8
2787,2026-09-16T10:58:30,44.094482,39.097012,237.2
2788,2026-09-16T10:58:31,44.094432,39.097045,237.3
2789,2026-09-16T10:58:32,44.094382,39.097078,237.5
2790,2026-09-16T10:58:33,44.094332,39.097112,237.6
2791,2026-09-16T10:58:34,44.094282,39.097145,237.8
2792,2026-09-16T10:58:35,44.094232,39.097178,238.0
2793,2026-09-16T10:58:36,44.094182,39.097212,238.1
2794,2026-09-16T10:58:37,44.094132,39.097245,238.3
2795,2026-09-16T10:58:38,44.094082,39.097278,238.4
2796,2026-09-16T10:58:41,44.093932,39.097378,238.9
2797,2026-09-16T10:58:42,44.093882,39.097412,239.0
2798,2026-09-16T10:58:43,44.093832,39.097445,239.2
2799,2026-09-16T10:58:45,44.093732,39.097512,239.5
2800,2026-09-16T10:58:47,44.093632,39.097578,239.7
2801,2026-09-16T10:58:50,44.093482,39.097678,240.2
2802,2026-09-16T10:58:51,44.093432,39.097712,240.3
2803,2026-09-16T10:58:52,44.093382,39.097745,240.4
2804,2026-09-16T10:58:54,44.093282,39.097812,240.7
2805,2026-09-16T10:58:56,44.093182,39.097878,240.9
2806,2026-09-16T10:58:57,44.093132,39.097912,241.0
2807,2026-09-16T10:58:58,44.093082,39.097945,241.2
2808,2026-09-16T10:58:59,44.093032,39.097978,241.3
2809,2026-09-16T10:59:00,44.092982,39.098012,241.4
2810,2026-09-16T10:59:02,44.092882,39.098078,241.6
2811,2026-09-16T10:59:03,44.092832,39.098112,241.7
2812,2026-09-16T10:59:04,44.092782,39.098145,241.9
2813,2026-09-16T10:59:05,44.092732,39.098178,242.0
2814,2026-09-16T10:59:06,44.092682,39.098212,242.1
2815,2026-09-16T10:59:07,44.092632,39.098245,242.2
2816,2026-09-16T10:59:08,44.092582,39.098278,242.3
2817,2026-09-16T10:59:09,44.092532,39.098312,242.4
2818,2026-09-16T10:59:11,44.092432,39.098379,242.6
2819,2026-09-16T10:59:12,44.092382,39.098412,242.7
2820,2026-09-16T10:59:13,44.092332,39.098445,242.8
2821,2026-09-16T10:59:14,44.092282,39.098479,242.9
2822,2026-09-16T10:59:16,44.092182,39.098545,243.0
2823,2026-09-16T10:59:17,44.092132,39.098579,243.1
2824,2026-09-16T10:59:18,44.092082,39.098612,243.2
2825,2026-09-16T10:59:19,44.092032,39.098645,243.3
2826,2026-09-16T10:59:20,44.091982,39.098679,243.4
2827,2026-09-16T10:59:21,44.091932,39.098712,243.5
2828,2026-09-16T10:59:22,44.091882,39.098745,243.5
2829,2026-09-16T10:59:23,44.091832,39.098779,243.6
2830,2026-09-16T10:59:24,44.091782,39.098812,243.7
2831,2026-09-16T10:59:25,44.091732,39.098845,243.7
2832,2026-09-16T10:59:26,44.091682,39.098879,243.8
2833,2026-09-16T10:59:27,44.091632,39.098912,243.9
2834,2026-09-16T10:59:28,44.091582,39.098945,244.0
2835,2026-09-16T10:59:29,44.091532,39.098979,244.0
2836,2026-09-16T10:59:31,44.091432,39.099045,244.1
2837,2026-09-16T10:59:32,44.091382,39.099079,244.2
2838,2026-09-16T10:59:33,44.091332,39.099112,244.3
2839,2026-09-16T10:59:35,44.091232,39.099179,244.4
2840,2026-09-16T10:59:36,44.091182,39.099212,244.4
2841,2026-09-16T10:59:37,44.091132,39.099245,244.5
2842,2026-09-16T10:59:38,44.091082,39.099279,244.5
2843,2026-09-16T10:59:39,44.091032,39.099312,244.5
2844,2026-09-16T10:59:40,44.090982,39.099345,244.6
2845,2026-09-16T10:59:41,44.090932,39.099379,244.6
2846,2026-09-16T10:59:43,44.090832,39.099445,244.7
2847,2026-09-16T10:59:44,44.090782,39.099479,244.7
2848,2026-09-16T10:59:45,44.090732,39.099512,244.8
2849,2026-09-16T10:59:46,44.090682,39.099545,244.8
2850,2026-09-16T10:59:47,44.090632,39.099579,244.8
2851,2026-09-16T10:59:48,44.090582,39.099612,244.9
2852,2026-09-16T10:59:49,44.090532,39.099645,244.9
2853,2026-09-16T10:59:50,44.090482,39.099679,244.9
2854,2026-09-16T10:59:51,44.090432,39.099712,244.9
2855,2026-09-16T10:59:52,44.090382,39.099745,244.9
2856,2026-09-16T10:59:53,44.090332,39.099779,245.0
2857,2026-09-16T10:59:54,44.090282,39.099812,245.0
2858,2026-09-16T10:59:56,44.090182,39.099879,245.0
2859,2026-09-16T10:59:58,44.090082,39.099945,245.0
2860,2026-09-16T10:59:59,44.090032,39.099979,245.0
2861,2026-09-16T11:00:00,44.08994,39.100048,245.0
2862,2026-09-16T11:00:01,44.089773,39.100181,245.0
2863,2026-09-16T11:00:02,44.089607,39.100315,245.0
2864,2026-09-16T11:00:03,44.08944,39.100448,245.0
2865,2026-09-16T11:00:04,44.089273,39.100581,245.0
2866,2026-09-16T11:00:05,44.089107,39.100715,245.0
2867,2026-09-16T11:00:06,44.08894,39.100848,244.9
2868,2026-09-16T11:00:07,44.088773,39.100981,244.9
2869,2026-09-16T11:00:09,44.08844,39.101248,244.9
2870,2026-09-16T11:00:10,44.088273,39.101381,244.9
2871,2026-09-16T11:00:11,44.088106,39.101515,244.8
2872,2026-09-16T11:00:12,44.08794,39.101648,244.8
2873,2026-09-16T11:00:13,44.087773,39.101782,244.8
2874,2026-09-16T11:00:14,44.087606,39.101915,244.7
2875,2026-09-16T11:00:17,44.087106,39.102315,244.6
2876,2026-09-16T11:00:18,44.08694,39.102448,244.6
2877,2026-09-16T11:00:19,44.086773,39.102582,244.5
2878,2026-09-16T11:00:20,44.086606,39.102715,244.5
2879,2026-09-16T11:00:22,44.086273,39.102982,244.4
2880,2026-09-16T11:00:23,44.086106,39.103115,244.3
2881,2026-09-16T11:00:24,44.08594,39.103248,244.3
2882,2026-09-16T11:00:26,44.085606,39.103515,244.1
2883,2026-09-16T11:00:27,44.08544,39.103648,244.1
2884,2026-09-16T11:00:28,44.085273,39.103782,244.0
2885,2026-09-16T11:00:29,44.085106,39.103915,243.9
2886,2026-09-16T11:00:30,44.084939,39.104048,243.8
2887,2026-09-16T11:00:31,44.084773,39.104182,243.8
2888,2026-09-16T11:00:32,44.084606,39.104315,243.7
2889,2026-09-16T11:00:33,44.084439,39.104448,243.6
2890,2026-09-16T11:00:34,44.084273,39.104582,243.5
2891,2026-09-16T11:00:35,44.084106,39.104715,243.4
2892,2026-09-16T11:00:36,44.083939,39.104848,243.4
2893,2026-09-16T11:00:37,44.083773,39.104982,243.3
2894,2026-09-16T11:00:38,44.083606,39.105115,243.2
2895,2026-09-16T11:00:40,44.083273,39.105382,243.0
2896,2026-09-16T11:00:41,44.083106,39.105515,242.9
2897,2026-09-16T11:00:42,44.082939,39.105649,242.8
2898,2026-09-16T11:00:44,44.082606,39.105915,242.6
2899,2026-09-16T11:00:45,44.082439,39.106049,242.5
2900,2026-09-16T11:00:48,44.081939,39.106449,242.1
2901,2026-09-16T11:00:50,44.081606,39.106715,241.9
2902,2026-09-16T11:00:51,44.081439,39.106849,241.8
2903,2026-09-16T11:00:52,44.081272,39.106982,241.7
2904,2026-09-16T11:00:54,44.080939,39.107249,241.4
2905,2026-09-16T11:00:55,44.080772,39.107382,241.3
2906,2026-09-16T11:00:56,44.080606,39.107515,241.2
2907,2026-09-16T11:00:57,44.080439,39.107649,241.0
2908,2026-09-16T11:00:58,44.080272,39.107782,240.9
2909,2026-09-16T11:00:59,44.080106,39.107915,240.7
2910,2026-09-16T11:01:00,44.079939,39.108049,240.6
2911,2026-09-16T11:01:01,44.079772,39.108182,240.5
2912,2026-09-16T11:01:03,44.079439,39.108449,240.2
2913,2026-09-16T11:01:04,44.079272,39.108582,240.0
2914,2026-09-16T11:01:05,44.079106,39.108716,239.9
2915,2026-09-16T11:01:07,44.078772,39.108982,239.6
2916,2026-09-16T11:01:09,44.078439,39.109249,239.3
2917,2026-09-16T11:01:10,44.078272,39.109382,239.1
2918,2026-09-16T11:01:11,44.078105,39.109516,238.9
2919,2026-09-16T11:01:12,44.077939,39.109649,238.8
2920,2026-09-16T11:01:13,44.077772,39.109782,238.6
2921,2026-09-16T11:01:14,44.077605,39.109916,238.4
2922,2026-09-16T11:01:15,44.077439,39.110049,238.3
2923,2026-09-16T11:01:16,44.077272,39.110182,238.1
2924,2026-09-16T11:01:17,44.077105,39.110316,237.9
2925,2026-09-16T11:01:18,44.076939,39.110449,237.8
2926,2026-09-16T11:01:19,44.076772,39.110582,237.6
2927,2026-09-16T11:01:20,44.076605,39.110716,237.4
2928,2026-09-16T11:01:21,44.076439,39.110849,237.2
2929,2026-09-16T11:01:22,44.076272,39.110982,237.0
2930,2026-09-16T11:01:23,44.076105,39.111116,236.9
2931,2026-09-16T11:01:25,44.075772,39.111382,236.5
2932,2026-09-16T11:01:27,44.075439,39.111649,236.1
2933,2026-09-16T11:01:28,44.075272,39.111783,235.9
2934,2026-09-16T11:01:29,44.075105,39.111916,235.7
2935,2026-09-16T11:01:30,44.074938,39.112049,235.5
2936,2026-09-16T11:01:31,44.074772,39.112183,235.3
2937,2026-09-16T11:01:32,44.074605,39.112316,235.1
2938,2026-09-16T11:01:33,44.074438,39.112449,234.9
2939,2026-09-16T11:01:34,44.074272,39.112583,234.7
2940,2026-09-16T11:01:35,44.074105,39.112716,234.5
2941,2026-09-16T11:01:36,44.073938,39.112849,234.3
2942,2026-09-16T11:01:37,44.073772,39.112983,234.1
2943,2026-09-16T11:01:38,44.073605,39.113116,233.9
2944,2026-09-16T11:01:39,44.073438,39.113249,233.7
2945,2026-09-16T11:01:40,44.073272,39.113383,233.4
2946,2026-09-16T11:01:41,44.073105,39.113516,233.2
2947,2026-09-16T11:01:42,44.072938,39.113649,233.0
2948,2026-09-16T11:01:45,44.072438,39.114049,232.3
2949,2026-09-16T11:01:47,44.072105,39.114316,231.9
2950,2026-09-16T11:01:49,44.071772,39.114583,231.4
2951,2026-09-16T11:01:50,44.071605,39.114716,231.2
2952,2026-09-16T11:01:51,44.071438,39.114849,231.0
2953,2026-09-16T11:01:52,44.071271,39.114983,230.7
2954,2026-09-16T11:01:53,44.071105,39.115116,230.5
2955,2026-09-16T11:01:54,44.070938,39.11525,230.3
2956,2026-09-16T11:01:55,44.070771,39.115383,230.0
2957,2026-09-16T11:01:56,44.070605,39.115516,229.8
2958,2026-09-16T11:01:57,44.070438,39.11565,229.5
2959,2026-09-16T11:01:58,44.070271,39.115783,229.3
2960,2026-09-16T11:01:59,44.070105,39.115916,229.0
2961,2026-09-16T11:02:00,44.069938,39.11605,228.8
2962,2026-09-16T11:02:01,44.069771,39.116183,228.5
2963,2026-09-16T11:02:02,44.069605,39.116316,228.3
2964,2026-09-16T11:02:04,44.069271,39.116583,227.8
2965,2026-09-16T11:02:05,44.069105,39.116716,227.5
2966,2026-09-16T11:02:06,44.068938,39.11685,227.3
2967,2026-09-16T11:02:07,44.068771,39.116983,227.0
2968,2026-09-16T11:02:08,44.068605,39.117116,226.8
2969,2026-09-16T11:02:09,44.068438,39.11725,226.5
2970,2026-09-16T11:02:10,44.068271,39.117383,226.2
2971,2026-09-16T11:02:11,44.068104,39.117516,226.0
2972,2026-09-16T11:02:12,44.067938,39.11765,225.7
2973,2026-09-16T11:02:13,44.067771,39.117783,225.4
2974,2026-09-16T11:02:14,44.067604,39.117916,225.2
2975,2026-09-16T11:02:15,44.067438,39.11805,224.9
2976,2026-09-16T11:02:16,44.067271,39.118183,224.6
2977,2026-09-16T11:02:17,44.067104,39.118316,224.3
2978,2026-09-16T11:02:18,44.066938,39.11845,224.1
2979,2026-09-16T11:02:19,44.066771,39.118583,223.8
2980,2026-09-16T11:02:20,44.066604,39.118717,223.5
2981,2026-09-16T11:02:21,44.066438,39.11885,223.2
2982,2026-09-16T11:02:23,44.066104,39.119117,222.7
2983,2026-09-16T11:02:24,44.065938,39.11925,222.4
2984,2026-09-16T11:02:26,44.065604,39.119517,221.8
2985,2026-09-16T11:02:27,44.065438,39.11965,221.5
2986,2026-09-16T11:02:28,44.065271,39.119783,221.3
2987,2026-09-16T11:02:29,44.065104,39.119917,221.0
2988,2026-09-16T11:02:30,44.064937,39.12005,220.7
2989,2026-09-16T11:02:31,44.064771,39.120183,220.4
2990,2026-09-16T11:02:32,44.064604,39.120317,220.1
2991,2026-09-16T11:02:33,44.064437,39.12045,219.8
2992,2026-09-16T11:02:34,44.064271,39.120583,219.5
2993,2026-09-16T11:02:36,44.063937,39.12085,218.9
2994,2026-09-16T11:02:37,44.063771,39.120983,218.6
2995,2026-09-16T11:02:38,44.063604,39.121117,218.3
2996,2026-09-16T11:02:39,44.063437,39.12125,218.0
2997,2026-09-16T11:02:40,44.063271,39.121383,217.7
2998,2026-09-16T11:02:41,44.063104,39.121517,217.4
2999,2026-09-16T11:02:42,44.062937,39.12165,217.1
3000,2026-09-16T11:02:43,44.062771,39.121784,216.8
3001,2026-09-16T11:02:44,44.062604,39.121917,216.5
3002,2026-09-16T11:02:45,44.062437,39.12205,216.2
3003,2026-09-16T11:02:46,44.062271,39.122184,215.9
3004,2026-09-16T11:02:48,44.061937,39.12245,215.2
3005,2026-09-16T11:02:49,44.061771,39.122584,214.9
3006,2026-09-16T11:02:50,44.061604,39.122717,214.6
3007,2026-09-16T11:02:52,44.06127,39.122984,214.0
3008,2026-09-16T11:02:54,44.060937,39.12325,213.3
3009,2026-09-16T11:02:55,44.06077,39.123384,213.0
3010,2026-09-16T11:02:57,44.060437,39.12365,212.4
3011,2026-09-16T11:02:58,44.06027,39.123784,212.0
3012,2026-09-16T11:02:59,44.060104,39.123917,211.7
3013,2026-09-16T11:03:01,44.05977,39.124184,211.1
3014,2026-09-16T11:03:03,44.059437,39.12445,210.4
3015,2026-09-16T11:03:04,44.05927,39.124584,210.1
3016,2026-09-16T11:03:05,44.059104,39.124717,209.8
3017,2026-09-16T11:03:06,44.058937,39.12485,209.4
3018,2026-09-16T11:03:08,44.058604,39.125117,208.8
3019,2026-09-16T11:03:09,44.058437,39.125251,208.4
3020,2026-09-16T11:03:11,44.058103,39.125517,207.8
3021,2026-09-16T11:03:12,44.057937,39.125651,207.4
3022,2026-09-16T11:03:13,44.05777,39.125784,207.1
3023,2026-09-16T11:03:14,44.057603,39.125917,206.7
3024,2026-09-16T11:03:15,44.057437,39.126051,206.4
3025,2026-09-16T11:03:16,44.05727,39.126184,206.1
3026,2026-09-16T11:03:17,44.057103,39.126317,205.7
3027,2026-09-16T11:03:19,44.05677,39.126584,205.0
3028,2026-09-16T11:03:20,44.056603,39.126717,204.7
3029,2026-09-16T11:03:21,44.056437,39.126851,204.3
3030,2026-09-16T11:03:22,44.05627,39.126984,204.0
3031,2026-09-16T11:03:23,44.056103,39.127117,203.6
3032,2026-09-16T11:03:24,44.055937,39.127251,203.3
3033,2026-09-16T11:03:25,44.05577,39.127384,202.9
3034,2026-09-16T11:03:26,44.055603,39.127517,202.6
3035,2026-09-16T11:03:27,44.055437,39.127651,202.2
3036,2026-09-16T11:03:28,44.05527,39.127784,201.9
3037,2026-09-16T11:03:29,44.055103,39.127917,201.5
3038,2026-09-16T11:03:30,44.054936,39.128051,201.2
3039,2026-09-16T11:03:31,44.05477,39.128184,200.8
3040,2026-09-16T11:03:32,44.054603,39.128317,200.5
3041,2026-09-16T11:03:34,44.05427,39.128584,199.8
3042,2026-09-16T11:03:35,44.054103,39.128718,199.4
3043,2026-09-16T11:03:36,44.053936,39.128851,199.1
3044,2026-09-16T11:03:38,44.053603,39.129118,198.3
3045,2026-09-16T11:03:39,44.053436,39.129251,198.0
3046,2026-09-16T11:03:40,44.05327,39.129384,197.6
3047,2026-09-16T11:03:41,44.053103,39.129518,197.3
3048,2026-09-16T11:03:42,44.052936,39.129651,196.9
3049,2026-09-16T11:03:43,44.05277,39.129784,196.5
3050,2026-09-16T11:03:44,44.052603,39.129918,196.2
3051,2026-09-16T11:03:45,44.052436,39.130051,195.8
3052,2026-09-16T11:03:46,44.05227,39.130184,195.5
3053,2026-09-16T11:03:47,44.052103,39.130318,195.1
3054,2026-09-16T11:03:48,44.051936,39.130451,194.7
3055,2026-09-16T11:03:49,44.05177,39.130584,194.4
3056,2026-09-16T11:03:50,44.051603,39.130718,194.0
3057,2026-09-16T11:03:51,44.051436,39.130851,193.6
3058,2026-09-16T11:03:52,44.051269,39.130984,193.3
3059,2026-09-16T11:03:53,44.051103,39.131118,192.9
3060,2026-09-16T11:03:55,44.050769,39.131384,192.2
3061,2026-09-16T11:03:56,44.050603,39.131518,191.8
3062,2026-09-16T11:03:58,44.050269,39.131785,191.0
3063,2026-09-16T11:03:59,44.050103,39.131918,190.7
3064,2026-09-16T11:04:00,44.049936,39.132051,190.3
3065,2026-09-16T11:04:01,44.049769,39.132185,189.9
3066,2026-09-16T11:04:03,44.049436,39.132451,189.2
3067,2026-09-16T11:04:04,44.049269,39.132585,188.8
3068,2026-09-16T11:04:05,44.049103,39.132718,188.4
3069,2026-09-16T11:04:07,44.048769,39.132985,187.7
3070,2026-09-16T11:04:08,44.048603,39.133118,187.3
3071,2026-09-16T11:04:09,44.048436,39.133251,186.9
3072,2026-09-16T11:04:10,44.048269,39.133385,186.6
3073,2026-09-16T11:04:11,44.048102,39.133518,186.2
3074,2026-09-16T11:04:12,44.047936,39.133651,185.8
3075,2026-09-16T11:04:14,44.047602,39.133918,185.0
3076,2026-09-16T11:04:15,44.047436,39.134051,184.7
3077,2026-09-16T11:04:16,44.047269,39.134185,184.3
3078,2026-09-16T11:04:18,44.046936,39.134451,183.5
3079,2026-09-16T11:04:21,44.046436,39.134851,182.4
3080,2026-09-16T11:04:22,44.046269,39.134985,182.0
3081,2026-09-16T11:04:23,44.046102,39.135118,181.6
3082,2026-09-16T11:04:24,44.045936,39.135252,181.2
3083,2026-09-16T11:04:25,44.045769,39.135385,180.9
3084,2026-09-16T11:04:26,44.045602,39.135518,180.5
3085,2026-09-16T11:04:27,44.045436,39.135652,180.1
3086,2026-09-16T11:04:28,44.045269,39.135785,179.7
3087,2026-09-16T11:04:30,44.044935,39.136052,178.9
3088,2026-09-16T11:04:31,44.044769,39.136185,178.6
3089,2026-09-16T11:04:33,44.044435,39.136452,177.8
3090,2026-09-16T11:04:34,44.044269,39.136585,177.4
3091,2026-09-16T11:04:35,44.044102,39.136718,177.0
3092,2026-09-16T11:04:36,44.043935,39.136852,176.6
3093,2026-09-16T11:04:37,44.043769,39.136985,176.2
3094,2026-09-16T11:04:38,44.043602,39.137118,175.9
3095,2026-09-16T11:04:39,44.043435,39.137252,175.5
3096,2026-09-16T11:04:40,44.043269,39.137385,175.1
3097,2026-09-16T11:04:41,44.043102,39.137518,174.7
3098,2026-09-16T11:04:42,44.042935,39.137652,174.3
3099,2026-09-16T11:04:43,44.042769,39.137785,173.9
3100,2026-09-16T11:04:44,44.042602,39.137918,173.5
3101,2026-09-16T11:04:45,44.042435,39.138052,173.2
3102,2026-09-16T11:04:46,44.042269,39.138185,172.8
3103,2026-09-16T11:04:48,44.041935,39.138452,172.0
3104,2026-09-16T11:04:50,44.041602,39.138719,171.2
3105,2026-09-16T11:04:51,44.041435,39.138852,170.8
3106,2026-09-16T11:04:52,44.041268,39.138985,170.4
3107,2026-09-16T11:04:53,44.041102,39.139119,170.1
3108,2026-09-16T11:04:55,44.040768,39.139385,169.3
3109,2026-09-16T11:04:56,44.040602,39.139519,168.9
3110,2026-09-16T11:04:57,44.040435,39.139652,168.5
3111,2026-09-16T11:04:59,44.040102,39.139919,167.7
3112,2026-09-16T11:05:00,44.039935,39.140052,167.3
3113,2026-09-16T11:05:01,44.039768,39.140185,167.0
3114,2026-09-16T11:05:02,44.039602,39.140319,166.6
3115,2026-09-16T11:05:03,44.039435,39.140452,166.2
3116,2026-09-16T11:05:04,44.039268,39.140585,165.8
3117,2026-09-16T11:05:05,44.039102,39.140719,165.4
3118,2026-09-16T11:05:06,44.038935,39.140852,165.0
3119,2026-09-16T11:05:07,44.038768,39.140985,164.6
3120,2026-09-16T11:05:08,44.038602,39.141119,164.2
3121,2026-09-16T11:05:09,44.038435,39.141252,163.9
3122,2026-09-16T11:05:10,44.038268,39.141385,163.5
3123,2026-09-16T11:05:11,44.038101,39.141519,163.1
3124,2026-09-16T11:05:13,44.037768,39.141786,162.3
3125,2026-09-16T11:05:15,44.037435,39.142052,161.5
3126,2026-09-16T11:05:16,44.037268,39.142186,161.2
3127,2026-09-16T11:05:17,44.037101,39.142319,160.8
3128,2026-09-16T11:05:18,44.036935,39.142452,160.4
3129,2026-09-16T11:05:19,44.036768,39.142586,160.0
3130,2026-09-16T11:05:20,44.036601,39.142719,159.6
3131,2026-09-16T11:05:22,44.036268,39.142986,158.8
3132,2026-09-16T11:05:23,44.036101,39.143119,158.5
3133,2026-09-16T11:05:24,44.035935,39.143252,158.1
3134,2026-09-16T11:05:25,44.035768,39.143386,157.7
3135,2026-09-16T11:05:26,44.035601,39.143519,157.3
3136,2026-09-16T11:05:27,44.035435,39.143652,156.9
3137,2026-09-16T11:05:28,44.035268,39.143786,156.5
3138,2026-09-16T11:05:29,44.035101,39.143919,156.1
3139,2026-09-16T11:05:30,44.034934,39.144052,155.8
3140,2026-09-16T11:05:31,44.034768,39.144186,155.4
3141,2026-09-16T11:05:32,44.034601,39.144319,155.0
3142,2026-09-16T11:05:35,44.034101,39.144719,153.8
3143,2026-09-16T11:05:36,44.033934,39.144852,153.5
3144,2026-09-16T11:05:38,44.033601,39.145119,152.7
3145,2026-09-16T11:05:39,44.033434,39.145253,152.3
3146,2026-09-16T11:05:40,44.033268,39.145386,151.9
3147,2026-09-16T11:05:41,44.033101,39.145519,151.6
3148,2026-09-16T11:05:42,44.032934,39.145653,151.2
3149,2026-09-16T11:05:43,44.032768,39.145786,150.8
3150,2026-09-16T11:05:44,44.032601,39.145919,150.4
3151,2026-09-16T11:05:45,44.032434,39.146053,150.0
3152,2026-09-16T11:05:46,44.032268,39.146186,149.7
3153,2026-09-16T11:05:47,44.032101,39.146319,149.3
3154,2026-09-16T11:05:50,44.031601,39.146719,148.2
3155,2026-09-16T11:05:51,44.031434,39.146853,147.8
3156,2026-09-16T11:05:52,44.031267,39.146986,147.4
3157,2026-09-16T11:05:53,44.031101,39.147119,147.0
3158,2026-09-16T11:05:54,44.030934,39.147253,146.7
3159,2026-09-16T11:05:55,44.030767,39.147386,146.3
3160,2026-09-16T11:05:56,44.030601,39.147519,145.9
3161,2026-09-16T11:05:57,44.030434,39.147653,145.5
3162,2026-09-16T11:05:58,44.030267,39.147786,145.2
3163,2026-09-16T11:05:59,44.030101,39.147919,144.8
3164,2026-09-16T11:06:01,44.029767,39.148186,144.0
3165,2026-09-16T11:06:02,44.029601,39.148319,143.7
3166,2026-09-16T11:06:03,44.029434,39.148453,143.3
3167,2026-09-16T11:06:04,44.029267,39.148586,142.9
3168,2026-09-16T11:06:05,44.029101,39.14872,142.6
3169,2026-09-16T11:06:06,44.028934,39.148853,142.2
3170,2026-09-16T11:06:07,44.028767,39.148986,141.8
3171,2026-09-16T11:06:08,44.028601,39.14912,141.5
3172,2026-09-16T11:06:09,44.028434,39.149253,141.1
3173,2026-09-16T11:06:10,44.028267,39.149386,140.7
3174,2026-09-16T11:06:12,44.027934,39.149653,140.0
3175,2026-09-16T11:06:14,44.0276,39.14992,139.3
3176,2026-09-16T11:06:15,44.027434,39.150053,138.9
3177,2026-09-16T11:06:16,44.027267,39.150186,138.5
3178,2026-09-16T11:06:17,44.0271,39.15032,138.2
3179,2026-09-16T11:06:18,44.026934,39.150453,137.8
3180,2026-09-16T11:06:19,44.026767,39.150586,137.5
3181,2026-09-16T11:06:20,44.0266,39.15072,137.1
3182,2026-09-16T11:06:21,44.026434,39.150853,136.7
3183,2026-09-16T11:06:22,44.026267,39.150986,136.4
3184,2026-09-16T11:06:23,44.0261,39.15112,136.0
3185,2026-09-16T11:06:24,44.025934,39.151253,135.7
3186,2026-09-16T11:06:25,44.025767,39.151386,135.3
3187,2026-09-16T11:06:26,44.0256,39.15152,134.9
3188,2026-09-16T11:06:27,44.025434,39.151653,134.6
3189,2026-09-16T11:06:28,44.025267,39.151787,134.2
3190,2026-09-16T11:06:30,44.024933,39.152053,133.5
3191,2026-09-16T11:06:31,44.024767,39.152187,133.2
3192,2026-09-16T11:06:33,44.024433,39.152453,132.5
3193,2026-09-16T11:06:34,44.024267,39.152587,132.1
3194,2026-09-16T11:06:35,44.0241,39.15272,131.8
3195,2026-09-16T11:06:36,44.023933,39.152853,131.4
3196,2026-09-16T11:06:37,44.023767,39.152987,131.1
3197,2026-09-16T11:06:38,44.0236,39.15312,130.7
3198,2026-09-16T11:06:40,44.023267,39.153387,130.0
3199,2026-09-16T11:06:41,44.0231,39.15352,129.7
3200,2026-09-16T11:06:42,44.022933,39.153653,129.4
3201,2026-09-16T11:06:44,44.0226,39.15392,128.7
3202,2026-09-16T11:06:45,44.022433,39.154053,128.3
3203,2026-09-16T11:06:46,44.022267,39.154187,128.0
3204,2026-09-16T11:06:47,44.0221,39.15432,127.7
3205,2026-09-16T11:06:48,44.021933,39.154453,127.3
3206,2026-09-16T11:06:49,44.021767,39.154587,127.0
3207,2026-09-16T11:06:50,44.0216,39.15472,126.7
3208,2026-09-16T11:06:52,44.021266,39.154987,126.0
3209,2026-09-16T11:06:53,44.0211,39.15512,125.6
3210,2026-09-16T11:06:54,44.020933,39.155254,125.3
3211,2026-09-16T11:06:55,44.020766,39.155387,125.0
3212,2026-09-16T11:06:57,44.020433,39.155654,124.3
3213,2026-09-16T11:06:58,44.020266,39.155787,124.0
3214,2026-09-16T11:06:59,44.0201,39.15592,123.7
3215,2026-09-16T11:07:00,44.019933,39.156054,123.3
3216,2026-09-16T11:07:01,44.019766,39.156187,123.0
3217,2026-09-16T11:07:04,44.019266,39.156587,122.1
3218,2026-09-16T11:07:05,44.0191,39.15672,121.7
3219,2026-09-16T11:07:06,44.018933,39.156854,121.4
3220,2026-09-16T11:07:07,44.018766,39.156987,121.1
3221,2026-09-16T11:07:08,44.0186,39.15712,120.8
3222,2026-09-16T11:07:09,44.018433,39.157254,120.5
3223,2026-09-16T11:07:10,44.018266,39.157387,120.2
3224,2026-09-16T11:07:11,44.018099,39.15752,119.8
3225,2026-09-16T11:07:12,44.017933,39.157654,119.5
3226,2026-09-16T11:07:13,44.017766,39.157787,119.2
3227,2026-09-16T11:07:14,44.017599,39.15792,118.9
3228,2026-09-16T11:07:15,44.017433,39.158054,118.6
3229,2026-09-16T11:07:16,44.017266,39.158187,118.3
3230,2026-09-16T11:07:17,44.017099,39.15832,118.0
3231,2026-09-16T11:07:19,44.016766,39.158587,117.4
3232,2026-09-16T11:07:20,44.016599,39.158721,117.1
3233,2026-09-16T11:07:21,44.016433,39.158854,116.8
3234,2026-09-16T11:07:22,44.016266,39.158987,116.5
3235,2026-09-16T11:07:23,44.016099,39.159121,116.2
3236,2026-09-16T11:07:24,44.015933,39.159254,115.9
3237,2026-09-16T11:07:25,44.015766,39.159387,115.6
3238,2026-09-16T11:07:30,44.014932,39.160054,114.1
3239,2026-09-16T11:07:31,44.014766,39.160187,113.8
3240,2026-09-16T11:07:32,44.014599,39.160321,113.5
3241,2026-09-16T11:07:33,44.014432,39.160454,113.2
3242,2026-09-16T11:07:34,44.014266,39.160587,113.0
3243,2026-09-16T11:07:35,44.014099,39.160721,112.7
3244,2026-09-16T11:07:36,44.013932,39.160854,112.4
3245,2026-09-16T11:07:37,44.013766,39.160987,112.1
3246,2026-09-16T11:07:39,44.013432,39.161254,111.5
3247,2026-09-16T11:07:40,44.013266,39.161387,111.3
3248,2026-09-16T11:07:41,44.013099,39.161521,111.0
3249,2026-09-16T11:07:42,44.012932,39.161654,110.7
3250,2026-09-16T11:07:43,44.012766,39.161788,110.4
3251,2026-09-16T11:07:45,44.012432,39.162054,109.9
3252,2026-09-16T11:07:46,44.012266,39.162188,109.6
3253,2026-09-16T11:07:48,44.011932,39.162454,109.1
3254,2026-09-16T11:07:49,44.011766,39.162588,108.8
3255,2026-09-16T11:07:50,44.011599,39.162721,108.6
3256,2026-09-16T11:07:52,44.011265,39.162988,108.0
3257,2026-09-16T11:07:53,44.011099,39.163121,107.8
3258,2026-09-16T11:07:54,44.010932,39.163254,107.5
3259,2026-09-16T11:07:55,44.010765,39.163388,107.3
3260,2026-09-16T11:07:57,44.010432,39.163654,106.8
3261,2026-09-16T11:07:58,44.010265,39.163788,106.5
3262,2026-09-16T11:07:59,44.010099,39.163921,106.3
3263,2026-09-16T11:08:02,44.009599,39.164321,105.5
3264,2026-09-16T11:08:03,44.009432,39.164454,105.3
3265,2026-09-16T11:08:05,44.009099,39.164721,104.8
3266,2026-09-16T11:08:06,44.008932,39.164854,104.6
3267,2026-09-16T11:08:07,44.008765,39.164988,104.3
3268,2026-09-16T11:08:08,44.008599,39.165121,104.1
3269,2026-09-16T11:08:09,44.008432,39.165255,103.9
3270,2026-09-16T11:08:10,44.008265,39.165388,103.6
3271,2026-09-16T11:08:11,44.008098,39.165521,103.4
3272,2026-09-16T11:08:13,44.007765,39.165788,102.9
3273,2026-09-16T11:08:14,44.007598,39.165921,102.7
3274,2026-09-16T11:08:15,44.007432,39.166055,102.5
3275,2026-09-16T11:08:16,44.007265,39.166188,102.3
3276,2026-09-16T11:08:17,44.007098,39.166321,102.0
3277,2026-09-16T11:08:21,44.006432,39.166855,101.2
3278,2026-09-16T11:08:23,44.006098,39.167121,100.8
3279,2026-09-16T11:08:24,44.005932,39.167255,100.5
3280,2026-09-16T11:08:25,44.005765,39.167388,100.3
3281,2026-09-16T11:08:26,44.005598,39.167521,100.1
3282,2026-09-16T11:08:27,44.005432,39.167655,99.9
3283,2026-09-16T11:08:28,44.005265,39.167788,99.7
3284,2026-09-16T11:08:29,44.005098,39.167921,99.5
3285,2026-09-16T11:08:31,44.004765,39.168188,99.1
3286,2026-09-16T11:08:34,44.004265,39.168588,98.6
3287,2026-09-16T11:08:36,44.003931,39.168855,98.2
3288,2026-09-16T11:08:37,44.003765,39.168988,98.0
3289,2026-09-16T11:08:38,44.003598,39.169122,97.8
3290,2026-09-16T11:08:39,44.003431,39.169255,97.6
3291,2026-09-16T11:08:40,44.003265,39.169388,97.5
3292,2026-09-16T11:08:41,44.003098,39.169522,97.3
3293,2026-09-16T11:08:44,44.002598,39.169922,96.8
3294,2026-09-16T11:08:45,44.002431,39.170055,96.6
3295,2026-09-16T11:08:46,44.002265,39.170188,96.4
3296,2026-09-16T11:08:47,44.002098,39.170322,96.3
3297,2026-09-16T11:08:48,44.001931,39.170455,96.1
3298,2026-09-16T11:08:49,44.001765,39.170588,95.9
3299,2026-09-16T11:08:51,44.001431,39.170855,95.6
3300,2026-09-16T11:08:53,44.001098,39.171122,95.3
3301,2026-09-16T11:08:54,44.000931,39.171255,95.2
3302,2026-09-16T11:08:55,44.000764,39.171388,95.0
3303,2026-09-16T11:08:56,44.000598,39.171522,94.9
3304,2026-09-16T11:08:57,44.000431,39.171655,94.7
3305,2026-09-16T11:08:58,44.000264,39.171789,94.6
3306,2026-09-16T11:09:01,43.999764,39.172189,94.1
3307,2026-09-16T11:09:02,43.999598,39.172322,94.0
3308,2026-09-16T11:09:03,43.999431,39.172455,93.9
3309,2026-09-16T11:09:04,43.999264,39.172589,93.7
3310,2026-09-16T11:09:05,43.999098,39.172722,93.6
3311,2026-09-16T11:09:06,43.998931,39.172855,93.5
3312,2026-09-16T11:09:07,43.998764,39.172989,93.4
3313,2026-09-16T11:09:08,43.998598,39.173122,93.2
3314,2026-09-16T11:09:10,43.998264,39.173389,93.0
3315,2026-09-16T11:09:12,43.997931,39.173655,92.8
3316,2026-09-16T11:09:13,43.997764,39.173789,92.7
3317,2026-09-16T11:09:14,43.997597,39.173922,92.5
3318,2026-09-16T11:09:15,43.997431,39.174055,92.4
3319,2026-09-16T11:09:16,43.997264,39.174189,92.3
3320,2026-09-16T11:09:17,43.997097,39.174322,92.2
3321,2026-09-16T11:09:18,43.996931,39.174455,92.1
3322,2026-09-16T11:09:19,43.996764,39.174589,92.0
3323,2026-09-16T11:09:20,43.996597,39.174722,91.9
3324,2026-09-16T11:09:21,43.996431,39.174855,91.8
3325,2026-09-16T11:09:22,43.996264,39.174989,91.7
3326,2026-09-16T11:09:23,43.996097,39.175122,91.7
3327,2026-09-16T11:09:24,43.995931,39.175256,91.6
3328,2026-09-16T11:09:25,43.995764,39.175389,91.5
3329,2026-09-16T11:09:26,43.995597,39.175522,91.4
3330,2026-09-16T11:09:27,43.995431,39.175656,91.3
3331,2026-09-16T11:09:28,43.995264,39.175789,91.2
3332,2026-09-16T11:09:29,43.995097,39.175922,91.2
3333,2026-09-16T11:09:31,43.994764,39.176189,91.0
3334,2026-09-16T11:09:32,43.994597,39.176322,91.0
3335,2026-09-16T11:09:33,43.99443,39.176456,90.9
3336,2026-09-16T11:09:34,43.994264,39.176589,90.8
3337,2026-09-16T11:09:35,43.994097,39.176722,90.8
3338,2026-09-16T11:09:36,43.99393,39.176856,90.7
3339,2026-09-16T11:09:37,43.993764,39.176989,90.6
3340,2026-09-16T11:09:38,43.993597,39.177122,90.6
3341,2026-09-16T11:09:39,43.99343,39.177256,90.5
3342,2026-09-16T11:09:40,43.993264,39.177389,90.5
3343,2026-09-16T11:09:42,43.99293,39.177656,90.4
3344,2026-09-16T11:09:43,43.992764,39.177789,90.3
3345,2026-09-16T11:09:44,43.992597,39.177922,90.3
3346,2026-09-16T11:09:46,43.992264,39.178189,90.2
3347,2026-09-16T11:09:47,43.992097,39.178322,90.2
3348,2026-09-16T11:09:48,43.99193,39.178456,90.2
3349,2026-09-16T11:09:49,43.991764,39.178589,90.1
3350,2026-09-16T11:09:52,43.991263,39.178989,90.1
3351,2026-09-16T11:09:55,43.990763,39.179389,90.0
3352,2026-09-16T11:09:56,43.990597,39.179523,90.0
3353,2026-09-16T11:09:57,43.99043,39.179656,90.0
3354,2026-09-16T11:09:58,43.990263,39.179789,90.0
3355,2026-09-16T11:09:59,43.990097,39.179923,90.0
3356,2026-09-16T11:10:00,43.989937,39.180084,90.0
3357,2026-09-16T11:10:01,43.989787,39.180284,90.0
3358,2026-09-16T11:10:03,43.989487,39.180684,90.0
3359,2026-09-16T11:10:04,43.989337,39.180884,90.0
3360,2026-09-16T11:10:06,43.989037,39.181284,90.0
3361,2026-09-16T11:10:07,43.988887,39.181484,90.0
3362,2026-09-16T11:10:08,43.988737,39.181684,90.0
3363,2026-09-16T11:10:09,43.988587,39.181884,89.9
3364,2026-09-16T11:10:11,43.988287,39.182284,89.9
3365,2026-09-16T11:10:12,43.988137,39.182484,89.9
3366,2026-09-16T11:10:13,43.987987,39.182684,89.9
3367,2026-09-16T11:10:14,43.987837,39.182884,89.9
3368,2026-09-16T11:10:15,43.987687,39.183084,89.9
3369,2026-09-16T11:10:18,43.987237,39.183684,89.8
3370,2026-09-16T11:10:19,43.987087,39.183884,89.8
3371,2026-09-16T11:10:21,43.986787,39.184284,89.7
3372,2026-09-16T11:10:22,43.986637,39.184484,89.7
3373,2026-09-16T11:10:23,43.986487,39.184684,89.7
3374,2026-09-16T11:10:24,43.986337,39.184884,89.7
3375,2026-09-16T11:10:25,43.986187,39.185085,89.6
3376,2026-09-16T11:10:26,43.986037,39.185285,89.6
3377,2026-09-16T11:10:27,43.985887,39.185485,89.6
3378,2026-09-16T11:10:31,43.985287,39.186285,89.4
3379,2026-09-16T11:10:32,43.985137,39.186485,89.4
3380,2026-09-16T11:10:33,43.984986,39.186685,89.4
3381,2026-09-16T11:10:34,43.984836,39.186885,89.3
3382,2026-09-16T11:10:35,43.984686,39.187085,89.3
3383,2026-09-16T11:10:36,43.984536,39.187285,89.3
3384,2026-09-16T11:10:37,43.984386,39.187485,89.2
3385,2026-09-16T11:10:38,43.984236,39.187685,89.2
3386,2026-09-16T11:10:40,43.983936,39.188085,89.1
3387,2026-09-16T11:10:41,43.983786,39.188285,89.0
3388,2026-09-16T11:10:42,43.983636,39.188485,89.0
3389,2026-09-16T11:10:43,43.983486,39.188685,89.0
3390,2026-09-16T11:10:44,43.983336,39.188885,88.9
3391,2026-09-16T11:10:45,43.983186,39.189085,88.9
3392,2026-09-16T11:10:46,43.983036,39.189285,88.8
3393,2026-09-16T11:10:47,43.982886,39.189485,88.8
3394,2026-09-16T11:10:49,43.982586,39.189885,88.7
3395,2026-09-16T11:10:50,43.982436,39.190085,88.6
3396,2026-09-16T11:10:51,43.982286,39.190285,88.5
3397,2026-09-16T11:10:53,43.981986,39.190685,88.4
3398,2026-09-16T11:10:55,43.981686,39.191085,88.3
3399,2026-09-16T11:10:56,43.981536,39.191285,88.3
3400,2026-09-16T11:10:57,43.981386,39.191485,88.2
3401,2026-09-16T11:10:58,43.981236,39.191685,88.1
3402,2026-09-16T11:10:59,43.981086,39.191885,88.1
3403,2026-09-16T11:11:00,43.980936,39.192085,88.0
3404,2026-09-16T11:11:01,43.980786,39.192285,87.9
3405,2026-09-16T11:11:02,43.980636,39.192485,87.9
3406,2026-09-16T11:11:03,43.980486,39.192685,87.8
3407,2026-09-16T11:11:04,43.980336,39.192885,87.8
3408,2026-09-16T11:11:05,43.980186,39.193085,87.7
3409,2026-09-16T11:11:06,43.980036,39.193285,87.6
3410,2026-09-16T11:11:07,43.979886,39.193485,87.5
3411,2026-09-16T11:11:08,43.979736,39.193685,87.5
3412,2026-09-16T11:11:10,43.979436,39.194085,87.3
3413,2026-09-16T11:11:12,43.979136,39.194485,87.2
3414,2026-09-16T11:11:13,43.978986,39.194685,87.1
3415,2026-09-16T11:11:14,43.978836,39.194885,87.0
3416,2026-09-16T11:11:15,43.978686,39.195086,87.0
3417,2026-09-16T11:11:16,43.978536,39.195286,86.9
3418,2026-09-16T11:11:17,43.978386,39.195486,86.8
3419,2026-09-16T11:11:18,43.978236,39.195686,86.7
3420,2026-09-16T11:11:19,43.978086,39.195886,86.6
3421,2026-09-16T11:11:20,43.977936,39.196086,86.6
3422,2026-09-16T11:11:21,43.977786,39.196286,86.5
3423,2026-09-16T11:11:22,43.977636,39.196486,86.4
3424,2026-09-16T11:11:23,43.977486,39.196686,86.3
3425,2026-09-16T11:11:24,43.977336,39.196886,86.2
3426,2026-09-16T11:11:25,43.977186,39.197086,86.1
3427,2026-09-16T11:11:26,43.977036,39.197286,86.1
3428,2026-09-16T11:11:27,43.976886,39.197486,86.0
3429,2026-09-16T11:11:29,43.976586,39.197886,85.8
3430,2026-09-16T11:11:30,43.976436,39.198086,85.7
3431,2026-09-16T11:11:31,43.976286,39.198286,85.6
3432,2026-09-16T11:11:32,43.976136,39.198486,85.5
3433,2026-09-16T11:11:33,43.975986,39.198686,85.4
3434,2026-09-16T11:11:35,43.975686,39.199086,85.3
3435,2026-09-16T11:11:36,43.975536,39.199286,85.2
3436,2026-09-16T11:11:37,43.975386,39.199486,85.1
3437,2026-09-16T11:11:38,43.975236,39.199686,85.0
3438,2026-09-16T11:11:39,43.975086,39.199886,84.9
3439,2026-09-16T11:11:40,43.974935,39.200086,84.8
3440,2026-09-16T11:11:41,43.974785,39.200286,84.7
3441,2026-09-16T11:11:43,43.974485,39.200686,84.5
3442,2026-09-16T11:11:44,43.974335,39.200886,84.4
3443,2026-09-16T11:11:45,43.974185,39.201086,84.3
3444,2026-09-16T11:11:46,43.974035,39.201286,84.2
3445,2026-09-16T11:11:47,43.973885,39.201486,84.1
3446,2026-09-16T11:11:48,43.973735,39.201686,84.0
3447,2026-09-16T11:11:49,43.973585,39.201886,83.9
3448,2026-09-16T11:11:50,43.973435,39.202086,83.8
3449,2026-09-16T11:11:51,43.973285,39.202286,83.7
3450,2026-09-16T11:11:52,43.973135,39.202486,83.5
3451,2026-09-16T11:11:54,43.972835,39.202886,83.3
3452,2026-09-16T11:11:55,43.972685,39.203086,83.2
3453,2026-09-16T11:11:56,43.972535,39.203286,83.1
3454,2026-09-16T11:11:57,43.972385,39.203486,83.0
3455,2026-09-16T11:11:58,43.972235,39.203686,82.9
3456,2026-09-16T11:11:59,43.972085,39.203886,82.8
3457,2026-09-16T11:12:00,43.971935,39.204086,82.7
3458,2026-09-16T11:12:02,43.971635,39.204486,82.4
3459,2026-09-16T11:12:03,43.971485,39.204686,82.3
3460,2026-09-16T11:12:04,43.971335,39.204886,82.2
3461,2026-09-16T11:12:05,43.971185,39.205087,82.1
3462,2026-09-16T11:12:07,43.970885,39.205487,81.9
3463,2026-09-16T11:12:08,43.970735,39.205687,81.8
3464,2026-09-16T11:12:10,43.970435,39.206087,81.5
3465,2026-09-16T11:12:11,43.970285,39.206287,81.4
3466,2026-09-16T11:12:12,43.970135,39.206487,81.3
3467,2026-09-16T11:12:13,43.969985,39.206687,81.2
3468,2026-09-16T11:12:14,43.969835,39.206887,81.0
3469,2026-09-16T11:12:15,43.969685,39.207087,80.9
3470,2026-09-16T11:12:16,43.969535,39.207287,80.8
3471,2026-09-16T11:12:20,43.968935,39.208087,80.3
3472,2026-09-16T11:12:26,43.968035,39.209287,79.5
3473,2026-09-16T11:12:28,43.967735,39.209687,79.3
3474,2026-09-16T11:12:29,43.967585,39.209887,79.1
3475,2026-09-16T11:12:31,43.967285,39.210287,78.9
3476,2026-09-16T11:12:32,43.967135,39.210487,78.7
3477,2026-09-16T11:12:33,43.966985,39.210687,78.6
3478,2026-09-16T11:12:35,43.966685,39.211087,78.3
3479,2026-09-16T11:12:36,43.966535,39.211287,78.2
3480,2026-09-16T11:12:37,43.966385,39.211487,78.1
3481,2026-09-16T11:12:38,43.966235,39.211687,77.9
3482,2026-09-16T11:12:39,43.966085,39.211887,77.8
3483,2026-09-16T11:12:40,43.965935,39.212087,77.7
3484,2026-09-16T11:12:41,43.965785,39.212287,77.5
3485,2026-09-16T11:12:43,43.965485,39.212687,77.2
3486,2026-09-16T11:12:44,43.965335,39.212887,77.1
3487,2026-09-16T11:12:45,43.965185,39.213087,77.0
3488,2026-09-16T11:12:46,43.965035,39.213287,76.8
3489,2026-09-16T11:12:48,43.964734,39.213687,76.5
3490,2026-09-16T11:12:49,43.964584,39.213887,76.4
3491,2026-09-16T11:12:50,43.964434,39.214087,76.3
3492,2026-09-16T11:12:51,43.964284,39.214287,76.1
3493,2026-09-16T11:12:53,43.963984,39.214687,75.8
3494,2026-09-16T11:12:55,43.963684,39.215088,75.5
3495,2026-09-16T11:12:56,43.963534,39.215288,75.4
3496,2026-09-16T11:12:57,43.963384,39.215488,75.3
3497,2026-09-16T11:12:58,43.963234,39.215688,75.1
3498,2026-09-16T11:12:59,43.963084,39.215888,75.0
3499,2026-09-16T11:13:00,43.962934,39.216088,74.8
3500,2026-09-16T11:13:02,43.962634,39.216488,74.5
3501,2026-09-16T11:13:03,43.962484,39.216688,74.4
3502,2026-09-16T11:13:04,43.962334,39.216888,74.2
3503,2026-09-16T11:13:05,43.962184,39.217088,74.1
3504,2026-09-16T11:13:07,43.961884,39.217488,73.8
3505,2026-09-16T11:13:08,43.961734,39.217688,73.6
3506,2026-09-16T11:13:09,43.961584,39.217888,73.5
3507,2026-09-16T11:13:10,43.961434,39.218088,73.3
3508,2026-09-16T11:13:11,43.961284,39.218288,73.2
3509,2026-09-16T11:13:12,43.961134,39.218488,73.0
3510,2026-09-16T11:13:13,43.960984,39.218688,72.9
3511,2026-09-16T11:13:16,43.960534,39.219288,72.4
3512,2026-09-16T11:13:19,43.960084,39.219888,71.9
3513,2026-09-16T11:13:20,43.959934,39.220088,71.8
3514,2026-09-16T11:13:21,43.959784,39.220288,71.6
3515,2026-09-16T11:13:22,43.959634,39.220488,71.5
3516,2026-09-16T11:13:23,43.959484,39.220688,71.3
3517,2026-09-16T11:13:24,43.959334,39.220888,71.2
3518,2026-09-16T11:13:25,43.959184,39.221088,71.0
3519,2026-09-16T11:13:26,43.959034,39.221288,70.8
3520,2026-09-16T11:13:27,43.958884,39.221488,70.7
3521,2026-09-16T11:13:28,43.958734,39.221688,70.5
3522,2026-09-16T11:13:29,43.958584,39.221888,70.4
3523,2026-09-16T11:13:30,43.958434,39.222088,70.2
3524,2026-09-16T11:13:31,43.958284,39.222288,70.0
3525,2026-09-16T11:13:32,43.958134,39.222488,69.9
3526,2026-09-16T11:13:33,43.957984,39.222688,69.7
3527,2026-09-16T11:13:35,43.957684,39.223088,69.4
3528,2026-09-16T11:13:36,43.957534,39.223288,69.2
3529,2026-09-16T11:13:37,43.957384,39.223488,69.1
3530,2026-09-16T11:13:39,43.957084,39.223888,68.8
3531,2026-09-16T11:13:40,43.956934,39.224088,68.6
3532,2026-09-16T11:13:41,43.956784,39.224288,68.4
3533,2026-09-16T11:13:42,43.956634,39.224488,68.3
3534,2026-09-16T11:13:44,43.956334,39.224888,67.9
3535,2026-09-16T11:13:45,43.956184,39.225089,67.8
3536,2026-09-16T11:13:46,43.956034,39.225289,67.6
3537,2026-09-16T11:13:47,43.955884,39.225489,67.4
3538,2026-09-16T11:13:48,43.955734,39.225689,67.3
3539,2026-09-16T11:13:49,43.955584,39.225889,67.1
3540,2026-09-16T11:13:50,43.955434,39.226089,67.0
3541,2026-09-16T11:13:51,43.955284,39.226289,66.8
3542,2026-09-16T11:13:52,43.955134,39.226489,66.6
3543,2026-09-16T11:13:53,43.954983,39.226689,66.5
3544,2026-09-16T11:13:54,43.954833,39.226889,66.3
3545,2026-09-16T11:13:55,43.954683,39.227089,66.1
3546,2026-09-16T11:13:57,43.954383,39.227489,65.8
3547,2026-09-16T11:13:59,43.954083,39.227889,65.5
3548,2026-09-16T11:14:00,43.953933,39.228089,65.3
3549,2026-09-16T11:14:01,43.953783,39.228289,65.1
3550,2026-09-16T11:14:03,43.953483,39.228689,64.8
3551,2026-09-16T11:14:04,43.953333,39.228889,64.6
3552,2026-09-16T11:14:05,43.953183,39.229089,64.4
3553,2026-09-16T11:14:06,43.953033,39.229289,64.3
3554,2026-09-16T11:14:08,43.952733,39.229689,63.9
3555,2026-09-16T11:14:09,43.952583,39.229889,63.8
3556,2026-09-16T11:14:11,43.952283,39.230289,63.4
3557,2026-09-16T11:14:12,43.952133,39.230489,63.3
3558,2026-09-16T11:14:13,43.951983,39.230689,63.1
3559,2026-09-16T11:14:14,43.951833,39.230889,62.9
3560,2026-09-16T11:14:15,43.951683,39.231089,62.7
3561,2026-09-16T11:14:16,43.951533,39.231289,62.6
3562,2026-09-16T11:14:17,43.951383,39.231489,62.4
3563,2026-09-16T11:14:18,43.951233,39.231689,62.2
3564,2026-09-16T11:14:19,43.951083,39.231889,62.1
3565,2026-09-16T11:14:20,43.950933,39.232089,61.9
3566,2026-09-16T11:14:21,43.950783,39.232289,61.7
3567,2026-09-16T11:14:22,43.950633,39.232489,61.5
3568,2026-09-16T11:14:24,43.950333,39.232889,61.2
3569,2026-09-16T11:14:25,43.950183,39.233089,61.0
3570,2026-09-16T11:14:26,43.950033,39.233289,60.8
3571,2026-09-16T11:14:28,43.949733,39.233689,60.5
3572,2026-09-16T11:14:29,43.949583,39.233889,60.3
3573,2026-09-16T11:14:30,43.949433,39.234089,60.2
3574,2026-09-16T11:14:31,43.949283,39.234289,60.0
3575,2026-09-16T11:14:32,43.949133,39.234489,59.8
3576,2026-09-16T11:14:33,43.948983,39.234689,59.6
3577,2026-09-16T11:14:36,43.948533,39.23529,59.1
3578,2026-09-16T11:14:38,43.948233,39.23569,58.8
3579,2026-09-16T11:14:39,43.948083,39.23589,58.6
3580,2026-09-16T11:14:40,43.947933,39.23609,58.4
3581,2026-09-16T11:14:41,43.947783,39.23629,58.2
3582,2026-09-16T11:14:42,43.947633,39.23649,58.1
3583,2026-09-16T11:14:43,43.947483,39.23669,57.9
3584,2026-09-16T11:14:45,43.947183,39.23709,57.5
3585,2026-09-16T11:14:46,43.947033,39.23729,57.4
3586,2026-09-16T11:14:47,43.946883,39.23749,57.2
3587,2026-09-16T11:14:48,43.946733,39.23769,57.0
3588,2026-09-16T11:14:49,43.946583,39.23789,56.8
3589,2026-09-16T11:14:50,43.946433,39.23809,56.7
3590,2026-09-16T11:14:51,43.946283,39.23829,56.5
3591,2026-09-16T11:14:52,43.946133,39.23849,56.3
3592,2026-09-16T11:14:53,43.945983,39.23869,56.1
3593,2026-09-16T11:14:54,43.945833,39.23889,56.0
3594,2026-09-16T11:14:55,43.945683,39.23909,55.8
3595,2026-09-16T11:14:56,43.945533,39.23929,55.6
3596,2026-09-16T11:14:57,43.945383,39.23949,55.4
3597,2026-09-16T11:14:58,43.945233,39.23969,55.3
3598,2026-09-16T11:14:59,43.945083,39.23989,55.1
3599,2026-09-16T11:15:00,43.944932,39.24009,54.9
3600,2026-09-16T11:15:01,43.944782,39.24029,54.7
3601,2026-09-16T11:15:03,43.944482,39.24069,54.4
3602,2026-09-16T11:15:05,43.944182,39.24109,54.0
3603,2026-09-16T11:15:07,43.943882,39.24149,53.7
3604,2026-09-16T11:15:08,43.943732,39.24169,53.5
3605,2026-09-16T11:15:09,43.943582,39.24189,53.3
3606,2026-09-16T11:15:10,43.943432,39.24209,53.2
3607,2026-09-16T11:15:12,43.943132,39.24249,52.8
3608,2026-09-16T11:15:15,43.942682,39.24309,52.3
3609,2026-09-16T11:15:17,43.942382,39.24349,51.9
3610,2026-09-16T11:15:20,43.941932,39.24409,51.4
3611,2026-09-16T11:15:22,43.941632,39.24449,51.1
3612,2026-09-16T11:15:23,43.941482,39.24469,50.9
3613,2026-09-16T11:15:24,43.941332,39.24489,50.7
3614,2026-09-16T11:15:25,43.941182,39.245091,50.6
3615,2026-09-16T11:15:26,43.941032,39.245291,50.4
3616,2026-09-16T11:15:27,43.940882,39.245491,50.2
3617,2026-09-16T11:15:28,43.940732,39.245691,50.0
3618,2026-09-16T11:15:29,43.940582,39.245891,49.9
3619,2026-09-16T11:15:30,43.940432,39.246091,49.7
3620,2026-09-16T11:15:31,43.940282,39.246291,49.5
3621,2026-09-16T11:15:32,43.940132,39.246491,49.3
3622,2026-09-16T11:15:33,43.939982,39.246691,49.2
3623,2026-09-16T11:15:35,43.939682,39.247091,48.8
3624,2026-09-16T11:15:36,43.939532,39.247291,48.7
3625,2026-09-16T11:15:37,43.939382,39.247491,48.5
3626,2026-09-16T11:15:38,43.939232,39.247691,48.3
3627,2026-09-16T11:15:42,43.938632,39.248491,47.6
3628,2026-09-16T11:15:43,43.938482,39.248691,47.4
3629,2026-09-16T11:15:44,43.938332,39.248891,47.3
3630,2026-09-16T11:15:45,43.938182,39.249091,47.1
3631,2026-09-16T11:15:46,43.938032,39.249291,46.9
3632,2026-09-16T11:15:47,43.937882,39.249491,46.8
3633,2026-09-16T11:15:48,43.937732,39.249691,46.6
3634,2026-09-16T11:15:50,43.937432,39.250091,46.3
3635,2026-09-16T11:15:51,43.937282,39.250291,46.1
3636,2026-09-16T11:15:52,43.937132,39.250491,45.9
3637,2026-09-16T11:15:54,43.936832,39.250891,45.6
3638,2026-09-16T11:15:55,43.936682,39.251091,45.4
3639,2026-09-16T11:15:56,43.936532,39.251291,45.2
3640,2026-09-16T11:15:57,43.936382,39.251491,45.1
3641,2026-09-16T11:15:58,43.936232,39.251691,44.9
3642,2026-09-16T11:15:59,43.936082,39.251891,44.7
3643,2026-09-16T11:16:00,43.935932,39.252091,44.6
3644,2026-09-16T11:16:01,43.935782,39.252291,44.4
3645,2026-09-16T11:16:03,43.935482,39.252691,44.1
3646,2026-09-16T11:16:04,43.935332,39.252891,43.9
3647,2026-09-16T11:16:05,43.935182,39.253091,43.7
3648,2026-09-16T11:16:06,43.935032,39.253291,43.6
3649,2026-09-16T11:16:07,43.934881,39.253491,43.4
3650,2026-09-16T11:16:09,43.934581,39.253891,43.1
3651,2026-09-16T11:16:10,43.934431,39.254091,42.9
3652,2026-09-16T11:16:11,43.934281,39.254291,42.7
3653,2026-09-16T11:16:12,43.934131,39.254491,42.6
3654,2026-09-16T11:16:13,43.933981,39.254691,42.4
3655,2026-09-16T11:16:14,43.933831,39.254891,42.2
3656,2026-09-16T11:16:16,43.933531,39.255292,41.9
3657,2026-09-16T11:16:17,43.933381,39.255492,41.7
3658,2026-09-16T11:16:18,43.933231,39.255692,41.6
3659,2026-09-16T11:16:19,43.933081,39.255892,41.4
3660,2026-09-16T11:16:20,43.932931,39.256092,41.3
3661,2026-09-16T11:16:21,43.932781,39.256292,41.1
3662,2026-09-16T11:16:23,43.932481,39.256692,40.8
3663,2026-09-16T11:16:24,43.932331,39.256892,40.6
3664,2026-09-16T11:16:25,43.932181,39.257092,40.4
3665,2026-09-16T11:16:26,43.932031,39.257292,40.3
3666,2026-09-16T11:16:27,43.931881,39.257492,40.1
3667,2026-09-16T11:16:29,43.931581,39.257892,39.8
3668,2026-09-16T11:16:30,43.931431,39.258092,39.6
3669,2026-09-16T11:16:31,43.931281,39.258292,39.5
3670,2026-09-16T11:16:32,43.931131,39.258492,39.3
3671,2026-09-16T11:16:33,43.930981,39.258692,39.2
3672,2026-09-16T11:16:34,43.930831,39.258892,39.0
3673,2026-09-16T11:16:35,43.930681,39.259092,38.9
3674,2026-09-16T11:16:36,43.930531,39.259292,38.7
3675,2026-09-16T11:16:37,43.930381,39.259492,38.5
3676,2026-09-16T11:16:38,43.930231,39.259692,38.4
3677,2026-09-16T11:16:39,43.930081,39.259892,38.2
3678,2026-09-16T11:16:40,43.929931,39.260092,38.1
3679,2026-09-16T11:16:41,43.929781,39.260292,37.9
3680,2026-09-16T11:16:42,43.929631,39.260492,37.8
3681,2026-09-16T11:16:43,43.929481,39.260692,37.6
3682,2026-09-16T11:16:45,43.929181,39.261092,37.3
3683,2026-09-16T11:16:48,43.928731,39.261692,36.8
3684,2026-09-16T11:16:49,43.928581,39.261892,36.7
3685,2026-09-16T11:16:50,43.928431,39.262092,36.5
3686,2026-09-16T11:16:51,43.928281,39.262292,36.4
3687,2026-09-16T11:16:52,43.928131,39.262492,36.2
3688,2026-09-16T11:16:54,43.927831,39.262892,35.9
3689,2026-09-16T11:16:55,43.927681,39.263092,35.8
3690,2026-09-16T11:16:56,43.927531,39.263292,35.6
3691,2026-09-16T11:16:57,43.927381,39.263492,35.5
3692,2026-09-16T11:16:58,43.927231,39.263692,35.3
3693,2026-09-16T11:16:59,43.927081,39.263892,35.2
3694,2026-09-16T11:17:00,43.926931,39.264092,35.1
3695,2026-09-16T11:17:01,43.926781,39.264292,34.9
3696,2026-09-16T11:17:02,43.926631,39.264492,34.8
3697,2026-09-16T11:17:04,43.926331,39.264892,34.5
3698,2026-09-16T11:17:06,43.926031,39.265293,34.2
3699,2026-09-16T11:17:07,43.925881,39.265493,34.0
3700,2026-09-16T11:17:08,43.925731,39.265693,33.9
3701,2026-09-16T11:17:09,43.925581,39.265893,33.8
3702,2026-09-16T11:17:12,43.925131,39.266493,33.3
3703,2026-09-16T11:17:13,43.92498,39.266693,33.2
3704,2026-09-16T11:17:14,43.92483,39.266893,33.0
3705,2026-09-16T11:17:15,43.92468,39.267093,32.9
3706,2026-09-16T11:17:16,43.92453,39.267293,32.8
3707,2026-09-16T11:17:17,43.92438,39.267493,32.6
3708,2026-09-16T11:17:19,43.92408,39.267893,32.4
3709,2026-09-16T11:17:21,43.92378,39.268293,32.1
3710,2026-09-16T11:17:22,43.92363,39.268493,31.9
3711,2026-09-16T11:17:23,43.92348,39.268693,31.8
3712,2026-09-16T11:17:24,43.92333,39.268893,31.7
3713,2026-09-16T11:17:26,43.92303,39.269293,31.4
3714,2026-09-16T11:17:27,43.92288,39.269493,31.3
3715,2026-09-16T11:17:28,43.92273,39.269693,31.1
3716,2026-09-16T11:17:30,43.92243,39.270093,30.9
3717,2026-09-16T11:17:31,43.92228,39.270293,30.7
3718,2026-09-16T11:17:32,43.92213,39.270493,30.6
3719,2026-09-16T11:17:33,43.92198,39.270693,30.5
3720,2026-09-16T11:17:34,43.92183,39.270893,30.4
3721,2026-09-16T11:17:35,43.92168,39.271093,30.2
3722,2026-09-16T11:17:37,43.92138,39.271493,30.0
3723,2026-09-16T11:17:38,43.92123,39.271693,29.8
3724,2026-09-16T11:17:39,43.92108,39.271893,29.7
3725,2026-09-16T11:17:40,43.92093,39.272093,29.6
3726,2026-09-16T11:17:41,43.92078,39.272293,29.5
3727,2026-09-16T11:17:42,43.92063,39.272493,29.3
3728,2026-09-16T11:17:43,43.92048,39.272693,29.2
3729,2026-09-16T11:17:44,43.92033,39.272893,29.1
3730,2026-09-16T11:17:45,43.92018,39.273093,29.0
3731,2026-09-16T11:17:46,43.92003,39.273293,28.9
3732,2026-09-16T11:17:47,43.91988,39.273493,28.7
3733,2026-09-16T11:17:48,43.91973,39.273693,28.6
3734,2026-09-16T11:17:49,43.91958,39.273893,28.5
3735,2026-09-16T11:17:50,43.91943,39.274093,28.4
3736,2026-09-16T11:17:51,43.91928,39.274293,28.3
3737,2026-09-16T11:17:53,43.91898,39.274693,28.0
3738,2026-09-16T11:17:54,43.91883,39.274893,27.9
3739,2026-09-16T11:17:55,43.91868,39.275094,27.8
3740,2026-09-16T11:17:56,43.91853,39.275294,27.7
3741,2026-09-16T11:17:57,43.91838,39.275494,27.6
3742,2026-09-16T11:17:58,43.91823,39.275694,27.5
3743,2026-09-16T11:17:59,43.91808,39.275894,27.3
3744,2026-09-16T11:18:00,43.91793,39.276094,27.2
3745,2026-09-16T11:18:01,43.91778,39.276294,27.1
3746,2026-09-16T11:18:02,43.91763,39.276494,27.0
3747,2026-09-16T11:18:03,43.91748,39.276694,26.9
3748,2026-09-16T11:18:06,43.91703,39.277294,26.6
3749,2026-09-16T11:18:07,43.91688,39.277494,26.5
3750,2026-09-16T11:18:08,43.91673,39.277694,26.4
3751,2026-09-16T11:18:10,43.91643,39.278094,26.1
3752,2026-09-16T11:18:11,43.91628,39.278294,26.0
3753,2026-09-16T11:18:13,43.91598,39.278694,25.8
3754,2026-09-16T11:18:14,43.91583,39.278894,25.7
3755,2026-09-16T11:18:16,43.91553,39.279294,25.5
3756,2026-09-16T11:18:17,43.91538,39.279494,25.4
3757,2026-09-16T11:18:19,43.91508,39.279894,25.2
3758,2026-09-16T11:18:20,43.914929,39.280094,25.1
3759,2026-09-16T11:18:21,43.914779,39.280294,25.0
3760,2026-09-16T11:18:22,43.914629,39.280494,24.9
3761,2026-09-16T11:18:23,43.914479,39.280694,24.9
3762,2026-09-16T11:18:25,43.914179,39.281094,24.7
3763,2026-09-16T11:18:26,43.914029,39.281294,24.6
3764,2026-09-16T11:18:27,43.913879,39.281494,24.5
3765,2026-09-16T11:18:29,43.913579,39.281894,24.3
3766,2026-09-16T11:18:31,43.913279,39.282294,24.1
3767,2026-09-16T11:18:33,43.912979,39.282694,23.9
3768,2026-09-16T11:18:34,43.912829,39.282894,23.9
3769,2026-09-16T11:18:35,43.912679,39.283094,23.8
3770,2026-09-16T11:18:37,43.912379,39.283494,23.6
3771,2026-09-16T11:18:38,43.912229,39.283694,23.5
3772,2026-09-16T11:18:39,43.912079,39.283894,23.4
3773,2026-09-16T11:18:40,43.911929,39.284094,23.4
3774,2026-09-16T11:18:42,43.911629,39.284494,23.2
3775,2026-09-16T11:18:43,43.911479,39.284694,23.1
3776,2026-09-16T11:18:44,43.911329,39.284894,23.0
3777,2026-09-16T11:18:45,43.911179,39.285095,23.0
3778,2026-09-16T11:18:46,43.911029,39.285295,22.9
3779,2026-09-16T11:18:47,43.910879,39.285495,22.8
3780,2026-09-16T11:18:48,43.910729,39.285695,22.7
3781,2026-09-16T11:18:49,43.910579,39.285895,22.7
3782,2026-09-16T11:18:50,43.910429,39.286095,22.6
3783,2026-09-16T11:18:52,43.910129,39.286495,22.5
3784,2026-09-16T11:18:53,43.909979,39.286695,22.4
3785,2026-09-16T11:18:55,43.909679,39.287095,22.3
3786,2026-09-16T11:18:56,43.909529,39.287295,22.2
3787,2026-09-16T11:18:57,43.909379,39.287495,22.1
3788,2026-09-16T11:18:58,43.909229,39.287695,22.1
3789,2026-09-16T11:18:59,43.909079,39.287895,22.0
3790,2026-09-16T11:19:01,43.908779,39.288295,21.9
3791,2026-09-16T11:19:03,43.908479,39.288695,21.7
3792,2026-09-16T11:19:04,43.908329,39.288895,21.7
3793,2026-09-16T11:19:05,43.908179,39.289095,21.6
3794,2026-09-16T11:19:06,43.908029,39.289295,21.6
3795,2026-09-16T11:19:08,43.907729,39.289695,21.5
3796,2026-09-16T11:19:09,43.907579,39.289895,21.4
3797,2026-09-16T11:19:10,43.907429,39.290095,21.4
3798,2026-09-16T11:19:12,43.907129,39.290495,21.2
3799,2026-09-16T11:19:13,43.906979,39.290695,21.2
3800,2026-09-16T11:19:14,43.906829,39.290895,21.1
3801,2026-09-16T11:19:15,43.906679,39.291095,21.1
3802,2026-09-16T11:19:16,43.906529,39.291295,21.1
3803,2026-09-16T11:19:17,43.906379,39.291495,21.0
3804,2026-09-16T11:19:18,43.906229,39.291695,21.0
3805,2026-09-16T11:19:19,43.906079,39.291895,20.9
3806,2026-09-16T11:19:20,43.905929,39.292095,20.9
3807,2026-09-16T11:19:21,43.905779,39.292295,20.8
3808,2026-09-16T11:19:22,43.905629,39.292495,20.8
3809,2026-09-16T11:19:23,43.905479,39.292695,20.7
3810,2026-09-16T11:19:24,43.905329,39.292895,20.7
3811,2026-09-16T11:19:25,43.905179,39.293095,20.7
3812,2026-09-16T11:19:26,43.905029,39.293295,20.6
3813,2026-09-16T11:19:27,43.904878,39.293495,20.6
3814,2026-09-16T11:19:29,43.904578,39.293895,20.5
3815,2026-09-16T11:19:30,43.904428,39.294095,20.5
3816,2026-09-16T11:19:32,43.904128,39.294495,20.4
3817,2026-09-16T11:19:34,43.903828,39.294895,20.4
3818,2026-09-16T11:19:36,43.903528,39.295296,20.3
3819,2026-09-16T11:19:37,43.903378,39.295496,20.3
3820,2026-09-16T11:19:38,43.903228,39.295696,20.3
3821,2026-09-16T11:19:40,43.902928,39.296096,20.2
3822,2026-09-16T11:19:41,43.902778,39.296296,20.2
3823,2026-09-16T11:19:43,43.902478,39.296696,20.2
3824,2026-09-16T11:19:44,43.902328,39.296896,20.1
3825,2026-09-16T11:19:45,43.902178,39.297096,20.1
3826,2026-09-16T11:19:46,43.902028,39.297296,20.1
3827,2026-09-16T11:19:48,43.901728,39.297696,20.1
3828,2026-09-16T11:19:49,43.901578,39.297896,20.1
3829,2026-09-16T11:19:50,43.901428,39.298096,20.1
3830,2026-09-16T11:19:51,43.901278,39.298296,20.0
3831,2026-09-16T11:19:52,43.901128,39.298496,20.0
3832,2026-09-16T11:19:54,43.900828,39.298896,20.0
3833,2026-09-16T11:19:55,43.900678,39.299096,20.0
3834,2026-09-16T11:19:56,43.900528,39.299296,20.0
3835,2026-09-16T11:19:58,43.900228,39.299696,20.0
3836,2026-09-16T11:19:59,43.900078,39.299896,20.0
3837,2026-09-16T11:20:00,43.899912,39.30004,20.0
3838,2026-09-16T11:20:03,43.899362,39.30029,20.0
3839,2026-09-16T11:20:04,43.899179,39.300373,20.0
3840,2026-09-16T11:20:05,43.898995,39.300457,20.0
3841,2026-09-16T11:20:06,43.898812,39.30054,20.0
3842,2026-09-16T11:20:07,43.898629,39.300623,20.1
3843,2026-09-16T11:20:08,43.898445,39.300707,20.1
3844,2026-09-16T11:20:09,43.898262,39.30079,20.1
3845,2026-09-16T11:20:10,43.898078,39.300873,20.1
3846,2026-09-16T11:20:11,43.897895,39.300957,20.2
3847,2026-09-16T11:20:14,43.897345,39.301207,20.2
3848,2026-09-16T11:20:15,43.897162,39.30129,20.3
3849,2026-09-16T11:20:17,43.896795,39.301457,20.3
3850,2026-09-16T11:20:18,43.896612,39.30154,20.4
3851,2026-09-16T11:20:20,43.896245,39.301707,20.5
3852,2026-09-16T11:20:21,43.896062,39.30179,20.5
3853,2026-09-16T11:20:23,43.895695,39.301957,20.6
3854,2026-09-16T11:20:24,43.895512,39.30204,20.7
3855,2026-09-16T11:20:25,43.895328,39.302124,20.7
3856,2026-09-16T11:20:28,43.894778,39.302374,20.9
3857,2026-09-16T11:20:29,43.894595,39.302457,21.0
3858,2026-09-16T11:20:31,43.894228,39.302624,21.1
3859,2026-09-16T11:20:32,43.894045,39.302707,21.2
3860,2026-09-16T11:20:34,43.893678,39.302874,21.3
3861,2026-09-16T11:20:35,43.893495,39.302957,21.4
3862,2026-09-16T11:20:37,43.893128,39.303124,21.6
3863,2026-09-16T11:20:38,43.892945,39.303207,21.7
3864,2026-09-16T11:20:39,43.892761,39.30329,21.7
3865,2026-09-16T11:20:40,43.892578,39.303374,21.8
3866,2026-09-16T11:20:41,43.892395,39.303457,21.9
3867,2026-09-16T11:20:42,43.892211,39.30354,22.0
3868,2026-09-16T11:20:43,43.892028,39.303624,22.1
3869,2026-09-16T11:20:44,43.891845,39.303707,22.2
3870,2026-09-16T11:20:45,43.891661,39.30379,22.3
3871,2026-09-16T11:20:46,43.891478,39.303874,22.4
3872,2026-09-16T11:20:47,43.891294,39.303957,22.5
3873,2026-09-16T11:20:49,43.890928,39.304124,22.7
3874,2026-09-16T11:20:50,43.890744,39.304207,22.8
3875,2026-09-16T11:20:52,43.890378,39.304374,23.0
3876,2026-09-16T11:20:53,43.890194,39.304457,23.1
3877,2026-09-16T11:20:54,43.890011,39.30454,23.3
3878,2026-09-16T11:20:55,43.889828,39.304624,23.4
3879,2026-09-16T11:20:57,43.889461,39.30479,23.6
3880,2026-09-16T11:20:58,43.889278,39.304874,23.7
3881,2026-09-16T11:20:59,43.889094,39.304957,23.9
3882,2026-09-16T11:21:00,43.888911,39.305041,24.0
3883,2026-09-16T11:21:01,43.888728,39.305124,24.1
3884,2026-09-16T11:21:02,43.888544,39.305207,24.2
3885,2026-09-16T11:21:03,43.888361,39.305291,24.4
3886,2026-09-16T11:21:04,43.888177,39.305374,24.5
3887,2026-09-16T11:21:05,43.887994,39.305457,24.6
3888,2026-09-16T11:21:06,43.887811,39.305541,24.8
3889,2026-09-16T11:21:08,43.887444,39.305707,25.1
3890,2026-09-16T11:21:09,43.887261,39.305791,25.2
3891,2026-09-16T11:21:13,43.886527,39.306124,25.8
3892,2026-09-16T11:21:14,43.886344,39.306207,25.9
3893,2026-09-16T11:21:15,43.886161,39.306291,26.1
3894,2026-09-16T11:21:16,43.885977,39.306374,26.2
3895,2026-09-16T11:21:17,43.885794,39.306457,26.4
3896,2026-09-16T11:21:18,43.885611,39.306541,26.6
3897,2026-09-16T11:21:20,43.885244,39.306707,26.9
3898,2026-09-16T11:21:22,43.884877,39.306874,27.2
3899,2026-09-16T11:21:23,43.884694,39.306957,27.4
3900,2026-09-16T11:21:24,43.88451,39.307041,27.5
3901,2026-09-16T11:21:25,43.884327,39.307124,27.7
3902,2026-09-16T11:21:26,43.884144,39.307207,27.9
3903,2026-09-16T11:21:27,43.88396,39.307291,28.1
3904,2026-09-16T11:21:28,43.883777,39.307374,28.2
3905,2026-09-16T11:21:29,43.883594,39.307457,28.4
3906,2026-09-16T11:21:32,43.883044,39.307707,29.0
3907,2026-09-16T11:21:33,43.88286,39.307791,29.1
3908,2026-09-16T11:21:34,43.882677,39.307874,29.3
3909,2026-09-16T11:21:35,43.882494,39.307957,29.5
3910,2026-09-16T11:21:37,43.882127,39.308124,29.9
3911,2026-09-16T11:21:41,43.881393,39.308458,30.7
3912,2026-09-16T11:21:42,43.88121,39.308541,30.9
3913,2026-09-16T11:21:44,43.880843,39.308708,31.3
3914,2026-09-16T11:21:45,43.88066,39.308791,31.5
3915,2026-09-16T11:21:46,43.880477,39.308874,31.7
3916,2026-09-16T11:21:47,43.880293,39.308958,31.9
3917,2026-09-16T11:21:49,43.879927,39.309124,32.3
3918,2026-09-16T11:21:50,43.879743,39.309208,32.5
3919,2026-09-16T11:21:51,43.87956,39.309291,32.7
3920,2026-09-16T11:21:52,43.879377,39.309374,32.9
3921,2026-09-16T11:21:53,43.879193,39.309458,33.1
3922,2026-09-16T11:21:55,43.878827,39.309624,33.6
3923,2026-09-16T11:21:56,43.878643,39.309708,33.8
3924,2026-09-16T11:21:57,43.87846,39.309791,34.0
3925,2026-09-16T11:21:58,43.878276,39.309874,34.2
3926,2026-09-16T11:22:00,43.87791,39.310041,34.7
3927,2026-09-16T11:22:01,43.877726,39.310124,34.9
3928,2026-09-16T11:22:02,43.877543,39.310208,35.1
3929,2026-09-16T11:22:03,43.87736,39.310291,35.4
3930,2026-09-16T11:22:04,43.877176,39.310374,35.6
3931,2026-09-16T11:22:05,43.876993,39.310458,35.8
3932,2026-09-16T11:22:06,43.87681,39.310541,36.0
3933,2026-09-16T11:22:07,43.876626,39.310624,36.3
3934,2026-09-16T11:22:08,43.876443,39.310708,36.5
3935,2026-09-16T11:22:10,43.876076,39.310874,37.0
3936,2026-09-16T11:22:11,43.875893,39.310958,37.2
3937,2026-09-16T11:22:13,43.875526,39.311124,37.7
3938,2026-09-16T11:22:14,43.875343,39.311208,37.9
3939,2026-09-16T11:22:15,43.87516,39.311291,38.2
3940,2026-09-16T11:22:16,43.874976,39.311374,38.4
3941,2026-09-16T11:22:17,43.874793,39.311458,38.7
3942,2026-09-16T11:22:18,43.874609,39.311541,38.9
3943,2026-09-16T11:22:19,43.874426,39.311624,39.2
3944,2026-09-16T11:22:20,43.874243,39.311708,39.4
3945,2026-09-16T11:22:21,43.874059,39.311791,39.7
3946,2026-09-16T11:22:23,43.873693,39.311958,40.2
3947,2026-09-16T11:22:24,43.873509,39.312041,40.4
3948,2026-09-16T11:22:25,43.873326,39.312125,40.7
3949,2026-09-16T11:22:26,43.873143,39.312208,41.0
3950,2026-09-16T11:22:28,43.872776,39.312375,41.5
3951,2026-09-16T11:22:31,43.872226,39.312625,42.3
3952,2026-09-16T11:22:32,43.872043,39.312708,42.5
3953,2026-09-16T11:22:33,43.871859,39.312791,42.8
3954,2026-09-16T11:22:34,43.871676,39.312875,43.1
3955,2026-09-16T11:22:36,43.871309,39.313041,43.6
3956,2026-09-16T11:22:38,43.870942,39.313208,44.1
3957,2026-09-16T11:22:39,43.870759,39.313291,44.4
3958,2026-09-16T11:22:41,43.870392,39.313458,45.0
3959,2026-09-16T11:22:42,43.870209,39.313541,45.2
3960,2026-09-16T11:22:44,43.869842,39.313708,45.8
3961,2026-09-16T11:22:45,43.869659,39.313791,46.1
3962,2026-09-16T11:22:46,43.869476,39.313875,46.4
3963,2026-09-16T11:22:47,43.869292,39.313958,46.6
3964,2026-09-16T11:22:48,43.869109,39.314041,46.9
3965,2026-09-16T11:22:49,43.868926,39.314125,47.2
3966,2026-09-16T11:22:50,43.868742,39.314208,47.5
3967,2026-09-16T11:22:51,43.868559,39.314291,47.8
3968,2026-09-16T11:22:52,43.868376,39.314375,48.1
3969,2026-09-16T11:22:53,43.868192,39.314458,48.3
3970,2026-09-16T11:22:56,43.867642,39.314708,49.2
3971,2026-09-16T11:22:57,43.867459,39.314791,49.5
3972,2026-09-16T11:22:59,43.867092,39.314958,50.1
3973,2026-09-16T11:23:00,43.866909,39.315042,50.4
3974,2026-09-16T11:23:01,43.866725,39.315125,50.7
3975,2026-09-16T11:23:04,43.866175,39.315375,51.6
3976,2026-09-16T11:23:05,43.865992,39.315458,51.9
3977,2026-09-16T11:23:06,43.865809,39.315542,52.2
3978,2026-09-16T11:23:07,43.865625,39.315625,52.5
3979,2026-09-16T11:23:08,43.865442,39.315708,52.8
3980,2026-09-16T11:23:09,43.865259,39.315792,53.1
3981,2026-09-16T11:23:10,43.865075,39.315875,53.4
3982,2026-09-16T11:23:11,43.864892,39.315958,53.7
3983,2026-09-16T11:23:12,43.864708,39.316042,54.0
3984,2026-09-16T11:23:14,43.864342,39.316208,54.6
3985,2026-09-16T11:23:16,43.863975,39.316375,55.2
3986,2026-09-16T11:23:17,43.863792,39.316458,55.5
3987,2026-09-16T11:23:18,43.863608,39.316542,55.8
3988,2026-09-16T11:23:19,43.863425,39.316625,56.1
3989,2026-09-16T11:23:20,43.863242,39.316708,56.5
3990,2026-09-16T11:23:21,43.863058,39.316792,56.8
3991,2026-09-16T11:23:22,43.862875,39.316875,57.1
3992,2026-09-16T11:23:23,43.862692,39.316958,57.4
3993,2026-09-16T11:23:24,43.862508,39.317042,57.7
3994,2026-09-16T11:23:25,43.862325,39.317125,58.0
3995,2026-09-16T11:23:27,43.861958,39.317292,58.7
3996,2026-09-16T11:23:28,43.861775,39.317375,59.0
3997,2026-09-16T11:23:29,43.861591,39.317458,59.3
3998,2026-09-16T11:23:30,43.861408,39.317542,59.6
3999,2026-09-16T11:23:31,43.861225,39.317625,59.9
4000,2026-09-16T11:23:33,43.860858,39.317792,60.6
4001,2026-09-16T11:23:34,43.860675,39.317875,60.9
4002,2026-09-16T11:23:35,43.860491,39.317958,61.2
4003,2026-09-16T11:23:36,43.860308,39.318042,61.5
4004,2026-09-16T11:23:37,43.860125,39.318125,61.9
4005,2026-09-16T11:23:38,43.859941,39.318208,62.2
4006,2026-09-16T11:23:40,43.859575,39.318375,62.8
4007,2026-09-16T11:23:41,43.859391,39.318459,63.2
4008,2026-09-16T11:23:42,43.859208,39.318542,63.5
4009,2026-09-16T11:23:43,43.859025,39.318625,63.8
4010,2026-09-16T11:23:44,43.858841,39.318709,64.1
4011,2026-09-16T11:23:45,43.858658,39.318792,64.5
4012,2026-09-16T11:23:47,43.858291,39.318959,65.1
4013,2026-09-16T11:23:49,43.857924,39.319125,65.8
4014,2026-09-16T11:23:50,43.857741,39.319209,66.1
4015,2026-09-16T11:23:51,43.857558,39.319292,66.4
4016,2026-09-16T11:23:52,43.857374,39.319375,66.8
4017,2026-09-16T11:23:53,43.857191,39.319459,67.1
4018,2026-09-16T11:23:54,43.857008,39.319542,67.4
4019,2026-09-16T11:23:55,43.856824,39.319625,67.8
4020,2026-09-16T11:23:56,43.856641,39.319709,68.1
4021,2026-09-16T11:23:57,43.856458,39.319792,68.4
4022,2026-09-16T11:23:58,43.856274,39.319875,68.8
4023,2026-09-16T11:23:59,43.856091,39.319959,69.1
4024,2026-09-16T11:24:00,43.855908,39.320042,69.4
4025,2026-09-16T11:24:01,43.855724,39.320125,69.8
4026,2026-09-16T11:24:02,43.855541,39.320209,70.1
4027,2026-09-16T11:24:03,43.855358,39.320292,70.5
4028,2026-09-16T11:24:05,43.854991,39.320459,71.1
4029,2026-09-16T11:24:06,43.854807,39.320542,71.5
4030,2026-09-16T11:24:07,43.854624,39.320625,71.8
4031,2026-09-16T11:24:08,43.854441,39.320709,72.2
4032,2026-09-16T11:24:11,43.853891,39.320959,73.2
4033,2026-09-16T11:24:12,43.853707,39.321042,73.5
4034,2026-09-16T11:24:14,43.853341,39.321209,74.2
4035,2026-09-16T11:24:15,43.853157,39.321292,74.5
4036,2026-09-16T11:24:16,43.852974,39.321375,74.9
4037,2026-09-16T11:24:17,43.852791,39.321459,75.2
4038,2026-09-16T11:24:18,43.852607,39.321542,75.6
4039,2026-09-16T11:24:19,43.852424,39.321625,75.9
4040,2026-09-16T11:24:20,43.852241,39.321709,76.3
4041,2026-09-16T11:24:21,43.852057,39.321792,76.6
4042,2026-09-16T11:24:23,43.851691,39.321959,77.3
4043,2026-09-16T11:24:24,43.851507,39.322042,77.6
4044,2026-09-16T11:24:25,43.851324,39.322126,78.0
4045,2026-09-16T11:24:26,43.85114,39.322209,78.3
4046,2026-09-16T11:24:27,43.850957,39.322292,78.7
4047,2026-09-16T11:24:28,43.850774,39.322376,79.0
4048,2026-09-16T11:24:29,43.85059,39.322459,79.4
4049,2026-09-16T11:24:30,43.850407,39.322542,79.7
4050,2026-09-16T11:24:32,43.85004,39.322709,80.4
4051,2026-09-16T11:24:33,43.849857,39.322792,80.8
4052,2026-09-16T11:24:34,43.849674,39.322876,81.1
4053,2026-09-16T11:24:35,43.84949,39.322959,81.4
4054,2026-09-16T11:24:36,43.849307,39.323042,81.8
4055,2026-09-16T11:24:37,43.849124,39.323126,82.1
4056,2026-09-16T11:24:38,43.84894,39.323209,82.5
4057,2026-09-16T11:24:39,43.848757,39.323292,82.8
4058,2026-09-16T11:24:40,43.848574,39.323376,83.2
4059,2026-09-16T11:24:41,43.84839,39.323459,83.5
4060,2026-09-16T11:24:43,43.848023,39.323626,84.2
4061,2026-09-16T11:24:44,43.84784,39.323709,84.6
4062,2026-09-16T11:24:45,43.847657,39.323792,84.9
4063,2026-09-16T11:24:46,43.847473,39.323876,85.3
4064,2026-09-16T11:24:47,43.84729,39.323959,85.6
4065,2026-09-16T11:24:48,43.847107,39.324042,86.0
4066,2026-09-16T11:24:49,43.846923,39.324126,86.3
4067,2026-09-16T11:24:51,43.846557,39.324292,87.0
4068,2026-09-16T11:24:52,43.846373,39.324376,87.4
4069,2026-09-16T11:24:53,43.84619,39.324459,87.7
4070,2026-09-16T11:24:55,43.845823,39.324626,88.4
4071,2026-09-16T11:24:56,43.84564,39.324709,88.8
4072,2026-09-16T11:24:57,43.845457,39.324792,89.1
4073,2026-09-16T11:24:59,43.84509,39.324959,89.8
4074,2026-09-16T11:25:01,43.844723,39.325126,90.5
4075,2026-09-16T11:25:02,43.84454,39.325209,90.9
4076,2026-09-16T11:25:03,43.844356,39.325293,91.2
4077,2026-09-16T11:25:04,43.844173,39.325376,91.6
4078,2026-09-16T11:25:05,43.84399,39.325459,91.9
4079,2026-09-16T11:25:06,43.843806,39.325543,92.3
4080,2026-09-16T11:25:07,43.843623,39.325626,92.6
4081,2026-09-16T11:25:08,43.84344,39.325709,93.0
4082,2026-09-16T11:25:09,43.843256,39.325793,93.3
4083,2026-09-16T11:25:10,43.843073,39.325876,93.7
4084,2026-09-16T11:25:12,43.842706,39.326043,94.4
4085,2026-09-16T11:25:13,43.842523,39.326126,94.7
4086,2026-09-16T11:25:14,43.84234,39.326209,95.1
4087,2026-09-16T11:25:15,43.842156,39.326293,95.4
4088,2026-09-16T11:25:16,43.841973,39.326376,95.8
4089,2026-09-16T11:25:17,43.84179,39.326459,96.1
4090,2026-09-16T11:25:18,43.841606,39.326543,96.5
4091,2026-09-16T11:25:19,43.841423,39.326626,96.8
4092,2026-09-16T11:25:20,43.841239,39.326709,97.2
4093,2026-09-16T11:25:21,43.841056,39.326793,97.5
4094,2026-09-16T11:25:22,43.840873,39.326876,97.9
4095,2026-09-16T11:25:24,43.840506,39.327043,98.6
4096,2026-09-16T11:25:25,43.840323,39.327126,98.9
4097,2026-09-16T11:25:26,43.840139,39.327209,99.3
4098,2026-09-16T11:25:27,43.839956,39.327293,99.6
4099,2026-09-16T11:25:29,43.839589,39.327459,100.3
4100,2026-09-16T11:25:31,43.839223,39.327626,101.0
4101,2026-09-16T11:25:32,43.839039,39.327709,101.3
4102,2026-09-16T11:25:34,43.838673,39.327876,102.0
4103,2026-09-16T11:25:35,43.838489,39.327959,102.4
4104,2026-09-16T11:25:36,43.838306,39.328043,102.7
4105,2026-09-16T11:25:38,43.837939,39.328209,103.4
4106,2026-09-16T11:25:39,43.837756,39.328293,103.7
4107,2026-09-16T11:25:41,43.837389,39.32846,104.4
4108,2026-09-16T11:25:42,43.837206,39.328543,104.8
4109,2026-09-16T11:25:43,43.837022,39.328626,105.1
4110,2026-09-16T11:25:45,43.836656,39.328793,105.8
4111,2026-09-16T11:25:46,43.836472,39.328876,106.1
4112,2026-09-16T11:25:47,43.836289,39.32896,106.5
4113,2026-09-16T11:25:48,43.836106,39.329043,106.8
4114,2026-09-16T11:25:49,43.835922,39.329126,107.2
4115,2026-09-16T11:25:50,43.835739,39.32921,107.5
4116,2026-09-16T11:25:51,43.835556,39.329293,107.9
4117,2026-09-16T11:25:52,43.835372,39.329376,108.2
4118,2026-09-16T11:25:53,43.835189,39.32946,108.5
4119,2026-09-16T11:25:54,43.835006,39.329543,108.9
4120,2026-09-16T11:25:57,43.834455,39.329793,109.9
4121,2026-09-16T11:25:58,43.834272,39.329876,110.2
4122,2026-09-16T11:26:00,43.833905,39.330043,110.9
4123,2026-09-16T11:26:01,43.833722,39.330126,111.2
4124,2026-09-16T11:26:02,43.833539,39.33021,111.6
4125,2026-09-16T11:26:03,43.833355,39.330293,111.9
4126,2026-09-16T11:26:04,43.833172,39.330376,112.2
4127,2026-09-16T11:26:05,43.832989,39.33046,112.6
4128,2026-09-16T11:26:06,43.832805,39.330543,112.9
4129,2026-09-16T11:26:07,43.832622,39.330626,113.2
4130,2026-09-16T11:26:08,43.832439,39.33071,113.6
4131,2026-09-16T11:26:09,43.832255,39.330793,113.9
4132,2026-09-16T11:26:12,43.831705,39.331043,114.9
4133,2026-09-16T11:26:13,43.831522,39.331126,115.2
4134,2026-09-16T11:26:14,43.831338,39.33121,115.5
4135,2026-09-16T11:26:15,43.831155,39.331293,115.9
4136,2026-09-16T11:26:16,43.830972,39.331376,116.2
4137,2026-09-16T11:26:17,43.830788,39.33146,116.5
4138,2026-09-16T11:26:18,43.830605,39.331543,116.9
4139,2026-09-16T11:26:19,43.830422,39.331626,117.2
4140,2026-09-16T11:26:20,43.830238,39.33171,117.5
4141,2026-09-16T11:26:22,43.829872,39.331877,118.2
4142,2026-09-16T11:26:24,43.829505,39.332043,118.8
4143,2026-09-16T11:26:25,43.829322,39.332127,119.1
4144,2026-09-16T11:26:26,43.829138,39.33221,119.4
4145,2026-09-16T11:26:27,43.828955,39.332293,119.8
4146,2026-09-16T11:26:28,43.828772,39.332377,120.1
4147,2026-09-16T11:26:29,43.828588,39.33246,120.4
4148,2026-09-16T11:26:31,43.828221,39.332627,121.0
4149,2026-09-16T11:26:32,43.828038,39.33271,121.4
4150,2026-09-16T11:26:34,43.827671,39.332877,122.0
4151,2026-09-16T11:26:35,43.827488,39.33296,122.3
4152,2026-09-16T11:26:37,43.827121,39.333127,122.9
4153,2026-09-16T11:26:39,43.826755,39.333293,123.6
4154,2026-09-16T11:26:40,43.826571,39.333377,123.9
4155,2026-09-16T11:26:41,43.826388,39.33346,124.2
4156,2026-09-16T11:26:43,43.826021,39.333627,124.8
4157,2026-09-16T11:26:44,43.825838,39.33371,125.1
4158,2026-09-16T11:26:47,43.825288,39.33396,126.0
4159,2026-09-16T11:26:48,43.825105,39.334043,126.3
4160,2026-09-16T11:26:49,43.824921,39.334127,126.6
4161,2026-09-16T11:26:50,43.824738,39.33421,126.9
4162,2026-09-16T11:26:51,43.824554,39.334293,127.2
4163,2026-09-16T11:26:55,43.823821,39.334627,128.4
4164,2026-09-16T11:26:56,43.823638,39.33471,128.7
4165,2026-09-16T11:26:57,43.823454,39.334793,129.0
4166,2026-09-16T11:26:58,43.823271,39.334877,129.3
4167,2026-09-16T11:26:59,43.823088,39.33496,129.6
4168,2026-09-16T11:27:00,43.822904,39.335044,129.9
4169,2026-09-16T11:27:02,43.822538,39.33521,130.5
4170,2026-09-16T11:27:03,43.822354,39.335294,130.8
4171,2026-09-16T11:27:04,43.822171,39.335377,131.1
4172,2026-09-16T11:27:05,43.821988,39.33546,131.4
4173,2026-09-16T11:27:07,43.821621,39.335627,131.9
4174,2026-09-16T11:27:08,43.821437,39.33571,132.2
4175,2026-09-16T11:27:09,43.821254,39.335794,132.5
4176,2026-09-16T11:27:10,43.821071,39.335877,132.8
4177,2026-09-16T11:27:11,43.820887,39.33596,133.1
4178,2026-09-16T11:27:12,43.820704,39.336044,133.4
4179,2026-09-16T11:27:13,43.820521,39.336127,133.6
4180,2026-09-16T11:27:15,43.820154,39.336294,134.2
4181,2026-09-16T11:27:16,43.819971,39.336377,134.5
4182,2026-09-16T11:27:17,43.819787,39.33646,134.8
4183,2026-09-16T11:27:18,43.819604,39.336544,135.0
4184,2026-09-16T11:27:19,43.819421,39.336627,135.3
4185,2026-09-16T11:27:20,43.819237,39.33671,135.6
4186,2026-09-16T11:27:21,43.819054,39.336794,135.9
4187,2026-09-16T11:27:22,43.818871,39.336877,136.1
4188,2026-09-16T11:27:23,43.818687,39.33696,136.4
4189,2026-09-16T11:27:24,43.818504,39.337044,136.7
4190,2026-09-16T11:27:25,43.81832,39.337127,136.9
4191,2026-09-16T11:27:27,43.817954,39.337294,137.5
4192,2026-09-16T11:27:28,43.81777,39.337377,137.7
4193,2026-09-16T11:27:29,43.817587,39.33746,138.0
4194,2026-09-16T11:27:31,43.81722,39.337627,138.5
4195,2026-09-16T11:27:32,43.817037,39.33771,138.8
4196,2026-09-16T11:27:33,43.816854,39.337794,139.0
4197,2026-09-16T11:27:34,43.81667,39.337877,139.3
4198,2026-09-16T11:27:35,43.816487,39.33796,139.6
4199,2026-09-16T11:27:36,43.816304,39.338044,139.8
4200,2026-09-16T11:27:37,43.81612,39.338127,140.1
4201,2026-09-16T11:27:38,43.815937,39.33821,140.3
4202,2026-09-16T11:27:39,43.815754,39.338294,140.6
4203,2026-09-16T11:27:40,43.81557,39.338377,140.8
4204,2026-09-16T11:27:41,43.815387,39.338461,141.1
4205,2026-09-16T11:27:42,43.815204,39.338544,141.3
4206,2026-09-16T11:27:43,43.81502,39.338627,141.6
4207,2026-09-16T11:27:44,43.814837,39.338711,141.8
4208,2026-09-16T11:27:45,43.814653,39.338794,142.1
4209,2026-09-16T11:27:47,43.814287,39.338961,142.5
4210,2026-09-16T11:27:48,43.814103,39.339044,142.8
4211,2026-09-16T11:27:50,43.813737,39.339211,143.3
4212,2026-09-16T11:27:51,43.813553,39.339294,143.5
4213,2026-09-16T11:27:53,43.813187,39.339461,144.0
4214,2026-09-16T11:27:55,43.81282,39.339627,144.4
4215,2026-09-16T11:27:56,43.812637,39.339711,144.7
4216,2026-09-16T11:27:57,43.812453,39.339794,144.9
4217,2026-09-16T11:27:58,43.81227,39.339877,145.1
4218,2026-09-16T11:28:00,43.811903,39.340044,145.6
4219,2026-09-16T11:28:01,43.81172,39.340127,145.8
4220,2026-09-16T11:28:02,43.811536,39.340211,146.0
4221,2026-09-16T11:28:03,43.811353,39.340294,146.2
4222,2026-09-16T11:28:05,43.810986,39.340461,146.7
4223,2026-09-16T11:28:06,43.810803,39.340544,146.9
4224,2026-09-16T11:28:07,43.81062,39.340627,147.1
4225,2026-09-16T11:28:08,43.810436,39.340711,147.3
4226,2026-09-16T11:28:10,43.81007,39.340877,147.7
4227,2026-09-16T11:28:11,43.809886,39.340961,147.9
4228,2026-09-16T11:28:12,43.809703,39.341044,148.1
4229,2026-09-16T11:28:13,43.80952,39.341127,148.3
4230,2026-09-16T11:28:14,43.809336,39.341211,148.5
4231,2026-09-16T11:28:15,43.809153,39.341294,148.7
4232,2026-09-16T11:28:16,43.80897,39.341377,148.9
4233,2026-09-16T11:28:17,43.808786,39.341461,149.1
4234,2026-09-16T11:28:18,43.808603,39.341544,149.3
4235,2026-09-16T11:28:19,43.80842,39.341627,149.5
4236,2026-09-16T11:28:21,43.808053,39.341794,149.9
4237,2026-09-16T11:28:22,43.807869,39.341878,150.1
4238,2026-09-16T11:28:23,43.807686,39.341961,150.3
4239,2026-09-16T11:28:25,43.807319,39.342128,150.7
4240,2026-09-16T11:28:27,43.806953,39.342294,151.0
4241,2026-09-16T11:28:28,43.806769,39.342378,151.2
4242,2026-09-16T11:28:30,43.806403,39.342544,151.6
4243,2026-09-16T11:28:31,43.806219,39.342628,151.8
4244,2026-09-16T11:28:32,43.806036,39.342711,151.9
4245,2026-09-16T11:28:33,43.805853,39.342794,152.1
4246,2026-09-16T11:28:34,43.805669,39.342878,152.3
4247,2026-09-16T11:28:35,43.805486,39.342961,152.5
4248,2026-09-16T11:28:37,43.805119,39.343128,152.8
4249,2026-09-16T11:28:38,43.804936,39.343211,153.0
4250,2026-09-16T11:28:39,43.804752,39.343294,153.1
4251,2026-09-16T11:28:40,43.804569,39.343378,153.3
4252,2026-09-16T11:28:41,43.804386,39.343461,153.4
4253,2026-09-16T11:28:42,43.804202,39.343544,153.6
4254,2026-09-16T11:28:44,43.803836,39.343711,153.9
4255,2026-09-16T11:28:45,43.803652,39.343794,154.1
4256,2026-09-16T11:28:46,43.803469,39.343878,154.2
4257,2026-09-16T11:28:47,43.803286,39.343961,154.4
4258,2026-09-16T11:28:48,43.803102,39.344044,154.5
4259,2026-09-16T11:28:49,43.802919,39.344128,154.7
4260,2026-09-16T11:28:50,43.802736,39.344211,154.8
4261,2026-09-16T11:28:54,43.802002,39.344544,155.4
4262,2026-09-16T11:28:55,43.801819,39.344628,155.5
4263,2026-09-16T11:28:56,43.801635,39.344711,155.6
4264,2026-09-16T11:28:57,43.801452,39.344794,155.8
4265,2026-09-16T11:28:58,43.801269,39.344878,155.9
4266,2026-09-16T11:28:59,43.801085,39.344961,156.0
4267,2026-09-16T11:29:01,43.800719,39.345128,156.3
4268,2026-09-16T11:29:02,43.800535,39.345211,156.4
4269,2026-09-16T11:29:03,43.800352,39.345295,156.5
4270,2026-09-16T11:29:04,43.800169,39.345378,156.6
4271,2026-09-16T11:29:05,43.799985,39.345461,156.7
4272,2026-09-16T11:29:06,43.799802,39.345545,156.9
4273,2026-09-16T11:29:07,43.799619,39.345628,157.0
4274,2026-09-16T11:29:08,43.799435,39.345711,157.1
4275,2026-09-16T11:29:09,43.799252,39.345795,157.2
4276,2026-09-16T11:29:10,43.799069,39.345878,157.3
4277,2026-09-16T11:29:12,43.798702,39.346045,157.5
4278,2026-09-16T11:29:13,43.798519,39.346128,157.6
4279,2026-09-16T11:29:14,43.798335,39.346211,157.7
4280,2026-09-16T11:29:15,43.798152,39.346295,157.8
4281,2026-09-16T11:29:16,43.797968,39.346378,157.9
4282,2026-09-16T11:29:17,43.797785,39.346461,158.0
4283,2026-09-16T11:29:18,43.797602,39.346545,158.1
4284,2026-09-16T11:29:20,43.797235,39.346711,158.3
4285,2026-09-16T11:29:21,43.797052,39.346795,158.3
4286,2026-09-16T11:29:22,43.796868,39.346878,158.4
4287,2026-09-16T11:29:23,43.796685,39.346961,158.5
4288,2026-09-16T11:29:24,43.796502,39.347045,158.6
4289,2026-09-16T11:29:25,43.796318,39.347128,158.7
4290,2026-09-16T11:29:26,43.796135,39.347211,158.7
4291,2026-09-16T11:29:27,43.795952,39.347295,158.8
4292,2026-09-16T11:29:28,43.795768,39.347378,158.9
4293,2026-09-16T11:29:29,43.795585,39.347461,159.0
4294,2026-09-16T11:29:30,43.795402,39.347545,159.0
4295,2026-09-16T11:29:31,43.795218,39.347628,159.1
4296,2026-09-16T11:29:32,43.795035,39.347711,159.1
4297,2026-09-16T11:29:33,43.794851,39.347795,159.2
4298,2026-09-16T11:29:34,43.794668,39.347878,159.3
4299,2026-09-16T11:29:35,43.794485,39.347961,159.3
4300,2026-09-16T11:29:36,43.794301,39.348045,159.4
4301,2026-09-16T11:29:37,43.794118,39.348128,159.4
4302,2026-09-16T11:29:38,43.793935,39.348211,159.5
4303,2026-09-16T11:29:40,43.793568,39.348378,159.6
4304,2026-09-16T11:29:42,43.793201,39.348545,159.7
4305,2026-09-16T11:29:43,43.793018,39.348628,159.7
4306,2026-09-16T11:29:44,43.792835,39.348712,159.7
4307,2026-09-16T11:29:45,43.792651,39.348795,159.8
4308,2026-09-16T11:29:46,43.792468,39.348878,159.8
4309,2026-09-16T11:29:47,43.792285,39.348962,159.8
4310,2026-09-16T11:29:48,43.792101,39.349045,159.8
4311,2026-09-16T11:29:49,43.791918,39.349128,159.9
4312,2026-09-16T11:29:50,43.791735,39.349212,159.9
4313,2026-09-16T11:29:51,43.791551,39.349295,159.9
4314,2026-09-16T11:29:52,43.791368,39.349378,159.9
4315,2026-09-16T11:29:53,43.791184,39.349462,160.0
4316,2026-09-16T11:29:54,43.791001,39.349545,160.0
4317,2026-09-16T11:29:55,43.790818,39.349628,160.0
4318,2026-09-16T11:29:57,43.790451,39.349795,160.0
4319,2026-09-16T11:30:00,43.789919,39.35009,160.0
4320,2026-09-16T11:30:01,43.789769,39.350257,160.0
4321,2026-09-16T11:30:02,43.789619,39.350423,160.0
4322,2026-09-16T11:30:04,43.789319,39.350757,160.0
4323,2026-09-16T11:30:07,43.788869,39.351257,160.1
4324,2026-09-16T11:30:08,43.788719,39.351423,160.1
4325,2026-09-16T11:30:09,43.788569,39.35159,160.1
4326,2026-09-16T11:30:10,43.788419,39.351757,160.1
4327,2026-09-16T11:30:11,43.788269,39.351924,160.2
4328,2026-09-16T11:30:12,43.788119,39.35209,160.2
4329,2026-09-16T11:30:13,43.787969,39.352257,160.2
4330,2026-09-16T11:30:15,43.787669,39.35259,160.3
4331,2026-09-16T11:30:16,43.787519,39.352757,160.3
4332,2026-09-16T11:30:17,43.787369,39.352924,160.4
4333,2026-09-16T11:30:18,43.787219,39.35309,160.4
4334,2026-09-16T11:30:19,43.787069,39.353257,160.5
4335,2026-09-16T11:30:20,43.786919,39.353424,160.5
4336,2026-09-16T11:30:22,43.786619,39.353757,160.6
4337,2026-09-16T11:30:23,43.786469,39.353924,160.7
4338,2026-09-16T11:30:24,43.786319,39.35409,160.7
4339,2026-09-16T11:30:25,43.786169,39.354257,160.8
4340,2026-09-16T11:30:26,43.786019,39.354424,160.9
4341,2026-09-16T11:30:27,43.785869,39.35459,160.9
4342,2026-09-16T11:30:28,43.785719,39.354757,161.0
4343,2026-09-16T11:30:29,43.785569,39.354924,161.1
4344,2026-09-16T11:30:30,43.785419,39.355091,161.1
4345,2026-09-16T11:30:31,43.785269,39.355257,161.2
4346,2026-09-16T11:30:32,43.785119,39.355424,161.3
4347,2026-09-16T11:30:33,43.784968,39.355591,161.4
4348,2026-09-16T11:30:34,43.784818,39.355757,161.4
4349,2026-09-16T11:30:35,43.784668,39.355924,161.5
4350,2026-09-16T11:30:37,43.784368,39.356257,161.7
4351,2026-09-16T11:30:38,43.784218,39.356424,161.8
4352,2026-09-16T11:30:39,43.784068,39.356591,161.9
4353,2026-09-16T11:30:41,43.783768,39.356924,162.1
4354,2026-09-16T11:30:42,43.783618,39.357091,162.2
4355,2026-09-16T11:30:43,43.783468,39.357257,162.3
4356,2026-09-16T11:30:44,43.783318,39.357424,162.4
4357,2026-09-16T11:30:45,43.783168,39.357591,162.5
4358,2026-09-16T11:30:46,43.783018,39.357757,162.6
4359,2026-09-16T11:30:48,43.782718,39.358091,162.8
4360,2026-09-16T11:30:49,43.782568,39.358257,162.9
4361,2026-09-16T11:30:50,43.782418,39.358424,163.0
4362,2026-09-16T11:30:51,43.782268,39.358591,163.1
4363,2026-09-16T11:30:52,43.782118,39.358758,163.2
4364,2026-09-16T11:30:53,43.781968,39.358924,163.4
4365,2026-09-16T11:30:55,43.781668,39.359258,163.6
4366,2026-09-16T11:30:56,43.781518,39.359424,163.7
4367,2026-09-16T11:30:57,43.781368,39.359591,163.9
4368,2026-09-16T11:30:58,43.781218,39.359758,164.0
4369,2026-09-16T11:31:00,43.780918,39.360091,164.3
4370,2026-09-16T11:31:01,43.780768,39.360258,164.4
4371,2026-09-16T11:31:02,43.780618,39.360424,164.6
4372,2026-09-16T11:31:03,43.780468,39.360591,164.7
4373,2026-09-16T11:31:04,43.780318,39.360758,164.8
4374,2026-09-16T11:31:05,43.780168,39.360924,165.0
4375,2026-09-16T11:31:08,43.779718,39.361424,165.4
4376,2026-09-16T11:31:09,43.779568,39.361591,165.6
4377,2026-09-16T11:31:11,43.779268,39.361925,165.9
4378,2026-09-16T11:31:12,43.779118,39.362091,166.0
4379,2026-09-16T11:31:13,43.778968,39.362258,166.2
4380,2026-09-16T11:31:14,43.778818,39.362425,166.4
4381,2026-09-16T11:31:15,43.778668,39.362591,166.5
4382,2026-09-16T11:31:16,43.778518,39.362758,166.7
4383,2026-09-16T11:31:17,43.778368,39.362925,166.9
4384,2026-09-16T11:31:18,43.778218,39.363091,167.0
4385,2026-09-16T11:31:19,43.778068,39.363258,167.2
4386,2026-09-16T11:31:20,43.777918,39.363425,167.4
4387,2026-09-16T11:31:22,43.777618,39.363758,167.7
4388,2026-09-16T11:31:23,43.777468,39.363925,167.9
4389,2026-09-16T11:31:24,43.777318,39.364091,168.1
4390,2026-09-16T11:31:25,43.777168,39.364258,168.3
4391,2026-09-16T11:31:26,43.777018,39.364425,168.5
4392,2026-09-16T11:31:27,43.776868,39.364591,168.6
4393,2026-09-16T11:31:28,43.776718,39.364758,168.8
4394,2026-09-16T11:31:30,43.776418,39.365092,169.2
4395,2026-09-16T11:31:34,43.775818,39.365758,170.0
4396,2026-09-16T11:31:35,43.775668,39.365925,170.2
4397,2026-09-16T11:31:36,43.775518,39.366092,170.4
4398,2026-09-16T11:31:37,43.775368,39.366258,170.6
4399,2026-09-16T11:31:38,43.775218,39.366425,170.8
4400,2026-09-16T11:31:39,43.775068,39.366592,171.0
4401,2026-09-16T11:31:41,43.774767,39.366925,171.4
4402,2026-09-16T11:31:44,43.774317,39.367425,172.1
4403,2026-09-16T11:31:47,43.773867,39.367925,172.7
4404,2026-09-16T11:31:48,43.773717,39.368092,173.0
4405,2026-09-16T11:31:49,43.773567,39.368258,173.2
4406,2026-09-16T11:31:50,43.773417,39.368425,173.4
4407,2026-09-16T11:31:51,43.773267,39.368592,173.6
4408,2026-09-16T11:31:52,43.773117,39.368759,173.9
4409,2026-09-16T11:31:53,43.772967,39.368925,174.1
4410,2026-09-16T11:31:54,43.772817,39.369092,174.3
4411,2026-09-16T11:31:55,43.772667,39.369259,174.5
4412,2026-09-16T11:31:57,43.772367,39.369592,175.0
4413,2026-09-16T11:31:58,43.772217,39.369759,175.3
4414,2026-09-16T11:31:59,43.772067,39.369925,175.5
4415,2026-09-16T11:32:00,43.771917,39.370092,175.7
4416,2026-09-16T11:32:02,43.771617,39.370425,176.2
4417,2026-09-16T11:32:03,43.771467,39.370592,176.5
4418,2026-09-16T11:32:04,43.771317,39.370759,176.7
4419,2026-09-16T11:32:05,43.771167,39.370925,177.0
4420,2026-09-16T11:32:06,43.771017,39.371092,177.2
4421,2026-09-16T11:32:08,43.770717,39.371425,177.7
4422,2026-09-16T11:32:10,43.770417,39.371759,178.2
4423,2026-09-16T11:32:11,43.770267,39.371926,178.5
4424,2026-09-16T11:32:12,43.770117,39.372092,178.7
4425,2026-09-16T11:32:13,43.769967,39.372259,179.0
4426,2026-09-16T11:32:14,43.769817,39.372426,179.2
4427,2026-09-16T11:32:15,43.769667,39.372592,179.5
4428,2026-09-16T11:32:16,43.769517,39.372759,179.8
4429,2026-09-16T11:32:19,43.769067,39.373259,180.6
4430,2026-09-16T11:32:20,43.768917,39.373426,180.8
4431,2026-09-16T11:32:21,43.768767,39.373592,181.1
4432,2026-09-16T11:32:22,43.768617,39.373759,181.4
4433,2026-09-16T11:32:23,43.768467,39.373926,181.7
4434,2026-09-16T11:32:25,43.768167,39.374259,182.2
4435,2026-09-16T11:32:26,43.768017,39.374426,182.5
4436,2026-09-16T11:32:28,43.767717,39.374759,183.0
4437,2026-09-16T11:32:29,43.767567,39.374926,183.3
4438,2026-09-16T11:32:31,43.767267,39.375259,183.9
4439,2026-09-16T11:32:32,43.767117,39.375426,184.2
4440,2026-09-16T11:32:33,43.766967,39.375593,184.4
4441,2026-09-16T11:32:34,43.766817,39.375759,184.7
4442,2026-09-16T11:32:35,43.766667,39.375926,185.0
4443,2026-09-16T11:32:36,43.766517,39.376093,185.3
4444,2026-09-16T11:32:37,43.766367,39.376259,185.6
4445,2026-09-16T11:32:38,43.766217,39.376426,185.9
4446,2026-09-16T11:32:40,43.765917,39.376759,186.5
4447,2026-09-16T11:32:42,43.765617,39.377093,187.1
4448,2026-09-16T11:32:43,43.765467,39.377259,187.4
4449,2026-09-16T11:32:44,43.765317,39.377426,187.7
4450,2026-09-16T11:32:45,43.765167,39.377593,188.0
4451,2026-09-16T11:32:46,43.765017,39.377759,188.3
4452,2026-09-16T11:32:47,43.764866,39.377926,188.6
4453,2026-09-16T11:32:48,43.764716,39.378093,188.9
4454,2026-09-16T11:32:49,43.764566,39.378259,189.2
4455,2026-09-16T11:32:51,43.764266,39.378593,189.8
4456,2026-09-16T11:32:53,43.763966,39.378926,190.4
4457,2026-09-16T11:32:54,43.763816,39.379093,190.7
4458,2026-09-16T11:32:55,43.763666,39.37926,191.0
4459,2026-09-16T11:32:57,43.763366,39.379593,191.6
4460,2026-09-16T11:32:58,43.763216,39.37976,191.9
4461,2026-09-16T11:32:59,43.763066,39.379926,192.3
4462,2026-09-16T11:33:01,43.762766,39.38026,192.9
4463,2026-09-16T11:33:02,43.762616,39.380426,193.2
4464,2026-09-16T11:33:03,43.762466,39.380593,193.5
4465,2026-09-16T11:33:04,43.762316,39.38076,193.8
4466,2026-09-16T11:33:05,43.762166,39.380926,194.2
4467,2026-09-16T11:33:06,43.762016,39.381093,194.5
4468,2026-09-16T11:33:07,43.761866,39.38126,194.8
4469,2026-09-16T11:33:08,43.761716,39.381426,195.1
4470,2026-09-16T11:33:10,43.761416,39.38176,195.8
4471,2026-09-16T11:33:11,43.761266,39.381927,196.1
4472,2026-09-16T11:33:12,43.761116,39.382093,196.4
4473,2026-09-16T11:33:13,43.760966,39.38226,196.8
4474,2026-09-16T11:33:14,43.760816,39.382427,197.1
4475,2026-09-16T11:33:16,43.760516,39.38276,197.7
4476,2026-09-16T11:33:17,43.760366,39.382927,198.1
4477,2026-09-16T11:33:18,43.760216,39.383093,198.4
4478,2026-09-16T11:33:19,43.760066,39.38326,198.7
4479,2026-09-16T11:33:20,43.759916,39.383427,199.1
4480,2026-09-16T11:33:21,43.759766,39.383593,199.4
4481,2026-09-16T11:33:22,43.759616,39.38376,199.7
4482,2026-09-16T11:33:23,43.759466,39.383927,200.1
4483,2026-09-16T11:33:24,43.759316,39.384093,200.4
4484,2026-09-16T11:33:27,43.758866,39.384593,201.4
4485,2026-09-16T11:33:28,43.758716,39.38476,201.8
4486,2026-09-16T11:33:30,43.758416,39.385094,202.5
4487,2026-09-16T11:33:31,43.758266,39.38526,202.8
4488,2026-09-16T11:33:32,43.758116,39.385427,203.1
4489,2026-09-16T11:33:34,43.757816,39.38576,203.8
4490,2026-09-16T11:33:35,43.757666,39.385927,204.2
4491,2026-09-16T11:33:36,43.757516,39.386094,204.5
4492,2026-09-16T11:33:38,43.757216,39.386427,205.2
4493,2026-09-16T11:33:39,43.757066,39.386594,205.6
4494,2026-09-16T11:33:40,43.756916,39.38676,205.9
4495,2026-09-16T11:33:41,43.756766,39.386927,206.3
4496,2026-09-16T11:33:42,43.756616,39.387094,206.6
4497,2026-09-16T11:33:44,43.756316,39.387427,207.3
4498,2026-09-16T11:33:45,43.756166,39.387594,207.7
4499,2026-09-16T11:33:46,43.756016,39.38776,208.0
4500,2026-09-16T11:33:48,43.755716,39.388094,208.7
4501,2026-09-16T11:33:49,43.755566,39.38826,209.1
4502,2026-09-16T11:33:50,43.755416,39.388427,209.4
4503,2026-09-16T11:33:51,43.755266,39.388594,209.8
4504,2026-09-16T11:33:52,43.755116,39.388761,210.1
4505,2026-09-16T11:33:53,43.754965,39.388927,210.5
4506,2026-09-16T11:33:54,43.754815,39.389094,210.9
4507,2026-09-16T11:33:56,43.754515,39.389427,211.6
4508,2026-09-16T11:33:57,43.754365,39.389594,211.9
4509,2026-09-16T11:34:00,43.753915,39.390094,213.0
4510,2026-09-16T11:34:01,43.753765,39.390261,213.4
4511,2026-09-16T11:34:02,43.753615,39.390427,213.7
4512,2026-09-16T11:34:03,43.753465,39.390594,214.1
4513,2026-09-16T11:34:04,43.753315,39.390761,214.4
4514,2026-09-16T11:34:05,43.753165,39.390927,214.8
4515,2026-09-16T11:34:06,43.753015,39.391094,215.2
4516,2026-09-16T11:34:07,43.752865,39.391261,215.5
4517,2026-09-16T11:34:09,43.752565,39.391594,216.3
4518,2026-09-16T11:34:10,43.752415,39.391761,216.6
4519,2026-09-16T11:34:12,43.752115,39.392094,217.4
4520,2026-09-16T11:34:14,43.751815,39.392428,218.1
4521,2026-09-16T11:34:15,43.751665,39.392594,218.5
4522,2026-09-16T11:34:16,43.751515,39.392761,218.8
4523,2026-09-16T11:34:18,43.751215,39.393094,219.6
4524,2026-09-16T11:34:19,43.751065,39.393261,219.9
4525,2026-09-16T11:34:20,43.750915,39.393428,220.3
4526,2026-09-16T11:34:21,43.750765,39.393594,220.7
4527,2026-09-16T11:34:23,43.750465,39.393928,221.4
4528,2026-09-16T11:34:24,43.750315,39.394094,221.8
4529,2026-09-16T11:34:26,43.750015,39.394428,222.5
4530,2026-09-16T11:34:27,43.749865,39.394594,222.9
4531,2026-09-16T11:34:28,43.749715,39.394761,223.3
4532,2026-09-16T11:34:29,43.749565,39.394928,223.6
4533,2026-09-16T11:34:30,43.749415,39.395095,224.0
4534,2026-09-16T11:34:31,43.749265,39.395261,224.4
4535,2026-09-16T11:34:32,43.749115,39.395428,224.7
4536,2026-09-16T11:34:33,43.748965,39.395595,225.1
4537,2026-09-16T11:34:35,43.748665,39.395928,225.9
4538,2026-09-16T11:34:37,43.748365,39.396261,226.6
4539,2026-09-16T11:34:38,43.748215,39.396428,227.0
4540,2026-09-16T11:34:39,43.748065,39.396595,227.3
4541,2026-09-16T11:34:40,43.747915,39.396761,227.7
4542,2026-09-16T11:34:41,43.747765,39.396928,228.1
4543,2026-09-16T11:34:42,43.747615,39.397095,228.5
4544,2026-09-16T11:34:43,43.747465,39.397261,228.8
4545,2026-09-16T11:34:44,43.747315,39.397428,229.2
4546,2026-09-16T11:34:45,43.747165,39.397595,229.6
4547,2026-09-16T11:34:46,43.747015,39.397761,230.0
4548,2026-09-16T11:34:47,43.746865,39.397928,230.3
4549,2026-09-16T11:34:48,43.746715,39.398095,230.7
4550,2026-09-16T11:34:49,43.746565,39.398261,231.1
4551,2026-09-16T11:34:50,43.746415,39.398428,231.5
4552,2026-09-16T11:34:51,43.746265,39.398595,231.8
4553,2026-09-16T11:34:52,43.746115,39.398762,232.2
4554,2026-09-16T11:34:53,43.745965,39.398928,232.6
4555,2026-09-16T11:34:54,43.745815,39.399095,233.0
4556,2026-09-16T11:34:55,43.745665,39.399262,233.3
4557,2026-09-16T11:34:56,43.745515,39.399428,233.7
4558,2026-09-16T11:34:57,43.745365,39.399595,234.1
4559,2026-09-16T11:34:58,43.745215,39.399762,234.5
4560,2026-09-16T11:34:59,43.745065,39.399928,234.8
4561,2026-09-16T11:35:01,43.744764,39.400262,235.6
4562,2026-09-16T11:35:04,43.744314,39.400762,236.7
4563,2026-09-16T11:35:05,43.744164,39.400928,237.1
4564,2026-09-16T11:35:06,43.744014,39.401095,237.5
4565,2026-09-16T11:35:07,43.743864,39.401262,237.8
4566,2026-09-16T11:35:08,43.743714,39.401428,238.2
4567,2026-09-16T11:35:10,43.743414,39.401762,239.0
4568,2026-09-16T11:35:12,43.743114,39.402095,239.7
4569,2026-09-16T11:35:13,43.742964,39.402262,240.1
4570,2026-09-16T11:35:14,43.742814,39.402429,240.5
4571,2026-09-16T11:35:15,43.742664,39.402595,240.8
4572,2026-09-16T11:35:16,43.742514,39.402762,241.2
4573,2026-09-16T11:35:17,43.742364,39.402929,241.6
4574,2026-09-16T11:35:19,43.742064,39.403262,242.3
4575,2026-09-16T11:35:20,43.741914,39.403429,242.7
4576,2026-09-16T11:35:21,43.741764,39.403595,243.1
4577,2026-09-16T11:35:22,43.741614,39.403762,243.4
4578,2026-09-16T11:35:23,43.741464,39.403929,243.8
4579,2026-09-16T11:35:24,43.741314,39.404095,244.2
4580,2026-09-16T11:35:25,43.741164,39.404262,244.6
4581,2026-09-16T11:35:26,43.741014,39.404429,244.9
4582,2026-09-16T11:35:27,43.740864,39.404595,245.3
4583,2026-09-16T11:35:29,43.740564,39.404929,246.1
4584,2026-09-16T11:35:30,43.740414,39.405096,246.4
4585,2026-09-16T11:35:32,43.740114,39.405429,247.2
4586,2026-09-16T11:35:33,43.739964,39.405596,247.5
4587,2026-09-16T11:35:34,43.739814,39.405762,247.9
4588,2026-09-16T11:35:36,43.739514,39.406096,248.6
4589,2026-09-16T11:35:38,43.739214,39.406429,249.4
4590,2026-09-16T11:35:39,43.739064,39.406596,249.8
4591,2026-09-16T11:35:40,43.738914,39.406762,250.1
4592,2026-09-16T11:35:42,43.738614,39.407096,250.9
4593,2026-09-16T11:35:43,43.738464,39.407262,251.2
4594,2026-09-16T11:35:44,43.738314,39.407429,251.6
4595,2026-09-16T11:35:45,43.738164,39.407596,252.0
4596,2026-09-16T11:35:49,43.737564,39.408262,253.4
4597,2026-09-16T11:35:50,43.737414,39.408429,253.8
4598,2026-09-16T11:35:51,43.737264,39.408596,254.2
4599,2026-09-16T11:35:52,43.737114,39.408763,254.5
4600,2026-09-16T11:35:53,43.736964,39.408929,254.9
4601,2026-09-16T11:35:54,43.736814,39.409096,255.2
4602,2026-09-16T11:35:55,43.736664,39.409263,255.6
4603,2026-09-16T11:35:56,43.736514,39.409429,256.0
4604,2026-09-16T11:35:57,43.736364,39.409596,256.3
4605,2026-09-16T11:35:59,43.736064,39.409929,257.0
4606,2026-09-16T11:36:00,43.735914,39.410096,257.4
4607,2026-09-16T11:36:01,43.735764,39.410263,257.8
4608,2026-09-16T11:36:02,43.735614,39.410429,258.1
4609,2026-09-16T11:36:03,43.735464,39.410596,258.5
4610,2026-09-16T11:36:05,43.735164,39.410929,259.2
4611,2026-09-16T11:36:07,43.734863,39.411263,259.9
4612,2026-09-16T11:36:09,43.734563,39.411596,260.6
4613,2026-09-16T11:36:11,43.734263,39.41193,261.3
4614,2026-09-16T11:36:12,43.734113,39.412096,261.7
4615,2026-09-16T11:36:13,43.733963,39.412263,262.0
4616,2026-09-16T11:36:14,43.733813,39.41243,262.4
4617,2026-09-16T11:36:15,43.733663,39.412596,262.7
4618,2026-09-16T11:36:16,43.733513,39.412763,263.1
4619,2026-09-16T11:36:17,43.733363,39.41293,263.4
4620,2026-09-16T11:36:18,43.733213,39.413096,263.8
4621,2026-09-16T11:36:19,43.733063,39.413263,264.1
4622,2026-09-16T11:36:20,43.732913,39.41343,264.5
4623,2026-09-16T11:36:21,43.732763,39.413596,264.8
4624,2026-09-16T11:36:22,43.732613,39.413763,265.2
4625,2026-09-16T11:36:23,43.732463,39.41393,265.5
4626,2026-09-16T11:36:24,43.732313,39.414096,265.9
4627,2026-09-16T11:36:27,43.731863,39.414596,266.9
4628,2026-09-16T11:36:28,43.731713,39.414763,267.3
4629,2026-09-16T11:36:29,43.731563,39.41493,267.6
4630,2026-09-16T11:36:31,43.731263,39.415263,268.3
4631,2026-09-16T11:36:32,43.731113,39.41543,268.6
4632,2026-09-16T11:36:33,43.730963,39.415597,269.0
4633,2026-09-16T11:36:36,43.730513,39.416097,270.0
4634,2026-09-16T11:36:37,43.730363,39.416263,270.3
4635,2026-09-16T11:36:39,43.730063,39.416597,271.0
4636,2026-09-16T11:36:40,43.729913,39.416763,271.3
4637,2026-09-16T11:36:41,43.729763,39.41693,271.6
4638,2026-09-16T11:36:43,43.729463,39.417263,272.3
4639,2026-09-16T11:36:44,43.729313,39.41743,272.6
4640,2026-09-16T11:36:46,43.729013,39.417763,273.3
4641,2026-09-16T11:36:47,43.728863,39.41793,273.6
4642,2026-09-16T11:36:48,43.728713,39.418097,273.9
4643,2026-09-16T11:36:49,43.728563,39.418263,274.3
4644,2026-09-16T11:36:50,43.728413,39.41843,274.6
4645,2026-09-16T11:36:51,43.728263,39.418597,274.9
4646,2026-09-16T11:36:52,43.728113,39.418764,275.2
4647,2026-09-16T11:36:53,43.727963,39.41893,275.6
4648,2026-09-16T11:36:55,43.727663,39.419264,276.2
4649,2026-09-16T11:36:56,43.727513,39.41943,276.5
4650,2026-09-16T11:36:57,43.727363,39.419597,276.8
4651,2026-09-16T11:36:58,43.727213,39.419764,277.2
4652,2026-09-16T11:36:59,43.727063,39.41993,277.5
4653,2026-09-16T11:37:01,43.726763,39.420264,278.1
4654,2026-09-16T11:37:03,43.726463,39.420597,278.7
4655,2026-09-16T11:37:05,43.726163,39.42093,279.3
4656,2026-09-16T11:37:07,43.725863,39.421264,280.0
4657,2026-09-16T11:37:09,43.725563,39.421597,280.6
4658,2026-09-16T11:37:10,43.725413,39.421764,280.9
4659,2026-09-16T11:37:11,43.725263,39.421931,281.2
4660,2026-09-16T11:37:12,43.725113,39.422097,281.5
4661,2026-09-16T11:37:14,43.724812,39.422431,282.1
4662,2026-09-16T11:37:15,43.724662,39.422597,282.4
4663,2026-09-16T11:37:16,43.724512,39.422764,282.7
4664,2026-09-16T11:37:17,43.724362,39.422931,283.0
4665,2026-09-16T11:37:18,43.724212,39.423097,283.3
4666,2026-09-16T11:37:19,43.724062,39.423264,283.6
4667,2026-09-16T11:37:20,43.723912,39.423431,283.9
4668,2026-09-16T11:37:21,43.723762,39.423597,284.2
4669,2026-09-16T11:37:22,43.723612,39.423764,284.4
4670,2026-09-16T11:37:23,43.723462,39.423931,284.7
4671,2026-09-16T11:37:24,43.723312,39.424097,285.0
4672,2026-09-16T11:37:25,43.723162,39.424264,285.3
4673,2026-09-16T11:37:26,43.723012,39.424431,285.6
4674,2026-09-16T11:37:27,43.722862,39.424597,285.9
4675,2026-09-16T11:37:28,43.722712,39.424764,286.2
4676,2026-09-16T11:37:29,43.722562,39.424931,286.4
4677,2026-09-16T11:37:30,43.722412,39.425098,286.7
4678,2026-09-16T11:37:32,43.722112,39.425431,287.3
4679,2026-09-16T11:37:34,43.721812,39.425764,287.8
4680,2026-09-16T11:37:35,43.721662,39.425931,288.1
4681,2026-09-16T11:37:36,43.721512,39.426098,288.4
4682,2026-09-16T11:37:37,43.721362,39.426264,288.7
4683,2026-09-16T11:37:38,43.721212,39.426431,288.9
4684,2026-09-16T11:37:39,43.721062,39.426598,289.2
4685,2026-09-16T11:37:40,43.720912,39.426764,289.5
4686,2026-09-16T11:37:42,43.720612,39.427098,290.0
4687,2026-09-16T11:37:43,43.720462,39.427264,290.3
4688,2026-09-16T11:37:44,43.720312,39.427431,290.5
4689,2026-09-16T11:37:45,43.720162,39.427598,290.8
4690,2026-09-16T11:37:46,43.720012,39.427764,291.0
4691,2026-09-16T11:37:47,43.719862,39.427931,291.3
4692,2026-09-16T11:37:48,43.719712,39.428098,291.6
4693,2026-09-16T11:37:49,43.719562,39.428264,291.8
4694,2026-09-16T11:37:50,43.719412,39.428431,292.1
4695,2026-09-16T11:37:51,43.719262,39.428598,292.3
4696,2026-09-16T11:37:53,43.718962,39.428931,292.8
4697,2026-09-16T11:37:54,43.718812,39.429098,293.1
4698,2026-09-16T11:37:55,43.718662,39.429265,293.3
4699,2026-09-16T11:37:56,43.718512,39.429431,293.6
4700,2026-09-16T11:37:57,43.718362,39.429598,293.8
4701,2026-09-16T11:37:58,43.718212,39.429765,294.1
4702,2026-09-16T11:37:59,43.718062,39.429931,294.3
4703,2026-09-16T11:38:00,43.717912,39.430098,294.5
4704,2026-09-16T11:38:01,43.717762,39.430265,294.8
4705,2026-09-16T11:38:02,43.717612,39.430431,295.0
4706,2026-09-16T11:38:03,43.717462,39.430598,295.3
4707,2026-09-16T11:38:04,43.717312,39.430765,295.5
4708,2026-09-16T11:38:06,43.717012,39.431098,295.9
4709,2026-09-16T11:38:07,43.716862,39.431265,296.2
4710,2026-09-16T11:38:08,43.716712,39.431431,296.4
4711,2026-09-16T11:38:09,43.716562,39.431598,296.6
4712,2026-09-16T11:38:10,43.716412,39.431765,296.9
4713,2026-09-16T11:38:11,43.716262,39.431932,297.1
4714,2026-09-16T11:38:12,43.716112,39.432098,297.3
4715,2026-09-16T11:38:13,43.715962,39.432265,297.5
4716,2026-09-16T11:38:14,43.715812,39.432432,297.7
4717,2026-09-16T11:38:15,43.715662,39.432598,298.0
4718,2026-09-16T11:38:16,43.715512,39.432765,298.2
4719,2026-09-16T11:38:17,43.715362,39.432932,298.4
4720,2026-09-16T11:38:18,43.715212,39.433098,298.6
4721,2026-09-16T11:38:19,43.715062,39.433265,298.8
4722,2026-09-16T11:38:20,43.714911,39.433432,299.0
4723,2026-09-16T11:38:21,43.714761,39.433598,299.2
4724,2026-09-16T11:38:24,43.714311,39.434098,299.8
4725,2026-09-16T11:38:25,43.714161,39.434265,300.0
4726,2026-09-16T11:38:26,43.714011,39.434432,300.2
4727,2026-09-16T11:38:27,43.713861,39.434598,300.4
4728,2026-09-16T11:38:29,43.713561,39.434932,300.8
4729,2026-09-16T11:38:31,43.713261,39.435265,301.2
4730,2026-09-16T11:38:32,43.713111,39.435432,301.4
4731,2026-09-16T11:38:33,43.712961,39.435599,301.6
4732,2026-09-16T11:38:35,43.712661,39.435932,301.9
4733,2026-09-16T11:38:36,43.712511,39.436099,302.1
4734,2026-09-16T11:38:37,43.712361,39.436265,302.3
4735,2026-09-16T11:38:38,43.712211,39.436432,302.5
4736,2026-09-16T11:38:39,43.712061,39.436599,302.6
4737,2026-09-16T11:38:40,43.711911,39.436765,302.8
4738,2026-09-16T11:38:41,43.711761,39.436932,303.0
4739,2026-09-16T11:38:43,43.711461,39.437265,303.3
4740,2026-09-16T11:38:44,43.711311,39.437432,303.5
4741,2026-09-16T11:38:45,43.711161,39.437599,303.7
4742,2026-09-16T11:38:46,43.711011,39.437765,303.8
4743,2026-09-16T11:38:49,43.710561,39.438265,304.3
4744,2026-09-16T11:38:50,43.710411,39.438432,304.4
4745,2026-09-16T11:38:51,43.710261,39.438599,304.6
4746,2026-09-16T11:38:52,43.710111,39.438766,304.7
4747,2026-09-16T11:38:53,43.709961,39.438932,304.9
4748,2026-09-16T11:38:54,43.709811,39.439099,305.0
4749,2026-09-16T11:38:55,43.709661,39.439266,305.2
4750,2026-09-16T11:38:56,43.709511,39.439432,305.3
4751,2026-09-16T11:38:57,43.709361,39.439599,305.5
4752,2026-09-16T11:38:59,43.709061,39.439932,305.7
4753,2026-09-16T11:39:01,43.708761,39.440266,306.0
4754,2026-09-16T11:39:02,43.708611,39.440432,306.1
4755,2026-09-16T11:39:03,43.708461,39.440599,306.3
4756,2026-09-16T11:39:04,43.708311,39.440766,306.4
4757,2026-09-16T11:39:06,43.708011,39.441099,306.6
4758,2026-09-16T11:39:07,43.707861,39.441266,306.8
4759,2026-09-16T11:39:08,43.707711,39.441432,306.9
4760,2026-09-16T11:39:09,43.707561,39.441599,307.0
4761,2026-09-16T11:39:11,43.707261,39.441933,307.2
4762,2026-09-16T11:39:12,43.707111,39.442099,307.3
4763,2026-09-16T11:39:13,43.706961,39.442266,307.4
4764,2026-09-16T11:39:14,43.706811,39.442433,307.6
4765,2026-09-16T11:39:15,43.706661,39.442599,307.7
4766,2026-09-16T11:39:16,43.706511,39.442766,307.8
4767,2026-09-16T11:39:17,43.706361,39.442933,307.9
4768,2026-09-16T11:39:18,43.706211,39.443099,308.0
4769,2026-09-16T11:39:19,43.706061,39.443266,308.1
4770,2026-09-16T11:39:20,43.705911,39.443433,308.1
4771,2026-09-16T11:39:21,43.705761,39.443599,308.2
4772,2026-09-16T11:39:22,43.705611,39.443766,308.3
4773,2026-09-16T11:39:23,43.705461,39.443933,308.4
4774,2026-09-16T11:39:24,43.705311,39.444099,308.5
4775,2026-09-16T11:39:25,43.705161,39.444266,308.6
4776,2026-09-16T11:39:26,43.705011,39.444433,308.7
4777,2026-09-16T11:39:27,43.70486,39.444599,308.7
4778,2026-09-16T11:39:29,43.70456,39.444933,308.9
4779,2026-09-16T11:39:31,43.70426,39.445266,309.0
4780,2026-09-16T11:39:32,43.70411,39.445433,309.1
4781,2026-09-16T11:39:33,43.70396,39.4456,309.2
4782,2026-09-16T11:39:34,43.70381,39.445766,309.2
4783,2026-09-16T11:39:35,43.70366,39.445933,309.3
4784,2026-09-16T11:39:36,43.70351,39.4461,309.3
4785,2026-09-16T11:39:37,43.70336,39.446266,309.4
4786,2026-09-16T11:39:38,43.70321,39.446433,309.4
4787,2026-09-16T11:39:41,43.70276,39.446933,309.6
4788,2026-09-16T11:39:42,43.70261,39.4471,309.6
4789,2026-09-16T11:39:44,43.70231,39.447433,309.7
4790,2026-09-16T11:39:45,43.70216,39.4476,309.7
4791,2026-09-16T11:39:46,43.70201,39.447766,309.8
4792,2026-09-16T11:39:47,43.70186,39.447933,309.8
4793,2026-09-16T11:39:48,43.70171,39.4481,309.8
4794,2026-09-16T11:39:49,43.70156,39.448266,309.9
4795,2026-09-16T11:39:51,43.70126,39.4486,309.9
4796,2026-09-16T11:39:52,43.70111,39.448767,309.9
4797,2026-09-16T11:39:53,43.70096,39.448933,309.9
4798,2026-09-16T11:39:54,43.70081,39.4491,310.0
4799,2026-09-16T11:39:55,43.70066,39.449267,310.0
4800,2026-09-16T11:39:56,43.70051,39.449433,310.0
4801,2026-09-16T11:39:57,43.70036,39.4496,310.0
4802,2026-09-16T11:39:59,43.70006,39.449933,310.0
4803,2026-09-16T11:40:00,43.69995,39.45015,310.0
4804,2026-09-16T11:40:02,43.699783,39.45065,310.0
4805,2026-09-16T11:40:03,43.6997,39.4509,310.0
4806,2026-09-16T11:40:07,43.699367,39.4519,309.9
4807,2026-09-16T11:40:08,43.699283,39.45215,309.9
4808,2026-09-16T11:40:09,43.6992,39.4524,309.9
4809,2026-09-16T11:40:10,43.699117,39.45265,309.8
4810,2026-09-16T11:40:11,43.699033,39.4529,309.8
4811,2026-09-16T11:40:12,43.69895,39.45315,309.8
4812,2026-09-16T11:40:13,43.698867,39.4534,309.7
4813,2026-09-16T11:40:14,43.698783,39.45365,309.7
4814,2026-09-16T11:40:15,43.6987,39.4539,309.6
4815,2026-09-16T11:40:16,43.698617,39.45415,309.6
4816,2026-09-16T11:40:17,43.698533,39.4544,309.5
4817,2026-09-16T11:40:18,43.69845,39.45465,309.5
4818,2026-09-16T11:40:19,43.698367,39.4549,309.4
4819,2026-09-16T11:40:20,43.698283,39.455151,309.3
4820,2026-09-16T11:40:22,43.698116,39.455651,309.2
4821,2026-09-16T11:40:23,43.698033,39.455901,309.1
4822,2026-09-16T11:40:24,43.69795,39.456151,309.1
4823,2026-09-16T11:40:25,43.697866,39.456401,309.0
4824,2026-09-16T11:40:26,43.697783,39.456651,308.9
4825,2026-09-16T11:40:28,43.697616,39.457151,308.7
4826,2026-09-16T11:40:30,43.69745,39.457651,308.6
4827,2026-09-16T11:40:31,43.697366,39.457901,308.5
4828,2026-09-16T11:40:32,43.697283,39.458151,308.4
4829,2026-09-16T11:40:34,43.697116,39.458651,308.2
4830,2026-09-16T11:40:35,43.697033,39.458901,308.1
4831,2026-09-16T11:40:36,43.69695,39.459151,308.0
4832,2026-09-16T11:40:37,43.696866,39.459401,307.9
4833,2026-09-16T11:40:38,43.696783,39.459651,307.7
4834,2026-09-16T11:40:40,43.696616,39.460151,307.5
4835,2026-09-16T11:40:41,43.696533,39.460401,307.4
4836,2026-09-16T11:40:42,43.69645,39.460651,307.3
4837,2026-09-16T11:40:44,43.696283,39.461151,307.0
4838,2026-09-16T11:40:46,43.696116,39.461651,306.7
4839,2026-09-16T11:40:47,43.696033,39.461901,306.6
4840,2026-09-16T11:40:48,43.69595,39.462151,306.5
4841,2026-09-16T11:40:49,43.695866,39.462401,306.3
4842,2026-09-16T11:40:50,43.695783,39.462651,306.2
4843,2026-09-16T11:40:51,43.6957,39.462901,306.0
4844,2026-09-16T11:40:52,43.695616,39.463151,305.9
4845,2026-09-16T11:40:53,43.695533,39.463401,305.7
4846,2026-09-16T11:40:54,43.69545,39.463651,305.6
4847,2026-09-16T11:40:55,43.695366,39.463901,305.4
4848,2026-09-16T11:40:56,43.695283,39.464151,305.2
4849,2026-09-16T11:40:57,43.6952,39.464401,305.1
4850,2026-09-16T11:40:58,43.695116,39.464651,304.9
4851,2026-09-16T11:40:59,43.695033,39.464901,304.7
4852,2026-09-16T11:41:01,43.694866,39.465402,304.4
4853,2026-09-16T11:41:03,43.694699,39.465902,304.0
4854,2026-09-16T11:41:04,43.694616,39.466152,303.9
4855,2026-09-16T11:41:05,43.694533,39.466402,303.7
4856,2026-09-16T11:41:06,43.694449,39.466652,303.5
4857,2026-09-16T11:41:07,43.694366,39.466902,303.3
4858,2026-09-16T11:41:08,43.694283,39.467152,303.1
4859,2026-09-16T11:41:09,43.694199,39.467402,302.9
4860,2026-09-16T11:41:11,43.694033,39.467902,302.5
4861,2026-09-16T11:41:12,43.693949,39.468152,302.3
4862,2026-09-16T11:41:13,43.693866,39.468402,302.1
4863,2026-09-16T11:41:14,43.693783,39.468652,301.9
4864,2026-09-16T11:41:15,43.693699,39.468902,301.7
4865,2026-09-16T11:41:18,43.693449,39.469652,301.1
4866,2026-09-16T11:41:19,43.693366,39.469902,300.9
4867,2026-09-16T11:41:22,43.693116,39.470652,300.2
4868,2026-09-16T11:41:23,43.693033,39.470902,300.0
4869,2026-09-16T11:41:26,43.692783,39.471652,299.3
4870,2026-09-16T11:41:27,43.692699,39.471902,299.0
4871,2026-09-16T11:41:29,43.692533,39.472402,298.6
4872,2026-09-16T11:41:30,43.692449,39.472652,298.3
4873,2026-09-16T11:41:31,43.692366,39.472902,298.1
4874,2026-09-16T11:41:32,43.692283,39.473152,297.8
4875,2026-09-16T11:41:33,43.692199,39.473402,297.6
4876,2026-09-16T11:41:34,43.692116,39.473652,297.3
4877,2026-09-16T11:41:35,43.692033,39.473902,297.1
4878,2026-09-16T11:41:36,43.691949,39.474152,296.8
4879,2026-09-16T11:41:37,43.691866,39.474402,296.6
4880,2026-09-16T11:41:38,43.691783,39.474652,296.3
4881,2026-09-16T11:41:39,43.691699,39.474902,296.0
4882,2026-09-16T11:41:42,43.691449,39.475653,295.2
4883,2026-09-16T11:41:43,43.691366,39.475903,295.0
4884,2026-09-16T11:41:44,43.691282,39.476153,294.7
4885,2026-09-16T11:41:45,43.691199,39.476403,294.4
4886,2026-09-16T11:41:46,43.691116,39.476653,294.1
4887,2026-09-16T11:41:47,43.691032,39.476903,293.9
4888,2026-09-16T11:41:49,43.690866,39.477403,293.3
4889,2026-09-16T11:41:50,43.690782,39.477653,293.0
4890,2026-09-16T11:41:51,43.690699,39.477903,292.7
4891,2026-09-16T11:41:52,43.690616,39.478153,292.4
4892,2026-09-16T11:41:53,43.690532,39.478403,292.1
4893,2026-09-16T11:41:54,43.690449,39.478653,291.9
4894,2026-09-16T11:41:55,43.690366,39.478903,291.6
4895,2026-09-16T11:41:56,43.690282,39.479153,291.3
4896,2026-09-16T11:41:58,43.690116,39.479653,290.7
4897,2026-09-16T11:41:59,43.690032,39.479903,290.4
4898,2026-09-16T11:42:01,43.689866,39.480403,289.7
4899,2026-09-16T11:42:02,43.689782,39.480653,289.4
4900,2026-09-16T11:42:04,43.689616,39.481153,288.8
4901,2026-09-16T11:42:05,43.689532,39.481403,288.5
4902,2026-09-16T11:42:06,43.689449,39.481653,288.2
4903,2026-09-16T11:42:07,43.689366,39.481903,287.9
4904,2026-09-16T11:42:09,43.689199,39.482403,287.2
4905,2026-09-16T11:42:10,43.689116,39.482653,286.9
4906,2026-09-16T11:42:11,43.689032,39.482903,286.6
4907,2026-09-16T11:42:12,43.688949,39.483153,286.3
4908,2026-09-16T11:42:13,43.688866,39.483403,285.9
4909,2026-09-16T11:42:15,43.688699,39.483903,285.3
4910,2026-09-16T11:42:16,43.688616,39.484153,284.9
4911,2026-09-16T11:42:17,43.688532,39.484403,284.6
4912,2026-09-16T11:42:18,43.688449,39.484653,284.3
4913,2026-09-16T11:42:19,43.688366,39.484903,283.9
4914,2026-09-16T11:42:20,43.688282,39.485154,283.6
4915,2026-09-16T11:42:21,43.688199,39.485404,283.2
4916,2026-09-16T11:42:22,43.688115,39.485654,282.9
4917,2026-09-16T11:42:23,43.688032,39.485904,282.6
4918,2026-09-16T11:42:24,43.687949,39.486154,282.2
4919,2026-09-16T11:42:25,43.687865,39.486404,281.9
4920,2026-09-16T11:42:26,43.687782,39.486654,281.5
4921,2026-09-16T11:42:28,43.687615,39.487154,280.8
4922,2026-09-16T11:42:30,43.687449,39.487654,280.1
4923,2026-09-16T11:42:31,43.687365,39.487904,279.7
4924,2026-09-16T11:42:32,43.687282,39.488154,279.4
4925,2026-09-16T11:42:33,43.687199,39.488404,279.0
4926,2026-09-16T11:42:34,43.687115,39.488654,278.7
4927,2026-09-16T11:42:35,43.687032,39.488904,278.3
4928,2026-09-16T11:42:36,43.686949,39.489154,277.9
4929,2026-09-16T11:42:38,43.686782,39.489654,277.2
4930,2026-09-16T11:42:39,43.686699,39.489904,276.8
4931,2026-09-16T11:42:40,43.686615,39.490154,276.4
4932,2026-09-16T11:42:44,43.686282,39.491154,274.9
4933,2026-09-16T11:42:45,43.686199,39.491404,274.6
4934,2026-09-16T11:42:46,43.686115,39.491654,274.2
4935,2026-09-16T11:42:47,43.686032,39.491904,273.8
4936,2026-09-16T11:42:48,43.685949,39.492154,273.4
4937,2026-09-16T11:42:49,43.685865,39.492404,273.0
4938,2026-09-16T11:42:50,43.685782,39.492654,272.6
4939,2026-09-16T11:42:51,43.685699,39.492904,272.3
4940,2026-09-16T11:42:52,43.685615,39.493154,271.9
4941,2026-09-16T11:42:53,43.685532,39.493404,271.5
4942,2026-09-16T11:42:54,43.685449,39.493654,271.1
4943,2026-09-16T11:42:55,43.685365,39.493904,270.7
4944,2026-09-16T11:42:57,43.685199,39.494404,269.9
4945,2026-09-16T11:42:58,43.685115,39.494654,269.5
4946,2026-09-16T11:42:59,43.685032,39.494904,269.1
4947,2026-09-16T11:43:00,43.684948,39.495155,268.7
4948,2026-09-16T11:43:01,43.684865,39.495405,268.3
4949,2026-09-16T11:43:03,43.684698,39.495905,267.5
4950,2026-09-16T11:43:04,43.684615,39.496155,267.1
4951,2026-09-16T11:43:05,43.684532,39.496405,266.7
4952,2026-09-16T11:43:06,43.684448,39.496655,266.3
4953,2026-09-16T11:43:07,43.684365,39.496905,265.9
4954,2026-09-16T11:43:08,43.684282,39.497155,265.5
4955,2026-09-16T11:43:09,43.684198,39.497405,265.1
4956,2026-09-16T11:43:10,43.684115,39.497655,264.7
4957,2026-09-16T11:43:11,43.684032,39.497905,264.2
4958,2026-09-16T11:43:12,43.683948,39.498155,263.8
4959,2026-09-16T11:43:13,43.683865,39.498405,263.4
4960,2026-09-16T11:43:14,43.683782,39.498655,263.0
4961,2026-09-16T11:43:15,43.683698,39.498905,262.6
4962,2026-09-16T11:43:17,43.683532,39.499405,261.7
4963,2026-09-16T11:43:18,43.683448,39.499655,261.3
4964,2026-09-16T11:43:23,43.683032,39.500905,259.2
4965,2026-09-16T11:43:24,43.682948,39.501155,258.8
4966,2026-09-16T11:43:25,43.682865,39.501405,258.4
4967,2026-09-16T11:43:26,43.682782,39.501655,257.9
4968,2026-09-16T11:43:27,43.682698,39.501905,257.5
4969,2026-09-16T11:43:28,43.682615,39.502155,257.1
4970,2026-09-16T11:43:31,43.682365,39.502905,255.8
4971,2026-09-16T11:43:32,43.682282,39.503155,255.3
4972,2026-09-16T11:43:34,43.682115,39.503655,254.5
4973,2026-09-16T11:43:35,43.682032,39.503905,254.0
4974,2026-09-16T11:43:38,43.681782,39.504655,252.7
4975,2026-09-16T11:43:39,43.681698,39.504905,252.3
4976,2026-09-16T11:43:40,43.681615,39.505156,251.8
4977,2026-09-16T11:43:42,43.681448,39.505656,250.9
4978,2026-09-16T11:43:44,43.681281,39.506156,250.1
4979,2026-09-16T11:43:45,43.681198,39.506406,249.6
4980,2026-09-16T11:43:46,43.681115,39.506656,249.2
4981,2026-09-16T11:43:47,43.681031,39.506906,248.7
4982,2026-09-16T11:43:48,43.680948,39.507156,248.3
4983,2026-09-16T11:43:49,43.680865,39.507406,247.8
4984,2026-09-16T11:43:50,43.680781,39.507656,247.4
4985,2026-09-16T11:43:52,43.680615,39.508156,246.5
4986,2026-09-16T11:43:53,43.680531,39.508406,246.0
4987,2026-09-16T11:43:55,43.680365,39.508906,245.1
4988,2026-09-16T11:43:56,43.680281,39.509156,244.7
4989,2026-09-16T11:43:57,43.680198,39.509406,244.2
4990,2026-09-16T11:43:58,43.680115,39.509656,243.7
4991,2026-09-16T11:43:59,43.680031,39.509906,243.3
4992,2026-09-16T11:44:01,43.679865,39.510406,242.4
4993,2026-09-16T11:44:02,43.679781,39.510656,241.9
4994,2026-09-16T11:44:03,43.679698,39.510906,241.5
4995,2026-09-16T11:44:05,43.679531,39.511406,240.5
4996,2026-09-16T11:44:06,43.679448,39.511656,240.1
4997,2026-09-16T11:44:07,43.679365,39.511906,239.6
4998,2026-09-16T11:44:10,43.679115,39.512656,238.2
4999,2026-09-16T11:44:11,43.679031,39.512906,237.8
5000,2026-09-16T11:44:13,43.678865,39.513406,236.9
5001,2026-09-16T11:44:14,43.678781,39.513656,236.4
5002,2026-09-16T11:44:16,43.678615,39.514156,235.5
5003,2026-09-16T11:44:17,43.678531,39.514406,235.0
5004,2026-09-16T11:44:18,43.678448,39.514656,234.5
5005,2026-09-16T11:44:19,43.678365,39.514906,234.1
5006,2026-09-16T11:44:20,43.678281,39.515157,233.6
5007,2026-09-16T11:44:22,43.678114,39.515657,232.7
5008,2026-09-16T11:44:23,43.678031,39.515907,232.2
5009,2026-09-16T11:44:24,43.677948,39.516157,231.7
5010,2026-09-16T11:44:25,43.677864,39.516407,231.3
5011,2026-09-16T11:44:27,43.677698,39.516907,230.3
5012,2026-09-16T11:44:28,43.677614,39.517157,229.8
5013,2026-09-16T11:44:29,43.677531,39.517407,229.4
5014,2026-09-16T11:44:30,43.677448,39.517657,228.9
5015,2026-09-16T11:44:32,43.677281,39.518157,228.0
5016,2026-09-16T11:44:34,43.677114,39.518657,227.0
5017,2026-09-16T11:44:35,43.677031,39.518907,226.6
5018,2026-09-16T11:44:36,43.676948,39.519157,226.1
5019,2026-09-16T11:44:37,43.676864,39.519407,225.6
5020,2026-09-16T11:44:38,43.676781,39.519657,225.1
5021,2026-09-16T11:44:39,43.676698,39.519907,224.7
5022,2026-09-16T11:44:40,43.676614,39.520157,224.2
5023,2026-09-16T11:44:41,43.676531,39.520407,223.7
5024,2026-09-16T11:44:42,43.676448,39.520657,223.2
5025,2026-09-16T11:44:43,43.676364,39.520907,222.8
5026,2026-09-16T11:44:44,43.676281,39.521157,222.3
5027,2026-09-16T11:44:45,43.676198,39.521407,221.8
5028,2026-09-16T11:44:46,43.676114,39.521657,221.3
5029,2026-09-16T11:44:47,43.676031,39.521907,220.9
5030,2026-09-16T11:44:48,43.675948,39.522157,220.4
5031,2026-09-16T11:44:50,43.675781,39.522657,219.4
5032,2026-09-16T11:44:53,43.675531,39.523407,218.0
5033,2026-09-16T11:44:54,43.675448,39.523657,217.6
5034,2026-09-16T11:44:55,43.675364,39.523907,217.1
5035,2026-09-16T11:44:56,43.675281,39.524157,216.6
5036,2026-09-16T11:44:58,43.675114,39.524657,215.7
5037,2026-09-16T11:44:59,43.675031,39.524907,215.2
5038,2026-09-16T11:45:01,43.674864,39.525408,214.2
5039,2026-09-16T11:45:02,43.674781,39.525658,213.8
5040,2026-09-16T11:45:03,43.674697,39.525908,213.3
5041,2026-09-16T11:45:04,43.674614,39.526158,212.8
5042,2026-09-16T11:45:05,43.674531,39.526408,212.3
5043,2026-09-16T11:45:07,43.674364,39.526908,211.4
5044,2026-09-16T11:45:10,43.674114,39.527658,210.0
5045,2026-09-16T11:45:11,43.674031,39.527908,209.5
5046,2026-09-16T11:45:12,43.673947,39.528158,209.0
5047,2026-09-16T11:45:13,43.673864,39.528408,208.5
5048,2026-09-16T11:45:14,43.673781,39.528658,208.1
5049,2026-09-16T11:45:15,43.673697,39.528908,207.6
5050,2026-09-16T11:45:16,43.673614,39.529158,207.1
5051,2026-09-16T11:45:17,43.673531,39.529408,206.6
5052,2026-09-16T11:45:18,43.673447,39.529658,206.2
5053,2026-09-16T11:45:19,43.673364,39.529908,205.7
5054,2026-09-16T11:45:20,43.673281,39.530158,205.2
5055,2026-09-16T11:45:22,43.673114,39.530658,204.3
5056,2026-09-16T11:45:24,43.672947,39.531158,203.3
5057,2026-09-16T11:45:26,43.672781,39.531658,202.4
5058,2026-09-16T11:45:27,43.672697,39.531908,201.9
5059,2026-09-16T11:45:30,43.672447,39.532658,200.5
5060,2026-09-16T11:45:31,43.672364,39.532908,200.0
5061,2026-09-16T11:45:33,43.672197,39.533408,199.1
5062,2026-09-16T11:45:34,43.672114,39.533658,198.6
5063,2026-09-16T11:45:35,43.672031,39.533908,198.2
5064,2026-09-16T11:45:36,43.671947,39.534158,197.7
5065,2026-09-16T11:45:37,43.671864,39.534408,197.2
5066,2026-09-16T11:45:39,43.671697,39.534908,196.3
5067,2026-09-16T11:45:42,43.671447,39.535659,194.9
5068,2026-09-16T11:45:43,43.671364,39.535909,194.4
5069,2026-09-16T11:45:44,43.67128,39.536159,194.0
5070,2026-09-16T11:45:45,43.671197,39.536409,193.5
5071,2026-09-16T11:45:46,43.671114,39.536659,193.0
5072,2026-09-16T11:45:47,43.67103,39.536909,192.6
5073,2026-09-16T11:45:48,43.670947,39.537159,192.1
5074,2026-09-16T11:45:51,43.670697,39.537909,190.7
5075,2026-09-16T11:45:52,43.670614,39.538159,190.3
5076,2026-09-16T11:45:53,43.67053,39.538409,189.8
5077,2026-09-16T11:45:54,43.670447,39.538659,189.3
5078,2026-09-16T11:45:55,43.670364,39.538909,188.9
5079,2026-09-16T11:45:56,43.67028,39.539159,188.4
5080,2026-09-16T11:45:57,43.670197,39.539409,188.0
5081,2026-09-16T11:45:58,43.670114,39.539659,187.5
5082,2026-09-16T11:45:59,43.67003,39.539909,187.0
5083,2026-09-16T11:46:00,43.669947,39.540159,186.6
5084,2026-09-16T11:46:01,43.669864,39.540409,186.1
5085,2026-09-16T11:46:02,43.66978,39.540659,185.7
5086,2026-09-16T11:46:04,43.669614,39.541159,184.8
5087,2026-09-16T11:46:06,43.669447,39.541659,183.9
5088,2026-09-16T11:46:07,43.669364,39.541909,183.4
5089,2026-09-16T11:46:08,43.66928,39.542159,183.0
5090,2026-09-16T11:46:09,43.669197,39.542409,182.5
5091,2026-09-16T11:46:10,43.669114,39.542659,182.1
5092,2026-09-16T11:46:11,43.66903,39.542909,181.6
5093,2026-09-16T11:46:13,43.668864,39.543409,180.7
5094,2026-09-16T11:46:14,43.66878,39.543659,180.3
5095,2026-09-16T11:46:15,43.668697,39.543909,179.8
5096,2026-09-16T11:46:16,43.668614,39.544159,179.4
5097,2026-09-16T11:46:17,43.66853,39.544409,178.9
5098,2026-09-16T11:46:18,43.668447,39.544659,178.5
5099,2026-09-16T11:46:19,43.668364,39.544909,178.1
5100,2026-09-16T11:46:20,43.66828,39.54516,177.6
5101,2026-09-16T11:46:21,43.668197,39.54541,177.2
5102,2026-09-16T11:46:22,43.668113,39.54566,176.7
5103,2026-09-16T11:46:23,43.66803,39.54591,176.3
5104,2026-09-16T11:46:24,43.667947,39.54616,175.9
5105,2026-09-16T11:46:26,43.66778,39.54666,175.0
5106,2026-09-16T11:46:27,43.667697,39.54691,174.6
5107,2026-09-16T11:46:28,43.667613,39.54716,174.1
5108,2026-09-16T11:46:29,43.66753,39.54741,173.7
5109,2026-09-16T11:46:30,43.667447,39.54766,173.3
5110,2026-09-16T11:46:31,43.667363,39.54791,172.8
5111,2026-09-16T11:46:33,43.667197,39.54841,172.0
5112,2026-09-16T11:46:34,43.667113,39.54866,171.5
5113,2026-09-16T11:46:35,43.66703,39.54891,171.1
5114,2026-09-16T11:46:36,43.666947,39.54916,170.7
5115,2026-09-16T11:46:37,43.666863,39.54941,170.3
5116,2026-09-16T11:46:38,43.66678,39.54966,169.8
5117,2026-09-16T11:46:39,43.666697,39.54991,169.4
5118,2026-09-16T11:46:41,43.66653,39.55041,168.6
5119,2026-09-16T11:46:42,43.666447,39.55066,168.1
5120,2026-09-16T11:46:43,43.666363,39.55091,167.7
5121,2026-09-16T11:46:44,43.66628,39.55116,167.3
5122,2026-09-16T11:46:45,43.666197,39.55141,166.9
5123,2026-09-16T11:46:46,43.666113,39.55166,166.5
5124,2026-09-16T11:46:47,43.66603,39.55191,166.1
5125,2026-09-16T11:46:51,43.665697,39.55291,164.4
5126,2026-09-16T11:46:53,43.66553,39.55341,163.6
5127,2026-09-16T11:46:54,43.665447,39.55366,163.2
5128,2026-09-16T11:46:55,43.665363,39.55391,162.8
5129,2026-09-16T11:46:56,43.66528,39.55416,162.4
5130,2026-09-16T11:46:57,43.665197,39.55441,162.0
5131,2026-09-16T11:46:58,43.665113,39.55466,161.6
5132,2026-09-16T11:46:59,43.66503,39.55491,161.2
5133,2026-09-16T11:47:00,43.664946,39.555161,160.8
5134,2026-09-16T11:47:01,43.664863,39.555411,160.4
5135,2026-09-16T11:47:02,43.66478,39.555661,160.0
5136,2026-09-16T11:47:05,43.66453,39.556411,158.8
5137,2026-09-16T11:47:09,43.664196,39.557411,157.3
5138,2026-09-16T11:47:10,43.664113,39.557661,156.9
5139,2026-09-16T11:47:11,43.66403,39.557911,156.5
5140,2026-09-16T11:47:12,43.663946,39.558161,156.1
5141,2026-09-16T11:47:13,43.663863,39.558411,155.7
5142,2026-09-16T11:47:14,43.66378,39.558661,155.3
5143,2026-09-16T11:47:15,43.663696,39.558911,155.0
5144,2026-09-16T11:47:16,43.663613,39.559161,154.6
5145,2026-09-16T11:47:18,43.663446,39.559661,153.8
5146,2026-09-16T11:47:19,43.663363,39.559911,153.5
5147,2026-09-16T11:47:21,43.663196,39.560411,152.7
5148,2026-09-16T11:47:23,43.66303,39.560911,152.0
5149,2026-09-16T11:47:24,43.662946,39.561161,151.6
5150,2026-09-16T11:47:25,43.662863,39.561411,151.3
5151,2026-09-16T11:47:26,43.66278,39.561661,150.9
5152,2026-09-16T11:47:27,43.662696,39.561911,150.5
5153,2026-09-16T11:47:28,43.662613,39.562161,150.2
5154,2026-09-16T11:47:30,43.662446,39.562661,149.5
5155,2026-09-16T11:47:31,43.662363,39.562911,149.1
5156,2026-09-16T11:47:32,43.66228,39.563161,148.8
5157,2026-09-16T11:47:33,43.662196,39.563411,148.4
5158,2026-09-16T11:47:35,43.66203,39.563911,147.7
5159,2026-09-16T11:47:36,43.661946,39.564161,147.4
5160,2026-09-16T11:47:37,43.661863,39.564411,147.0
5161,2026-09-16T11:47:38,43.66178,39.564661,146.7
5162,2026-09-16T11:47:39,43.661696,39.564911,146.3
5163,2026-09-16T11:47:40,43.661613,39.565162,146.0
5164,2026-09-16T11:47:41,43.661529,39.565412,145.6
5165,2026-09-16T11:47:42,43.661446,39.565662,145.3
5166,2026-09-16T11:47:43,43.661363,39.565912,145.0
5167,2026-09-16T11:47:44,43.661279,39.566162,144.6
5168,2026-09-16T11:47:45,43.661196,39.566412,144.3
5169,2026-09-16T11:47:47,43.661029,39.566912,143.7
5170,2026-09-16T11:47:48,43.660946,39.567162,143.3
5171,2026-09-16T11:47:49,43.660863,39.567412,143.0
5172,2026-09-16T11:47:50,43.660779,39.567662,142.7
5173,2026-09-16T11:47:51,43.660696,39.567912,142.4
5174,2026-09-16T11:47:54,43.660446,39.568662,141.4
5175,2026-09-16T11:47:56,43.660279,39.569162,140.8
5176,2026-09-16T11:47:57,43.660196,39.569412,140.5
5177,2026-09-16T11:47:59,43.660029,39.569912,139.9
5178,2026-09-16T11:48:00,43.659946,39.570162,139.6
5179,2026-09-16T11:48:04,43.659613,39.571162,138.4
5180,2026-09-16T11:48:05,43.659529,39.571412,138.1
5181,2026-09-16T11:48:07,43.659363,39.571912,137.5
5182,2026-09-16T11:48:08,43.659279,39.572162,137.2
5183,2026-09-16T11:48:09,43.659196,39.572412,136.9
5184,2026-09-16T11:48:10,43.659113,39.572662,136.6
5185,2026-09-16T11:48:11,43.659029,39.572912,136.4
5186,2026-09-16T11:48:13,43.658863,39.573412,135.8
5187,2026-09-16T11:48:14,43.658779,39.573662,135.5
5188,2026-09-16T11:48:15,43.658696,39.573912,135.2
5189,2026-09-16T11:48:17,43.658529,39.574412,134.7
5190,2026-09-16T11:48:19,43.658363,39.574912,134.2
5191,2026-09-16T11:48:20,43.658279,39.575163,133.9
5192,2026-09-16T11:48:22,43.658112,39.575663,133.4
5193,2026-09-16T11:48:23,43.658029,39.575913,133.1
5194,2026-09-16T11:48:24,43.657946,39.576163,132.9
5195,2026-09-16T11:48:25,43.657862,39.576413,132.6
5196,2026-09-16T11:48:26,43.657779,39.576663,132.4
5197,2026-09-16T11:48:27,43.657696,39.576913,132.1
5198,2026-09-16T11:48:28,43.657612,39.577163,131.9
5199,2026-09-16T11:48:29,43.657529,39.577413,131.6
5200,2026-09-16T11:48:30,43.657446,39.577663,131.4
5201,2026-09-16T11:48:31,43.657362,39.577913,131.1
5202,2026-09-16T11:48:33,43.657196,39.578413,130.7
5203,2026-09-16T11:48:34,43.657112,39.578663,130.4
5204,2026-09-16T11:48:35,43.657029,39.578913,130.2
5205,2026-09-16T11:48:38,43.656779,39.579663,129.5
5206,2026-09-16T11:48:39,43.656696,39.579913,129.3
5207,2026-09-16T11:48:40,43.656612,39.580163,129.1
5208,2026-09-16T11:48:41,43.656529,39.580413,128.9
5209,2026-09-16T11:48:42,43.656446,39.580663,128.7
5210,2026-09-16T11:48:43,43.656362,39.580913,128.4
5211,2026-09-16T11:48:44,43.656279,39.581163,128.2
5212,2026-09-16T11:48:45,43.656196,39.581413,128.0
5213,2026-09-16T11:48:46,43.656112,39.581663,127.8
5214,2026-09-16T11:48:47,43.656029,39.581913,127.6
5215,2026-09-16T11:48:48,43.655946,39.582163,127.4
5216,2026-09-16T11:48:49,43.655862,39.582413,127.2
5217,2026-09-16T11:48:50,43.655779,39.582663,127.0
5218,2026-09-16T11:48:51,43.655696,39.582913,126.8
5219,2026-09-16T11:48:52,43.655612,39.583163,126.6
5220,2026-09-16T11:48:53,43.655529,39.583413,126.5
5221,2026-09-16T11:48:54,43.655446,39.583663,126.3
5222,2026-09-16T11:48:55,43.655362,39.583913,126.1
5223,2026-09-16T11:48:56,43.655279,39.584163,125.9
5224,2026-09-16T11:48:57,43.655196,39.584413,125.7
5225,2026-09-16T11:48:58,43.655112,39.584663,125.6
5226,2026-09-16T11:48:59,43.655029,39.584913,125.4
5227,2026-09-16T11:49:00,43.654945,39.585164,125.2
5228,2026-09-16T11:49:01,43.654862,39.585414,125.0
5229,2026-09-16T11:49:02,43.654779,39.585664,124.9
5230,2026-09-16T11:49:04,43.654612,39.586164,124.6
5231,2026-09-16T11:49:05,43.654529,39.586414,124.4
5232,2026-09-16T11:49:06,43.654445,39.586664,124.2
5233,2026-09-16T11:49:08,43.654279,39.587164,123.9
5234,2026-09-16T11:49:09,43.654195,39.587414,123.8
5235,2026-09-16T11:49:11,43.654029,39.587914,123.5
5236,2026-09-16T11:49:13,43.653862,39.588414,123.2
5237,2026-09-16T11:49:14,43.653779,39.588664,123.1
5238,2026-09-16T11:49:15,43.653695,39.588914,123.0
5239,2026-09-16T11:49:16,43.653612,39.589164,122.8
5240,2026-09-16T11:49:17,43.653529,39.589414,122.7
5241,2026-09-16T11:49:18,43.653445,39.589664,122.6
5242,2026-09-16T11:49:19,43.653362,39.589914,122.5
5243,2026-09-16T11:49:20,43.653279,39.590164,122.3
5244,2026-09-16T11:49:22,43.653112,39.590664,122.1
5245,2026-09-16T11:49:23,43.653029,39.590914,122.0
5246,2026-09-16T11:49:24,43.652945,39.591164,121.9
5247,2026-09-16T11:49:25,43.652862,39.591414,121.8
5248,2026-09-16T11:49:26,43.652779,39.591664,121.7
5249,2026-09-16T11:49:27,43.652695,39.591914,121.6
5250,2026-09-16T11:49:28,43.652612,39.592164,121.5
5251,2026-09-16T11:49:29,43.652529,39.592414,121.4
5252,2026-09-16T11:49:30,43.652445,39.592664,121.3
5253,2026-09-16T11:49:32,43.652279,39.593164,121.1
5254,2026-09-16T11:49:33,43.652195,39.593414,121.1
5255,2026-09-16T11:49:34,43.652112,39.593664,121.0
5256,2026-09-16T11:49:35,43.652029,39.593914,120.9
5257,2026-09-16T11:49:36,43.651945,39.594164,120.8
5258,2026-09-16T11:49:37,43.651862,39.594414,120.8
5259,2026-09-16T11:49:38,43.651779,39.594664,120.7
5260,2026-09-16T11:49:39,43.651695,39.594914,120.6
5261,2026-09-16T11:49:40,43.651612,39.595165,120.6
5262,2026-09-16T11:49:41,43.651528,39.595415,120.5
5263,2026-09-16T11:49:42,43.651445,39.595665,120.5
5264,2026-09-16T11:49:43,43.651362,39.595915,120.4
5265,2026-09-16T11:49:44,43.651278,39.596165,120.4
5266,2026-09-16T11:49:45,43.651195,39.596415,120.3
5267,2026-09-16T11:49:46,43.651112,39.596665,120.3
5268,2026-09-16T11:49:47,43.651028,39.596915,120.2
5269,2026-09-16T11:49:48,43.650945,39.597165,120.2
5270,2026-09-16T11:49:49,43.650862,39.597415,120.2
5271,2026-09-16T11:49:51,43.650695,39.597915,120.1
5272,2026-09-16T11:49:52,43.650612,39.598165,120.1
5273,2026-09-16T11:49:53,43.650528,39.598415,120.1
5274,2026-09-16T11:49:54,43.650445,39.598665,120.0
5275,2026-09-16T11:49:56,43.650278,39.599165,120.0
5276,2026-09-16T11:49:57,43.650195,39.599415,120.0
5277,2026-09-16T11:49:58,43.650112,39.599665,120.0
5278,2026-09-16T11:50:00,43.649956,39.600132,120.0
5279,2026-09-16T11:50:01,43.649889,39.600332,120.0
5280,2026-09-16T11:50:02,43.649823,39.600532,120.0
5281,2026-09-16T11:50:04,43.649689,39.600932,120.0
5282,2026-09-16T11:50:06,43.649556,39.601332,120.0
5283,2026-09-16T11:50:09,43.649356,39.601932,119.9
5284,2026-09-16T11:50:10,43.649289,39.602132,119.9
5285,2026-09-16T11:50:11,43.649223,39.602332,119.9
5286,2026-09-16T11:50:12,43.649156,39.602532,119.9
5287,2026-09-16T11:50:13,43.649089,39.602732,119.9
5288,2026-09-16T11:50:14,43.649023,39.602932,119.9
5289,2026-09-16T11:50:15,43.648956,39.603132,119.9
5290,2026-09-16T11:50:16,43.648889,39.603332,119.9
5291,2026-09-16T11:50:17,43.648823,39.603532,119.8
5292,2026-09-16T11:50:18,43.648756,39.603732,119.8
5293,2026-09-16T11:50:19,43.648689,39.603932,119.8
5294,2026-09-16T11:50:22,43.648489,39.604532,119.7
5295,2026-09-16T11:50:24,43.648356,39.604932,119.7
5296,2026-09-16T11:50:26,43.648222,39.605333,119.6
5297,2026-09-16T11:50:27,43.648156,39.605533,119.6
5298,2026-09-16T11:50:28,43.648089,39.605733,119.6
5299,2026-09-16T11:50:29,43.648022,39.605933,119.5
5300,2026-09-16T11:50:32,43.647822,39.606533,119.4
5301,2026-09-16T11:50:33,43.647756,39.606733,119.4
5302,2026-09-16T11:50:35,43.647622,39.607133,119.3
5303,2026-09-16T11:50:36,43.647556,39.607333,119.3
5304,2026-09-16T11:50:37,43.647489,39.607533,119.3
5305,2026-09-16T11:50:38,43.647422,39.607733,119.2
5306,2026-09-16T11:50:39,43.647356,39.607933,119.2
5307,2026-09-16T11:50:40,43.647289,39.608133,119.1
5308,2026-09-16T11:50:42,43.647156,39.608533,119.1
5309,2026-09-16T11:50:43,43.647089,39.608733,119.0
5310,2026-09-16T11:50:44,43.647022,39.608933,119.0
5311,2026-09-16T11:50:45,43.646956,39.609133,118.9
5312,2026-09-16T11:50:47,43.646822,39.609533,118.8
5313,2026-09-16T11:50:48,43.646756,39.609733,118.8
5314,2026-09-16T11:50:49,43.646689,39.609933,118.7
5315,2026-09-16T11:50:52,43.646489,39.610533,118.6
5316,2026-09-16T11:50:53,43.646422,39.610733,118.5
5317,2026-09-16T11:50:54,43.646356,39.610933,118.5
5318,2026-09-16T11:50:55,43.646289,39.611133,118.4
5319,2026-09-16T11:50:56,43.646222,39.611333,118.4
5320,2026-09-16T11:50:57,43.646156,39.611533,118.3
5321,2026-09-16T11:50:58,43.646089,39.611733,118.3
5322,2026-09-16T11:50:59,43.646022,39.611933,118.2
5323,2026-09-16T11:51:00,43.645956,39.612133,118.1
5324,2026-09-16T11:51:01,43.645889,39.612333,118.1
5325,2026-09-16T11:51:02,43.645822,39.612533,118.0
5326,2026-09-16T11:51:03,43.645756,39.612733,118.0
5327,2026-09-16T11:51:04,43.645689,39.612933,117.9
5328,2026-09-16T11:51:05,43.645622,39.613133,117.8
5329,2026-09-16T11:51:06,43.645556,39.613333,117.8
5330,2026-09-16T11:51:07,43.645489,39.613533,117.7
5331,2026-09-16T11:51:08,43.645422,39.613733,117.6
5332,2026-09-16T11:51:09,43.645356,39.613933,117.6
5333,2026-09-16T11:51:11,43.645222,39.614333,117.4
5334,2026-09-16T11:51:13,43.645089,39.614733,117.3
5335,2026-09-16T11:51:14,43.645022,39.614933,117.2
5336,2026-09-16T11:51:15,43.644955,39.615134,117.2
5337,2026-09-16T11:51:16,43.644889,39.615334,117.1
5338,2026-09-16T11:51:17,43.644822,39.615534,117.0
5339,2026-09-16T11:51:18,43.644755,39.615734,116.9
5340,2026-09-16T11:51:19,43.644689,39.615934,116.9
5341,2026-09-16T11:51:20,43.644622,39.616134,116.8
5342,2026-09-16T11:51:23,43.644422,39.616734,116.6
5343,2026-09-16T11:51:24,43.644355,39.616934,116.5
5344,2026-09-16T11:51:26,43.644222,39.617334,116.3
5345,2026-09-16T11:51:29,43.644022,39.617934,116.1
5346,2026-09-16T11:51:31,43.643889,39.618334,115.9
5347,2026-09-16T11:51:32,43.643822,39.618534,115.8
5348,2026-09-16T11:51:33,43.643755,39.618734,115.7
5349,2026-09-16T11:51:34,43.643689,39.618934,115.7
5350,2026-09-16T11:51:35,43.643622,39.619134,115.6
5351,2026-09-16T11:51:36,43.643555,39.619334,115.5
5352,2026-09-16T11:51:37,43.643489,39.619534,115.4
5353,2026-09-16T11:51:38,43.643422,39.619734,115.3
5354,2026-09-16T11:51:39,43.643355,39.619934,115.2
5355,2026-09-16T11:51:40,43.643289,39.620134,115.1
5356,2026-09-16T11:51:41,43.643222,39.620334,115.0
5357,2026-09-16T11:51:42,43.643155,39.620534,114.9
5358,2026-09-16T11:51:43,43.643089,39.620734,114.8
5359,2026-09-16T11:51:44,43.643022,39.620934,114.8
5360,2026-09-16T11:51:45,43.642955,39.621134,114.7
5361,2026-09-16T11:51:46,43.642889,39.621334,114.6
5362,2026-09-16T11:51:47,43.642822,39.621534,114.5
5363,2026-09-16T11:51:48,43.642755,39.621734,114.4
5364,2026-09-16T11:51:49,43.642689,39.621934,114.3
5365,2026-09-16T11:51:50,43.642622,39.622134,114.2
5366,2026-09-16T11:51:51,43.642555,39.622334,114.1
5367,2026-09-16T11:51:52,43.642489,39.622534,114.0
5368,2026-09-16T11:51:53,43.642422,39.622734,113.9
5369,2026-09-16T11:51:54,43.642355,39.622934,113.8
5370,2026-09-16T11:51:55,43.642289,39.623134,113.7
5371,2026-09-16T11:51:56,43.642222,39.623334,113.6
5372,2026-09-16T11:51:58,43.642089,39.623734,113.4
5373,2026-09-16T11:51:59,43.642022,39.623934,113.3
5374,2026-09-16T11:52:00,43.641955,39.624134,113.2
5375,2026-09-16T11:52:01,43.641889,39.624334,113.1
5376,2026-09-16T11:52:02,43.641822,39.624534,113.0
5377,2026-09-16T11:52:03,43.641755,39.624734,112.9
5378,2026-09-16T11:52:04,43.641689,39.624934,112.7
5379,2026-09-16T11:52:05,43.641622,39.625135,112.6
5380,2026-09-16T11:52:06,43.641555,39.625335,112.5
5381,2026-09-16T11:52:09,43.641355,39.625935,112.2
5382,2026-09-16T11:52:10,43.641288,39.626135,112.1
5383,2026-09-16T11:52:11,43.641222,39.626335,112.0
5384,2026-09-16T11:52:12,43.641155,39.626535,111.9
5385,2026-09-16T11:52:13,43.641088,39.626735,111.8
5386,2026-09-16T11:52:14,43.641022,39.626935,111.6
5387,2026-09-16T11:52:15,43.640955,39.627135,111.5
5388,2026-09-16T11:52:16,43.640888,39.627335,111.4
5389,2026-09-16T11:52:17,43.640822,39.627535,111.3
5390,2026-09-16T11:52:18,43.640755,39.627735,111.2
5391,2026-09-16T11:52:19,43.640688,39.627935,111.1
5392,2026-09-16T11:52:21,43.640555,39.628335,110.8
5393,2026-09-16T11:52:22,43.640488,39.628535,110.7
5394,2026-09-16T11:52:24,43.640355,39.628935,110.5
5395,2026-09-16T11:52:25,43.640288,39.629135,110.4
5396,2026-09-16T11:52:27,43.640155,39.629535,110.1
5397,2026-09-16T11:52:28,43.640088,39.629735,110.0
5398,2026-09-16T11:52:30,43.639955,39.630135,109.8
5399,2026-09-16T11:52:32,43.639822,39.630535,109.5
5400,2026-09-16T11:52:37,43.639488,39.631535,108.9
5401,2026-09-16T11:52:38,43.639422,39.631735,108.8
5402,2026-09-16T11:52:40,43.639288,39.632135,108.5
5403,2026-09-16T11:52:41,43.639222,39.632335,108.4
5404,2026-09-16T11:52:42,43.639155,39.632535,108.3
5405,2026-09-16T11:52:43,43.639088,39.632735,108.1
5406,2026-09-16T11:52:44,43.639022,39.632935,108.0
5407,2026-09-16T11:52:46,43.638888,39.633335,107.7
5408,2026-09-16T11:52:47,43.638822,39.633535,107.6
5409,2026-09-16T11:52:49,43.638688,39.633935,107.3
5410,2026-09-16T11:52:50,43.638622,39.634135,107.2
5411,2026-09-16T11:52:51,43.638555,39.634335,107.1
5412,2026-09-16T11:52:52,43.638488,39.634535,106.9
5413,2026-09-16T11:52:53,43.638422,39.634735,106.8
5414,2026-09-16T11:52:56,43.638221,39.635336,106.4
5415,2026-09-16T11:52:57,43.638155,39.635536,106.3
5416,2026-09-16T11:52:58,43.638088,39.635736,106.1
5417,2026-09-16T11:52:59,43.638021,39.635936,106.0
5418,2026-09-16T11:53:00,43.637955,39.636136,105.9
5419,2026-09-16T11:53:01,43.637888,39.636336,105.7
5420,2026-09-16T11:53:02,43.637821,39.636536,105.6
5421,2026-09-16T11:53:03,43.637755,39.636736,105.5
5422,2026-09-16T11:53:04,43.637688,39.636936,105.3
5423,2026-09-16T11:53:05,43.637621,39.637136,105.2
5424,2026-09-16T11:53:06,43.637555,39.637336,105.0
5425,2026-09-16T11:53:07,43.637488,39.637536,104.9
5426,2026-09-16T11:53:08,43.637421,39.637736,104.8
5427,2026-09-16T11:53:11,43.637221,39.638336,104.3
5428,2026-09-16T11:53:12,43.637155,39.638536,104.2
5429,2026-09-16T11:53:13,43.637088,39.638736,104.1
5430,2026-09-16T11:53:15,43.636955,39.639136,103.8
5431,2026-09-16T11:53:16,43.636888,39.639336,103.6
5432,2026-09-16T11:53:17,43.636821,39.639536,103.5
5433,2026-09-16T11:53:18,43.636755,39.639736,103.3
5434,2026-09-16T11:53:19,43.636688,39.639936,103.2
5435,2026-09-16T11:53:21,43.636555,39.640336,102.9
5436,2026-09-16T11:53:23,43.636421,39.640736,102.6
5437,2026-09-16T11:53:25,43.636288,39.641136,102.3
5438,2026-09-16T11:53:26,43.636221,39.641336,102.2
5439,2026-09-16T11:53:27,43.636155,39.641536,102.0
5440,2026-09-16T11:53:29,43.636021,39.641936,101.7
5441,2026-09-16T11:53:30,43.635955,39.642136,101.6
5442,2026-09-16T11:53:31,43.635888,39.642336,101.4
5443,2026-09-16T11:53:32,43.635821,39.642536,101.3
5444,2026-09-16T11:53:33,43.635755,39.642736,101.1
5445,2026-09-16T11:53:34,43.635688,39.642936,101.0
5446,2026-09-16T11:53:35,43.635621,39.643136,100.8
5447,2026-09-16T11:53:36,43.635555,39.643336,100.7
5448,2026-09-16T11:53:37,43.635488,39.643536,100.5
5449,2026-09-16T11:53:38,43.635421,39.643736,100.4
5450,2026-09-16T11:53:39,43.635355,39.643936,100.2
5451,2026-09-16T11:53:40,43.635288,39.644136,100.1
5452,2026-09-16T11:53:41,43.635221,39.644336,99.9
5453,2026-09-16T11:53:42,43.635155,39.644536,99.8
5454,2026-09-16T11:53:43,43.635088,39.644736,99.6
5455,2026-09-16T11:53:44,43.635021,39.644936,99.5
5456,2026-09-16T11:53:45,43.634954,39.645137,99.3
5457,2026-09-16T11:53:47,43.634821,39.645537,99.0
5458,2026-09-16T11:53:51,43.634554,39.646337,98.4
5459,2026-09-16T11:53:53,43.634421,39.646737,98.1
5460,2026-09-16T11:53:55,43.634288,39.647137,97.8
5461,2026-09-16T11:53:56,43.634221,39.647337,97.6
5462,2026-09-16T11:53:57,43.634154,39.647537,97.5
5463,2026-09-16T11:53:59,43.634021,39.647937,97.2
5464,2026-09-16T11:54:00,43.633954,39.648137,97.0
5465,2026-09-16T11:54:01,43.633888,39.648337,96.9
5466,2026-09-16T11:54:02,43.633821,39.648537,96.7
5467,2026-09-16T11:54:04,43.633688,39.648937,96.4
5468,2026-09-16T11:54:05,43.633621,39.649137,96.2
5469,2026-09-16T11:54:06,43.633554,39.649337,96.1
5470,2026-09-16T11:54:07,43.633488,39.649537,95.9
5471,2026-09-16T11:54:09,43.633354,39.649937,95.6
5472,2026-09-16T11:54:11,43.633221,39.650337,95.3
5473,2026-09-16T11:54:12,43.633154,39.650537,95.1
5474,2026-09-16T11:54:13,43.633088,39.650737,95.0
5475,2026-09-16T11:54:14,43.633021,39.650937,94.8
5476,2026-09-16T11:54:17,43.632821,39.651537,94.3
5477,2026-09-16T11:54:18,43.632754,39.651737,94.2
5478,2026-09-16T11:54:19,43.632688,39.651937,94.0
5479,2026-09-16T11:54:20,43.632621,39.652137,93.9
5480,2026-09-16T11:54:22,43.632488,39.652537,93.5
5481,2026-09-16T11:54:23,43.632421,39.652737,93.4
5482,2026-09-16T11:54:24,43.632354,39.652937,93.2
5483,2026-09-16T11:54:25,43.632288,39.653137,93.1
5484,2026-09-16T11:54:26,43.632221,39.653337,92.9
5485,2026-09-16T11:54:27,43.632154,39.653537,92.7
5486,2026-09-16T11:54:28,43.632088,39.653737,92.6
5487,2026-09-16T11:54:29,43.632021,39.653937,92.4
5488,2026-09-16T11:54:32,43.631821,39.654537,91.9
5489,2026-09-16T11:54:33,43.631754,39.654737,91.8
5490,2026-09-16T11:54:34,43.631688,39.654937,91.6
5491,2026-09-16T11:54:35,43.631621,39.655138,91.4
5492,2026-09-16T11:54:36,43.631554,39.655338,91.3
5493,2026-09-16T11:54:37,43.631487,39.655538,91.1
5494,2026-09-16T11:54:38,43.631421,39.655738,91.0
5495,2026-09-16T11:54:40,43.631287,39.656138,90.6
5496,2026-09-16T11:54:41,43.631221,39.656338,90.5
5497,2026-09-16T11:54:42,43.631154,39.656538,90.3
5498,2026-09-16T11:54:43,43.631087,39.656738,90.1
5499,2026-09-16T11:54:44,43.631021,39.656938,90.0
5500,2026-09-16T11:54:45,43.630954,39.657138,89.8
5501,2026-09-16T11:54:46,43.630887,39.657338,89.7
5502,2026-09-16T11:54:47,43.630821,39.657538,89.5
5503,2026-09-16T11:54:48,43.630754,39.657738,89.3
5504,2026-09-16T11:54:49,43.630687,39.657938,89.2
5505,2026-09-16T11:54:50,43.630621,39.658138,89.0
5506,2026-09-16T11:54:51,43.630554,39.658338,88.9
5507,2026-09-16T11:54:52,43.630487,39.658538,88.7
5508,2026-09-16T11:54:53,43.630421,39.658738,88.5
5509,2026-09-16T11:54:54,43.630354,39.658938,88.4
5510,2026-09-16T11:54:55,43.630287,39.659138,88.2
5511,2026-09-16T11:54:56,43.630221,39.659338,88.0
5512,2026-09-16T11:54:58,43.630087,39.659738,87.7
5513,2026-09-16T11:54:59,43.630021,39.659938,87.6
5514,2026-09-16T11:55:00,43.629954,39.660138,87.4
5515,2026-09-16T11:55:01,43.629887,39.660338,87.2
5516,2026-09-16T11:55:02,43.629821,39.660538,87.1
5517,2026-09-16T11:55:03,43.629754,39.660738,86.9
5518,2026-09-16T11:55:04,43.629687,39.660938,86.7
5519,2026-09-16T11:55:05,43.629621,39.661138,86.6
5520,2026-09-16T11:55:07,43.629487,39.661538,86.3
5521,2026-09-16T11:55:08,43.629421,39.661738,86.1
5522,2026-09-16T11:55:09,43.629354,39.661938,85.9
5523,2026-09-16T11:55:10,43.629287,39.662138,85.8
5524,2026-09-16T11:55:12,43.629154,39.662538,85.4
5525,2026-09-16T11:55:15,43.628954,39.663138,85.0
5526,2026-09-16T11:55:16,43.628887,39.663338,84.8
5527,2026-09-16T11:55:17,43.628821,39.663538,84.6
5528,2026-09-16T11:55:19,43.628687,39.663938,84.3
5529,2026-09-16T11:55:20,43.628621,39.664138,84.1
5530,2026-09-16T11:55:21,43.628554,39.664338,84.0
5531,2026-09-16T11:55:22,43.628487,39.664538,83.8
5532,2026-09-16T11:55:23,43.628421,39.664738,83.7
5533,2026-09-16T11:55:24,43.628354,39.664938,83.5
5534,2026-09-16T11:55:25,43.628287,39.665139,83.3
5535,2026-09-16T11:55:26,43.62822,39.665339,83.2
5536,2026-09-16T11:55:27,43.628154,39.665539,83.0
5537,2026-09-16T11:55:28,43.628087,39.665739,82.9
5538,2026-09-16T11:55:30,43.627954,39.666139,82.5
5539,2026-09-16T11:55:31,43.627887,39.666339,82.4
5540,2026-09-16T11:55:32,43.62782,39.666539,82.2
5541,2026-09-16T11:55:33,43.627754,39.666739,82.0
5542,2026-09-16T11:55:34,43.627687,39.666939,81.9
5543,2026-09-16T11:55:35,43.62762,39.667139,81.7
5544,2026-09-16T11:55:36,43.627554,39.667339,81.6
5545,2026-09-16T11:55:37,43.627487,39.667539,81.4
5546,2026-09-16T11:55:38,43.62742,39.667739,81.2
5547,2026-09-16T11:55:41,43.62722,39.668339,80.8
5548,2026-09-16T11:55:42,43.627154,39.668539,80.6
5549,2026-09-16T11:55:43,43.627087,39.668739,80.4
5550,2026-09-16T11:55:44,43.62702,39.668939,80.3
5551,2026-09-16T11:55:45,43.626954,39.669139,80.1
5552,2026-09-16T11:55:46,43.626887,39.669339,80.0
5553,2026-09-16T11:55:47,43.62682,39.669539,79.8
5554,2026-09-16T11:55:48,43.626754,39.669739,79.7
5555,2026-09-16T11:55:49,43.626687,39.669939,79.5
5556,2026-09-16T11:55:50,43.62662,39.670139,79.3
5557,2026-09-16T11:55:52,43.626487,39.670539,79.0
5558,2026-09-16T11:55:56,43.62622,39.671339,78.4
5559,2026-09-16T11:55:57,43.626154,39.671539,78.2
5560,2026-09-16T11:55:58,43.626087,39.671739,78.1
5561,2026-09-16T11:56:00,43.625954,39.672139,77.8
5562,2026-09-16T11:56:01,43.625887,39.672339,77.6
5563,2026-09-16T11:56:03,43.625754,39.672739,77.3
5564,2026-09-16T11:56:04,43.625687,39.672939,77.1
5565,2026-09-16T11:56:05,43.62562,39.673139,77.0
5566,2026-09-16T11:56:06,43.625554,39.673339,76.8
5567,2026-09-16T11:56:09,43.625354,39.673939,76.4
5568,2026-09-16T11:56:10,43.625287,39.674139,76.2
5569,2026-09-16T11:56:11,43.62522,39.674339,76.1
5570,2026-09-16T11:56:12,43.625154,39.674539,75.9
5571,2026-09-16T11:56:13,43.625087,39.674739,75.8
5572,2026-09-16T11:56:16,43.624887,39.67534,75.3
5573,2026-09-16T11:56:18,43.624753,39.67574,75.0
5574,2026-09-16T11:56:19,43.624687,39.67594,74.9
5575,2026-09-16T11:56:20,43.62462,39.67614,74.7
5576,2026-09-16T11:56:21,43.624553,39.67634,74.6
5577,2026-09-16T11:56:22,43.624487,39.67654,74.4
5578,2026-09-16T11:56:23,43.62442,39.67674,74.3
5579,2026-09-16T11:56:24,43.624353,39.67694,74.1
5580,2026-09-16T11:56:25,43.624287,39.67714,74.0
5581,2026-09-16T11:56:26,43.62422,39.67734,73.8
5582,2026-09-16T11:56:27,43.624153,39.67754,73.7
5583,2026-09-16T11:56:28,43.624087,39.67774,73.5
5584,2026-09-16T11:56:31,43.623887,39.67834,73.1
5585,2026-09-16T11:56:32,43.62382,39.67854,72.9
5586,2026-09-16T11:56:33,43.623753,39.67874,72.8
5587,2026-09-16T11:56:34,43.623687,39.67894,72.6
5588,2026-09-16T11:56:35,43.62362,39.67914,72.5
5589,2026-09-16T11:56:36,43.623553,39.67934,72.3
5590,2026-09-16T11:56:38,43.62342,39.67974,72.0
5591,2026-09-16T11:56:39,43.623353,39.67994,71.9
5592,2026-09-16T11:56:40,43.623287,39.68014,71.8
5593,2026-09-16T11:56:41,43.62322,39.68034,71.6
5594,2026-09-16T11:56:42,43.623153,39.68054,71.5
5595,2026-09-16T11:56:43,43.623087,39.68074,71.3
5596,2026-09-16T11:56:44,43.62302,39.68094,71.2
5597,2026-09-16T11:56:45,43.622953,39.68114,71.0
5598,2026-09-16T11:56:46,43.622887,39.68134,70.9
5599,2026-09-16T11:56:47,43.62282,39.68154,70.8
5600,2026-09-16T11:56:48,43.622753,39.68174,70.6
5601,2026-09-16T11:56:49,43.622687,39.68194,70.5
5602,2026-09-16T11:56:50,43.62262,39.68214,70.3
5603,2026-09-16T11:56:51,43.622553,39.68234,70.2
5604,2026-09-16T11:56:52,43.622487,39.68254,70.0
5605,2026-09-16T11:56:53,43.62242,39.68274,69.9
5606,2026-09-16T11:56:54,43.622353,39.68294,69.8
5607,2026-09-16T11:56:55,43.622287,39.68314,69.6
5608,2026-09-16T11:57:00,43.621953,39.68414,68.9
5609,2026-09-16T11:57:01,43.621887,39.68434,68.8
5610,2026-09-16T11:57:02,43.62182,39.68454,68.7
5611,2026-09-16T11:57:04,43.621687,39.68494,68.4
5612,2026-09-16T11:57:05,43.62162,39.685141,68.3
5613,2026-09-16T11:57:06,43.621553,39.685341,68.1
5614,2026-09-16T11:57:07,43.621486,39.685541,68.0
5615,2026-09-16T11:57:08,43.62142,39.685741,67.9
5616,2026-09-16T11:57:09,43.621353,39.685941,67.7
5617,2026-09-16T11:57:10,43.621286,39.686141,67.6
5618,2026-09-16T11:57:11,43.62122,39.686341,67.5
5619,2026-09-16T11:57:13,43.621086,39.686741,67.2
5620,2026-09-16T11:57:14,43.62102,39.686941,67.1
5621,2026-09-16T11:57:15,43.620953,39.687141,67.0
5622,2026-09-16T11:57:17,43.62082,39.687541,66.7
5623,2026-09-16T11:57:18,43.620753,39.687741,66.6
5624,2026-09-16T11:57:19,43.620686,39.687941,66.4
5625,2026-09-16T11:57:20,43.62062,39.688141,66.3
5626,2026-09-16T11:57:21,43.620553,39.688341,66.2
5627,2026-09-16T11:57:22,43.620486,39.688541,66.1
5628,2026-09-16T11:57:23,43.62042,39.688741,65.9
5629,2026-09-16T11:57:24,43.620353,39.688941,65.8
5630,2026-09-16T11:57:25,43.620286,39.689141,65.7
5631,2026-09-16T11:57:26,43.62022,39.689341,65.6
5632,2026-09-16T11:57:28,43.620086,39.689741,65.3
5633,2026-09-16T11:57:29,43.62002,39.689941,65.2
5634,2026-09-16T11:57:30,43.619953,39.690141,65.1
5635,2026-09-16T11:57:32,43.61982,39.690541,64.8
5636,2026-09-16T11:57:33,43.619753,39.690741,64.7
5637,2026-09-16T11:57:34,43.619686,39.690941,64.6
5638,2026-09-16T11:57:35,43.61962,39.691141,64.5
5639,2026-09-16T11:57:36,43.619553,39.691341,64.4
5640,2026-09-16T11:57:37,43.619486,39.691541,64.2
5641,2026-09-16T11:57:39,43.619353,39.691941,64.0
5642,2026-09-16T11:57:40,43.619286,39.692141,63.9
5643,2026-09-16T11:57:41,43.61922,39.692341,63.8
5644,2026-09-16T11:57:42,43.619153,39.692541,63.7
5645,2026-09-16T11:57:44,43.61902,39.692941,63.4
5646,2026-09-16T11:57:45,43.618953,39.693141,63.3
5647,2026-09-16T11:57:46,43.618886,39.693341,63.2
5648,2026-09-16T11:57:47,43.61882,39.693541,63.1
5649,2026-09-16T11:57:48,43.618753,39.693741,63.0
5650,2026-09-16T11:57:49,43.618686,39.693941,62.9
5651,2026-09-16T11:57:50,43.61862,39.694141,62.8
5652,2026-09-16T11:57:51,43.618553,39.694341,62.6
5653,2026-09-16T11:57:53,43.61842,39.694741,62.4
5654,2026-09-16T11:57:54,43.618353,39.694941,62.3
5655,2026-09-16T11:57:55,43.618286,39.695142,62.2
5656,2026-09-16T11:57:56,43.618219,39.695342,62.1
5657,2026-09-16T11:57:59,43.618019,39.695942,61.8
5658,2026-09-16T11:58:00,43.617953,39.696142,61.7
5659,2026-09-16T11:58:01,43.617886,39.696342,61.6
5660,2026-09-16T11:58:03,43.617753,39.696742,61.4
5661,2026-09-16T11:58:04,43.617686,39.696942,61.3
5662,2026-09-16T11:58:05,43.617619,39.697142,61.2
5663,2026-09-16T11:58:08,43.617419,39.697742,60.9
5664,2026-09-16T11:58:09,43.617353,39.697942,60.8
5665,2026-09-16T11:58:10,43.617286,39.698142,60.7
5666,2026-09-16T11:58:12,43.617153,39.698542,60.5
5667,2026-09-16T11:58:14,43.617019,39.698942,60.3
5668,2026-09-16T11:58:15,43.616953,39.699142,60.2
5669,2026-09-16T11:58:16,43.616886,39.699342,60.1
5670,2026-09-16T11:58:17,43.616819,39.699542,60.0
5671,2026-09-16T11:58:18,43.616753,39.699742,59.9
5672,2026-09-16T11:58:19,43.616686,39.699942,59.8
5673,2026-09-16T11:58:20,43.616619,39.700142,59.8
5674,2026-09-16T11:58:21,43.616553,39.700342,59.7
5675,2026-09-16T11:58:22,43.616486,39.700542,59.6
5676,2026-09-16T11:58:23,43.616419,39.700742,59.5
5677,2026-09-16T11:58:24,43.616353,39.700942,59.4
5678,2026-09-16T11:58:25,43.616286,39.701142,59.3
5679,2026-09-16T11:58:26,43.616219,39.701342,59.2
5680,2026-09-16T11:58:27,43.616153,39.701542,59.1
5681,2026-09-16T11:58:29,43.616019,39.701942,59.0
5682,2026-09-16T11:58:31,43.615886,39.702342,58.8
5683,2026-09-16T11:58:32,43.615819,39.702542,58.7
5684,2026-09-16T11:58:34,43.615686,39.702942,58.6
5685,2026-09-16T11:58:35,43.615619,39.703142,58.5
5686,2026-09-16T11:58:36,43.615553,39.703342,58.4
5687,2026-09-16T11:58:37,43.615486,39.703542,58.3
5688,2026-09-16T11:58:38,43.615419,39.703742,58.3
5689,2026-09-16T11:58:39,43.615353,39.703942,58.2
5690,2026-09-16T11:58:40,43.615286,39.704142,58.1
5691,2026-09-16T11:58:41,43.615219,39.704342,58.0
5692,2026-09-16T11:58:42,43.615153,39.704542,58.0
5693,2026-09-16T11:58:43,43.615086,39.704742,57.9
5694,2026-09-16T11:58:44,43.615019,39.704942,57.8
5695,2026-09-16T11:58:45,43.614952,39.705143,57.7
5696,2026-09-16T11:58:46,43.614886,39.705343,57.7
5697,2026-09-16T11:58:47,43.614819,39.705543,57.6
5698,2026-09-16T11:58:48,43.614752,39.705743,57.5
5699,2026-09-16T11:58:49,43.614686,39.705943,57.5
5700,2026-09-16T11:58:50,43.614619,39.706143,57.4
5701,2026-09-16T11:58:51,43.614552,39.706343,57.3
5702,2026-09-16T11:58:52,43.614486,39.706543,57.3
5703,2026-09-16T11:58:53,43.614419,39.706743,57.2
5704,2026-09-16T11:58:54,43.614352,39.706943,57.1
5705,2026-09-16T11:58:55,43.614286,39.707143,57.1
5706,2026-09-16T11:58:56,43.614219,39.707343,57.0
5707,2026-09-16T11:58:57,43.614152,39.707543,57.0
5708,2026-09-16T11:58:58,43.614086,39.707743,56.9
5709,2026-09-16T11:58:59,43.614019,39.707943,56.8
5710,2026-09-16T11:59:00,43.613952,39.708143,56.8
5711,2026-09-16T11:59:01,43.613886,39.708343,56.7
5712,2026-09-16T11:59:03,43.613752,39.708743,56.6
5713,2026-09-16T11:59:05,43.613619,39.709143,56.5
5714,2026-09-16T11:59:07,43.613486,39.709543,56.4
5715,2026-09-16T11:59:08,43.613419,39.709743,56.3
5716,2026-09-16T11:59:09,43.613352,39.709943,56.3
5717,2026-09-16T11:59:11,43.613219,39.710343,56.2
5718,2026-09-16T11:59:13,43.613086,39.710743,56.1
5719,2026-09-16T11:59:14,43.613019,39.710943,56.1
5720,2026-09-16T11:59:16,43.612886,39.711343,56.0
5721,2026-09-16T11:59:17,43.612819,39.711543,55.9
5722,2026-09-16T11:59:18,43.612752,39.711743,55.9
5723,2026-09-16T11:59:19,43.612686,39.711943,55.8
5724,2026-09-16T11:59:20,43.612619,39.712143,55.8
5725,2026-09-16T11:59:21,43.612552,39.712343,55.8
5726,2026-09-16T11:59:23,43.612419,39.712743,55.7
5727,2026-09-16T11:59:24,43.612352,39.712943,55.6
5728,2026-09-16T11:59:25,43.612286,39.713143,55.6
5729,2026-09-16T11:59:27,43.612152,39.713543,55.5
5730,2026-09-16T11:59:28,43.612086,39.713743,55.5
5731,2026-09-16T11:59:30,43.611952,39.714143,55.4
5732,2026-09-16T11:59:31,43.611886,39.714343,55.4
5733,2026-09-16T11:59:32,43.611819,39.714543,55.4
5734,2026-09-16T11:59:33,43.611752,39.714743,55.4
5735,2026-09-16T11:59:34,43.611686,39.714943,55.3
5736,2026-09-16T11:59:35,43.611619,39.715144,55.3
5737,2026-09-16T11:59:36,43.611552,39.715344,55.3
5738,2026-09-16T11:59:37,43.611485,39.715544,55.3
5739,2026-09-16T11:59:38,43.611419,39.715744,55.2
5740,2026-09-16T11:59:39,43.611352,39.715944,55.2
5741,2026-09-16T11:59:40,43.611285,39.716144,55.2
5742,2026-09-16T11:59:41,43.611219,39.716344,55.2
5743,2026-09-16T11:59:42,43.611152,39.716544,55.2
5744,2026-09-16T11:59:43,43.611085,39.716744,55.1
5745,2026-09-16T11:59:44,43.611019,39.716944,55.1
5746,2026-09-16T11:59:45,43.610952,39.717144,55.1
5747,2026-09-16T11:59:46,43.610885,39.717344,55.1
5748,2026-09-16T11:59:47,43.610819,39.717544,55.1
5749,2026-09-16T11:59:48,43.610752,39.717744,55.1
5750,2026-09-16T11:59:49,43.610685,39.717944,55.1
5751,2026-09-16T11:59:50,43.610619,39.718144,55.0
5752,2026-09-16T11:59:51,43.610552,39.718344,55.0
5753,2026-09-16T11:59:52,43.610485,39.718544,55.0
5754,2026-09-16T11:59:53,43.610419,39.718744,55.0
5755,2026-09-16T11:59:54,43.610352,39.718944,55.0
5756,2026-09-16T11:59:55,43.610285,39.719144,55.0
5757,2026-09-16T11:59:56,43.610219,39.719344,55.0
5758,2026-09-16T11:59:57,43.610152,39.719544,55.0
5759,2026-09-16T11:59:59,43.610019,39.719944,55.0
5760,2026-09-16T12:00:00,43.609952,39.720012,55.0
5761,2026-09-16T12:00:02,43.609819,39.720045,55.0
5762,2026-09-16T12:00:06,43.609552,39.720112,55.0
5763,2026-09-16T12:00:07,43.609485,39.720129,55.1
5764,2026-09-16T12:00:08,43.609419,39.720145,55.1
5765,2026-09-16T12:00:09,43.609352,39.720162,55.1
5766,2026-09-16T12:00:10,43.609285,39.720179,55.1
5767,2026-09-16T12:00:11,43.609219,39.720195,55.1
5768,2026-09-16T12:00:12,43.609152,39.720212,55.2
5769,2026-09-16T12:00:13,43.609085,39.720229,55.2
5770,2026-09-16T12:00:14,43.609019,39.720245,55.2
5771,2026-09-16T12:00:15,43.608952,39.720262,55.3
5772,2026-09-16T12:00:17,43.608819,39.720295,55.3
5773,2026-09-16T12:00:18,43.608752,39.720312,55.4
5774,2026-09-16T12:00:19,43.608685,39.720329,55.4
5775,2026-09-16T12:00:21,43.608552,39.720362,55.5
5776,2026-09-16T12:00:22,43.608485,39.720379,55.5
5777,2026-09-16T12:00:23,43.608419,39.720395,55.6
5778,2026-09-16T12:00:24,43.608352,39.720412,55.6
5779,2026-09-16T12:00:25,43.608285,39.720429,55.7
5780,2026-09-16T12:00:26,43.608218,39.720445,55.7
5781,2026-09-16T12:00:27,43.608152,39.720462,55.8
5782,2026-09-16T12:00:29,43.608018,39.720495,55.9
5783,2026-09-16T12:00:30,43.607952,39.720512,55.9
5784,2026-09-16T12:00:32,43.607818,39.720545,56.1
5785,2026-09-16T12:00:33,43.607752,39.720562,56.1
5786,2026-09-16T12:00:36,43.607552,39.720612,56.3
5787,2026-09-16T12:00:37,43.607485,39.720629,56.4
5788,2026-09-16T12:00:38,43.607418,39.720645,56.5
5789,2026-09-16T12:00:39,43.607352,39.720662,56.6
5790,2026-09-16T12:00:40,43.607285,39.720679,56.6
5791,2026-09-16T12:00:41,43.607218,39.720695,56.7
5792,2026-09-16T12:00:42,43.607152,39.720712,56.8
5793,2026-09-16T12:00:43,43.607085,39.720729,56.9
5794,2026-09-16T12:00:44,43.607018,39.720745,57.0
5795,2026-09-16T12:00:45,43.606952,39.720762,57.1
5796,2026-09-16T12:00:46,43.606885,39.720779,57.2
5797,2026-09-16T12:00:47,43.606818,39.720795,57.2
5798,2026-09-16T12:00:48,43.606752,39.720812,57.3
5799,2026-09-16T12:00:49,43.606685,39.720829,57.4
5800,2026-09-16T12:00:50,43.606618,39.720845,57.5
5801,2026-09-16T12:00:51,43.606552,39.720862,57.6
5802,2026-09-16T12:00:52,43.606485,39.720879,57.7
5803,2026-09-16T12:00:53,43.606418,39.720895,57.8
5804,2026-09-16T12:00:54,43.606352,39.720912,57.9
5805,2026-09-16T12:00:55,43.606285,39.720929,58.0
5806,2026-09-16T12:00:56,43.606218,39.720945,58.1
5807,2026-09-16T12:00:57,43.606152,39.720962,58.2
5808,2026-09-16T12:00:58,43.606085,39.720979,58.4
5809,2026-09-16T12:01:00,43.605952,39.721012,58.6
5810,2026-09-16T12:01:03,43.605752,39.721062,58.9
5811,2026-09-16T12:01:04,43.605685,39.721079,59.1
5812,2026-09-16T12:01:05,43.605618,39.721095,59.2
5813,2026-09-16T12:01:06,43.605552,39.721112,59.3
5814,2026-09-16T12:01:08,43.605418,39.721145,59.5
5815,2026-09-16T12:01:09,43.605352,39.721162,59.7
5816,2026-09-16T12:01:10,43.605285,39.721179,59.8
5817,2026-09-16T12:01:11,43.605218,39.721195,59.9
5818,2026-09-16T12:01:12,43.605152,39.721212,60.1
5819,2026-09-16T12:01:13,43.605085,39.721229,60.2
5820,2026-09-16T12:01:14,43.605018,39.721245,60.3
5821,2026-09-16T12:01:15,43.604951,39.721262,60.5
5822,2026-09-16T12:01:16,43.604885,39.721279,60.6
5823,2026-09-16T12:01:17,43.604818,39.721295,60.7
5824,2026-09-16T12:01:18,43.604751,39.721312,60.9
5825,2026-09-16T12:01:19,43.604685,39.721329,61.0
5826,2026-09-16T12:01:20,43.604618,39.721345,61.2
5827,2026-09-16T12:01:23,43.604418,39.721395,61.6
5828,2026-09-16T12:01:24,43.604351,39.721412,61.8
5829,2026-09-16T12:01:25,43.604285,39.721429,61.9
5830,2026-09-16T12:01:26,43.604218,39.721445,62.1
5831,2026-09-16T12:01:27,43.604151,39.721462,62.2
5832,2026-09-16T12:01:28,43.604085,39.721479,62.4
5833,2026-09-16T12:01:29,43.604018,39.721495,62.6
5834,2026-09-16T12:01:30,43.603951,39.721512,62.7
5835,2026-09-16T12:01:31,43.603885,39.721529,62.9
5836,2026-09-16T12:01:32,43.603818,39.721545,63.0
5837,2026-09-16T12:01:33,43.603751,39.721562,63.2
5838,2026-09-16T12:01:34,43.603685,39.721579,63.4
5839,2026-09-16T12:01:35,43.603618,39.721595,63.5
5840,2026-09-16T12:01:36,43.603551,39.721612,63.7
5841,2026-09-16T12:01:37,43.603485,39.721629,63.9
5842,2026-09-16T12:01:38,43.603418,39.721645,64.0
5843,2026-09-16T12:01:39,43.603351,39.721662,64.2
5844,2026-09-16T12:01:42,43.603151,39.721712,64.7
5845,2026-09-16T12:01:43,43.603085,39.721729,64.9
5846,2026-09-16T12:01:44,43.603018,39.721746,65.1
5847,2026-09-16T12:01:45,43.602951,39.721762,65.3
5848,2026-09-16T12:01:46,43.602885,39.721779,65.5
5849,2026-09-16T12:01:47,43.602818,39.721796,65.6
5850,2026-09-16T12:01:48,43.602751,39.721812,65.8
5851,2026-09-16T12:01:49,43.602685,39.721829,66.0
5852,2026-09-16T12:01:50,43.602618,39.721846,66.2
5853,2026-09-16T12:01:51,43.602551,39.721862,66.4
5854,2026-09-16T12:01:52,43.602485,39.721879,66.6
5855,2026-09-16T12:01:53,43.602418,39.721896,66.8
5856,2026-09-16T12:01:54,43.602351,39.721912,67.0
5857,2026-09-16T12:01:56,43.602218,39.721946,67.4
5858,2026-09-16T12:01:57,43.602151,39.721962,67.5
5859,2026-09-16T12:01:58,43.602085,39.721979,67.7
5860,2026-09-16T12:01:59,43.602018,39.721996,67.9
5861,2026-09-16T12:02:00,43.601951,39.722012,68.1
5862,2026-09-16T12:02:01,43.601885,39.722029,68.3
5863,2026-09-16T12:02:02,43.601818,39.722046,68.6
5864,2026-09-16T12:02:04,43.601685,39.722079,69.0
5865,2026-09-16T12:02:05,43.601618,39.722096,69.2
5866,2026-09-16T12:02:06,43.601551,39.722112,69.4
5867,2026-09-16T12:02:07,43.601484,39.722129,69.6
5868,2026-09-16T12:02:08,43.601418,39.722146,69.8
5869,2026-09-16T12:02:09,43.601351,39.722162,70.0
5870,2026-09-16T12:02:10,43.601284,39.722179,70.2
5871,2026-09-16T12:02:11,43.601218,39.722196,70.4
5872,2026-09-16T12:02:14,43.601018,39.722246,71.1
5873,2026-09-16T12:02:15,43.600951,39.722262,71.3
5874,2026-09-16T12:02:16,43.600884,39.722279,71.5
5875,2026-09-16T12:02:17,43.600818,39.722296,71.7
5876,2026-09-16T12:02:18,43.600751,39.722312,72.0
5877,2026-09-16T12:02:19,43.600684,39.722329,72.2
5878,2026-09-16T12:02:20,43.600618,39.722346,72.4
5879,2026-09-16T12:02:21,43.600551,39.722362,72.6
5880,2026-09-16T12:02:23,43.600418,39.722396,73.1
5881,2026-09-16T12:02:24,43.600351,39.722412,73.3
5882,2026-09-16T12:02:25,43.600284,39.722429,73.5
5883,2026-09-16T12:02:26,43.600218,39.722446,73.8
5884,2026-09-16T12:02:27,43.600151,39.722462,74.0
5885,2026-09-16T12:02:29,43.600018,39.722496,74.5
5886,2026-09-16T12:02:30,43.599951,39.722512,74.7
5887,2026-09-16T12:02:31,43.599884,39.722529,74.9
5888,2026-09-16T12:02:32,43.599818,39.722546,75.2
5889,2026-09-16T12:02:33,43.599751,39.722562,75.4
5890,2026-09-16T12:02:34,43.599684,39.722579,75.7
5891,2026-09-16T12:02:35,43.599618,39.722596,75.9
5892,2026-09-16T12:02:36,43.599551,39.722612,76.1
5893,2026-09-16T12:02:37,43.599484,39.722629,76.4
5894,2026-09-16T12:02:38,43.599418,39.722646,76.6
5895,2026-09-16T12:02:39,43.599351,39.722662,76.9
5896,2026-09-16T12:02:40,43.599284,39.722679,77.1
5897,2026-09-16T12:02:41,43.599218,39.722696,77.4
5898,2026-09-16T12:02:42,43.599151,39.722712,77.6
5899,2026-09-16T12:02:43,43.599084,39.722729,77.8
5900,2026-09-16T12:02:45,43.598951,39.722762,78.3
5901,2026-09-16T12:02:46,43.598884,39.722779,78.6
5902,2026-09-16T12:02:47,43.598818,39.722796,78.8
5903,2026-09-16T12:02:48,43.598751,39.722812,79.1
5904,2026-09-16T12:02:49,43.598684,39.722829,79.4
5905,2026-09-16T12:02:50,43.598618,39.722846,79.6
5906,2026-09-16T12:02:52,43.598484,39.722879,80.1
5907,2026-09-16T12:02:53,43.598418,39.722896,80.4
5908,2026-09-16T12:02:58,43.598084,39.722979,81.7
5909,2026-09-16T12:02:59,43.598017,39.722996,81.9
5910,2026-09-16T12:03:00,43.597951,39.723012,82.2
5911,2026-09-16T12:03:01,43.597884,39.723029,82.5
5912,2026-09-16T12:03:02,43.597817,39.723046,82.7
5913,2026-09-16T12:03:04,43.597684,39.723079,83.3
5914,2026-09-16T12:03:05,43.597617,39.723096,83.5
5915,2026-09-16T12:03:06,43.597551,39.723112,83.8
5916,2026-09-16T12:03:07,43.597484,39.723129,84.1
5917,2026-09-16T12:03:09,43.597351,39.723162,84.6
5918,2026-09-16T12:03:10,43.597284,39.723179,84.9
5919,2026-09-16T12:03:11,43.597217,39.723196,85.1
5920,2026-09-16T12:03:12,43.597151,39.723212,85.4
5921,2026-09-16T12:03:13,43.597084,39.723229,85.7
5922,2026-09-16T12:03:14,43.597017,39.723246,86.0
5923,2026-09-16T12:03:15,43.596951,39.723262,86.2
5924,2026-09-16T12:03:17,43.596817,39.723296,86.8
5925,2026-09-16T12:03:20,43.596617,39.723346,87.6
5926,2026-09-16T12:03:21,43.596551,39.723362,87.9
5927,2026-09-16T12:03:22,43.596484,39.723379,88.2
5928,2026-09-16T12:03:23,43.596417,39.723396,88.5
5929,2026-09-16T12:03:24,43.596351,39.723412,88.7
5930,2026-09-16T12:03:26,43.596217,39.723446,89.3
5931,2026-09-16T12:03:28,43.596084,39.723479,89.9
5932,2026-09-16T12:03:29,43.596017,39.723496,90.1
5933,2026-09-16T12:03:30,43.595951,39.723512,90.4
5934,2026-09-16T12:03:31,43.595884,39.723529,90.7
5935,2026-09-16T12:03:32,43.595817,39.723546,91.0
5936,2026-09-16T12:03:33,43.595751,39.723562,91.3
5937,2026-09-16T12:03:36,43.595551,39.723612,92.1
5938,2026-09-16T12:03:38,43.595417,39.723646,92.7
5939,2026-09-16T12:03:39,43.595351,39.723662,93.0
5940,2026-09-16T12:03:41,43.595217,39.723696,93.6
5941,2026-09-16T12:03:42,43.595151,39.723712,93.9
5942,2026-09-16T12:03:43,43.595084,39.723729,94.2
5943,2026-09-16T12:03:44,43.595017,39.723746,94.5
5944,2026-09-16T12:03:45,43.59495,39.723762,94.8
5945,2026-09-16T12:03:46,43.594884,39.723779,95.1
5946,2026-09-16T12:03:47,43.594817,39.723796,95.4
5947,2026-09-16T12:03:49,43.594684,39.723829,95.9
5948,2026-09-16T12:03:51,43.59455,39.723862,96.5
5949,2026-09-16T12:03:52,43.594484,39.723879,96.8
5950,2026-09-16T12:03:53,43.594417,39.723896,97.1
5951,2026-09-16T12:03:55,43.594284,39.723929,97.7
5952,2026-09-16T12:03:57,43.59415,39.723962,98.3
5953,2026-09-16T12:03:59,43.594017,39.723996,98.9
5954,2026-09-16T12:04:00,43.59395,39.724012,99.2
5955,2026-09-16T12:04:01,43.593884,39.724029,99.5
5956,2026-09-16T12:04:02,43.593817,39.724046,99.8
5957,2026-09-16T12:04:05,43.593617,39.724096,100.7
5958,2026-09-16T12:04:06,43.59355,39.724112,101.0
5959,2026-09-16T12:04:07,43.593484,39.724129,101.3
5960,2026-09-16T12:04:08,43.593417,39.724146,101.6
5961,2026-09-16T12:04:09,43.59335,39.724162,101.9
5962,2026-09-16T12:04:10,43.593284,39.724179,102.2
5963,2026-09-16T12:04:11,43.593217,39.724196,102.6
5964,2026-09-16T12:04:12,43.59315,39.724212,102.9
5965,2026-09-16T12:04:13,43.593084,39.724229,103.2
5966,2026-09-16T12:04:15,43.59295,39.724262,103.8
5967,2026-09-16T12:04:18,43.59275,39.724312,104.7
5968,2026-09-16T12:04:19,43.592684,39.724329,105.0
5969,2026-09-16T12:04:20,43.592617,39.724346,105.3
5970,2026-09-16T12:04:21,43.59255,39.724362,105.6
5971,2026-09-16T12:04:22,43.592484,39.724379,105.9
5972,2026-09-16T12:04:23,43.592417,39.724396,106.2
5973,2026-09-16T12:04:26,43.592217,39.724446,107.2
5974,2026-09-16T12:04:27,43.59215,39.724462,107.5
5975,2026-09-16T12:04:28,43.592084,39.724479,107.8
5976,2026-09-16T12:04:29,43.592017,39.724496,108.1
5977,2026-09-16T12:04:30,43.59195,39.724512,108.4
5978,2026-09-16T12:04:32,43.591817,39.724546,109.0
5979,2026-09-16T12:04:33,43.59175,39.724562,109.3
5980,2026-09-16T12:04:34,43.591684,39.724579,109.6
5981,2026-09-16T12:04:36,43.59155,39.724612,110.2
5982,2026-09-16T12:04:38,43.591417,39.724646,110.9
5983,2026-09-16T12:04:39,43.59135,39.724662,111.2
5984,2026-09-16T12:04:40,43.591283,39.724679,111.5
5985,2026-09-16T12:04:41,43.591217,39.724696,111.8
5986,2026-09-16T12:04:42,43.59115,39.724712,112.1
5987,2026-09-16T12:04:43,43.591083,39.724729,112.4
5988,2026-09-16T12:04:46,43.590883,39.724779,113.4
5989,2026-09-16T12:04:49,43.590683,39.724829,114.3
5990,2026-09-16T12:04:50,43.590617,39.724846,114.6
5991,2026-09-16T12:04:51,43.59055,39.724862,114.9
5992,2026-09-16T12:04:54,43.59035,39.724912,115.9
5993,2026-09-16T12:04:55,43.590283,39.724929,116.2
5994,2026-09-16T12:04:56,43.590217,39.724946,116.5
5995,2026-09-16T12:04:57,43.59015,39.724962,116.8
5996,2026-09-16T12:04:59,43.590017,39.724996,117.4
5997,2026-09-16T12:05:01,43.589883,39.725029,118.0
5998,2026-09-16T12:05:02,43.589817,39.725046,118.4
5999,2026-09-16T12:05:03,43.58975,39.725063,118.7
6000,2026-09-16T12:05:04,43.589683,39.725079,119.0
6001,2026-09-16T12:05:05,43.589617,39.725096,119.3
6002,2026-09-16T12:05:06,43.58955,39.725113,119.6
6003,2026-09-16T12:05:08,43.589417,39.725146,120.2
6004,2026-09-16T12:05:09,43.58935,39.725163,120.5
6005,2026-09-16T12:05:10,43.589283,39.725179,120.9
6006,2026-09-16T12:05:11,43.589217,39.725196,121.2
6007,2026-09-16T12:05:12,43.58915,39.725213,121.5
6008,2026-09-16T12:05:13,43.589083,39.725229,121.8
6009,2026-09-16T12:05:15,43.58895,39.725263,122.4
6010,2026-09-16T12:05:17,43.588817,39.725296,123.0
6011,2026-09-16T12:05:18,43.58875,39.725313,123.4
6012,2026-09-16T12:05:19,43.588683,39.725329,123.7
6013,2026-09-16T12:05:20,43.588617,39.725346,124.0
6014,2026-09-16T12:05:21,43.58855,39.725363,124.3
6015,2026-09-16T12:05:23,43.588417,39.725396,124.9
6016,2026-09-16T12:05:24,43.58835,39.725413,125.2
6017,2026-09-16T12:05:25,43.588283,39.725429,125.5
6018,2026-09-16T12:05:26,43.588216,39.725446,125.8
6019,2026-09-16T12:05:27,43.58815,39.725463,126.1
6020,2026-09-16T12:05:28,43.588083,39.725479,126.5
6021,2026-09-16T12:05:30,43.58795,39.725513,127.1
6022,2026-09-16T12:05:31,43.587883,39.725529,127.4
6023,2026-09-16T12:05:32,43.587816,39.725546,127.7
6024,2026-09-16T12:05:33,43.58775,39.725563,128.0
6025,2026-09-16T12:05:34,43.587683,39.725579,128.3
6026,2026-09-16T12:05:36,43.58755,39.725613,128.9
6027,2026-09-16T12:05:38,43.587416,39.725646,129.5
6028,2026-09-16T12:05:40,43.587283,39.725679,130.2
6029,2026-09-16T12:05:41,43.587216,39.725696,130.5
6030,2026-09-16T12:05:42,43.58715,39.725713,130.8
6031,2026-09-16T12:05:43,43.587083,39.725729,131.1
6032,2026-09-16T12:05:44,43.587016,39.725746,131.4
6033,2026-09-16T12:05:45,43.58695,39.725763,131.7
6034,2026-09-16T12:05:46,43.586883,39.725779,132.0
6035,2026-09-16T12:05:47,43.586816,39.725796,132.3
6036,2026-09-16T12:05:49,43.586683,39.725829,132.9
6037,2026-09-16T12:05:50,43.586616,39.725846,133.2
6038,2026-09-16T12:05:51,43.58655,39.725863,133.5
6039,2026-09-16T12:05:52,43.586483,39.725879,133.8
6040,2026-09-16T12:05:53,43.586416,39.725896,134.1
6041,2026-09-16T12:05:54,43.58635,39.725913,134.4
6042,2026-09-16T12:05:55,43.586283,39.725929,134.7
6043,2026-09-16T12:05:56,43.586216,39.725946,135.0
6044,2026-09-16T12:05:57,43.58615,39.725963,135.3
6045,2026-09-16T12:05:58,43.586083,39.725979,135.6
6046,2026-09-16T12:05:59,43.586016,39.725996,135.9
6047,2026-09-16T12:06:00,43.58595,39.726013,136.2
6048,2026-09-16T12:06:01,43.585883,39.726029,136.5
6049,2026-09-16T12:06:02,43.585816,39.726046,136.8
6050,2026-09-16T12:06:03,43.58575,39.726063,137.1
6051,2026-09-16T12:06:04,43.585683,39.726079,137.4
6052,2026-09-16T12:06:08,43.585416,39.726146,138.6
6053,2026-09-16T12:06:09,43.58535,39.726163,138.9
6054,2026-09-16T12:06:10,43.585283,39.726179,139.2
6055,2026-09-16T12:06:11,43.585216,39.726196,139.5
6056,2026-09-16T12:06:12,43.58515,39.726213,139.8
6057,2026-09-16T12:06:14,43.585016,39.726246,140.4
6058,2026-09-16T12:06:15,43.584949,39.726263,140.7
6059,2026-09-16T12:06:16,43.584883,39.726279,141.0
6060,2026-09-16T12:06:17,43.584816,39.726296,141.3
6061,2026-09-16T12:06:19,43.584683,39.726329,141.8
6062,2026-09-16T12:06:20,43.584616,39.726346,142.1
6063,2026-09-16T12:06:21,43.584549,39.726363,142.4
6064,2026-09-16T12:06:22,43.584483,39.726379,142.7
6065,2026-09-16T12:06:23,43.584416,39.726396,143.0
6066,2026-09-16T12:06:24,43.584349,39.726413,143.3
6067,2026-09-16T12:06:26,43.584216,39.726446,143.9
6068,2026-09-16T12:06:27,43.584149,39.726463,144.1
6069,2026-09-16T12:06:28,43.584083,39.726479,144.4
6070,2026-09-16T12:06:29,43.584016,39.726496,144.7
6071,2026-09-16T12:06:31,43.583883,39.726529,145.3
6072,2026-09-16T12:06:32,43.583816,39.726546,145.6
6073,2026-09-16T12:06:33,43.583749,39.726563,145.8
6074,2026-09-16T12:06:34,43.583683,39.726579,146.1
6075,2026-09-16T12:06:35,43.583616,39.726596,146.4
6076,2026-09-16T12:06:36,43.583549,39.726613,146.7
6077,2026-09-16T12:06:37,43.583483,39.726629,147.0
6078,2026-09-16T12:06:38,43.583416,39.726646,147.2
6079,2026-09-16T12:06:40,43.583283,39.726679,147.8
6080,2026-09-16T12:06:42,43.583149,39.726713,148.4
6081,2026-09-16T12:06:43,43.583083,39.726729,148.6
6082,2026-09-16T12:06:44,43.583016,39.726746,148.9
6083,2026-09-16T12:06:45,43.582949,39.726763,149.2
6084,2026-09-16T12:06:47,43.582816,39.726796,149.7
6085,2026-09-16T12:06:48,43.582749,39.726813,150.0
6086,2026-09-16T12:06:49,43.582683,39.726829,150.3
6087,2026-09-16T12:06:50,43.582616,39.726846,150.5
6088,2026-09-16T12:06:51,43.582549,39.726863,150.8
6089,2026-09-16T12:06:52,43.582483,39.726879,151.1
6090,2026-09-16T12:06:53,43.582416,39.726896,151.3
6091,2026-09-16T12:06:55,43.582283,39.726929,151.9
6092,2026-09-16T12:06:56,43.582216,39.726946,152.1
6093,2026-09-16T12:06:57,43.582149,39.726963,152.4
6094,2026-09-16T12:07:02,43.581816,39.727046,153.7
6095,2026-09-16T12:07:04,43.581683,39.727079,154.2
6096,2026-09-16T12:07:06,43.581549,39.727113,154.8
6097,2026-09-16T12:07:07,43.581482,39.727129,155.0
6098,2026-09-16T12:07:08,43.581416,39.727146,155.3
6099,2026-09-16T12:07:09,43.581349,39.727163,155.5
6100,2026-09-16T12:07:10,43.581282,39.727179,155.8
6101,2026-09-16T12:07:11,43.581216,39.727196,156.0
6102,2026-09-16T12:07:13,43.581082,39.727229,156.5
6103,2026-09-16T12:07:14,43.581016,39.727246,156.8
6104,2026-09-16T12:07:15,43.580949,39.727263,157.0
6105,2026-09-16T12:07:17,43.580816,39.727296,157.5
6106,2026-09-16T12:07:18,43.580749,39.727313,157.8
6107,2026-09-16T12:07:19,43.580682,39.727329,158.0
6108,2026-09-16T12:07:21,43.580549,39.727363,158.5
6109,2026-09-16T12:07:23,43.580416,39.727396,159.0
6110,2026-09-16T12:07:25,43.580282,39.727429,159.5
6111,2026-09-16T12:07:27,43.580149,39.727463,159.9
6112,2026-09-16T12:07:28,43.580082,39.727479,160.2
6113,2026-09-16T12:07:29,43.580016,39.727496,160.4
6114,2026-09-16T12:07:30,43.579949,39.727513,160.6
6115,2026-09-16T12:07:31,43.579882,39.727529,160.9
6116,2026-09-16T12:07:32,43.579816,39.727546,161.1
6117,2026-09-16T12:07:35,43.579616,39.727596,161.8
6118,2026-09-16T12:07:36,43.579549,39.727613,162.0
6119,2026-09-16T12:07:37,43.579482,39.727629,162.3
6120,2026-09-16T12:07:38,43.579416,39.727646,162.5
6121,2026-09-16T12:07:39,43.579349,39.727663,162.7
6122,2026-09-16T12:07:40,43.579282,39.727679,162.9
6123,2026-09-16T12:07:41,43.579216,39.727696,163.2
6124,2026-09-16T12:07:42,43.579149,39.727713,163.4
6125,2026-09-16T12:07:43,43.579082,39.727729,163.6
6126,2026-09-16T12:07:44,43.579016,39.727746,163.8
6127,2026-09-16T12:07:45,43.578949,39.727763,164.0
6128,2026-09-16T12:07:46,43.578882,39.727779,164.2
6129,2026-09-16T12:07:47,43.578816,39.727796,164.5
6130,2026-09-16T12:07:48,43.578749,39.727813,164.7
6131,2026-09-16T12:07:49,43.578682,39.727829,164.9
6132,2026-09-16T12:07:52,43.578482,39.727879,165.5
6133,2026-09-16T12:07:53,43.578416,39.727896,165.7
6134,2026-09-16T12:07:54,43.578349,39.727913,165.9
6135,2026-09-16T12:07:55,43.578282,39.727929,166.1
6136,2026-09-16T12:07:56,43.578215,39.727946,166.3
6137,2026-09-16T12:07:57,43.578149,39.727963,166.6
6138,2026-09-16T12:07:58,43.578082,39.727979,166.8
6139,2026-09-16T12:07:59,43.578015,39.727996,167.0
6140,2026-09-16T12:08:00,43.577949,39.728013,167.2
6141,2026-09-16T12:08:01,43.577882,39.728029,167.4
6142,2026-09-16T12:08:02,43.577815,39.728046,167.5
6143,2026-09-16T12:08:03,43.577749,39.728063,167.7
6144,2026-09-16T12:08:05,43.577615,39.728096,168.1
6145,2026-09-16T12:08:06,43.577549,39.728113,168.3
6146,2026-09-16T12:08:07,43.577482,39.728129,168.5
6147,2026-09-16T12:08:08,43.577415,39.728146,168.7
6148,2026-09-16T12:08:09,43.577349,39.728163,168.9
6149,2026-09-16T12:08:10,43.577282,39.728179,169.1
6150,2026-09-16T12:08:13,43.577082,39.728229,169.6
6151,2026-09-16T12:08:14,43.577015,39.728246,169.8
6152,2026-09-16T12:08:16,43.576882,39.728279,170.2
6153,2026-09-16T12:08:17,43.576815,39.728296,170.4
6154,2026-09-16T12:08:18,43.576749,39.728313,170.5
6155,2026-09-16T12:08:20,43.576615,39.728346,170.9
6156,2026-09-16T12:08:22,43.576482,39.72838,171.2
6157,2026-09-16T12:08:23,43.576415,39.728396,171.4
6158,2026-09-16T12:08:24,43.576349,39.728413,171.6
6159,2026-09-16T12:08:25,43.576282,39.72843,171.7
6160,2026-09-16T12:08:26,43.576215,39.728446,171.9
6161,2026-09-16T12:08:27,43.576149,39.728463,172.0
6162,2026-09-16T12:08:29,43.576015,39.728496,172.4
6163,2026-09-16T12:08:30,43.575949,39.728513,172.5
6164,2026-09-16T12:08:31,43.575882,39.72853,172.7
6165,2026-09-16T12:08:32,43.575815,39.728546,172.8
6166,2026-09-16T12:08:34,43.575682,39.72858,173.1
6167,2026-09-16T12:08:35,43.575615,39.728596,173.3
6168,2026-09-16T12:08:36,43.575549,39.728613,173.5
6169,2026-09-16T12:08:37,43.575482,39.72863,173.6
6170,2026-09-16T12:08:38,43.575415,39.728646,173.7
6171,2026-09-16T12:08:39,43.575349,39.728663,173.9
6172,2026-09-16T12:08:40,43.575282,39.72868,174.0
6173,2026-09-16T12:08:41,43.575215,39.728696,174.2
6174,2026-09-16T12:08:43,43.575082,39.72873,174.5
6175,2026-09-16T12:08:44,43.575015,39.728746,174.6
6176,2026-09-16T12:08:45,43.574948,39.728763,174.7
6177,2026-09-16T12:08:46,43.574882,39.72878,174.9
6178,2026-09-16T12:08:49,43.574682,39.72883,175.3
6179,2026-09-16T12:08:50,43.574615,39.728846,175.4
6180,2026-09-16T12:08:51,43.574548,39.728863,175.5
6181,2026-09-16T12:08:52,43.574482,39.72888,175.6
6182,2026-09-16T12:08:53,43.574415,39.728896,175.8
6183,2026-09-16T12:08:54,43.574348,39.728913,175.9
6184,2026-09-16T12:08:58,43.574082,39.72898,176.4
6185,2026-09-16T12:09:00,43.573948,39.729013,176.6
6186,2026-09-16T12:09:01,43.573882,39.72903,176.7
6187,2026-09-16T12:09:05,43.573615,39.729096,177.1
6188,2026-09-16T12:09:06,43.573548,39.729113,177.2
6189,2026-09-16T12:09:07,43.573482,39.72913,177.3
6190,2026-09-16T12:09:08,43.573415,39.729146,177.4
6191,2026-09-16T12:09:11,43.573215,39.729196,177.7
6192,2026-09-16T12:09:12,43.573148,39.729213,177.8
6193,2026-09-16T12:09:14,43.573015,39.729246,178.0
6194,2026-09-16T12:09:15,43.572948,39.729263,178.1
6195,2026-09-16T12:09:16,43.572882,39.72928,178.1
6196,2026-09-16T12:09:17,43.572815,39.729296,178.2
6197,2026-09-16T12:09:18,43.572748,39.729313,178.3
6198,2026-09-16T12:09:19,43.572682,39.72933,178.4
6199,2026-09-16T12:09:20,43.572615,39.729346,178.5
6200,2026-09-16T12:09:21,43.572548,39.729363,178.5
6201,2026-09-16T12:09:22,43.572482,39.72938,178.6
6202,2026-09-16T12:09:24,43.572348,39.729413,178.8
6203,2026-09-16T12:09:25,43.572282,39.72943,178.8
6204,2026-09-16T12:09:26,43.572215,39.729446,178.9
6205,2026-09-16T12:09:27,43.572148,39.729463,179.0
6206,2026-09-16T12:09:28,43.572082,39.72948,179.0
6207,2026-09-16T12:09:29,43.572015,39.729496,179.1
6208,2026-09-16T12:09:31,43.571882,39.72953,179.2
6209,2026-09-16T12:09:33,43.571748,39.729563,179.3
6210,2026-09-16T12:09:34,43.571682,39.72958,179.4
6211,2026-09-16T12:09:35,43.571615,39.729596,179.4
6212,2026-09-16T12:09:36,43.571548,39.729613,179.5
6213,2026-09-16T12:09:37,43.571481,39.72963,179.5
6214,2026-09-16T12:09:38,43.571415,39.729646,179.5
6215,2026-09-16T12:09:39,43.571348,39.729663,179.6
6216,2026-09-16T12:09:40,43.571281,39.72968,179.6
6217,2026-09-16T12:09:41,43.571215,39.729696,179.7
6218,2026-09-16T12:09:42,43.571148,39.729713,179.7
6219,2026-09-16T12:09:43,43.571081,39.72973,179.7
6220,2026-09-16T12:09:44,43.571015,39.729746,179.8
6221,2026-09-16T12:09:45,43.570948,39.729763,179.8
6222,2026-09-16T12:09:46,43.570881,39.72978,179.8
6223,2026-09-16T12:09:47,43.570815,39.729796,179.8
6224,2026-09-16T12:09:48,43.570748,39.729813,179.9
6225,2026-09-16T12:09:49,43.570681,39.72983,179.9
6226,2026-09-16T12:09:50,43.570615,39.729846,179.9
6227,2026-09-16T12:09:54,43.570348,39.729913,180.0
6228,2026-09-16T12:09:55,43.570281,39.72993,180.0
6229,2026-09-16T12:09:56,43.570215,39.729946,180.0
6230,2026-09-16T12:09:57,43.570148,39.729963,180.0
6231,2026-09-16T12:09:58,43.570081,39.72998,180.0
6232,2026-09-16T12:09:59,43.570015,39.729996,180.0
6233,2026-09-16T12:10:00,43.56987,39.730221,180.0
6234,2026-09-16T12:10:02,43.569537,39.730788,180.0
6235,2026-09-16T12:10:03,43.56937,39.731071,180.0
6236,2026-09-16T12:10:04,43.569203,39.731354,180.0
6237,2026-09-16T12:10:05,43.569037,39.731638,180.0
6238,2026-09-16T12:10:06,43.56887,39.731921,179.9
6239,2026-09-16T12:10:08,43.568537,39.732488,179.9
6240,2026-09-16T12:10:09,43.56837,39.732771,179.9
6241,2026-09-16T12:10:10,43.568203,39.733055,179.9
6242,2026-09-16T12:10:12,43.56787,39.733621,179.8
6243,2026-09-16T12:10:13,43.567703,39.733905,179.8
6244,2026-09-16T12:10:14,43.567536,39.734188,179.7
6245,2026-09-16T12:10:15,43.56737,39.734471,179.7
6246,2026-09-16T12:10:16,43.567203,39.734755,179.7
6247,2026-09-16T12:10:17,43.567036,39.735038,179.6
6248,2026-09-16T12:10:18,43.56687,39.735322,179.6
6249,2026-09-16T12:10:19,43.566703,39.735605,179.5
6250,2026-09-16T12:10:20,43.566536,39.735888,179.5
6251,2026-09-16T12:10:22,43.566203,39.736455,179.4
6252,2026-09-16T12:10:23,43.566036,39.736738,179.3
6253,2026-09-16T12:10:24,43.56587,39.737022,179.3
6254,2026-09-16T12:10:27,43.56537,39.737872,179.1
6255,2026-09-16T12:10:30,43.564869,39.738722,178.9
6256,2026-09-16T12:10:31,43.564703,39.739005,178.8
6257,2026-09-16T12:10:32,43.564536,39.739289,178.7
6258,2026-09-16T12:10:33,43.564369,39.739572,178.7
6259,2026-09-16T12:10:34,43.564203,39.739855,178.6
6260,2026-09-16T12:10:35,43.564036,39.740139,178.5
6261,2026-09-16T12:10:36,43.563869,39.740422,178.4
6262,2026-09-16T12:10:37,43.563703,39.740705,178.3
6263,2026-09-16T12:10:38,43.563536,39.740989,178.3
6264,2026-09-16T12:10:39,43.563369,39.741272,178.2
6265,2026-09-16T12:10:40,43.563203,39.741555,178.1
6266,2026-09-16T12:10:42,43.562869,39.742122,177.9
6267,2026-09-16T12:10:43,43.562703,39.742406,177.8
6268,2026-09-16T12:10:44,43.562536,39.742689,177.7
6269,2026-09-16T12:10:45,43.562369,39.742972,177.6
6270,2026-09-16T12:10:47,43.562036,39.743539,177.4
6271,2026-09-16T12:10:48,43.561869,39.743822,177.3
6272,2026-09-16T12:10:49,43.561703,39.744106,177.2
6273,2026-09-16T12:10:51,43.561369,39.744672,176.9
6274,2026-09-16T12:10:52,43.561202,39.744956,176.8
6275,2026-09-16T12:10:56,43.560536,39.746089,176.3
6276,2026-09-16T12:10:57,43.560369,39.746373,176.2
6277,2026-09-16T12:10:58,43.560202,39.746656,176.1
6278,2026-09-16T12:10:59,43.560036,39.746939,176.0
6279,2026-09-16T12:11:00,43.559869,39.747223,175.8
6280,2026-09-16T12:11:01,43.559702,39.747506,175.7
6281,2026-09-16T12:11:02,43.559536,39.747789,175.6
6282,2026-09-16T12:11:03,43.559369,39.748073,175.4
6283,2026-09-16T12:11:04,43.559202,39.748356,175.3
6284,2026-09-16T12:11:05,43.559036,39.74864,175.2
6285,2026-09-16T12:11:06,43.558869,39.748923,175.0
6286,2026-09-16T12:11:07,43.558702,39.749206,174.9
6287,2026-09-16T12:11:08,43.558536,39.74949,174.7
6288,2026-09-16T12:11:09,43.558369,39.749773,174.6
6289,2026-09-16T12:11:10,43.558202,39.750056,174.4
6290,2026-09-16T12:11:11,43.558035,39.75034,174.3
6291,2026-09-16T12:11:13,43.557702,39.750906,174.0
6292,2026-09-16T12:11:14,43.557535,39.75119,173.8
6293,2026-09-16T12:11:15,43.557369,39.751473,173.6
6294,2026-09-16T12:11:17,43.557035,39.75204,173.3
6295,2026-09-16T12:11:18,43.556869,39.752323,173.2
6296,2026-09-16T12:11:21,43.556369,39.753173,172.7
6297,2026-09-16T12:11:23,43.556035,39.75374,172.3
6298,2026-09-16T12:11:24,43.555869,39.754023,172.1
6299,2026-09-16T12:11:25,43.555702,39.754307,172.0
6300,2026-09-16T12:11:30,43.554868,39.755724,171.0
6301,2026-09-16T12:11:31,43.554702,39.756007,170.9
6302,2026-09-16T12:11:32,43.554535,39.75629,170.7
6303,2026-09-16T12:11:33,43.554368,39.756574,170.5
6304,2026-09-16T12:11:35,43.554035,39.75714,170.1
6305,2026-09-16T12:11:37,43.553702,39.757707,169.7
6306,2026-09-16T12:11:38,43.553535,39.75799,169.5
6307,2026-09-16T12:11:39,43.553368,39.758274,169.3
6308,2026-09-16T12:11:40,43.553202,39.758557,169.1
6309,2026-09-16T12:11:41,43.553035,39.758841,168.9
6310,2026-09-16T12:11:42,43.552868,39.759124,168.7
6311,2026-09-16T12:11:43,43.552702,39.759407,168.5
6312,2026-09-16T12:11:44,43.552535,39.759691,168.3
6313,2026-09-16T12:11:45,43.552368,39.759974,168.1
6314,2026-09-16T12:11:46,43.552202,39.760257,167.9
6315,2026-09-16T12:11:48,43.551868,39.760824,167.4
6316,2026-09-16T12:11:49,43.551702,39.761107,167.2
6317,2026-09-16T12:11:50,43.551535,39.761391,167.0
6318,2026-09-16T12:11:52,43.551201,39.761958,166.6
6319,2026-09-16T12:11:53,43.551035,39.762241,166.3
6320,2026-09-16T12:11:54,43.550868,39.762524,166.1
6321,2026-09-16T12:11:55,43.550701,39.762808,165.9
6322,2026-09-16T12:11:56,43.550535,39.763091,165.7
6323,2026-09-16T12:11:57,43.550368,39.763374,165.4
6324,2026-09-16T12:11:58,43.550201,39.763658,165.2
6325,2026-09-16T12:11:59,43.550035,39.763941,165.0
6326,2026-09-16T12:12:02,43.549535,39.764791,164.3
6327,2026-09-16T12:12:03,43.549368,39.765075,164.0
6328,2026-09-16T12:12:04,43.549201,39.765358,163.8
6329,2026-09-16T12:12:05,43.549035,39.765641,163.6
6330,2026-09-16T12:12:06,43.548868,39.765925,163.3
6331,2026-09-16T12:12:07,43.548701,39.766208,163.1
6332,2026-09-16T12:12:08,43.548535,39.766491,162.8
6333,2026-09-16T12:12:09,43.548368,39.766775,162.6
6334,2026-09-16T12:12:13,43.547701,39.767908,161.6
6335,2026-09-16T12:12:15,43.547368,39.768475,161.1
6336,2026-09-16T12:12:17,43.547034,39.769042,160.6
6337,2026-09-16T12:12:19,43.546701,39.769608,160.1
6338,2026-09-16T12:12:20,43.546534,39.769892,159.8
6339,2026-09-16T12:12:21,43.546368,39.770175,159.5
6340,2026-09-16T12:12:23,43.546034,39.770742,159.0
6341,2026-09-16T12:12:24,43.545868,39.771025,158.7
6342,2026-09-16T12:12:25,43.545701,39.771308,158.5
6343,2026-09-16T12:12:26,43.545534,39.771592,158.2
6344,2026-09-16T12:12:27,43.545368,39.771875,157.9
6345,2026-09-16T12:12:28,43.545201,39.772159,157.7
6346,2026-09-16T12:12:30,43.544867,39.772725,157.1
6347,2026-09-16T12:12:31,43.544701,39.773009,156.9
6348,2026-09-16T12:12:33,43.544367,39.773575,156.3
6349,2026-09-16T12:12:34,43.544201,39.773859,156.0
6350,2026-09-16T12:12:35,43.544034,39.774142,155.7
6351,2026-09-16T12:12:36,43.543867,39.774425,155.5
6352,2026-09-16T12:12:37,43.543701,39.774709,155.2
6353,2026-09-16T12:12:39,43.543367,39.775276,154.6
6354,2026-09-16T12:12:40,43.543201,39.775559,154.3
6355,2026-09-16T12:12:43,43.542701,39.776409,153.5
6356,2026-09-16T12:12:44,43.542534,39.776692,153.2
6357,2026-09-16T12:12:45,43.542367,39.776976,152.9
6358,2026-09-16T12:12:47,43.542034,39.777542,152.3
6359,2026-09-16T12:12:49,43.541701,39.778109,151.7
6360,2026-09-16T12:12:50,43.541534,39.778393,151.4
6361,2026-09-16T12:12:51,43.541367,39.778676,151.1
6362,2026-09-16T12:12:52,43.5412,39.778959,150.8
6363,2026-09-16T12:12:53,43.541034,39.779243,150.5
6364,2026-09-16T12:12:54,43.540867,39.779526,150.3
6365,2026-09-16T12:12:55,43.5407,39.779809,150.0
6366,2026-09-16T12:12:56,43.540534,39.780093,149.7
6367,2026-09-16T12:12:57,43.540367,39.780376,149.3
6368,2026-09-16T12:12:58,43.5402,39.780659,149.0
6369,2026-09-16T12:12:59,43.540034,39.780943,148.7
6370,2026-09-16T12:13:00,43.539867,39.781226,148.4
6371,2026-09-16T12:13:01,43.5397,39.781509,148.1
6372,2026-09-16T12:13:02,43.539534,39.781793,147.8
6373,2026-09-16T12:13:04,43.5392,39.78236,147.2
6374,2026-09-16T12:13:05,43.539034,39.782643,146.9
6375,2026-09-16T12:13:06,43.538867,39.782926,146.6
6376,2026-09-16T12:13:07,43.5387,39.78321,146.3
6377,2026-09-16T12:13:08,43.538534,39.783493,146.0
6378,2026-09-16T12:13:09,43.538367,39.783776,145.7
6379,2026-09-16T12:13:10,43.5382,39.78406,145.3
6380,2026-09-16T12:13:12,43.537867,39.784626,144.7
6381,2026-09-16T12:13:13,43.5377,39.78491,144.4
6382,2026-09-16T12:13:14,43.537533,39.785193,144.1
6383,2026-09-16T12:13:15,43.537367,39.785477,143.8
6384,2026-09-16T12:13:16,43.5372,39.78576,143.4
6385,2026-09-16T12:13:17,43.537033,39.786043,143.1
6386,2026-09-16T12:13:18,43.536867,39.786327,142.8
6387,2026-09-16T12:13:19,43.5367,39.78661,142.5
6388,2026-09-16T12:13:22,43.5362,39.78746,141.5
6389,2026-09-16T12:13:23,43.536033,39.787743,141.2
6390,2026-09-16T12:13:24,43.535867,39.788027,140.9
6391,2026-09-16T12:13:25,43.5357,39.78831,140.5
6392,2026-09-16T12:13:26,43.535533,39.788594,140.2
6393,2026-09-16T12:13:27,43.535367,39.788877,139.9
6394,2026-09-16T12:13:28,43.5352,39.78916,139.5
6395,2026-09-16T12:13:30,43.534866,39.789727,138.9
6396,2026-09-16T12:13:31,43.5347,39.79001,138.6
6397,2026-09-16T12:13:32,43.534533,39.790294,138.2
6398,2026-09-16T12:13:34,43.5342,39.79086,137.6
6399,2026-09-16T12:13:36,43.533866,39.791427,136.9
6400,2026-09-16T12:13:37,43.5337,39.791711,136.6
6401,2026-09-16T12:13:38,43.533533,39.791994,136.2
6402,2026-09-16T12:13:39,43.533366,39.792277,135.9
6403,2026-09-16T12:13:41,43.533033,39.792844,135.2
6404,2026-09-16T12:13:42,43.532866,39.793127,134.9
6405,2026-09-16T12:13:45,43.532366,39.793977,133.8
6406,2026-09-16T12:13:46,43.5322,39.794261,133.5
6407,2026-09-16T12:13:47,43.532033,39.794544,133.2
6408,2026-09-16T12:13:49,43.5317,39.795111,132.5
6409,2026-09-16T12:13:50,43.531533,39.795394,132.1
6410,2026-09-16T12:13:51,43.531366,39.795678,131.8
6411,2026-09-16T12:13:52,43.531199,39.795961,131.5
6412,2026-09-16T12:13:53,43.531033,39.796244,131.1
6413,2026-09-16T12:13:54,43.530866,39.796528,130.8
6414,2026-09-16T12:13:55,43.530699,39.796811,130.4
6415,2026-09-16T12:13:57,43.530366,39.797378,129.7
6416,2026-09-16T12:13:58,43.530199,39.797661,129.4
6417,2026-09-16T12:13:59,43.530033,39.797944,129.0
6418,2026-09-16T12:14:00,43.529866,39.798228,128.7
6419,2026-09-16T12:14:01,43.529699,39.798511,128.3
6420,2026-09-16T12:14:02,43.529533,39.798795,128.0
6421,2026-09-16T12:14:03,43.529366,39.799078,127.6
6422,2026-09-16T12:14:04,43.529199,39.799361,127.3
6423,2026-09-16T12:14:05,43.529033,39.799645,126.9
6424,2026-09-16T12:14:06,43.528866,39.799928,126.6
6425,2026-09-16T12:14:07,43.528699,39.800211,126.2
6426,2026-09-16T12:14:08,43.528533,39.800495,125.9
6427,2026-09-16T12:14:09,43.528366,39.800778,125.5
6428,2026-09-16T12:14:10,43.528199,39.801061,125.2
6429,2026-09-16T12:14:11,43.528032,39.801345,124.8
6430,2026-09-16T12:14:12,43.527866,39.801628,124.5
6431,2026-09-16T12:14:13,43.527699,39.801912,124.1
6432,2026-09-16T12:14:14,43.527532,39.802195,123.8
6433,2026-09-16T12:14:15,43.527366,39.802478,123.4
6434,2026-09-16T12:14:16,43.527199,39.802762,123.0
6435,2026-09-16T12:14:17,43.527032,39.803045,122.7
6436,2026-09-16T12:14:18,43.526866,39.803328,122.3
6437,2026-09-16T12:14:19,43.526699,39.803612,122.0
6438,2026-09-16T12:14:20,43.526532,39.803895,121.6
6439,2026-09-16T12:14:21,43.526366,39.804178,121.3
6440,2026-09-16T12:14:22,43.526199,39.804462,120.9
6441,2026-09-16T12:14:23,43.526032,39.804745,120.6
6442,2026-09-16T12:14:24,43.525866,39.805029,120.2
6443,2026-09-16T12:14:25,43.525699,39.805312,119.8
6444,2026-09-16T12:14:26,43.525532,39.805595,119.5
6445,2026-09-16T12:14:27,43.525366,39.805879,119.1
6446,2026-09-16T12:14:28,43.525199,39.806162,118.8
6447,2026-09-16T12:14:30,43.524865,39.806729,118.0
6448,2026-09-16T12:14:31,43.524699,39.807012,117.7
6449,2026-09-16T12:14:33,43.524365,39.807579,117.0
6450,2026-09-16T12:14:35,43.524032,39.808145,116.3
6451,2026-09-16T12:14:37,43.523699,39.808712,115.5
6452,2026-09-16T12:14:39,43.523365,39.809279,114.8
6453,2026-09-16T12:14:42,43.522865,39.810129,113.7
6454,2026-09-16T12:14:43,43.522699,39.810412,113.4
6455,2026-09-16T12:14:45,43.522365,39.810979,112.6
6456,2026-09-16T12:14:46,43.522199,39.811262,112.3
6457,2026-09-16T12:14:47,43.522032,39.811546,111.9
6458,2026-09-16T12:14:48,43.521865,39.811829,111.6
6459,2026-09-16T12:14:49,43.521699,39.812113,111.2
6460,2026-09-16T12:14:50,43.521532,39.812396,110.8
6461,2026-09-16T12:14:51,43.521365,39.812679,110.5
6462,2026-09-16T12:14:52,43.521198,39.812963,110.1
6463,2026-09-16T12:14:54,43.520865,39.813529,109.4
6464,2026-09-16T12:14:55,43.520698,39.813813,109.0
6465,2026-09-16T12:14:56,43.520532,39.814096,108.7
6466,2026-09-16T12:14:57,43.520365,39.814379,108.3
6467,2026-09-16T12:14:58,43.520198,39.814663,107.9
6468,2026-09-16T12:14:59,43.520032,39.814946,107.6
6469,2026-09-16T12:15:00,43.519865,39.81523,107.2
6470,2026-09-16T12:15:01,43.519698,39.815513,106.8
6471,2026-09-16T12:15:02,43.519532,39.815796,106.5
6472,2026-09-16T12:15:04,43.519198,39.816363,105.8
6473,2026-09-16T12:15:05,43.519032,39.816646,105.4
6474,2026-09-16T12:15:06,43.518865,39.81693,105.0
6475,2026-09-16T12:15:08,43.518532,39.817496,104.3
6476,2026-09-16T12:15:10,43.518198,39.818063,103.6
6477,2026-09-16T12:15:11,43.518031,39.818347,103.2
6478,2026-09-16T12:15:12,43.517865,39.81863,102.9
6479,2026-09-16T12:15:13,43.517698,39.818913,102.5
6480,2026-09-16T12:15:14,43.517531,39.819197,102.1
6481,2026-09-16T12:15:15,43.517365,39.81948,101.8
6482,2026-09-16T12:15:16,43.517198,39.819763,101.4
6483,2026-09-16T12:15:17,43.517031,39.820047,101.1
6484,2026-09-16T12:15:18,43.516865,39.82033,100.7
6485,2026-09-16T12:15:20,43.516531,39.820897,100.0
6486,2026-09-16T12:15:21,43.516365,39.82118,99.6
6487,2026-09-16T12:15:23,43.516031,39.821747,98.9
6488,2026-09-16T12:15:24,43.515865,39.82203,98.5
6489,2026-09-16T12:15:25,43.515698,39.822314,98.2
6490,2026-09-16T12:15:26,43.515531,39.822597,97.8
6491,2026-09-16T12:15:28,43.515198,39.823164,97.1
6492,2026-09-16T12:15:29,43.515031,39.823447,96.7
6493,2026-09-16T12:15:30,43.514864,39.82373,96.4
6494,2026-09-16T12:15:31,43.514698,39.824014,96.0
6495,2026-09-16T12:15:32,43.514531,39.824297,95.7
6496,2026-09-16T12:15:33,43.514364,39.82458,95.3
6497,2026-09-16T12:15:35,43.514031,39.825147,94.6
6498,2026-09-16T12:15:39,43.513364,39.826281,93.2
6499,2026-09-16T12:15:40,43.513198,39.826564,92.8
6500,2026-09-16T12:15:41,43.513031,39.826847,92.4
6501,2026-09-16T12:15:43,43.512698,39.827414,91.7
6502,2026-09-16T12:15:44,43.512531,39.827697,91.4
6503,2026-09-16T12:15:45,43.512364,39.827981,91.0
6504,2026-09-16T12:15:47,43.512031,39.828548,90.3
6505,2026-09-16T12:15:49,43.511698,39.829114,89.6
6506,2026-09-16T12:15:50,43.511531,39.829398,89.3
6507,2026-09-16T12:15:51,43.511364,39.829681,88.9
6508,2026-09-16T12:15:52,43.511197,39.829964,88.6
6509,2026-09-16T12:15:53,43.511031,39.830248,88.2
6510,2026-09-16T12:15:54,43.510864,39.830531,87.9
6511,2026-09-16T12:15:55,43.510697,39.830814,87.5
6512,2026-09-16T12:15:56,43.510531,39.831098,87.2
6513,2026-09-16T12:15:57,43.510364,39.831381,86.8
6514,2026-09-16T12:16:00,43.509864,39.832231,85.8
6515,2026-09-16T12:16:01,43.509697,39.832515,85.4
6516,2026-09-16T12:16:02,43.509531,39.832798,85.1
6517,2026-09-16T12:16:03,43.509364,39.833081,84.7
6518,2026-09-16T12:16:04,43.509197,39.833365,84.4
6519,2026-09-16T12:16:05,43.509031,39.833648,84.0
6520,2026-09-16T12:16:06,43.508864,39.833931,83.7
6521,2026-09-16T12:16:07,43.508697,39.834215,83.3
6522,2026-09-16T12:16:08,43.508531,39.834498,83.0
6523,2026-09-16T12:16:09,43.508364,39.834781,82.6
6524,2026-09-16T12:16:10,43.508197,39.835065,82.3
6525,2026-09-16T12:16:11,43.50803,39.835348,82.0
6526,2026-09-16T12:16:12,43.507864,39.835632,81.6
6527,2026-09-16T12:16:13,43.507697,39.835915,81.3
6528,2026-09-16T12:16:15,43.507364,39.836482,80.6
6529,2026-09-16T12:16:16,43.507197,39.836765,80.3
6530,2026-09-16T12:16:19,43.506697,39.837615,79.2
6531,2026-09-16T12:16:22,43.506197,39.838465,78.2
6532,2026-09-16T12:16:23,43.50603,39.838749,77.9
6533,2026-09-16T12:16:24,43.505864,39.839032,77.6
6534,2026-09-16T12:16:25,43.505697,39.839315,77.2
6535,2026-09-16T12:16:26,43.50553,39.839599,76.9
6536,2026-09-16T12:16:28,43.505197,39.840165,76.2
6537,2026-09-16T12:16:29,43.50503,39.840449,75.9
6538,2026-09-16T12:16:30,43.504863,39.840732,75.6
6539,2026-09-16T12:16:32,43.50453,39.841299,74.9
6540,2026-09-16T12:16:33,43.504363,39.841582,74.6
6541,2026-09-16T12:16:34,43.504197,39.841866,74.3
6542,2026-09-16T12:16:35,43.50403,39.842149,73.9
6543,2026-09-16T12:16:36,43.503863,39.842432,73.6
6544,2026-09-16T12:16:37,43.503697,39.842716,73.3
6545,2026-09-16T12:16:38,43.50353,39.842999,73.0
6546,2026-09-16T12:16:39,43.503363,39.843282,72.7
6547,2026-09-16T12:16:40,43.503197,39.843566,72.3
6548,2026-09-16T12:16:42,43.502863,39.844132,71.7
6549,2026-09-16T12:16:43,43.502697,39.844416,71.4
6550,2026-09-16T12:16:46,43.502197,39.845266,70.4
6551,2026-09-16T12:16:48,43.501863,39.845833,69.8
6552,2026-09-16T12:16:49,43.501697,39.846116,69.5
6553,2026-09-16T12:16:50,43.50153,39.846399,69.2
6554,2026-09-16T12:16:51,43.501363,39.846683,68.8
6555,2026-09-16T12:16:52,43.501196,39.846966,68.5
6556,2026-09-16T12:16:53,43.50103,39.847249,68.2
6557,2026-09-16T12:16:55,43.500696,39.847816,67.6
6558,2026-09-16T12:16:56,43.50053,39.848099,67.3
6559,2026-09-16T12:16:57,43.500363,39.848383,67.0
6560,2026-09-16T12:16:59,43.50003,39.84895,66.4
6561,2026-09-16T12:17:00,43.499863,39.849233,66.1
6562,2026-09-16T12:17:01,43.499696,39.849516,65.8
6563,2026-09-16T12:17:02,43.49953,39.8498,65.5
6564,2026-09-16T12:17:03,43.499363,39.850083,65.2
6565,2026-09-16T12:17:04,43.499196,39.850366,64.9
6566,2026-09-16T12:17:05,43.49903,39.85065,64.6
6567,2026-09-16T12:17:06,43.498863,39.850933,64.3
6568,2026-09-16T12:17:07,43.498696,39.851216,64.0
6569,2026-09-16T12:17:08,43.49853,39.8515,63.7
6570,2026-09-16T12:17:09,43.498363,39.851783,63.4
6571,2026-09-16T12:17:10,43.498196,39.852067,63.1
6572,2026-09-16T12:17:11,43.498029,39.85235,62.8
6573,2026-09-16T12:17:12,43.497863,39.852633,62.5
6574,2026-09-16T12:17:13,43.497696,39.852917,62.2
6575,2026-09-16T12:17:14,43.497529,39.8532,61.9
6576,2026-09-16T12:17:16,43.497196,39.853767,61.3
6577,2026-09-16T12:17:17,43.497029,39.85405,61.1
6578,2026-09-16T12:17:18,43.496863,39.854333,60.8
6579,2026-09-16T12:17:20,43.496529,39.8549,60.2
6580,2026-09-16T12:17:24,43.495863,39.856034,59.1
6581,2026-09-16T12:17:25,43.495696,39.856317,58.8
6582,2026-09-16T12:17:26,43.495529,39.8566,58.5
6583,2026-09-16T12:17:28,43.495196,39.857167,58.0
6584,2026-09-16T12:17:29,43.495029,39.85745,57.7
6585,2026-09-16T12:17:30,43.494862,39.857734,57.4
6586,2026-09-16T12:17:31,43.494696,39.858017,57.2
6587,2026-09-16T12:17:32,43.494529,39.8583,56.9
6588,2026-09-16T12:17:33,43.494362,39.858584,56.6
6589,2026-09-16T12:17:34,43.494196,39.858867,56.4
6590,2026-09-16T12:17:35,43.494029,39.859151,56.1
6591,2026-09-16T12:17:36,43.493862,39.859434,55.8
6592,2026-09-16T12:17:37,43.493696,39.859717,55.6
6593,2026-09-16T12:17:38,43.493529,39.860001,55.3
6594,2026-09-16T12:17:39,43.493362,39.860284,55.0
6595,2026-09-16T12:17:41,43.493029,39.860851,54.5
6596,2026-09-16T12:17:43,43.492696,39.861417,54.0
6597,2026-09-16T12:17:45,43.492362,39.861984,53.5
6598,2026-09-16T12:17:48,43.491862,39.862834,52.8
6599,2026-09-16T12:17:49,43.491696,39.863118,52.5
6600,2026-09-16T12:17:50,43.491529,39.863401,52.3
6601,2026-09-16T12:17:51,43.491362,39.863684,52.0
6602,2026-09-16T12:17:52,43.491195,39.863968,51.8
6603,2026-09-16T12:17:53,43.491029,39.864251,51.5
6604,2026-09-16T12:17:54,43.490862,39.864534,51.3
6605,2026-09-16T12:17:55,43.490695,39.864818,51.1
6606,2026-09-16T12:17:57,43.490362,39.865385,50.6
6607,2026-09-16T12:18:02,43.489529,39.866801,49.4
6608,2026-09-16T12:18:06,43.488862,39.867935,48.5
6609,2026-09-16T12:18:08,43.488529,39.868502,48.1
6610,2026-09-16T12:18:09,43.488362,39.868785,47.9
6611,2026-09-16T12:18:10,43.488195,39.869068,47.7
6612,2026-09-16T12:18:11,43.488028,39.869352,47.4
6613,2026-09-16T12:18:12,43.487862,39.869635,47.2
6614,2026-09-16T12:18:13,43.487695,39.869918,47.0
6615,2026-09-16T12:18:14,43.487528,39.870202,46.8
6616,2026-09-16T12:18:15,43.487362,39.870485,46.6
6617,2026-09-16T12:18:17,43.487028,39.871052,46.2
6618,2026-09-16T12:18:18,43.486862,39.871335,46.0
6619,2026-09-16T12:18:19,43.486695,39.871618,45.8
6620,2026-09-16T12:18:20,43.486528,39.871902,45.6
6621,2026-09-16T12:18:21,43.486362,39.872185,45.4
6622,2026-09-16T12:18:22,43.486195,39.872469,45.2
6623,2026-09-16T12:18:23,43.486028,39.872752,45.0
6624,2026-09-16T12:18:26,43.485528,39.873602,44.4
6625,2026-09-16T12:18:27,43.485362,39.873885,44.2
6626,2026-09-16T12:18:28,43.485195,39.874169,44.0
6627,2026-09-16T12:18:29,43.485028,39.874452,43.8
6628,2026-09-16T12:18:31,43.484695,39.875019,43.5
6629,2026-09-16T12:18:32,43.484528,39.875302,43.3
6630,2026-09-16T12:18:34,43.484195,39.875869,42.9
6631,2026-09-16T12:18:35,43.484028,39.876152,42.8
6632,2026-09-16T12:18:37,43.483695,39.876719,42.4
6633,2026-09-16T12:18:38,43.483528,39.877002,42.2
6634,2026-09-16T12:18:39,43.483361,39.877286,42.1
6635,2026-09-16T12:18:40,43.483195,39.877569,41.9
6636,2026-09-16T12:18:41,43.483028,39.877852,41.7
6637,2026-09-16T12:18:42,43.482861,39.878136,41.6
6638,2026-09-16T12:18:43,43.482695,39.878419,41.4
6639,2026-09-16T12:18:44,43.482528,39.878703,41.3
6640,2026-09-16T12:18:45,43.482361,39.878986,41.1
6641,2026-09-16T12:18:46,43.482195,39.879269,40.9
6642,2026-09-16T12:18:47,43.482028,39.879553,40.8
6643,2026-09-16T12:18:49,43.481695,39.880119,40.5
6644,2026-09-16T12:18:50,43.481528,39.880403,40.3
6645,2026-09-16T12:18:51,43.481361,39.880686,40.2
6646,2026-09-16T12:18:52,43.481194,39.880969,40.0
6647,2026-09-16T12:18:53,43.481028,39.881253,39.9
6648,2026-09-16T12:18:54,43.480861,39.881536,39.8
6649,2026-09-16T12:18:55,43.480694,39.88182,39.6
6650,2026-09-16T12:18:57,43.480361,39.882386,39.3
6651,2026-09-16T12:18:58,43.480194,39.88267,39.2
6652,2026-09-16T12:18:59,43.480028,39.882953,39.1
6653,2026-09-16T12:19:00,43.479861,39.883236,39.0
6654,2026-09-16T12:19:04,43.479194,39.88437,38.5
6655,2026-09-16T12:19:05,43.479028,39.884653,38.3
6656,2026-09-16T12:19:06,43.478861,39.884936,38.2
6657,2026-09-16T12:19:07,43.478694,39.88522,38.1
6658,2026-09-16T12:19:08,43.478528,39.885503,38.0
6659,2026-09-16T12:19:09,43.478361,39.885787,37.9
6660,2026-09-16T12:19:10,43.478194,39.88607,37.8
6661,2026-09-16T12:19:11,43.478027,39.886353,37.7
6662,2026-09-16T12:19:12,43.477861,39.886637,37.5
6663,2026-09-16T12:19:13,43.477694,39.88692,37.4
6664,2026-09-16T12:19:14,43.477527,39.887203,37.3
6665,2026-09-16T12:19:16,43.477194,39.88777,37.1
6666,2026-09-16T12:19:17,43.477027,39.888053,37.0
6667,2026-09-16T12:19:19,43.476694,39.88862,36.9
6668,2026-09-16T12:19:23,43.476027,39.889754,36.5
6669,2026-09-16T12:19:24,43.475861,39.890037,36.4
6670,2026-09-16T12:19:26,43.475527,39.890604,36.3
6671,2026-09-16T12:19:27,43.475361,39.890887,36.2
6672,2026-09-16T12:19:28,43.475194,39.89117,36.1
6673,2026-09-16T12:19:29,43.475027,39.891454,36.1
6674,2026-09-16T12:19:30,43.47486,39.891737,36.0
6675,2026-09-16T12:19:31,43.474694,39.892021,35.9
6676,2026-09-16T12:19:32,43.474527,39.892304,35.9
6677,2026-09-16T12:19:33,43.47436,39.892587,35.8
6678,2026-09-16T12:19:34,43.474194,39.892871,35.7
6679,2026-09-16T12:19:35,43.474027,39.893154,35.7
6680,2026-09-16T12:19:36,43.47386,39.893437,35.6
6681,2026-09-16T12:19:37,43.473694,39.893721,35.6
6682,2026-09-16T12:19:38,43.473527,39.894004,35.5
6683,2026-09-16T12:19:39,43.47336,39.894287,35.5
6684,2026-09-16T12:19:40,43.473194,39.894571,35.4
6685,2026-09-16T12:19:41,43.473027,39.894854,35.4
6686,2026-09-16T12:19:43,43.472694,39.895421,35.3
6687,2026-09-16T12:19:45,43.47236,39.895988,35.2
6688,2026-09-16T12:19:46,43.472194,39.896271,35.2
6689,2026-09-16T12:19:47,43.472027,39.896554,35.2
6690,2026-09-16T12:19:48,43.47186,39.896838,35.1
6691,2026-09-16T12:19:49,43.471694,39.897121,35.1
6692,2026-09-16T12:19:50,43.471527,39.897404,35.1
6693,2026-09-16T12:19:51,43.47136,39.897688,35.1
6694,2026-09-16T12:19:52,43.471193,39.897971,35.1
6695,2026-09-16T12:19:53,43.471027,39.898254,35.0
6696,2026-09-16T12:19:54,43.47086,39.898538,35.0
6697,2026-09-16T12:19:55,43.470693,39.898821,35.0
6698,2026-09-16T12:19:56,43.470527,39.899105,35.0
6699,2026-09-16T12:19:57,43.47036,39.899388,35.0
6700,2026-09-16T12:19:58,43.470193,39.899671,35.0
6701,2026-09-16T12:19:59,43.470027,39.899955,35.0
6702,2026-09-16T12:20:00,43.469944,39.900168,35.0
6703,2026-09-16T12:20:01,43.469877,39.900368,35.0
6704,2026-09-16T12:20:02,43.469811,39.900568,35.0
6705,2026-09-16T12:20:04,43.469677,39.900968,35.0
6706,2026-09-16T12:20:05,43.469611,39.901168,35.1
6707,2026-09-16T12:20:06,43.469544,39.901368,35.1
6708,2026-09-16T12:20:07,43.469477,39.901568,35.1
6709,2026-09-16T12:20:08,43.469411,39.901768,35.1
6710,2026-09-16T12:20:09,43.469344,39.901968,35.2
6711,2026-09-16T12:20:10,43.469277,39.902168,35.2
6712,2026-09-16T12:20:11,43.469211,39.902368,35.3
6713,2026-09-16T12:20:12,43.469144,39.902568,35.3
6714,2026-09-16T12:20:14,43.469011,39.902968,35.4
6715,2026-09-16T12:20:15,43.468944,39.903168,35.5
6716,2026-09-16T12:20:16,43.468877,39.903368,35.5
6717,2026-09-16T12:20:17,43.468811,39.903568,35.6
6718,2026-09-16T12:20:18,43.468744,39.903768,35.7
6719,2026-09-16T12:20:19,43.468677,39.903968,35.7
6720,2026-09-16T12:20:20,43.468611,39.904168,35.8
6721,2026-09-16T12:20:22,43.468477,39.904568,36.0
6722,2026-09-16T12:20:23,43.468411,39.904768,36.0
6723,2026-09-16T12:20:24,43.468344,39.904968,36.1
6724,2026-09-16T12:20:25,43.468277,39.905169,36.2
6725,2026-09-16T12:20:26,43.46821,39.905369,36.3
6726,2026-09-16T12:20:27,43.468144,39.905569,36.4
6727,2026-09-16T12:20:28,43.468077,39.905769,36.5
6728,2026-09-16T12:20:30,43.467944,39.906169,36.7
6729,2026-09-16T12:20:31,43.467877,39.906369,36.8
6730,2026-09-16T12:20:32,43.46781,39.906569,36.9
6731,2026-09-16T12:20:33,43.467744,39.906769,37.1
6732,2026-09-16T12:20:34,43.467677,39.906969,37.2
6733,2026-09-16T12:20:35,43.46761,39.907169,37.3
6734,2026-09-16T12:20:36,43.467544,39.907369,37.4
6735,2026-09-16T12:20:37,43.467477,39.907569,37.6
6736,2026-09-16T12:20:38,43.46741,39.907769,37.7
6737,2026-09-16T12:20:41,43.46721,39.908369,38.1
6738,2026-09-16T12:20:42,43.467144,39.908569,38.3
6739,2026-09-16T12:20:43,43.467077,39.908769,38.4
6740,2026-09-16T12:20:44,43.46701,39.908969,38.6
6741,2026-09-16T12:20:45,43.466944,39.909169,38.7
6742,2026-09-16T12:20:48,43.466744,39.909769,39.2
6743,2026-09-16T12:20:49,43.466677,39.909969,39.4
6744,2026-09-16T12:20:50,43.46661,39.910169,39.6
6745,2026-09-16T12:20:51,43.466544,39.910369,39.7
6746,2026-09-16T12:20:52,43.466477,39.910569,39.9
6747,2026-09-16T12:20:53,43.46641,39.910769,40.1
6748,2026-09-16T12:20:54,43.466344,39.910969,40.3
6749,2026-09-16T12:20:55,43.466277,39.911169,40.5
6750,2026-09-16T12:20:56,43.46621,39.911369,40.7
6751,2026-09-16T12:20:57,43.466144,39.911569,40.9
6752,2026-09-16T12:20:59,43.46601,39.911969,41.3
6753,2026-09-16T12:21:00,43.465944,39.912169,41.5
6754,2026-09-16T12:21:01,43.465877,39.912369,41.7
6755,2026-09-16T12:21:02,43.46581,39.912569,41.9
6756,2026-09-16T12:21:04,43.465677,39.912969,42.3
6757,2026-09-16T12:21:05,43.46561,39.913169,42.5
6758,2026-09-16T12:21:08,43.46541,39.913769,43.2
6759,2026-09-16T12:21:09,43.465344,39.913969,43.4
6760,2026-09-16T12:21:10,43.465277,39.914169,43.7
6761,2026-09-16T12:21:11,43.46521,39.914369,43.9
6762,2026-09-16T12:21:12,43.465144,39.914569,44.1
6763,2026-09-16T12:21:13,43.465077,39.914769,44.4
6764,2026-09-16T12:21:15,43.464943,39.91517,44.9
6765,2026-09-16T12:21:16,43.464877,39.91537,45.1
6766,2026-09-16T12:21:17,43.46481,39.91557,45.4
6767,2026-09-16T12:21:19,43.464677,39.91597,45.9
6768,2026-09-16T12:21:20,43.46461,39.91617,46.2
6769,2026-09-16T12:21:22,43.464477,39.91657,46.7
6770,2026-09-16T12:21:23,43.46441,39.91677,47.0
6771,2026-09-16T12:21:24,43.464343,39.91697,47.2
6772,2026-09-16T12:21:25,43.464277,39.91717,47.5
6773,2026-09-16T12:21:26,43.46421,39.91737,47.8
6774,2026-09-16T12:21:27,43.464143,39.91757,48.1
6775,2026-09-16T12:21:28,43.464077,39.91777,48.3
6776,2026-09-16T12:21:30,43.463943,39.91817,48.9
6777,2026-09-16T12:21:31,43.463877,39.91837,49.2
6778,2026-09-16T12:21:33,43.463743,39.91877,49.8
6779,2026-09-16T12:21:34,43.463677,39.91897,50.1
6780,2026-09-16T12:21:35,43.46361,39.91917,50.4
6781,2026-09-16T12:21:36,43.463543,39.91937,50.7
6782,2026-09-16T12:21:37,43.463477,39.91957,51.0
6783,2026-09-16T12:21:38,43.46341,39.91977,51.3
6784,2026-09-16T12:21:42,43.463143,39.92057,52.6
6785,2026-09-16T12:21:44,43.46301,39.92097,53.2
6786,2026-09-16T12:21:45,43.462943,39.92117,53.5
6787,2026-09-16T12:21:46,43.462877,39.92137,53.9
6788,2026-09-16T12:21:47,43.46281,39.92157,54.2
6789,2026-09-16T12:21:48,43.462743,39.92177,54.5
6790,2026-09-16T12:21:49,43.462677,39.92197,54.9
6791,2026-09-16T12:21:50,43.46261,39.92217,55.2
6792,2026-09-16T12:21:51,43.462543,39.92237,55.5
6793,2026-09-16T12:21:52,43.462477,39.92257,55.9
6794,2026-09-16T12:21:53,43.46241,39.92277,56.2
6795,2026-09-16T12:21:54,43.462343,39.92297,56.6
6796,2026-09-16T12:21:55,43.462277,39.92317,56.9
6797,2026-09-16T12:21:56,43.46221,39.92337,57.3
6798,2026-09-16T12:21:59,43.46201,39.92397,58.3
6799,2026-09-16T12:22:01,43.461877,39.92437,59.1
6800,2026-09-16T12:22:02,43.46181,39.92457,59.4
6801,2026-09-16T12:22:03,43.461743,39.92477,59.8
6802,2026-09-16T12:22:04,43.461677,39.92497,60.2
6803,2026-09-16T12:22:07,43.461476,39.925571,61.3
6804,2026-09-16T12:22:08,43.46141,39.925771,61.7
6805,2026-09-16T12:22:09,43.461343,39.925971,62.1
6806,2026-09-16T12:22:10,43.461276,39.926171,62.4
6807,2026-09-16T12:22:11,43.46121,39.926371,62.8
6808,2026-09-16T12:22:13,43.461076,39.926771,63.6
6809,2026-09-16T12:22:14,43.46101,39.926971,64.0
6810,2026-09-16T12:22:16,43.460876,39.927371,64.8
6811,2026-09-16T12:22:18,43.460743,39.927771,65.6
6812,2026-09-16T12:22:20,43.46061,39.928171,66.4
6813,2026-09-16T12:22:21,43.460543,39.928371,66.8
6814,2026-09-16T12:22:22,43.460476,39.928571,67.2
6815,2026-09-16T12:22:23,43.46041,39.928771,67.6
6816,2026-09-16T12:22:24,43.460343,39.928971,68.0
6817,2026-09-16T12:22:25,43.460276,39.929171,68.4
6818,2026-09-16T12:22:26,43.46021,39.929371,68.8
6819,2026-09-16T12:22:27,43.460143,39.929571,69.3
6820,2026-09-16T12:22:28,43.460076,39.929771,69.7
6821,2026-09-16T12:22:29,43.46001,39.929971,70.1
6822,2026-09-16T12:22:30,43.459943,39.930171,70.5
6823,2026-09-16T12:22:31,43.459876,39.930371,70.9
6824,2026-09-16T12:22:32,43.45981,39.930571,71.4
6825,2026-09-16T12:22:33,43.459743,39.930771,71.8
6826,2026-09-16T12:22:34,43.459676,39.930971,72.2
6827,2026-09-16T12:22:36,43.459543,39.931371,73.1
6828,2026-09-16T12:22:37,43.459476,39.931571,73.5
6829,2026-09-16T12:22:38,43.45941,39.931771,74.0
6830,2026-09-16T12:22:39,43.459343,39.931971,74.4
6831,2026-09-16T12:22:40,43.459276,39.932171,74.8
6832,2026-09-16T12:22:41,43.45921,39.932371,75.3
6833,2026-09-16T12:22:42,43.459143,39.932571,75.7
6834,2026-09-16T12:22:43,43.459076,39.932771,76.2
6835,2026-09-16T12:22:44,43.45901,39.932971,76.6
6836,2026-09-16T12:22:45,43.458943,39.933171,77.1
6837,2026-09-16T12:22:47,43.45881,39.933571,78.0
6838,2026-09-16T12:22:48,43.458743,39.933771,78.4
6839,2026-09-16T12:22:49,43.458676,39.933971,78.9
6840,2026-09-16T12:22:51,43.458543,39.934371,79.8
6841,2026-09-16T12:22:52,43.458476,39.934571,80.3
6842,2026-09-16T12:22:53,43.45841,39.934771,80.7
6843,2026-09-16T12:22:56,43.458209,39.935372,82.1
6844,2026-09-16T12:22:57,43.458143,39.935572,82.6
6845,2026-09-16T12:22:58,43.458076,39.935772,83.1
6846,2026-09-16T12:22:59,43.458009,39.935972,83.5
6847,2026-09-16T12:23:00,43.457943,39.936172,84.0
6848,2026-09-16T12:23:04,43.457676,39.936972,85.9
6849,2026-09-16T12:23:05,43.457609,39.937172,86.4
6850,2026-09-16T12:23:06,43.457543,39.937372,86.9
6851,2026-09-16T12:23:07,43.457476,39.937572,87.4
6852,2026-09-16T12:23:08,43.457409,39.937772,87.8
6853,2026-09-16T12:23:09,43.457343,39.937972,88.3
6854,2026-09-16T12:23:10,43.457276,39.938172,88.8
6855,2026-09-16T12:23:11,43.457209,39.938372,89.3
6856,2026-09-16T12:23:12,43.457143,39.938572,89.8
6857,2026-09-16T12:23:13,43.457076,39.938772,90.3
6858,2026-09-16T12:23:14,43.457009,39.938972,90.8
6859,2026-09-16T12:23:15,43.456943,39.939172,91.3
6860,2026-09-16T12:23:16,43.456876,39.939372,91.8
6861,2026-09-16T12:23:17,43.456809,39.939572,92.3
6862,2026-09-16T12:23:19,43.456676,39.939972,93.3
6863,2026-09-16T12:23:20,43.456609,39.940172,93.8
6864,2026-09-16T12:23:21,43.456543,39.940372,94.3
6865,2026-09-16T12:23:22,43.456476,39.940572,94.8
6866,2026-09-16T12:23:23,43.456409,39.940772,95.3
6867,2026-09-16T12:23:24,43.456343,39.940972,95.8
6868,2026-09-16T12:23:26,43.456209,39.941372,96.8
6869,2026-09-16T12:23:28,43.456076,39.941772,97.8
6870,2026-09-16T12:23:29,43.456009,39.941972,98.3
6871,2026-09-16T12:23:30,43.455943,39.942172,98.8
6872,2026-09-16T12:23:33,43.455743,39.942772,100.4
6873,2026-09-16T12:23:35,43.455609,39.943172,101.4
6874,2026-09-16T12:23:36,43.455543,39.943372,101.9
6875,2026-09-16T12:23:37,43.455476,39.943572,102.5
6876,2026-09-16T12:23:39,43.455343,39.943972,103.5
6877,2026-09-16T12:23:40,43.455276,39.944172,104.0
6878,2026-09-16T12:23:41,43.455209,39.944372,104.5
6879,2026-09-16T12:23:42,43.455143,39.944572,105.1
6880,2026-09-16T12:23:43,43.455076,39.944772,105.6
6881,2026-09-16T12:23:44,43.455009,39.944972,106.1
6882,2026-09-16T12:23:45,43.454942,39.945173,106.6
6883,2026-09-16T12:23:46,43.454876,39.945373,107.2
6884,2026-09-16T12:23:47,43.454809,39.945573,107.7
6885,2026-09-16T12:23:48,43.454742,39.945773,108.2
6886,2026-09-16T12:23:50,43.454609,39.946173,109.3
6887,2026-09-16T12:23:51,43.454542,39.946373,109.8
6888,2026-09-16T12:23:52,43.454476,39.946573,110.4
6889,2026-09-16T12:23:53,43.454409,39.946773,110.9
6890,2026-09-16T12:23:54,43.454342,39.946973,111.4
6891,2026-09-16T12:23:55,43.454276,39.947173,112.0
6892,2026-09-16T12:23:57,43.454142,39.947573,113.0
6893,2026-09-16T12:23:58,43.454076,39.947773,113.6
6894,2026-09-16T12:23:59,43.454009,39.947973,114.1
6895,2026-09-16T12:24:00,43.453942,39.948173,114.7
6896,2026-09-16T12:24:01,43.453876,39.948373,115.2
6897,2026-09-16T12:24:02,43.453809,39.948573,115.7
6898,2026-09-16T12:24:03,43.453742,39.948773,116.3
6899,2026-09-16T12:24:04,43.453676,39.948973,116.8
6900,2026-09-16T12:24:05,43.453609,39.949173,117.4
6901,2026-09-16T12:24:06,43.453542,39.949373,117.9
6902,2026-09-16T12:24:07,43.453476,39.949573,118.5
6903,2026-09-16T12:24:08,43.453409,39.949773,119.0
6904,2026-09-16T12:24:09,43.453342,39.949973,119.6
6905,2026-09-16T12:24:11,43.453209,39.950373,120.7
6906,2026-09-16T12:24:13,43.453076,39.950773,121.8
6907,2026-09-16T12:24:14,43.453009,39.950973,122.3
6908,2026-09-16T12:24:15,43.452942,39.951173,122.9
6909,2026-09-16T12:24:16,43.452876,39.951373,123.4
6910,2026-09-16T12:24:17,43.452809,39.951573,124.0
6911,2026-09-16T12:24:18,43.452742,39.951773,124.5
6912,2026-09-16T12:24:19,43.452676,39.951973,125.1
6913,2026-09-16T12:24:21,43.452542,39.952373,126.2
6914,2026-09-16T12:24:22,43.452476,39.952573,126.7
6915,2026-09-16T12:24:25,43.452276,39.953173,128.4
6916,2026-09-16T12:24:26,43.452209,39.953373,128.9
6917,2026-09-16T12:24:27,43.452142,39.953573,129.5
6918,2026-09-16T12:24:28,43.452076,39.953773,130.1
6919,2026-09-16T12:24:29,43.452009,39.953973,130.6
6920,2026-09-16T12:24:31,43.451876,39.954373,131.7
6921,2026-09-16T12:24:33,43.451742,39.954773,132.8
6922,2026-09-16T12:24:35,43.451609,39.955174,134.0
6923,2026-09-16T12:24:36,43.451542,39.955374,134.5
6924,2026-09-16T12:24:37,43.451475,39.955574,135.1
6925,2026-09-16T12:24:38,43.451409,39.955774,135.6
6926,2026-09-16T12:24:39,43.451342,39.955974,136.2
6927,2026-09-16T12:24:40,43.451275,39.956174,136.8
6928,2026-09-16T12:24:42,43.451142,39.956574,137.9
6929,2026-09-16T12:24:44,43.451009,39.956974,139.0
6930,2026-09-16T12:24:46,43.450875,39.957374,140.1
6931,2026-09-16T12:24:47,43.450809,39.957574,140.7
6932,2026-09-16T12:24:48,43.450742,39.957774,141.2
6933,2026-09-16T12:24:49,43.450675,39.957974,141.8
6934,2026-09-16T12:24:50,43.450609,39.958174,142.4
6935,2026-09-16T12:24:51,43.450542,39.958374,142.9
6936,2026-09-16T12:24:52,43.450475,39.958574,143.5
6937,2026-09-16T12:24:53,43.450409,39.958774,144.1
6938,2026-09-16T12:24:55,43.450275,39.959174,145.2
6939,2026-09-16T12:24:57,43.450142,39.959574,146.3
6940,2026-09-16T12:24:58,43.450075,39.959774,146.9
6941,2026-09-16T12:25:00,43.449942,39.960174,148.0
6942,2026-09-16T12:25:02,43.449809,39.960574,149.1
6943,2026-09-16T12:25:04,43.449675,39.960974,150.2
6944,2026-09-16T12:25:05,43.449609,39.961174,150.8
6945,2026-09-16T12:25:07,43.449475,39.961574,151.9
6946,2026-09-16T12:25:10,43.449275,39.962174,153.6
6947,2026-09-16T12:25:11,43.449209,39.962374,154.2
6948,2026-09-16T12:25:12,43.449142,39.962574,154.7
6949,2026-09-16T12:25:13,43.449075,39.962774,155.3
6950,2026-09-16T12:25:15,43.448942,39.963174,156.4
6951,2026-09-16T12:25:16,43.448875,39.963374,157.0
6952,2026-09-16T12:25:17,43.448809,39.963574,157.5
6953,2026-09-16T12:25:18,43.448742,39.963774,158.1
6954,2026-09-16T12:25:21,43.448542,39.964374,159.8
6955,2026-09-16T12:25:23,43.448409,39.964774,160.9
6956,2026-09-16T12:25:24,43.448342,39.964974,161.5
6957,2026-09-16T12:25:25,43.448275,39.965175,162.0
6958,2026-09-16T12:25:26,43.448208,39.965375,162.6
6959,2026-09-16T12:25:27,43.448142,39.965575,163.1
6960,2026-09-16T12:25:30,43.447942,39.966175,164.8
6961,2026-09-16T12:25:32,43.447808,39.966575,165.9
6962,2026-09-16T12:25:33,43.447742,39.966775,166.5
6963,2026-09-16T12:25:34,43.447675,39.966975,167.0
6964,2026-09-16T12:25:35,43.447608,39.967175,167.6
6965,2026-09-16T12:25:36,43.447542,39.967375,168.1
6966,2026-09-16T12:25:37,43.447475,39.967575,168.7
6967,2026-09-16T12:25:38,43.447408,39.967775,169.2
6968,2026-09-16T12:25:39,43.447342,39.967975,169.8
6969,2026-09-16T12:25:40,43.447275,39.968175,170.3
6970,2026-09-16T12:25:41,43.447208,39.968375,170.9
6971,2026-09-16T12:25:42,43.447142,39.968575,171.5
6972,2026-09-16T12:25:44,43.447008,39.968975,172.6
6973,2026-09-16T12:25:45,43.446942,39.969175,173.1
6974,2026-09-16T12:25:46,43.446875,39.969375,173.7
6975,2026-09-16T12:25:47,43.446808,39.969575,174.2
6976,2026-09-16T12:25:48,43.446742,39.969775,174.7
6977,2026-09-16T12:25:50,43.446608,39.970175,175.8
6978,2026-09-16T12:25:51,43.446542,39.970375,176.4
6979,2026-09-16T12:25:52,43.446475,39.970575,176.9
6980,2026-09-16T12:25:53,43.446408,39.970775,177.5
6981,2026-09-16T12:25:54,43.446342,39.970975,178.0
6982,2026-09-16T12:25:55,43.446275,39.971175,178.6
6983,2026-09-16T12:25:58,43.446075,39.971775,180.2
6984,2026-09-16T12:25:59,43.446008,39.971975,180.7
6985,2026-09-16T12:26:00,43.445942,39.972175,181.3
6986,2026-09-16T12:26:03,43.445742,39.972775,182.9
6987,2026-09-16T12:26:05,43.445608,39.973175,184.0
6988,2026-09-16T12:26:06,43.445542,39.973375,184.5
6989,2026-09-16T12:26:07,43.445475,39.973575,185.0
6990,2026-09-16T12:26:08,43.445408,39.973775,185.6
6991,2026-09-16T12:26:09,43.445342,39.973975,186.1
6992,2026-09-16T12:26:10,43.445275,39.974175,186.6
6993,2026-09-16T12:26:12,43.445142,39.974575,187.7
6994,2026-09-16T12:26:14,43.445008,39.974975,188.7
6995,2026-09-16T12:26:15,43.444941,39.975176,189.3
6996,2026-09-16T12:26:17,43.444808,39.975576,190.3
6997,2026-09-16T12:26:18,43.444741,39.975776,190.8
6998,2026-09-16T12:26:19,43.444675,39.975976,191.4
6999,2026-09-16T12:26:20,43.444608,39.976176,191.9
7000,2026-09-16T12:26:21,43.444541,39.976376,192.4
7001,2026-09-16T12:26:23,43.444408,39.976776,193.5
7002,2026-09-16T12:26:24,43.444341,39.976976,194.0
7003,2026-09-16T12:26:25,43.444275,39.977176,194.5
7004,2026-09-16T12:26:26,43.444208,39.977376,195.0
7005,2026-09-16T12:26:27,43.444141,39.977576,195.5
7006,2026-09-16T12:26:28,43.444075,39.977776,196.0
7007,2026-09-16T12:26:29,43.444008,39.977976,196.5
7008,2026-09-16T12:26:30,43.443941,39.978176,197.1
7009,2026-09-16T12:26:32,43.443808,39.978576,198.1
7010,2026-09-16T12:26:35,43.443608,39.979176,199.6
7011,2026-09-16T12:26:36,43.443541,39.979376,200.1
7012,2026-09-16T12:26:37,43.443475,39.979576,200.6
7013,2026-09-16T12:26:38,43.443408,39.979776,201.1
7014,2026-09-16T12:26:40,43.443275,39.980176,202.1
7015,2026-09-16T12:26:41,43.443208,39.980376,202.6
7016,2026-09-16T12:26:42,43.443141,39.980576,203.1
7017,2026-09-16T12:26:44,43.443008,39.980976,204.1
7018,2026-09-16T12:26:45,43.442941,39.981176,204.6
7019,2026-09-16T12:26:46,43.442875,39.981376,205.1
7020,2026-09-16T12:26:47,43.442808,39.981576,205.6
7021,2026-09-16T12:26:48,43.442741,39.981776,206.1
7022,2026-09-16T12:26:49,43.442675,39.981976,206.5
7023,2026-09-16T12:26:50,43.442608,39.982176,207.0
7024,2026-09-16T12:26:51,43.442541,39.982376,207.5
7025,2026-09-16T12:26:52,43.442475,39.982576,208.0
7026,2026-09-16T12:26:53,43.442408,39.982776,208.5
7027,2026-09-16T12:26:54,43.442341,39.982976,209.0
7028,2026-09-16T12:26:55,43.442275,39.983176,209.4
7029,2026-09-16T12:26:56,43.442208,39.983376,209.9
7030,2026-09-16T12:26:57,43.442141,39.983576,210.4
7031,2026-09-16T12:26:58,43.442075,39.983776,210.9
7032,2026-09-16T12:27:00,43.441941,39.984176,211.8
7033,2026-09-16T12:27:01,43.441875,39.984376,212.3
7034,2026-09-16T12:27:02,43.441808,39.984576,212.8
7035,2026-09-16T12:27:03,43.441741,39.984776,213.2
7036,2026-09-16T12:27:05,43.441608,39.985177,214.2
7037,2026-09-16T12:27:06,43.441541,39.985377,214.6
7038,2026-09-16T12:27:08,43.441408,39.985777,215.5
7039,2026-09-16T12:27:09,43.441341,39.985977,216.0
7040,2026-09-16T12:27:10,43.441274,39.986177,216.5
7041,2026-09-16T12:27:11,43.441208,39.986377,216.9
7042,2026-09-16T12:27:13,43.441074,39.986777,217.8
7043,2026-09-16T12:27:15,43.440941,39.987177,218.7
7044,2026-09-16T12:27:16,43.440874,39.987377,219.2
7045,2026-09-16T12:27:17,43.440808,39.987577,219.6
7046,2026-09-16T12:27:18,43.440741,39.987777,220.0
7047,2026-09-16T12:27:20,43.440608,39.988177,220.9
7048,2026-09-16T12:27:21,43.440541,39.988377,221.4
7049,2026-09-16T12:27:22,43.440474,39.988577,221.8
7050,2026-09-16T12:27:23,43.440408,39.988777,222.2
7051,2026-09-16T12:27:24,43.440341,39.988977,222.7
7052,2026-09-16T12:27:25,43.440274,39.989177,223.1
7053,2026-09-16T12:27:28,43.440074,39.989777,224.4
7054,2026-09-16T12:27:31,43.439874,39.990377,225.6
7055,2026-09-16T12:27:32,43.439808,39.990577,226.1
7056,2026-09-16T12:27:33,43.439741,39.990777,226.5
7057,2026-09-16T12:27:34,43.439674,39.990977,226.9
7058,2026-09-16T12:27:35,43.439608,39.991177,227.3
7059,2026-09-16T12:27:36,43.439541,39.991377,227.7
7060,2026-09-16T12:27:37,43.439474,39.991577,228.1
7061,2026-09-16T12:27:39,43.439341,39.991977,228.9
7062,2026-09-16T12:27:40,43.439274,39.992177,229.3
7063,2026-09-16T12:27:41,43.439208,39.992377,229.7
7064,2026-09-16T12:27:42,43.439141,39.992577,230.1
7065,2026-09-16T12:27:43,43.439074,39.992777,230.5
7066,2026-09-16T12:27:45,43.438941,39.993177,231.3
7067,2026-09-16T12:27:46,43.438874,39.993377,231.7
7068,2026-09-16T12:27:47,43.438808,39.993577,232.1
7069,2026-09-16T12:27:49,43.438674,39.993977,232.8
7070,2026-09-16T12:27:51,43.438541,39.994377,233.6
7071,2026-09-16T12:27:52,43.438474,39.994577,234.0
7072,2026-09-16T12:27:53,43.438408,39.994777,234.4
7073,2026-09-16T12:27:54,43.438341,39.994977,234.7
7074,2026-09-16T12:27:55,43.438274,39.995178,235.1
7075,2026-09-16T12:27:56,43.438207,39.995378,235.5
7076,2026-09-16T12:27:57,43.438141,39.995578,235.8
7077,2026-09-16T12:27:58,43.438074,39.995778,236.2
7078,2026-09-16T12:28:00,43.437941,39.996178,236.9
7079,2026-09-16T12:28:02,43.437807,39.996578,237.6
7080,2026-09-16T12:28:03,43.437741,39.996778,238.0
7081,2026-09-16T12:28:04,43.437674,39.996978,238.3
7082,2026-09-16T12:28:05,43.437607,39.997178,238.7
7083,2026-09-16T12:28:06,43.437541,39.997378,239.0
7084,2026-09-16T12:28:07,43.437474,39.997578,239.4
7085,2026-09-16T12:28:08,43.437407,39.997778,239.7
7086,2026-09-16T12:28:09,43.437341,39.997978,240.0
7087,2026-09-16T12:28:10,43.437274,39.998178,240.4
7088,2026-09-16T12:28:11,43.437207,39.998378,240.7
7089,2026-09-16T12:28:12,43.437141,39.998578,241.0
7090,2026-09-16T12:28:13,43.437074,39.998778,241.4
7091,2026-09-16T12:28:16,43.436874,39.999378,242.3
7092,2026-09-16T12:28:19,43.436674,39.999978,243.3
7093,2026-09-16T12:28:20,43.436607,40.000178,243.6
7094,2026-09-16T12:28:21,43.436541,40.000378,243.9
7095,2026-09-16T12:28:22,43.436474,40.000578,244.2
7096,2026-09-16T12:28:23,43.436407,40.000778,244.5
7097,2026-09-16T12:28:24,43.436341,40.000978,244.8
7098,2026-09-16T12:28:25,43.436274,40.001178,245.1
7099,2026-09-16T12:28:26,43.436207,40.001378,245.4
7100,2026-09-16T12:28:27,43.436141,40.001578,245.7
7101,2026-09-16T12:28:28,43.436074,40.001778,246.0
7102,2026-09-16T12:28:29,43.436007,40.001978,246.3
7103,2026-09-16T12:28:31,43.435874,40.002378,246.9
7104,2026-09-16T12:28:32,43.435807,40.002578,247.1
7105,2026-09-16T12:28:33,43.435741,40.002778,247.4
7106,2026-09-16T12:28:34,43.435674,40.002978,247.7
7107,2026-09-16T12:28:35,43.435607,40.003178,248.0
7108,2026-09-16T12:28:36,43.435541,40.003378,248.2
7109,2026-09-16T12:28:37,43.435474,40.003578,248.5
7110,2026-09-16T12:28:38,43.435407,40.003778,248.8
7111,2026-09-16T12:28:39,43.435341,40.003978,249.0
7112,2026-09-16T12:28:40,43.435274,40.004178,249.3
7113,2026-09-16T12:28:43,43.435074,40.004778,250.1
7114,2026-09-16T12:28:44,43.435007,40.004978,250.3
7115,2026-09-16T12:28:45,43.43494,40.005179,250.6
7116,2026-09-16T12:28:46,43.434874,40.005379,250.8
7117,2026-09-16T12:28:47,43.434807,40.005579,251.0
7118,2026-09-16T12:28:48,43.43474,40.005779,251.3
7119,2026-09-16T12:28:49,43.434674,40.005979,251.5
7120,2026-09-16T12:28:51,43.43454,40.006379,252.0
7121,2026-09-16T12:28:52,43.434474,40.006579,252.2
7122,2026-09-16T12:28:54,43.43434,40.006979,252.6
7123,2026-09-16T12:28:55,43.434274,40.007179,252.8
7124,2026-09-16T12:28:56,43.434207,40.007379,253.1
7125,2026-09-16T12:28:57,43.43414,40.007579,253.3
7126,2026-09-16T12:28:58,43.434074,40.007779,253.5
7127,2026-09-16T12:28:59,43.434007,40.007979,253.7
7128,2026-09-16T12:29:01,43.433874,40.008379,254.1
7129,2026-09-16T12:29:02,43.433807,40.008579,254.3
7130,2026-09-16T12:29:03,43.43374,40.008779,254.5
7131,2026-09-16T12:29:05,43.433607,40.009179,254.8
7132,2026-09-16T12:29:08,43.433407,40.009779,255.4
7133,2026-09-16T12:29:09,43.43334,40.009979,255.6
7134,2026-09-16T12:29:10,43.433274,40.010179,255.7
7135,2026-09-16T12:29:11,43.433207,40.010379,255.9
7136,2026-09-16T12:29:12,43.43314,40.010579,256.1
7137,2026-09-16T12:29:13,43.433074,40.010779,256.2
7138,2026-09-16T12:29:14,43.433007,40.010979,256.4
7139,2026-09-16T12:29:15,43.43294,40.011179,256.5
7140,2026-09-16T12:29:16,43.432874,40.011379,256.7
7141,2026-09-16T12:29:17,43.432807,40.011579,256.8
7142,2026-09-16T12:29:18,43.43274,40.011779,257.0
7143,2026-09-16T12:29:19,43.432674,40.011979,257.1
7144,2026-09-16T12:29:20,43.432607,40.012179,257.3
7145,2026-09-16T12:29:22,43.432474,40.012579,257.5
7146,2026-09-16T12:29:23,43.432407,40.012779,257.7
7147,2026-09-16T12:29:24,43.43234,40.012979,257.8
7148,2026-09-16T12:29:26,43.432207,40.013379,258.0
7149,2026-09-16T12:29:27,43.43214,40.013579,258.1
7150,2026-09-16T12:29:28,43.432074,40.013779,258.2
7151,2026-09-16T12:29:29,43.432007,40.013979,258.4
7152,2026-09-16T12:29:31,43.431874,40.014379,258.6
7153,2026-09-16T12:29:34,43.431674,40.014979,258.9
7154,2026-09-16T12:29:35,43.431607,40.01518,258.9
7155,2026-09-16T12:29:36,43.43154,40.01538,259.0
7156,2026-09-16T12:29:37,43.431473,40.01558,259.1
7157,2026-09-16T12:29:38,43.431407,40.01578,259.2
7158,2026-09-16T12:29:39,43.43134,40.01598,259.3
7159,2026-09-16T12:29:40,43.431273,40.01618,259.3
7160,2026-09-16T12:29:41,43.431207,40.01638,259.4
7161,2026-09-16T12:29:42,43.43114,40.01658,259.5
7162,2026-09-16T12:29:43,43.431073,40.01678,259.5
7163,2026-09-16T12:29:44,43.431007,40.01698,259.6
7164,2026-09-16T12:29:46,43.430873,40.01738,259.7
7165,2026-09-16T12:29:47,43.430807,40.01758,259.7
7166,2026-09-16T12:29:48,43.43074,40.01778,259.8
7167,2026-09-16T12:29:49,43.430673,40.01798,259.8
7168,2026-09-16T12:29:51,43.43054,40.01838,259.9
7169,2026-09-16T12:29:52,43.430473,40.01858,259.9
7170,2026-09-16T12:29:53,43.430407,40.01878,259.9
7171,2026-09-16T12:29:54,43.43034,40.01898,260.0
7172,2026-09-16T12:29:55,43.430273,40.01918,260.0
7173,2026-09-16T12:29:56,43.430207,40.01938,260.0
7174,2026-09-16T12:29:57,43.43014,40.01958,260.0
7175,2026-09-16T12:29:58,43.430073,40.01978,260.0
7176,2026-09-16T12:30:00,43.43,40.02012,260.0
7177,2026-09-16T12:30:02,43.43,40.020387,260.0
7178,2026-09-16T12:30:03,43.43,40.02052,260.0
7179,2026-09-16T12:30:04,43.43,40.020653,260.0
7180,2026-09-16T12:30:05,43.43,40.020787,259.9
7181,2026-09-16T12:30:06,43.43,40.02092,259.9
7182,2026-09-16T12:30:07,43.43,40.021053,259.9
7183,2026-09-16T12:30:08,43.43,40.021187,259.9
7184,2026-09-16T12:30:09,43.43,40.02132,259.8
7185,2026-09-16T12:30:10,43.43,40.021453,259.8
7186,2026-09-16T12:30:11,43.43,40.021587,259.8
7187,2026-09-16T12:30:12,43.43,40.02172,259.7
7188,2026-09-16T12:30:13,43.43,40.021854,259.7
7189,2026-09-16T12:30:14,43.43,40.021987,259.7
7190,2026-09-16T12:30:15,43.43,40.02212,259.6
7191,2026-09-16T12:30:16,43.43,40.022254,259.6
7192,2026-09-16T12:30:17,43.43,40.022387,259.5
7193,2026-09-16T12:30:20,43.43,40.022787,259.3
7194,2026-09-16T12:30:21,43.43,40.02292,259.3
7195,2026-09-16T12:30:22,43.43,40.023054,259.2
7196,2026-09-16T12:30:23,43.43,40.023187,259.1
7197,2026-09-16T12:30:24,43.43,40.02332,259.0
7198,2026-09-16T12:30:25,43.43,40.023454,259.0
7199,2026-09-16T12:30:26,43.43,40.023587,258.9
7200,2026-09-16T12:30:27,43.43,40.02372,258.8
7201,2026-09-16T12:30:28,43.43,40.023854,258.7
7202,2026-09-16T12:30:29,43.43,40.023987,258.6
7203,2026-09-16T12:30:31,43.43,40.024254,258.4
7204,2026-09-16T12:30:32,43.43,40.024387,258.3
7205,2026-09-16T12:30:33,43.43,40.02452,258.2
7206,2026-09-16T12:30:34,43.43,40.024654,258.1
7207,2026-09-16T12:30:35,43.43,40.024787,258.0
7208,2026-09-16T12:30:36,43.43,40.02492,257.9
7209,2026-09-16T12:30:37,43.43,40.025054,257.8
7210,2026-09-16T12:30:40,43.43,40.025454,257.5
7211,2026-09-16T12:30:41,43.43,40.025587,257.3
7212,2026-09-16T12:30:42,43.43,40.025721,257.2
7213,2026-09-16T12:30:45,43.43,40.026121,256.8
7214,2026-09-16T12:30:46,43.43,40.026254,256.7
7215,2026-09-16T12:30:47,43.43,40.026387,256.6
7216,2026-09-16T12:30:48,43.43,40.026521,256.4
7217,2026-09-16T12:30:51,43.43,40.026921,256.0
7218,2026-09-16T12:30:52,43.43,40.027054,255.8
7219,2026-09-16T12:30:55,43.43,40.027454,255.4
7220,2026-09-16T12:30:57,43.43,40.027721,255.0
7221,2026-09-16T12:30:58,43.43,40.027854,254.9
7222,2026-09-16T12:30:59,43.43,40.027987,254.7
7223,2026-09-16T12:31:00,43.43,40.028121,254.5
7224,2026-09-16T12:31:01,43.43,40.028254,254.3
7225,2026-09-16T12:31:02,43.43,40.028388,254.2
7226,2026-09-16T12:31:04,43.43,40.028654,253.8
7227,2026-09-16T12:31:05,43.43,40.028788,253.6
7228,2026-09-16T12:31:06,43.43,40.028921,253.4
7229,2026-09-16T12:31:07,43.43,40.029054,253.2
7230,2026-09-16T12:31:09,43.43,40.029321,252.9
7231,2026-09-16T12:31:10,43.43,40.029454,252.7
7232,2026-09-16T12:31:11,43.43,40.029588,252.5
7233,2026-09-16T12:31:12,43.43,40.029721,252.3
7234,2026-09-16T12:31:13,43.43,40.029854,252.1
7235,2026-09-16T12:31:14,43.43,40.029988,251.9
7236,2026-09-16T12:31:15,43.43,40.030121,251.6
7237,2026-09-16T12:31:16,43.43,40.030254,251.4
7238,2026-09-16T12:31:17,43.43,40.030388,251.2
7239,2026-09-16T12:31:18,43.43,40.030521,251.0
7240,2026-09-16T12:31:19,43.43,40.030654,250.8
7241,2026-09-16T12:31:20,43.43,40.030788,250.6
7242,2026-09-16T12:31:21,43.43,40.030921,250.3
7243,2026-09-16T12:31:22,43.43,40.031054,250.1
7244,2026-09-16T12:31:26,43.43,40.031588,249.2
7245,2026-09-16T12:31:27,43.43,40.031721,249.0
7246,2026-09-16T12:31:29,43.43,40.031988,248.5
7247,2026-09-16T12:31:30,43.43,40.032121,248.2
7248,2026-09-16T12:31:31,43.43,40.032255,248.0
7249,2026-09-16T12:31:32,43.43,40.032388,247.7
7250,2026-09-16T12:31:33,43.43,40.032521,247.5
7251,2026-09-16T12:31:34,43.43,40.032655,247.2
7252,2026-09-16T12:31:35,43.43,40.032788,247.0
7253,2026-09-16T12:31:37,43.43,40.033055,246.5
7254,2026-09-16T12:31:38,43.43,40.033188,246.2
7255,2026-09-16T12:31:39,43.43,40.033321,245.9
7256,2026-09-16T12:31:43,43.43,40.033855,244.9
7257,2026-09-16T12:31:44,43.43,40.033988,244.6
7258,2026-09-16T12:31:45,43.43,40.034121,244.3
7259,2026-09-16T12:31:46,43.43,40.034255,244.1
7260,2026-09-16T12:31:47,43.43,40.034388,243.8
7261,2026-09-16T12:31:48,43.43,40.034521,243.5
7262,2026-09-16T12:31:49,43.43,40.034655,243.2
7263,2026-09-16T12:31:50,43.43,40.034788,242.9
7264,2026-09-16T12:31:51,43.43,40.034921,242.6
7265,2026-09-16T12:31:53,43.43,40.035188,242.1
7266,2026-09-16T12:31:54,43.43,40.035322,241.8
7267,2026-09-16T12:31:56,43.43,40.035588,241.2
7268,2026-09-16T12:31:57,43.43,40.035722,240.9
7269,2026-09-16T12:31:58,43.43,40.035855,240.6
7270,2026-09-16T12:31:59,43.43,40.035988,240.3
7271,2026-09-16T12:32:00,43.43,40.036122,240.0
7272,2026-09-16T12:32:01,43.43,40.036255,239.7
7273,2026-09-16T12:32:02,43.43,40.036388,239.3
7274,2026-09-16T12:32:04,43.43,40.036655,238.7
7275,2026-09-16T12:32:05,43.43,40.036788,238.4
7276,2026-09-16T12:32:06,43.43,40.036922,238.1
7277,2026-09-16T12:32:07,43.43,40.037055,237.8
7278,2026-09-16T12:32:08,43.43,40.037188,237.5
7279,2026-09-16T12:32:10,43.43,40.037455,236.8
7280,2026-09-16T12:32:11,43.43,40.037588,236.5
7281,2026-09-16T12:32:12,43.43,40.037722,236.2
7282,2026-09-16T12:32:13,43.43,40.037855,235.8
7283,2026-09-16T12:32:15,43.43,40.038122,235.2
7284,2026-09-16T12:32:16,43.43,40.038255,234.8
7285,2026-09-16T12:32:18,43.43,40.038522,234.2
7286,2026-09-16T12:32:19,43.43,40.038655,233.8
7287,2026-09-16T12:32:20,43.43,40.038789,233.5
7288,2026-09-16T12:32:21,43.43,40.038922,233.1
7289,2026-09-16T12:32:23,43.43,40.039189,232.5
7290,2026-09-16T12:32:25,43.43,40.039455,231.8
7291,2026-09-16T12:32:26,43.43,40.039589,231.4
7292,2026-09-16T12:32:27,43.43,40.039722,231.1
7293,2026-09-16T12:32:30,43.43,40.040122,230.0
7294,2026-09-16T12:32:31,43.43,40.040255,229.6
7295,2026-09-16T12:32:32,43.43,40.040389,229.3
7296,2026-09-16T12:32:33,43.43,40.040522,228.9
7297,2026-09-16T12:32:34,43.43,40.040655,228.5
7298,2026-09-16T12:32:36,43.43,40.040922,227.8
7299,2026-09-16T12:32:37,43.43,40.041055,227.4
7300,2026-09-16T12:32:38,43.43,40.041189,227.1
7301,2026-09-16T12:32:39,43.43,40.041322,226.7
7302,2026-09-16T12:32:40,43.43,40.041455,226.3
7303,2026-09-16T12:32:42,43.43,40.041722,225.6
7304,2026-09-16T12:32:43,43.43,40.041856,225.2
7305,2026-09-16T12:32:44,43.43,40.041989,224.8
7306,2026-09-16T12:32:46,43.43,40.042256,224.1
7307,2026-09-16T12:32:47,43.43,40.042389,223.7
7308,2026-09-16T12:32:48,43.43,40.042522,223.3
7309,2026-09-16T12:32:49,43.43,40.042656,222.9
7310,2026-09-16T12:32:52,43.43,40.043056,221.8
7311,2026-09-16T12:32:54,43.43,40.043322,221.0
7312,2026-09-16T12:32:55,43.43,40.043456,220.6
7313,2026-09-16T12:32:57,43.43,40.043722,219.8
7314,2026-09-16T12:32:58,43.43,40.043856,219.4
7315,2026-09-16T12:32:59,43.43,40.043989,219.0
7316,2026-09-16T12:33:00,43.43,40.044122,218.6
7317,2026-09-16T12:33:01,43.43,40.044256,218.2
7318,2026-09-16T12:33:02,43.43,40.044389,217.8
7319,2026-09-16T12:33:03,43.43,40.044522,217.4
7320,2026-09-16T12:33:04,43.43,40.044656,217.0
7321,2026-09-16T12:33:05,43.43,40.044789,216.6
7322,2026-09-16T12:33:08,43.43,40.045189,215.4
7323,2026-09-16T12:33:11,43.43,40.045589,214.1
7324,2026-09-16T12:33:12,43.43,40.045723,213.7
7325,2026-09-16T12:33:13,43.43,40.045856,213.3
7326,2026-09-16T12:33:15,43.43,40.046123,212.5
7327,2026-09-16T12:33:16,43.43,40.046256,212.0
7328,2026-09-16T12:33:17,43.43,40.046389,211.6
7329,2026-09-16T12:33:18,43.43,40.046523,211.2
7330,2026-09-16T12:33:19,43.43,40.046656,210.8
7331,2026-09-16T12:33:21,43.43,40.046923,209.9
7332,2026-09-16T12:33:24,43.43,40.047323,208.7
7333,2026-09-16T12:33:25,43.43,40.047456,208.2
7334,2026-09-16T12:33:26,43.43,40.047589,207.8
7335,2026-09-16T12:33:27,43.43,40.047723,207.4
7336,2026-09-16T12:33:28,43.43,40.047856,206.9
7337,2026-09-16T12:33:29,43.43,40.047989,206.5
7338,2026-09-16T12:33:30,43.43,40.048123,206.1
7339,2026-09-16T12:33:31,43.43,40.048256,205.6
7340,2026-09-16T12:33:33,43.43,40.048523,204.8
7341,2026-09-16T12:33:35,43.43,40.04879,203.9
7342,2026-09-16T12:33:36,43.43,40.048923,203.5
7343,2026-09-16T12:33:38,43.43,40.04919,202.6
7344,2026-09-16T12:33:39,43.43,40.049323,202.1
7345,2026-09-16T12:33:40,43.43,40.049456,201.7
7346,2026-09-16T12:33:41,43.43,40.04959,201.2
7347,2026-09-16T12:33:42,43.43,40.049723,200.8
7348,2026-09-16T12:33:43,43.43,40.049856,200.4
7349,2026-09-16T12:33:44,43.43,40.04999,199.9
7350,2026-09-16T12:33:45,43.43,40.050123,199.5
7351,2026-09-16T12:33:46,43.43,40.050256,199.0
7352,2026-09-16T12:33:47,43.43,40.05039,198.6
7353,2026-09-16T12:33:48,43.43,40.050523,198.1
7354,2026-09-16T12:33:49,43.43,40.050656,197.7
7355,2026-09-16T12:33:50,43.43,40.05079,197.2
7356,2026-09-16T12:33:51,43.43,40.050923,196.8
7357,2026-09-16T12:33:52,43.43,40.051056,196.3
7358,2026-09-16T12:33:54,43.43,40.051323,195.4
7359,2026-09-16T12:33:55,43.43,40.051456,195.0
7360,2026-09-16T12:33:56,43.43,40.05159,194.5
7361,2026-09-16T12:33:57,43.43,40.051723,194.1
7362,2026-09-16T12:34:00,43.43,40.052123,192.7
7363,2026-09-16T12:34:01,43.43,40.052257,192.2
7364,2026-09-16T12:34:02,43.43,40.05239,191.8
7365,2026-09-16T12:34:03,43.43,40.052523,191.3
7366,2026-09-16T12:34:04,43.43,40.052657,190.9
7367,2026-09-16T12:34:05,43.43,40.05279,190.4
7368,2026-09-16T12:34:06,43.43,40.052923,189.9
7369,2026-09-16T12:34:07,43.43,40.053057,189.5
7370,2026-09-16T12:34:08,43.43,40.05319,189.0
7371,2026-09-16T12:34:09,43.43,40.053323,188.6
7372,2026-09-16T12:34:10,43.43,40.053457,188.1
7373,2026-09-16T12:34:11,43.43,40.05359,187.6
7374,2026-09-16T12:34:12,43.43,40.053723,187.2
7375,2026-09-16T12:34:13,43.43,40.053857,186.7
7376,2026-09-16T12:34:14,43.43,40.05399,186.2
7377,2026-09-16T12:34:15,43.43,40.054123,185.8
7378,2026-09-16T12:34:16,43.43,40.054257,185.3
7379,2026-09-16T12:34:17,43.43,40.05439,184.9
7380,2026-09-16T12:34:18,43.43,40.054523,184.4
7381,2026-09-16T12:34:19,43.43,40.054657,183.9
7382,2026-09-16T12:34:20,43.43,40.05479,183.5
7383,2026-09-16T12:34:21,43.43,40.054923,183.0
7384,2026-09-16T12:34:22,43.43,40.055057,182.5
7385,2026-09-16T12:34:23,43.43,40.05519,182.1
7386,2026-09-16T12:34:24,43.43,40.055324,181.6
7387,2026-09-16T12:34:25,43.43,40.055457,181.1
7388,2026-09-16T12:34:26,43.43,40.05559,180.6
7389,2026-09-16T12:34:27,43.43,40.055724,180.2
7390,2026-09-16T12:34:28,43.43,40.055857,179.7
7391,2026-09-16T12:34:29,43.43,40.05599,179.2
7392,2026-09-16T12:34:30,43.43,40.056124,178.8
7393,2026-09-16T12:34:31,43.43,40.056257,178.3
7394,2026-09-16T12:34:32,43.43,40.05639,177.8
7395,2026-09-16T12:34:33,43.43,40.056524,177.4
7396,2026-09-16T12:34:34,43.43,40.056657,176.9
7397,2026-09-16T12:34:36,43.43,40.056924,175.9
7398,2026-09-16T12:34:38,43.43,40.05719,175.0
7399,2026-09-16T12:34:39,43.43,40.057324,174.5
7400,2026-09-16T12:34:40,43.43,40.057457,174.0
7401,2026-09-16T12:34:41,43.43,40.05759,173.6
7402,2026-09-16T12:34:42,43.43,40.057724,173.1
7403,2026-09-16T12:34:43,43.43,40.057857,172.6
7404,2026-09-16T12:34:44,43.43,40.05799,172.2
7405,2026-09-16T12:34:45,43.43,40.058124,171.7
7406,2026-09-16T12:34:46,43.43,40.058257,171.2
7407,2026-09-16T12:34:47,43.43,40.058391,170.7
7408,2026-09-16T12:34:48,43.43,40.058524,170.3
7409,2026-09-16T12:34:49,43.43,40.058657,169.8
7410,2026-09-16T12:34:50,43.43,40.058791,169.3
7411,2026-09-16T12:34:51,43.43,40.058924,168.8
7412,2026-09-16T12:34:52,43.43,40.059057,168.4
7413,2026-09-16T12:34:53,43.43,40.059191,167.9
7414,2026-09-16T12:34:54,43.43,40.059324,167.4
7415,2026-09-16T12:34:55,43.43,40.059457,166.9
7416,2026-09-16T12:34:56,43.43,40.059591,166.5
7417,2026-09-16T12:34:57,43.43,40.059724,166.0
7418,2026-09-16T12:34:58,43.43,40.059857,165.5
7419,2026-09-16T12:34:59,43.43,40.059991,165.0
7420,2026-09-16T12:35:00,43.43,40.060124,164.6
7421,2026-09-16T12:35:01,43.43,40.060257,164.1
7422,2026-09-16T12:35:02,43.43,40.060391,163.6
7423,2026-09-16T12:35:03,43.43,40.060524,163.1
7424,2026-09-16T12:35:04,43.43,40.060657,162.7
7425,2026-09-16T12:35:05,43.43,40.060791,162.2
7426,2026-09-16T12:35:06,43.43,40.060924,161.7
7427,2026-09-16T12:35:07,43.43,40.061057,161.2
7428,2026-09-16T12:35:09,43.43,40.061324,160.3
7429,2026-09-16T12:35:10,43.43,40.061457,159.8
7430,2026-09-16T12:35:11,43.43,40.061591,159.3
7431,2026-09-16T12:35:13,43.43,40.061858,158.4
7432,2026-09-16T12:35:14,43.43,40.061991,157.9
7433,2026-09-16T12:35:15,43.43,40.062124,157.4
7434,2026-09-16T12:35:16,43.43,40.062258,157.0
7435,2026-09-16T12:35:18,43.43,40.062524,156.0
7436,2026-09-16T12:35:19,43.43,40.062658,155.5
7437,2026-09-16T12:35:20,43.43,40.062791,155.1
7438,2026-09-16T12:35:21,43.43,40.062924,154.6
7439,2026-09-16T12:35:22,43.43,40.063058,154.1
7440,2026-09-16T12:35:23,43.43,40.063191,153.7
7441,2026-09-16T12:35:24,43.43,40.063324,153.2
7442,2026-09-16T12:35:25,43.43,40.063458,152.7
7443,2026-09-16T12:35:26,43.43,40.063591,152.2
7444,2026-09-16T12:35:27,43.43,40.063724,151.8
7445,2026-09-16T12:35:28,43.43,40.063858,151.3
7446,2026-09-16T12:35:29,43.43,40.063991,150.8
7447,2026-09-16T12:35:30,43.43,40.064124,150.4
7448,2026-09-16T12:35:31,43.43,40.064258,149.9
7449,2026-09-16T12:35:32,43.43,40.064391,149.4
7450,2026-09-16T12:35:33,43.43,40.064524,149.0
7451,2026-09-16T12:35:36,43.43,40.064924,147.5
7452,2026-09-16T12:35:37,43.43,40.065058,147.1
7453,2026-09-16T12:35:38,43.43,40.065191,146.6
7454,2026-09-16T12:35:39,43.43,40.065325,146.1
7455,2026-09-16T12:35:41,43.43,40.065591,145.2
7456,2026-09-16T12:35:43,43.43,40.065858,144.3
7457,2026-09-16T12:35:44,43.43,40.065991,143.8
7458,2026-09-16T12:35:45,43.43,40.066125,143.4
7459,2026-09-16T12:35:47,43.43,40.066391,142.4
7460,2026-09-16T12:35:48,43.43,40.066525,142.0
7461,2026-09-16T12:35:49,43.43,40.066658,141.5
7462,2026-09-16T12:35:50,43.43,40.066791,141.0
7463,2026-09-16T12:35:52,43.43,40.067058,140.1
7464,2026-09-16T12:35:53,43.43,40.067191,139.7
7465,2026-09-16T12:35:54,43.43,40.067325,139.2
7466,2026-09-16T12:35:55,43.43,40.067458,138.7
7467,2026-09-16T12:35:56,43.43,40.067591,138.3
7468,2026-09-16T12:35:57,43.43,40.067725,137.8
7469,2026-09-16T12:35:58,43.43,40.067858,137.4
7470,2026-09-16T12:35:59,43.43,40.067991,136.9
7471,2026-09-16T12:36:00,43.43,40.068125,136.5
7472,2026-09-16T12:36:01,43.43,40.068258,136.0
7473,2026-09-16T12:36:03,43.43,40.068525,135.1
7474,2026-09-16T12:36:04,43.43,40.068658,134.6
7475,2026-09-16T12:36:05,43.43,40.068792,134.2
7476,2026-09-16T12:36:07,43.43,40.069058,133.3
7477,2026-09-16T12:36:08,43.43,40.069192,132.8
7478,2026-09-16T12:36:09,43.43,40.069325,132.4
7479,2026-09-16T12:36:10,43.43,40.069458,131.9
7480,2026-09-16T12:36:11,43.43,40.069592,131.5
7481,2026-09-16T12:36:12,43.43,40.069725,131.0
7482,2026-09-16T12:36:13,43.43,40.069858,130.6
7483,2026-09-16T12:36:14,43.43,40.069992,130.1
7484,2026-09-16T12:36:15,43.43,40.070125,129.7
7485,2026-09-16T12:36:16,43.43,40.070258,129.3
7486,2026-09-16T12:36:17,43.43,40.070392,128.8
7487,2026-09-16T12:36:18,43.43,40.070525,128.4
7488,2026-09-16T12:36:19,43.43,40.070658,127.9
7489,2026-09-16T12:36:20,43.43,40.070792,127.5
7490,2026-09-16T12:36:21,43.43,40.070925,127.0
7491,2026-09-16T12:36:22,43.43,40.071058,126.6
7492,2026-09-16T12:36:23,43.43,40.071192,126.2
7493,2026-09-16T12:36:24,43.43,40.071325,125.7
7494,2026-09-16T12:36:25,43.43,40.071458,125.3
7495,2026-09-16T12:36:26,43.43,40.071592,124.9
7496,2026-09-16T12:36:27,43.43,40.071725,124.4
7497,2026-09-16T12:36:28,43.43,40.071859,124.0
7498,2026-09-16T12:36:29,43.43,40.071992,123.6
7499,2026-09-16T12:36:30,43.43,40.072125,123.1
7500,2026-09-16T12:36:32,43.43,40.072392,122.3
7501,2026-09-16T12:36:34,43.43,40.072659,121.4
7502,2026-09-16T12:36:35,43.43,40.072792,121.0
7503,2026-09-16T12:36:36,43.43,40.072925,120.6
7504,2026-09-16T12:36:37,43.43,40.073059,120.1
7505,2026-09-16T12:36:38,43.43,40.073192,119.7
7506,2026-09-16T12:36:39,43.43,40.073325,119.3
7507,2026-09-16T12:36:41,43.43,40.073592,118.4
7508,2026-09-16T12:36:42,43.43,40.073725,118.0
7509,2026-09-16T12:36:43,43.43,40.073859,117.6
7510,2026-09-16T12:36:44,43.43,40.073992,117.2
7511,2026-09-16T12:36:45,43.43,40.074125,116.8
7512,2026-09-16T12:36:47,43.43,40.074392,115.9
7513,2026-09-16T12:36:48,43.43,40.074525,115.5
7514,2026-09-16T12:36:49,43.43,40.074659,115.1
7515,2026-09-16T12:36:53,43.43,40.075192,113.5
7516,2026-09-16T12:36:55,43.43,40.075459,112.7
7517,2026-09-16T12:36:56,43.43,40.075592,112.3
7518,2026-09-16T12:36:58,43.43,40.075859,111.5
7519,2026-09-16T12:37:01,43.43,40.076259,110.3
7520,2026-09-16T12:37:02,43.43,40.076392,109.9
7521,2026-09-16T12:37:03,43.43,40.076526,109.5
7522,2026-09-16T12:37:04,43.43,40.076659,109.1
7523,2026-09-16T12:37:05,43.43,40.076792,108.7
7524,2026-09-16T12:37:06,43.43,40.076926,108.3
7525,2026-09-16T12:37:07,43.43,40.077059,107.9
7526,2026-09-16T12:37:08,43.43,40.077192,107.5
7527,2026-09-16T12:37:09,43.43,40.077326,107.1
7528,2026-09-16T12:37:10,43.43,40.077459,106.8
7529,2026-09-16T12:37:11,43.43,40.077592,106.4
7530,2026-09-16T12:37:13,43.43,40.077859,105.6
7531,2026-09-16T12:37:14,43.43,40.077992,105.2
7532,2026-09-16T12:37:15,43.43,40.078126,104.8
7533,2026-09-16T12:37:17,43.43,40.078393,104.1
7534,2026-09-16T12:37:18,43.43,40.078526,103.7
7535,2026-09-16T12:37:19,43.43,40.078659,103.3
7536,2026-09-16T12:37:20,43.43,40.078793,103.0
7537,2026-09-16T12:37:21,43.43,40.078926,102.6
7538,2026-09-16T12:37:22,43.43,40.079059,102.2
7539,2026-09-16T12:37:23,43.43,40.079193,101.9
7540,2026-09-16T12:37:24,43.43,40.079326,101.5
7541,2026-09-16T12:37:26,43.43,40.079593,100.8
7542,2026-09-16T12:37:28,43.43,40.079859,100.1
7543,2026-09-16T12:37:29,43.43,40.079993,99.7
7544,2026-09-16T12:37:30,43.43,40.080126,99.4
7545,2026-09-16T12:37:31,43.43,40.080259,99.0
7546,2026-09-16T12:37:32,43.43,40.080393,98.6
7547,2026-09-16T12:37:33,43.43,40.080526,98.3
7548,2026-09-16T12:37:34,43.43,40.080659,97.9
7549,2026-09-16T12:37:35,43.43,40.080793,97.6
7550,2026-09-16T12:37:36,43.43,40.080926,97.3
7551,2026-09-16T12:37:37,43.43,40.081059,96.9
7552,2026-09-16T12:37:38,43.43,40.081193,96.6
7553,2026-09-16T12:37:40,43.43,40.081459,95.9
7554,2026-09-16T12:37:41,43.43,40.081593,95.5
7555,2026-09-16T12:37:42,43.43,40.081726,95.2
7556,2026-09-16T12:37:43,43.43,40.08186,94.9
7557,2026-09-16T12:37:44,43.43,40.081993,94.5
7558,2026-09-16T12:37:45,43.43,40.082126,94.2
7559,2026-09-16T12:37:46,43.43,40.08226,93.9
7560,2026-09-16T12:37:47,43.43,40.082393,93.6
7561,2026-09-16T12:37:48,43.43,40.082526,93.2
7562,2026-09-16T12:37:49,43.43,40.08266,92.9
7563,2026-09-16T12:37:50,43.43,40.082793,92.6
7564,2026-09-16T12:37:51,43.43,40.082926,92.3
7565,2026-09-16T12:37:52,43.43,40.08306,92.0
7566,2026-09-16T12:37:53,43.43,40.083193,91.6
7567,2026-09-16T12:37:54,43.43,40.083326,91.3
7568,2026-09-16T12:37:57,43.43,40.083726,90.4
7569,2026-09-16T12:37:58,43.43,40.08386,90.1
7570,2026-09-16T12:37:59,43.43,40.083993,89.8
7571,2026-09-16T12:38:00,43.43,40.084126,89.5
7572,2026-09-16T12:38:01,43.43,40.08426,89.2
7573,2026-09-16T12:38:02,43.43,40.084393,88.9
7574,2026-09-16T12:38:03,43.43,40.084526,88.6
7575,2026-09-16T12:38:04,43.43,40.08466,88.3
7576,2026-09-16T12:38:06,43.43,40.084926,87.7
7577,2026-09-16T12:38:07,43.43,40.08506,87.4
7578,2026-09-16T12:38:08,43.43,40.085193,87.1
7579,2026-09-16T12:38:09,43.43,40.085327,86.8
7580,2026-09-16T12:38:10,43.43,40.08546,86.5
7581,2026-09-16T12:38:11,43.43,40.085593,86.3
7582,2026-09-16T12:38:12,43.43,40.085727,86.0
7583,2026-09-16T12:38:13,43.43,40.08586,85.7
7584,2026-09-16T12:38:16,43.43,40.08626,84.9
7585,2026-09-16T12:38:17,43.43,40.086393,84.6
7586,2026-09-16T12:38:18,43.43,40.086527,84.4
7587,2026-09-16T12:38:20,43.43,40.086793,83.8
7588,2026-09-16T12:38:21,43.43,40.086927,83.6
7589,2026-09-16T12:38:22,43.43,40.08706,83.3
7590,2026-09-16T12:38:23,43.43,40.087193,83.0
7591,2026-09-16T12:38:24,43.43,40.087327,82.8
7592,2026-09-16T12:38:25,43.43,40.08746,82.5
7593,2026-09-16T12:38:26,43.43,40.087593,82.3
7594,2026-09-16T12:38:27,43.43,40.087727,82.0
7595,2026-09-16T12:38:29,43.43,40.087993,81.6
7596,2026-09-16T12:38:31,43.43,40.08826,81.1
7597,2026-09-16T12:38:32,43.43,40.088394,80.8
7598,2026-09-16T12:38:33,43.43,40.088527,80.6
7599,2026-09-16T12:38:34,43.43,40.08866,80.4
7600,2026-09-16T12:38:36,43.43,40.088927,79.9
7601,2026-09-16T12:38:37,43.43,40.08906,79.7
7602,2026-09-16T12:38:38,43.43,40.089194,79.5
7603,2026-09-16T12:38:39,43.43,40.089327,79.2
7604,2026-09-16T12:38:40,43.43,40.08946,79.0
7605,2026-09-16T12:38:41,43.43,40.089594,78.8
7606,2026-09-16T12:38:42,43.43,40.089727,78.6
7607,2026-09-16T12:38:43,43.43,40.08986,78.4
7608,2026-09-16T12:38:44,43.43,40.089994,78.2
7609,2026-09-16T12:38:46,43.43,40.09026,77.8
7610,2026-09-16T12:38:47,43.43,40.090394,77.6
7611,2026-09-16T12:38:48,43.43,40.090527,77.4
7612,2026-09-16T12:38:49,43.43,40.09066,77.2
7613,2026-09-16T12:38:50,43.43,40.090794,77.0
7614,2026-09-16T12:38:51,43.43,40.090927,76.8
7615,2026-09-16T12:38:52,43.43,40.09106,76.6
7616,2026-09-16T12:38:53,43.43,40.091194,76.4
7617,2026-09-16T12:38:54,43.43,40.091327,76.2
7618,2026-09-16T12:38:56,43.43,40.091594,75.9
7619,2026-09-16T12:38:57,43.43,40.091727,75.7
7620,2026-09-16T12:38:58,43.43,40.091861,75.5
7621,2026-09-16T12:38:59,43.43,40.091994,75.3
7622,2026-09-16T12:39:00,43.43,40.092127,75.2
7623,2026-09-16T12:39:02,43.43,40.092394,74.8
7624,2026-09-16T12:39:03,43.43,40.092527,74.7
7625,2026-09-16T12:39:04,43.43,40.092661,74.5
7626,2026-09-16T12:39:05,43.43,40.092794,74.3
7627,2026-09-16T12:39:09,43.43,40.093327,73.7
7628,2026-09-16T12:39:10,43.43,40.093461,73.6
7629,2026-09-16T12:39:11,43.43,40.093594,73.5
7630,2026-09-16T12:39:12,43.43,40.093727,73.3
7631,2026-09-16T12:39:13,43.43,40.093861,73.2
7632,2026-09-16T12:39:14,43.43,40.093994,73.1
7633,2026-09-16T12:39:15,43.43,40.094127,72.9
7634,2026-09-16T12:39:16,43.43,40.094261,72.8
7635,2026-09-16T12:39:17,43.43,40.094394,72.7
7636,2026-09-16T12:39:18,43.43,40.094527,72.5
7637,2026-09-16T12:39:19,43.43,40.094661,72.4
7638,2026-09-16T12:39:20,43.43,40.094794,72.3
7639,2026-09-16T12:39:21,43.43,40.094927,72.2
7640,2026-09-16T12:39:22,43.43,40.095061,72.1
7641,2026-09-16T12:39:23,43.43,40.095194,72.0
7642,2026-09-16T12:39:24,43.43,40.095328,71.9
7643,2026-09-16T12:39:25,43.43,40.095461,71.8
7644,2026-09-16T12:39:27,43.43,40.095728,71.6
7645,2026-09-16T12:39:28,43.43,40.095861,71.5
7646,2026-09-16T12:39:30,43.43,40.096128,71.3
7647,2026-09-16T12:39:31,43.43,40.096261,71.2
7648,2026-09-16T12:39:32,43.43,40.096394,71.1
7649,2026-09-16T12:39:33,43.43,40.096528,71.0
7650,2026-09-16T12:39:35,43.43,40.096794,70.9
7651,2026-09-16T12:39:36,43.43,40.096928,70.8
7652,2026-09-16T12:39:37,43.43,40.097061,70.8
7653,2026-09-16T12:39:40,43.43,40.097461,70.6
7654,2026-09-16T12:39:41,43.43,40.097594,70.5
7655,2026-09-16T12:39:42,43.43,40.097728,70.5
7656,2026-09-16T12:39:43,43.43,40.097861,70.4
7657,2026-09-16T12:39:44,43.43,40.097994,70.4
7658,2026-09-16T12:39:45,43.43,40.098128,70.3
7659,2026-09-16T12:39:46,43.43,40.098261,70.3
7660,2026-09-16T12:39:48,43.43,40.098528,70.2
7661,2026-09-16T12:39:49,43.43,40.098661,70.2
7662,2026-09-16T12:39:50,43.43,40.098795,70.1
7663,2026-09-16T12:39:51,43.43,40.098928,70.1
7664,2026-09-16T12:39:52,43.43,40.099061,70.1
7665,2026-09-16T12:39:54,43.43,40.099328,70.0
7666,2026-09-16T12:39:55,43.43,40.099461,70.0
7667,2026-09-16T12:39:56,43.43,40.099595,70.0
7668,2026-09-16T12:39:57,43.43,40.099728,70.0
7669,2026-09-16T12:39:58,43.43,40.099861,70.0
7670,2026-09-16T12:39:59,43.43,40.099995,70.0
7671,2026-09-16T12:40:00,43.43,40.10012,70.0
7672,2026-09-16T12:40:01,43.43,40.100245,70.0
7673,2026-09-16T12:40:02,43.43,40.10037,70.0
7674,2026-09-16T12:40:03,43.43,40.100495,70.0
7675,2026-09-16T12:40:04,43.43,40.10062,70.0
7676,2026-09-16T12:40:05,43.43,40.100745,70.0
7677,2026-09-16T12:40:06,43.43,40.10087,70.0
7678,2026-09-16T12:40:07,43.43,40.100995,70.0
7679,2026-09-16T12:40:09,43.43,40.101245,69.9
7680,2026-09-16T12:40:10,43.43,40.10137,69.9
7681,2026-09-16T12:40:11,43.43,40.101495,69.9
7682,2026-09-16T12:40:12,43.43,40.10162,69.9
7683,2026-09-16T12:40:13,43.43,40.101745,69.9
7684,2026-09-16T12:40:14,43.43,40.10187,69.9
7685,2026-09-16T12:40:16,43.43,40.10212,69.8
7686,2026-09-16T12:40:17,43.43,40.102245,69.8
7687,2026-09-16T12:40:18,43.43,40.10237,69.8
7688,2026-09-16T12:40:19,43.43,40.102495,69.7
7689,2026-09-16T12:40:20,43.43,40.10262,69.7
7690,2026-09-16T12:40:21,43.43,40.102745,69.7
7691,2026-09-16T12:40:22,43.43,40.10287,69.7
7692,2026-09-16T12:40:23,43.43,40.102995,69.6
7693,2026-09-16T12:40:24,43.43,40.10312,69.6
7694,2026-09-16T12:40:25,43.43,40.103245,69.6
7695,2026-09-16T12:40:26,43.43,40.10337,69.5
7696,2026-09-16T12:40:27,43.43,40.103495,69.5
7697,2026-09-16T12:40:28,43.43,40.10362,69.5
7698,2026-09-16T12:40:30,43.43,40.10387,69.4
7699,2026-09-16T12:40:31,43.43,40.103995,69.4
7700,2026-09-16T12:40:32,43.43,40.10412,69.3
7701,2026-09-16T12:40:33,43.43,40.104245,69.3
7702,2026-09-16T12:40:34,43.43,40.10437,69.2
7703,2026-09-16T12:40:35,43.43,40.104495,69.2
7704,2026-09-16T12:40:36,43.43,40.10462,69.2
7705,2026-09-16T12:40:37,43.43,40.104745,69.1
7706,2026-09-16T12:40:38,43.43,40.10487,69.1
7707,2026-09-16T12:40:39,43.43,40.104995,69.0
7708,2026-09-16T12:40:40,43.43,40.105121,69.0
7709,2026-09-16T12:40:41,43.43,40.105246,68.9
7710,2026-09-16T12:40:42,43.43,40.105371,68.9
7711,2026-09-16T12:40:45,43.43,40.105746,68.7
7712,2026-09-16T12:40:47,43.43,40.105996,68.6
7713,2026-09-16T12:40:48,43.43,40.106121,68.6
7714,2026-09-16T12:40:49,43.43,40.106246,68.5
7715,2026-09-16T12:40:50,43.43,40.106371,68.4
7716,2026-09-16T12:40:51,43.43,40.106496,68.4
7717,2026-09-16T12:40:52,43.43,40.106621,68.3
7718,2026-09-16T12:40:53,43.43,40.106746,68.3
7719,2026-09-16T12:40:54,43.43,40.106871,68.2
7720,2026-09-16T12:40:56,43.43,40.107121,68.1
7721,2026-09-16T12:40:58,43.43,40.107371,67.9
7722,2026-09-16T12:40:59,43.43,40.107496,67.9
7723,2026-09-16T12:41:00,43.43,40.107621,67.8
7724,2026-09-16T12:41:01,43.43,40.107746,67.7
7725,2026-09-16T12:41:02,43.43,40.107871,67.7
7726,2026-09-16T12:41:03,43.43,40.107996,67.6
7727,2026-09-16T12:41:04,43.43,40.108121,67.5
7728,2026-09-16T12:41:05,43.43,40.108246,67.5
7729,2026-09-16T12:41:06,43.43,40.108371,67.4
7730,2026-09-16T12:41:07,43.43,40.108496,67.3
7731,2026-09-16T12:41:08,43.43,40.108621,67.2
7732,2026-09-16T12:41:09,43.43,40.108746,67.2
7733,2026-09-16T12:41:10,43.43,40.108871,67.1
7734,2026-09-16T12:41:11,43.43,40.108996,67.0
7735,2026-09-16T12:41:12,43.43,40.109121,66.9
7736,2026-09-16T12:41:13,43.43,40.109246,66.9
7737,2026-09-16T12:41:14,43.43,40.109371,66.8
7738,2026-09-16T12:41:15,43.43,40.109496,66.7
7739,2026-09-16T12:41:16,43.43,40.109621,66.6
7740,2026-09-16T12:41:17,43.43,40.109746,66.5
7741,2026-09-16T12:41:18,43.43,40.109871,66.4
7742,2026-09-16T12:41:19,43.43,40.109996,66.4
7743,2026-09-16T12:41:20,43.43,40.110121,66.3
7744,2026-09-16T12:41:21,43.43,40.110246,66.2
7745,2026-09-16T12:41:22,43.43,40.110371,66.1
7746,2026-09-16T12:41:24,43.43,40.110621,65.9
7747,2026-09-16T12:41:26,43.43,40.110871,65.8
7748,2026-09-16T12:41:27,43.43,40.110996,65.7
7749,2026-09-16T12:41:28,43.43,40.111121,65.6
7750,2026-09-16T12:41:30,43.43,40.111371,65.4
7751,2026-09-16T12:41:31,43.43,40.111496,65.3
7752,2026-09-16T12:41:32,43.43,40.111621,65.2
7753,2026-09-16T12:41:33,43.43,40.111746,65.1
7754,2026-09-16T12:41:34,43.43,40.111871,65.0
7755,2026-09-16T12:41:35,43.43,40.111996,64.9
7756,2026-09-16T12:41:37,43.43,40.112246,64.7
7757,2026-09-16T12:41:38,43.43,40.112371,64.6
7758,2026-09-16T12:41:42,43.43,40.112871,64.2
7759,2026-09-16T12:41:43,43.43,40.112996,64.1
7760,2026-09-16T12:41:44,43.43,40.113121,64.0
7761,2026-09-16T12:41:45,43.43,40.113246,63.9
7762,2026-09-16T12:41:46,43.43,40.113371,63.8
7763,2026-09-16T12:41:47,43.43,40.113496,63.7
7764,2026-09-16T12:41:48,43.43,40.113621,63.6
7765,2026-09-16T12:41:50,43.43,40.113871,63.4
7766,2026-09-16T12:41:51,43.43,40.113996,63.3
7767,2026-09-16T12:41:53,43.43,40.114246,63.1
7768,2026-09-16T12:41:54,43.43,40.114371,63.0
7769,2026-09-16T12:41:56,43.43,40.114621,62.8
7770,2026-09-16T12:41:57,43.43,40.114746,62.7
7771,2026-09-16T12:41:58,43.43,40.114871,62.6
7772,2026-09-16T12:41:59,43.43,40.114996,62.4
7773,2026-09-16T12:42:00,43.43,40.115122,62.3
7774,2026-09-16T12:42:01,43.43,40.115247,62.2
7775,2026-09-16T12:42:02,43.43,40.115372,62.1
7776,2026-09-16T12:42:03,43.43,40.115497,62.0
7777,2026-09-16T12:42:04,43.43,40.115622,61.9
7778,2026-09-16T12:42:05,43.43,40.115747,61.8
7779,2026-09-16T12:42:06,43.43,40.115872,61.7
7780,2026-09-16T12:42:07,43.43,40.115997,61.5
7781,2026-09-16T12:42:08,43.43,40.116122,61.4
7782,2026-09-16T12:42:10,43.43,40.116372,61.2
7783,2026-09-16T12:42:12,43.43,40.116622,61.0
7784,2026-09-16T12:42:14,43.43,40.116872,60.7
7785,2026-09-16T12:42:15,43.43,40.116997,60.6
7786,2026-09-16T12:42:16,43.43,40.117122,60.5
7787,2026-09-16T12:42:17,43.43,40.117247,60.4
7788,2026-09-16T12:42:18,43.43,40.117372,60.3
7789,2026-09-16T12:42:19,43.43,40.117497,60.1
7790,2026-09-16T12:42:20,43.43,40.117622,60.0
7791,2026-09-16T12:42:21,43.43,40.117747,59.9
7792,2026-09-16T12:42:22,43.43,40.117872,59.8
7793,2026-09-16T12:42:23,43.43,40.117997,59.7
7794,2026-09-16T12:42:24,43.43,40.118122,59.5
7795,2026-09-16T12:42:26,43.43,40.118372,59.3
7796,2026-09-16T12:42:27,43.43,40.118497,59.2
7797,2026-09-16T12:42:28,43.43,40.118622,59.1
7798,2026-09-16T12:42:29,43.43,40.118747,58.9
7799,2026-09-16T12:42:30,43.43,40.118872,58.8
7800,2026-09-16T12:42:31,43.43,40.118997,58.7
7801,2026-09-16T12:42:32,43.43,40.119122,58.6
7802,2026-09-16T12:42:34,43.43,40.119372,58.3
7803,2026-09-16T12:42:35,43.43,40.119497,58.2
7804,2026-09-16T12:42:36,43.43,40.119622,58.1
7805,2026-09-16T12:42:37,43.43,40.119747,57.9
7806,2026-09-16T12:42:38,43.43,40.119872,57.8
7807,2026-09-16T12:42:39,43.43,40.119997,57.7
7808,2026-09-16T12:42:40,43.43,40.120122,57.6
7809,2026-09-16T12:42:41,43.43,40.120247,57.4
7810,2026-09-16T12:42:42,43.43,40.120372,57.3
7811,2026-09-16T12:42:43,43.43,40.120497,57.2
7812,2026-09-16T12:42:44,43.43,40.120622,57.0
7813,2026-09-16T12:42:49,43.43,40.121247,56.4
7814,2026-09-16T12:42:50,43.43,40.121372,56.3
7815,2026-09-16T12:42:51,43.43,40.121497,56.2
7816,2026-09-16T12:42:53,43.43,40.121747,55.9
7817,2026-09-16T12:42:54,43.43,40.121872,55.8
7818,2026-09-16T12:42:55,43.43,40.121997,55.6
7819,2026-09-16T12:42:56,43.43,40.122122,55.5
7820,2026-09-16T12:42:57,43.43,40.122247,55.4
7821,2026-09-16T12:42:58,43.43,40.122372,55.2
7822,2026-09-16T12:42:59,43.43,40.122497,55.1
7823,2026-09-16T12:43:00,43.43,40.122622,55.0
7824,2026-09-16T12:43:01,43.43,40.122747,54.9
7825,2026-09-16T12:43:02,43.43,40.122872,54.7
7826,2026-09-16T12:43:07,43.43,40.123497,54.1
7827,2026-09-16T12:43:08,43.43,40.123622,53.9
7828,2026-09-16T12:43:09,43.43,40.123747,53.8
7829,2026-09-16T12:43:10,43.43,40.123872,53.7
7830,2026-09-16T12:43:12,43.43,40.124122,53.4
7831,2026-09-16T12:43:13,43.43,40.124247,53.3
7832,2026-09-16T12:43:14,43.43,40.124372,53.2
7833,2026-09-16T12:43:15,43.43,40.124497,53.0
7834,2026-09-16T12:43:16,43.43,40.124622,52.9
7835,2026-09-16T12:43:17,43.43,40.124747,52.8
7836,2026-09-16T12:43:18,43.43,40.124872,52.6
7837,2026-09-16T12:43:19,43.43,40.124997,52.5
7838,2026-09-16T12:43:20,43.43,40.125123,52.4
7839,2026-09-16T12:43:21,43.43,40.125248,52.2
7840,2026-09-16T12:43:22,43.43,40.125373,52.1
7841,2026-09-16T12:43:23,43.43,40.125498,52.0
7842,2026-09-16T12:43:24,43.43,40.125623,51.8
7843,2026-09-16T12:43:25,43.43,40.125748,51.7
7844,2026-09-16T12:43:26,43.43,40.125873,51.6
7845,2026-09-16T12:43:27,43.43,40.125998,51.5
7846,2026-09-16T12:43:29,43.43,40.126248,51.2
7847,2026-09-16T12:43:30,43.43,40.126373,51.1
7848,2026-09-16T12:43:31,43.43,40.126498,50.9
7849,2026-09-16T12:43:32,43.43,40.126623,50.8
7850,2026-09-16T12:43:34,43.43,40.126873,50.5
7851,2026-09-16T12:43:35,43.43,40.126998,50.4
7852,2026-09-16T12:43:36,43.43,40.127123,50.3
7853,2026-09-16T12:43:37,43.43,40.127248,50.1
7854,2026-09-16T12:43:38,43.43,40.127373,50.0
7855,2026-09-16T12:43:39,43.43,40.127498,49.9
7856,2026-09-16T12:43:40,43.43,40.127623,49.8
7857,2026-09-16T12:43:41,43.43,40.127748,49.6
7858,2026-09-16T12:43:42,43.43,40.127873,49.5
7859,2026-09-16T12:43:43,43.43,40.127998,49.4
7860,2026-09-16T12:43:44,43.43,40.128123,49.2
7861,2026-09-16T12:43:45,43.43,40.128248,49.1
7862,2026-09-16T12:43:46,43.43,40.128373,49.0
7863,2026-09-16T12:43:47,43.43,40.128498,48.9
7864,2026-09-16T12:43:50,43.43,40.128873,48.5
7865,2026-09-16T12:43:51,43.43,40.128998,48.3
7866,2026-09-16T12:43:55,43.43,40.129498,47.8
7867,2026-09-16T12:43:56,43.43,40.129623,47.7
7868,2026-09-16T12:43:57,43.43,40.129748,47.6
7869,2026-09-16T12:43:58,43.43,40.129873,47.4
7870,2026-09-16T12:43:59,43.43,40.129998,47.3
7871,2026-09-16T12:44:00,43.43,40.130123,47.2
7872,2026-09-16T12:44:01,43.43,40.130248,47.1
7873,2026-09-16T12:44:02,43.43,40.130373,46.9
7874,2026-09-16T12:44:03,43.43,40.130498,46.8
7875,2026-09-16T12:44:04,43.43,40.130623,46.7
7876,2026-09-16T12:44:05,43.43,40.130748,46.6
7877,2026-09-16T12:44:06,43.43,40.130873,46.4
7878,2026-09-16T12:44:07,43.43,40.130998,46.3
7879,2026-09-16T12:44:08,43.43,40.131123,46.2
7880,2026-09-16T12:44:09,43.43,40.131248,46.1
7881,2026-09-16T12:44:10,43.43,40.131373,46.0
7882,2026-09-16T12:44:11,43.43,40.131498,45.8
7883,2026-09-16T12:44:12,43.43,40.131623,45.7
7884,2026-09-16T12:44:13,43.43,40.131748,45.6
7885,2026-09-16T12:44:14,43.43,40.131873,45.5
7886,2026-09-16T12:44:15,43.43,40.131998,45.3
7887,2026-09-16T12:44:16,43.43,40.132123,45.2
7888,2026-09-16T12:44:18,43.43,40.132373,45.0
7889,2026-09-16T12:44:19,43.43,40.132498,44.9
7890,2026-09-16T12:44:21,43.43,40.132748,44.6
7891,2026-09-16T12:44:23,43.43,40.132998,44.4
7892,2026-09-16T12:44:24,43.43,40.133123,44.3
7893,2026-09-16T12:44:25,43.43,40.133248,44.2
7894,2026-09-16T12:44:26,43.43,40.133373,44.0
7895,2026-09-16T12:44:27,43.43,40.133498,43.9
7896,2026-09-16T12:44:28,43.43,40.133623,43.8
7897,2026-09-16T12:44:29,43.43,40.133748,43.7
7898,2026-09-16T12:44:30,43.43,40.133873,43.6
7899,2026-09-16T12:44:32,43.43,40.134123,43.3
7900,2026-09-16T12:44:35,43.43,40.134498,43.0
7901,2026-09-16T12:44:36,43.43,40.134623,42.9
7902,2026-09-16T12:44:37,43.43,40.134748,42.8
7903,2026-09-16T12:44:38,43.43,40.134873,42.7
7904,2026-09-16T12:44:39,43.43,40.134998,42.6
7905,2026-09-16T12:44:40,43.43,40.135124,42.5
7906,2026-09-16T12:44:41,43.43,40.135249,42.3
7907,2026-09-16T12:44:42,43.43,40.135374,42.2
7908,2026-09-16T12:44:43,43.43,40.135499,42.1
7909,2026-09-16T12:44:44,43.43,40.135624,42.0
7910,2026-09-16T12:44:45,43.43,40.135749,41.9
7911,2026-09-16T12:44:46,43.43,40.135874,41.8
7912,2026-09-16T12:44:47,43.43,40.135999,41.7
7913,2026-09-16T12:44:48,43.43,40.136124,41.6
7914,2026-09-16T12:44:49,43.43,40.136249,41.5
7915,2026-09-16T12:44:50,43.43,40.136374,41.4
7916,2026-09-16T12:44:51,43.43,40.136499,41.3
7917,2026-09-16T12:44:54,43.43,40.136874,41.0
7918,2026-09-16T12:44:55,43.43,40.136999,40.9
7919,2026-09-16T12:44:57,43.43,40.137249,40.7
7920,2026-09-16T12:44:58,43.43,40.137374,40.6
7921,2026-09-16T12:44:59,43.43,40.137499,40.5
7922,2026-09-16T12:45:00,43.43,40.137624,40.4
7923,2026-09-16T12:45:01,43.43,40.137749,40.3
7924,2026-09-16T12:45:02,43.43,40.137874,40.2
7925,2026-09-16T12:45:03,43.43,40.137999,40.1
7926,2026-09-16T12:45:04,43.43,40.138124,40.0
7927,2026-09-16T12:45:05,43.43,40.138249,39.9
7928,2026-09-16T12:45:06,43.43,40.138374,39.8
7929,2026-09-16T12:45:07,43.43,40.138499,39.7
7930,2026-09-16T12:45:08,43.43,40.138624,39.6
7931,2026-09-16T12:45:10,43.43,40.138874,39.4
7932,2026-09-16T12:45:11,43.43,40.138999,39.3
7933,2026-09-16T12:45:12,43.43,40.139124,39.2
7934,2026-09-16T12:45:14,43.43,40.139374,39.1
7935,2026-09-16T12:45:15,43.43,40.139499,39.0
7936,2026-09-16T12:45:16,43.43,40.139624,38.9
7937,2026-09-16T12:45:18,43.43,40.139874,38.7
7938,2026-09-16T12:45:21,43.43,40.140249,38.5
7939,2026-09-16T12:45:22,43.43,40.140374,38.4
7940,2026-09-16T12:45:23,43.43,40.140499,38.3
7941,2026-09-16T12:45:24,43.43,40.140624,38.2
7942,2026-09-16T12:45:25,43.43,40.140749,38.2
7943,2026-09-16T12:45:26,43.43,40.140874,38.1
7944,2026-09-16T12:45:27,43.43,40.140999,38.0
7945,2026-09-16T12:45:28,43.43,40.141124,37.9
7946,2026-09-16T12:45:29,43.43,40.141249,37.8
7947,2026-09-16T12:45:31,43.43,40.141499,37.7
7948,2026-09-16T12:45:33,43.43,40.141749,37.5
7949,2026-09-16T12:45:34,43.43,40.141874,37.5
7950,2026-09-16T12:45:35,43.43,40.141999,37.4
7951,2026-09-16T12:45:36,43.43,40.142124,37.3
7952,2026-09-16T12:45:37,43.43,40.142249,37.3
7953,2026-09-16T12:45:39,43.43,40.142499,37.1
7954,2026-09-16T12:45:40,43.43,40.142624,37.1
7955,2026-09-16T12:45:41,43.43,40.142749,37.0
7956,2026-09-16T12:45:43,43.43,40.142999,36.9
7957,2026-09-16T12:45:44,43.43,40.143124,36.8
7958,2026-09-16T12:45:45,43.43,40.143249,36.7
7959,2026-09-16T12:45:46,43.43,40.143374,36.7
7960,2026-09-16T12:45:48,43.43,40.143624,36.6
7961,2026-09-16T12:45:49,43.43,40.143749,36.5
7962,2026-09-16T12:45:50,43.43,40.143874,36.4
7963,2026-09-16T12:45:51,43.43,40.143999,36.4
7964,2026-09-16T12:45:52,43.43,40.144124,36.3
7965,2026-09-16T12:45:53,43.43,40.144249,36.3
7966,2026-09-16T12:45:54,43.43,40.144374,36.2
7967,2026-09-16T12:45:55,43.43,40.144499,36.2
7968,2026-09-16T12:45:56,43.43,40.144624,36.1
7969,2026-09-16T12:45:57,43.43,40.144749,36.1
7970,2026-09-16T12:45:58,43.43,40.144874,36.0
7971,2026-09-16T12:46:00,43.43,40.145125,35.9
7972,2026-09-16T12:46:01,43.43,40.14525,35.9
7973,2026-09-16T12:46:02,43.43,40.145375,35.8
7974,2026-09-16T12:46:03,43.43,40.1455,35.8
7975,2026-09-16T12:46:07,43.43,40.146,35.6
7976,2026-09-16T12:46:08,43.43,40.146125,35.6
7977,2026-09-16T12:46:09,43.43,40.14625,35.6
7978,2026-09-16T12:46:10,43.43,40.146375,35.5
7979,2026-09-16T12:46:11,43.43,40.1465,35.5
7980,2026-09-16T12:46:13,43.43,40.14675,35.4
7981,2026-09-16T12:46:16,43.43,40.147125,35.3
7982,2026-09-16T12:46:18,43.43,40.147375,35.3
7983,2026-09-16T12:46:19,43.43,40.1475,35.3
7984,2026-09-16T12:46:20,43.43,40.147625,35.2
7985,2026-09-16T12:46:21,43.43,40.14775,35.2
7986,2026-09-16T12:46:22,43.43,40.147875,35.2
7987,2026-09-16T12:46:23,43.43,40.148,35.2
7988,2026-09-16T12:46:24,43.43,40.148125,35.1
7989,2026-09-16T12:46:25,43.43,40.14825,35.1
7990,2026-09-16T12:46:26,43.43,40.148375,35.1
7991,2026-09-16T12:46:27,43.43,40.1485,35.1
7992,2026-09-16T12:46:28,43.43,40.148625,35.1
7993,2026-09-16T12:46:30,43.43,40.148875,35.1
7994,2026-09-16T12:46:31,43.43,40.149,35.0
7995,2026-09-16T12:46:32,43.43,40.149125,35.0
7996,2026-09-16T12:46:34,43.43,40.149375,35.0
7997,2026-09-16T12:46:35,43.43,40.1495,35.0
7998,2026-09-16T12:46:36,43.43,40.149625,35.0
7999,2026-09-16T12:46:37,43.43,40.14975,35.0
8000,2026-09-16T12:46:39,43.43,40.15,35.0
