timestamp,lat,lon,elevation
2026-10-05 08:00:00,44.7238,37.777,20.0
2026-10-05 08:00:01,44.723664,37.777177,20.75
2026-10-05 08:00:02,44.723527,37.777353,21.46
2026-10-05 08:00:03,44.723391,37.77753,22.15
2026-10-05 08:00:04,44.723254,37.777706,22.8
2026-10-05 08:00:06,44.723118,37.777883,23.42
2026-10-05 08:00:08,44.722981,37.77806,24.0
2026-10-05 08:00:09,44.722845,37.778236,24.56
2026-10-05 08:00:10,44.722708,37.778413,25.08
2026-10-05 08:00:11,44.722572,37.77859,25.57
2026-10-05 08:00:13,44.722435,37.778766,26.04
2026-10-05 08:00:14,44.722299,37.778943,26.47
2026-10-05 08:00:15,44.722162,37.77912,26.88
2026-10-05 08:00:17,44.722026,37.779296,27.27
2026-10-05 08:00:18,44.721889,37.779473,27.63
2026-10-05 08:00:20,44.721753,37.77965,27.97
2026-10-05 08:00:21,44.721616,37.779827,28.29
2026-10-05 08:00:23,44.72148,37.780003,28.59
2026-10-05 08:00:24,44.721343,37.78018,28.88
2026-10-05 08:00:26,44.721206,37.780357,29.15
2026-10-05 08:00:27,44.72107,37.780533,29.42
2026-10-05 08:00:28,44.720933,37.78071,29.67
2026-10-05 08:00:30,44.720796,37.780887,29.91
2026-10-05 08:00:31,44.720659,37.781063,30.15
2026-10-05 08:00:33,44.720522,37.78124,30.39
2026-10-05 08:00:34,44.720386,37.781417,30.63
2026-10-05 08:00:35,44.720249,37.781593,30.87
2026-10-05 08:00:37,44.720112,37.78177,31.11
2026-10-05 08:00:38,44.719975,37.781946,31.35
2026-10-05 08:00:40,44.719838,37.782123,31.6
2026-10-05 08:00:41,44.719701,37.782299,31.86
2026-10-05 08:00:42,44.719564,37.782476,32.13
2026-10-05 08:00:44,44.719426,37.782652,32.41
2026-10-05 08:00:45,44.719289,37.782828,32.7
2026-10-05 08:00:46,44.719152,37.783005,33.01
2026-10-05 08:00:47,44.719015,37.783181,33.33
2026-10-05 08:00:49,44.718877,37.783357,33.66
2026-10-05 08:00:50,44.71874,37.783533,34.01
2026-10-05 08:00:52,44.718603,37.783709,34.38
2026-10-05 08:00:53,44.718465,37.783886,34.76
2026-10-05 08:00:55,44.718328,37.784062,35.16
2026-10-05 08:00:56,44.71819,37.784238,35.57
2026-10-05 08:00:58,44.718053,37.784414,36.0
2026-10-05 08:00:59,44.717915,37.784589,36.44
2026-10-05 08:01:00,44.717778,37.784765,36.9
2026-10-05 08:01:02,44.71764,37.784941,37.37
2026-10-05 08:01:03,44.717503,37.785117,37.85
2026-10-05 08:01:04,44.717365,37.785292,38.35
2026-10-05 08:01:06,44.717228,37.785468,38.85
2026-10-05 08:01:07,44.71709,37.785644,39.36
2026-10-05 08:01:08,44.716952,37.785819,39.88
2026-10-05 08:01:09,44.716815,37.785995,40.4
2026-10-05 08:01:10,44.716677,37.78617,40.92
2026-10-05 08:01:11,44.71654,37.786345,41.45
2026-10-05 08:01:12,44.716402,37.786521,41.97
2026-10-05 08:01:14,44.716264,37.786696,42.49
2026-10-05 08:01:15,44.716127,37.786871,43.0
2026-10-05 08:01:17,44.715989,37.787046,43.51
2026-10-05 08:01:19,44.715852,37.787222,44.0
2026-10-05 08:01:20,44.715714,37.787397,44.48
2026-10-05 08:01:21,44.715577,37.787572,44.95
2026-10-05 08:01:23,44.715439,37.787747,45.39
2026-10-05 08:01:24,44.715302,37.787922,45.82
2026-10-05 08:01:25,44.715164,37.788097,46.22
2026-10-05 08:01:27,44.715027,37.788271,46.6
2026-10-05 08:01:28,44.71489,37.788446,46.96
2026-10-05 08:01:30,44.714753,37.788621,47.28
2026-10-05 08:01:31,44.714616,37.788796,47.57
2026-10-05 08:01:33,44.714478,37.788971,47.84
2026-10-05 08:01:34,44.714341,37.789145,48.06
2026-10-05 08:01:35,44.714204,37.78932,48.25
2026-10-05 08:01:36,44.714068,37.789495,48.41
2026-10-05 08:01:38,44.713931,37.78967,48.53
2026-10-05 08:01:39,44.713794,37.789844,48.6
2026-10-05 08:01:40,44.713657,37.790019,48.64
2026-10-05 08:01:42,44.713521,37.790194,48.64
2026-10-05 08:01:43,44.713384,37.790368,48.6
2026-10-05 08:01:44,44.713248,37.790543,48.51
2026-10-05 08:01:46,44.713111,37.790718,48.39
2026-10-05 08:01:47,44.712975,37.790892,48.22
2026-10-05 08:01:48,44.712839,37.791067,48.01
2026-10-05 08:01:50,44.712703,37.791242,47.77
2026-10-05 08:01:51,44.712567,37.791416,47.48
2026-10-05 08:01:53,44.712431,37.791591,47.16
2026-10-05 08:01:54,44.712295,37.791766,46.8
2026-10-05 08:01:56,44.712159,37.791941,46.41
2026-10-05 08:01:57,44.712024,37.792115,45.98
2026-10-05 08:01:58,44.711888,37.79229,45.52
2026-10-05 08:01:59,44.711752,37.792465,45.03
2026-10-05 08:02:00,44.711617,37.79264,44.52
2026-10-05 08:02:02,44.711482,37.792815,43.98
2026-10-05 08:02:03,44.711346,37.79299,43.42
2026-10-05 08:02:04,44.711211,37.793165,42.83
2026-10-05 08:02:06,44.711076,37.79334,42.23
2026-10-05 08:02:07,44.710941,37.793516,41.62
2026-10-05 08:02:08,44.710806,37.793691,40.99
2026-10-05 08:02:09,44.710671,37.793866,40.36
2026-10-05 08:02:10,44.710536,37.794041,39.72
2026-10-05 08:02:12,44.710401,37.794217,39.08
2026-10-05 08:02:14,44.710266,37.794392,38.43
2026-10-05 08:02:16,44.710132,37.794568,37.8
2026-10-05 08:02:17,44.709997,37.794744,37.16
2026-10-05 08:02:18,44.709862,37.794919,36.54
2026-10-05 08:02:20,44.709727,37.795095,35.93
2026-10-05 08:02:21,44.709593,37.795271,35.33
2026-10-05 08:02:22,44.709458,37.795447,34.76
2026-10-05 08:02:24,44.709324,37.795623,34.2
2026-10-05 08:02:25,44.709189,37.795799,33.67
2026-10-05 08:02:26,44.709054,37.795975,33.16
2026-10-05 08:02:28,44.70892,37.796152,32.68
2026-10-05 08:02:29,44.708785,37.796328,32.23
2026-10-05 08:02:31,44.70865,37.796505,31.81
2026-10-05 08:02:32,44.708516,37.796681,31.43
2026-10-05 08:02:33,44.708381,37.796858,31.08
2026-10-05 08:02:34,44.708246,37.797035,30.77
2026-10-05 08:02:35,44.708112,37.797212,30.5
2026-10-05 08:02:36,44.707977,37.797389,30.26
2026-10-05 08:02:38,44.707842,37.797566,30.07
2026-10-05 08:02:39,44.707707,37.797743,29.91
2026-10-05 08:02:40,44.707572,37.79792,29.8
2026-10-05 08:02:41,44.707437,37.798097,29.73
2026-10-05 08:02:42,44.707302,37.798275,29.7
2026-10-05 08:02:44,44.707167,37.798452,29.71
2026-10-05 08:02:46,44.707032,37.79863,29.75
2026-10-05 08:02:47,44.706896,37.798807,29.84
2026-10-05 08:02:48,44.706761,37.798985,29.97
2026-10-05 08:02:50,44.706626,37.799163,30.13
2026-10-05 08:02:51,44.70649,37.799341,30.33
2026-10-05 08:02:52,44.706354,37.799519,30.56
2026-10-05 08:02:54,44.706219,37.799697,30.83
2026-10-05 08:02:55,44.706083,37.799875,31.12
2026-10-05 08:02:57,44.705947,37.800053,31.45
2026-10-05 08:02:58,44.705811,37.800231,31.8
2026-10-05 08:03:00,44.705675,37.800409,32.18
2026-10-05 08:03:01,44.705538,37.800588,32.58
2026-10-05 08:03:02,44.705402,37.800766,33.0
2026-10-05 08:03:03,44.705265,37.800945,33.43
2026-10-05 08:03:05,44.705129,37.801123,33.88
2026-10-05 08:03:06,44.704992,37.801302,34.34
2026-10-05 08:03:07,44.704855,37.80148,34.82
2026-10-05 08:03:08,44.704718,37.801659,35.3
2026-10-05 08:03:10,44.704581,37.801838,35.78
2026-10-05 08:03:11,44.704444,37.802017,36.26
2026-10-05 08:03:12,44.704307,37.802195,36.75
2026-10-05 08:03:14,44.704169,37.802374,37.23
2026-10-05 08:03:16,44.704032,37.802553,37.71
2026-10-05 08:03:17,44.703894,37.802732,38.17
2026-10-05 08:03:18,44.703756,37.802911,38.63
2026-10-05 08:03:20,44.703619,37.80309,39.08
2026-10-05 08:03:22,44.703481,37.803268,39.51
2026-10-05 08:03:23,44.703343,37.803447,39.92
2026-10-05 08:03:24,44.703204,37.803626,40.32
2026-10-05 08:03:26,44.703066,37.803805,40.69
2026-10-05 08:03:27,44.702928,37.803984,41.05
2026-10-05 08:03:28,44.70279,37.804163,41.38
2026-10-05 08:03:30,44.702651,37.804342,41.7
2026-10-05 08:03:31,44.702513,37.804521,41.98
2026-10-05 08:03:32,44.702374,37.804699,42.25
2026-10-05 08:03:34,44.702235,37.804878,42.48
2026-10-05 08:03:35,44.702096,37.805057,42.7
2026-10-05 08:03:36,44.701958,37.805236,42.88
2026-10-05 08:03:37,44.701819,37.805414,43.04
2026-10-05 08:03:39,44.70168,37.805593,43.18
2026-10-05 08:03:40,44.701541,37.805772,43.29
2026-10-05 08:03:42,44.701402,37.80595,43.38
2026-10-05 08:03:43,44.701263,37.806129,43.45
2026-10-05 08:03:44,44.701124,37.806307,43.49
2026-10-05 08:03:46,44.700985,37.806485,43.52
2026-10-05 08:03:48,44.700846,37.806664,43.52
2026-10-05 08:03:49,44.700707,37.806842,43.51
2026-10-05 08:03:50,44.700568,37.80702,43.48
2026-10-05 08:03:52,44.700428,37.807198,43.43
2026-10-05 08:03:53,44.700289,37.807376,43.37
2026-10-05 08:03:55,44.70015,37.807554,43.3
2026-10-05 08:03:56,44.700011,37.807732,43.22
2026-10-05 08:03:58,44.699872,37.80791,43.14
2026-10-05 08:03:59,44.699733,37.808088,43.05
2026-10-05 08:04:00,44.699594,37.808266,42.95
2026-10-05 08:04:01,44.699455,37.808443,42.86
2026-10-05 08:04:03,44.699316,37.808621,42.76
2026-10-05 08:04:04,44.699177,37.808798,42.67
2026-10-05 08:04:06,44.699039,37.808975,42.59
2026-10-05 08:04:07,44.6989,37.809153,42.51
2026-10-05 08:04:08,44.698761,37.80933,42.44
2026-10-05 08:04:10,44.698623,37.809507,42.38
2026-10-05 08:04:11,44.698484,37.809684,42.33
2026-10-05 08:04:12,44.698345,37.809861,42.3
2026-10-05 08:04:13,44.698207,37.810038,42.28
2026-10-05 08:04:14,44.698069,37.810214,42.28
2026-10-05 08:04:16,44.69793,37.810391,42.3
2026-10-05 08:04:18,44.697792,37.810567,42.34
2026-10-05 08:04:19,44.697654,37.810744,42.4
2026-10-05 08:04:20,44.697516,37.81092,42.47
2026-10-05 08:04:21,44.697378,37.811096,42.57
2026-10-05 08:04:22,44.69724,37.811272,42.69
2026-10-05 08:04:24,44.697102,37.811448,42.84
2026-10-05 08:04:25,44.696965,37.811624,43.0
2026-10-05 08:04:26,44.696827,37.8118,43.18
2026-10-05 08:04:27,44.69669,37.811976,43.39
2026-10-05 08:04:28,44.696552,37.812152,43.62
2026-10-05 08:04:29,44.696415,37.812327,43.86
2026-10-05 08:04:31,44.696278,37.812503,44.13
2026-10-05 08:04:33,44.696141,37.812678,44.41
2026-10-05 08:04:34,44.696003,37.812854,44.71
2026-10-05 08:04:35,44.695867,37.813029,45.02
2026-10-05 08:04:37,44.69573,37.813204,45.34
2026-10-05 08:04:39,44.695593,37.81338,45.68
2026-10-05 08:04:40,44.695456,37.813555,46.02
2026-10-05 08:04:42,44.69532,37.81373,46.37
2026-10-05 08:04:43,44.695183,37.813905,46.73
2026-10-05 08:04:44,44.695047,37.81408,47.09
2026-10-05 08:04:46,44.69491,37.814254,47.45
2026-10-05 08:04:47,44.694774,37.814429,47.8
2026-10-05 08:04:48,44.694638,37.814604,48.15
2026-10-05 08:04:49,44.694502,37.814779,48.49
2026-10-05 08:04:51,44.694366,37.814953,48.82
2026-10-05 08:04:52,44.69423,37.815128,49.14
2026-10-05 08:04:53,44.694094,37.815302,49.44
2026-10-05 08:04:55,44.693958,37.815477,49.73
2026-10-05 08:04:56,44.693822,37.815652,49.99
2026-10-05 08:04:57,44.693687,37.815826,50.22
2026-10-05 08:04:58,44.693551,37.816,50.44
2026-10-05 08:05:00,44.693415,37.816175,50.62
2026-10-05 08:05:01,44.69328,37.816349,50.77
2026-10-05 08:05:03,44.693144,37.816524,50.89
2026-10-05 08:05:04,44.693009,37.816698,50.97
2026-10-05 08:05:05,44.692873,37.816872,51.01
2026-10-05 08:05:07,44.692738,37.817047,51.02
2026-10-05 08:05:08,44.692602,37.817221,50.98
2026-10-05 08:05:09,44.692467,37.817395,50.91
2026-10-05 08:05:10,44.692332,37.81757,50.79
2026-10-05 08:05:11,44.692196,37.817744,50.62
2026-10-05 08:05:12,44.692061,37.817918,50.41
2026-10-05 08:05:14,44.691926,37.818093,50.15
2026-10-05 08:05:15,44.691791,37.818267,49.85
2026-10-05 08:05:16,44.691655,37.818442,49.5
2026-10-05 08:05:18,44.69152,37.818616,49.1
2026-10-05 08:05:20,44.691385,37.81879,48.66
2026-10-05 08:05:21,44.69125,37.818965,48.17
2026-10-05 08:05:22,44.691114,37.819139,47.63
2026-10-05 08:05:23,44.690979,37.819314,47.05
2026-10-05 08:05:24,44.690844,37.819488,46.43
2026-10-05 08:05:25,44.690709,37.819663,45.76
2026-10-05 08:05:27,44.690573,37.819838,45.06
2026-10-05 08:05:29,44.690438,37.820012,44.31
2026-10-05 08:05:30,44.690303,37.820187,43.53
2026-10-05 08:05:31,44.690167,37.820362,42.71
2026-10-05 08:05:32,44.690032,37.820537,41.86
2026-10-05 08:05:33,44.689896,37.820711,40.98
2026-10-05 08:05:34,44.689761,37.820886,40.07
2026-10-05 08:05:35,44.689626,37.821061,39.14
2026-10-05 08:05:37,44.68949,37.821236,38.18
2026-10-05 08:05:38,44.689355,37.821411,37.2
2026-10-05 08:05:39,44.689219,37.821586,36.21
2026-10-05 08:05:41,44.689083,37.821761,35.2
2026-10-05 08:05:42,44.688948,37.821936,34.18
2026-10-05 08:05:43,44.688812,37.822112,33.15
2026-10-05 08:05:44,44.688676,37.822287,32.12
2026-10-05 08:05:46,44.688541,37.822462,31.09
2026-10-05 08:05:47,44.688405,37.822637,30.05
2026-10-05 08:05:48,44.688269,37.822813,29.03
2026-10-05 08:05:49,44.688133,37.822988,28.01
2026-10-05 08:05:51,44.687997,37.823164,26.99
2026-10-05 08:05:52,44.687861,37.823339,26.0
2026-10-05 08:05:53,44.687725,37.823515,25.01
2026-10-05 08:05:55,44.687589,37.823691,24.05
2026-10-05 08:05:56,44.687453,37.823866,23.11
2026-10-05 08:05:57,44.687317,37.824042,22.18
2026-10-05 08:05:58,44.687181,37.824218,21.29
2026-10-05 08:06:00,44.687045,37.824394,20.42
2026-10-05 08:06:01,44.686908,37.82457,19.58
2026-10-05 08:06:02,44.686772,37.824746,18.77
2026-10-05 08:06:03,44.686636,37.824922,17.99
2026-10-05 08:06:04,44.6865,37.825098,17.24
2026-10-05 08:06:05,44.686363,37.825274,16.53
2026-10-05 08:06:07,44.686227,37.82545,15.85
2026-10-05 08:06:08,44.68609,37.825626,15.21
2026-10-05 08:06:09,44.685954,37.825802,14.61
2026-10-05 08:06:10,44.685817,37.825978,14.04
2026-10-05 08:06:11,44.685681,37.826155,13.51
2026-10-05 08:06:12,44.685544,37.826331,13.01
2026-10-05 08:06:14,44.685408,37.826507,12.55
2026-10-05 08:06:15,44.685271,37.826684,12.12
2026-10-05 08:06:17,44.685135,37.82686,11.73
2026-10-05 08:06:18,44.684998,37.827036,11.37
2026-10-05 08:06:20,44.684861,37.827213,11.04
2026-10-05 08:06:21,44.684724,37.827389,10.74
2026-10-05 08:06:22,44.684588,37.827566,10.48
2026-10-05 08:06:24,44.684451,37.827742,10.24
2026-10-05 08:06:25,44.684314,37.827919,10.02
2026-10-05 08:06:27,44.684178,37.828095,9.83
2026-10-05 08:06:29,44.684041,37.828272,9.67
2026-10-05 08:06:30,44.683904,37.828448,9.52
2026-10-05 08:06:31,44.683767,37.828625,9.39
2026-10-05 08:06:33,44.68363,37.828801,9.28
2026-10-05 08:06:34,44.683493,37.828978,9.18
2026-10-05 08:06:35,44.683357,37.829155,9.09
2026-10-05 08:06:37,44.68322,37.829331,9.01
2026-10-05 08:06:38,44.683083,37.829508,8.94
2026-10-05 08:06:40,44.682946,37.829684,8.87
2026-10-05 08:06:41,44.682809,37.829861,8.81
2026-10-05 08:06:43,44.682672,37.830038,8.75
2026-10-05 08:06:44,44.682535,37.830214,8.69
2026-10-05 08:06:45,44.682399,37.830391,8.62
2026-10-05 08:06:46,44.682262,37.830568,8.55
2026-10-05 08:06:47,44.682125,37.830744,8.47
2026-10-05 08:06:49,44.681988,37.830921,8.39
2026-10-05 08:06:50,44.681851,37.831098,8.29
2026-10-05 08:06:51,44.681714,37.831274,8.19
2026-10-05 08:06:53,44.681577,37.831451,8.07
2026-10-05 08:06:54,44.68144,37.831628,7.94
2026-10-05 08:06:56,44.681303,37.831804,7.79
2026-10-05 08:06:57,44.681166,37.831981,7.63
2026-10-05 08:06:58,44.68103,37.832158,7.46
2026-10-05 08:07:00,44.680893,37.832335,7.27
2026-10-05 08:07:01,44.680756,37.832511,7.07
2026-10-05 08:07:02,44.680619,37.832688,6.85
2026-10-05 08:07:04,44.680482,37.832865,6.61
2026-10-05 08:07:05,44.680345,37.833042,6.37
2026-10-05 08:07:07,44.680208,37.833218,6.1
2026-10-05 08:07:08,44.680071,37.833395,5.83
2026-10-05 08:07:09,44.679934,37.833572,5.54
2026-10-05 08:07:10,44.679797,37.833749,5.25
2026-10-05 08:07:12,44.67966,37.833926,5.0
2026-10-05 08:07:13,44.679523,37.834103,5.0
2026-10-05 08:07:14,44.679386,37.834279,5.0
2026-10-05 08:07:15,44.679249,37.834456,5.0
2026-10-05 08:07:17,44.679112,37.834633,5.0
2026-10-05 08:07:18,44.678975,37.83481,5.0
2026-10-05 08:07:19,44.678838,37.834987,5.0
2026-10-05 08:07:21,44.678701,37.835164,5.0
2026-10-05 08:07:22,44.678564,37.835341,5.0
2026-10-05 08:07:24,44.678427,37.835518,5.0
2026-10-05 08:07:26,44.67829,37.835695,5.0
2026-10-05 08:07:27,44.678152,37.835873,5.0
2026-10-05 08:07:29,44.678015,37.83605,5.0
2026-10-05 08:07:30,44.677878,37.836227,5.0
2026-10-05 08:07:31,44.677741,37.836404,5.0
2026-10-05 08:07:33,44.677604,37.836582,5.0
2026-10-05 08:07:34,44.677466,37.836759,5.0
2026-10-05 08:07:36,44.677329,37.836936,5.0
2026-10-05 08:07:37,44.677192,37.837114,5.0
2026-10-05 08:07:39,44.677054,37.837291,5.0
2026-10-05 08:07:40,44.676917,37.837469,5.0
2026-10-05 08:07:41,44.67678,37.837646,5.0
2026-10-05 08:07:43,44.676642,37.837824,5.0
2026-10-05 08:07:44,44.676505,37.838002,5.0
2026-10-05 08:07:46,44.676367,37.838179,5.0
2026-10-05 08:07:47,44.67623,37.838357,5.0
2026-10-05 08:07:48,44.676092,37.838535,5.0
2026-10-05 08:07:49,44.675954,37.838713,5.0
2026-10-05 08:07:51,44.675817,37.83889,5.0
2026-10-05 08:07:52,44.675679,37.839068,5.0
2026-10-05 08:07:53,44.675541,37.839246,5.0
2026-10-05 08:07:55,44.675404,37.839424,5.0
2026-10-05 08:07:56,44.675266,37.839602,5.0
2026-10-05 08:07:58,44.675128,37.83978,5.0
2026-10-05 08:07:59,44.67499,37.839958,5.0
2026-10-05 08:08:00,44.674852,37.840137,5.0
2026-10-05 08:08:02,44.674715,37.840315,5.0
2026-10-05 08:08:03,44.674577,37.840493,5.0
2026-10-05 08:08:04,44.674439,37.840671,5.0
2026-10-05 08:08:06,44.674301,37.840849,5.13
2026-10-05 08:08:07,44.674163,37.841027,5.76
2026-10-05 08:08:08,44.674024,37.841206,6.4
2026-10-05 08:08:09,44.673886,37.841384,7.07
2026-10-05 08:08:10,44.673748,37.841562,7.76
2026-10-05 08:08:11,44.67361,37.84174,8.46
2026-10-05 08:08:13,44.673472,37.841918,9.18
2026-10-05 08:08:15,44.673334,37.842097,9.91
2026-10-05 08:08:16,44.673196,37.842275,10.65
2026-10-05 08:08:18,44.673057,37.842453,11.39
2026-10-05 08:08:20,44.672919,37.842631,12.14
2026-10-05 08:08:21,44.672781,37.842809,12.88
2026-10-05 08:08:23,44.672643,37.842987,13.62
2026-10-05 08:08:24,44.672504,37.843165,14.36
2026-10-05 08:08:26,44.672366,37.843343,15.09
2026-10-05 08:08:27,44.672228,37.843521,15.8
2026-10-05 08:08:28,44.67209,37.843698,16.5
2026-10-05 08:08:30,44.671951,37.843876,17.18
2026-10-05 08:08:32,44.671813,37.844054,17.85
2026-10-05 08:08:33,44.671675,37.844231,18.48
2026-10-05 08:08:34,44.671537,37.844408,19.1
2026-10-05 08:08:35,44.671398,37.844586,19.68
2026-10-05 08:08:36,44.67126,37.844763,20.23
2026-10-05 08:08:37,44.671122,37.84494,20.76
2026-10-05 08:08:39,44.670984,37.845117,21.24
2026-10-05 08:08:40,44.670846,37.845293,21.69
2026-10-05 08:08:42,44.670707,37.84547,22.11
2026-10-05 08:08:43,44.670569,37.845646,22.48
2026-10-05 08:08:44,44.670431,37.845823,22.82
2026-10-05 08:08:45,44.670293,37.845999,23.11
2026-10-05 08:08:46,44.670155,37.846175,23.37
2026-10-05 08:08:48,44.670018,37.84635,23.58
2026-10-05 08:08:49,44.66988,37.846526,23.75
2026-10-05 08:08:50,44.669742,37.846701,23.88
2026-10-05 08:08:51,44.669604,37.846877,23.96
2026-10-05 08:08:52,44.669467,37.847052,24.01
2026-10-05 08:08:54,44.669329,37.847226,24.01
2026-10-05 08:08:55,44.669192,37.847401,23.98
2026-10-05 08:08:56,44.669054,37.847575,23.9
2026-10-05 08:08:57,44.668917,37.84775,23.79
2026-10-05 08:08:59,44.66878,37.847923,23.64
2026-10-05 08:09:00,44.668642,37.848097,23.46
2026-10-05 08:09:01,44.668505,37.848271,23.24
2026-10-05 08:09:02,44.668368,37.848444,22.99
2026-10-05 08:09:04,44.668232,37.848617,22.72
2026-10-05 08:09:05,44.668095,37.84879,22.41
2026-10-05 08:09:06,44.667958,37.848963,22.09
2026-10-05 08:09:08,44.667822,37.849135,21.74
2026-10-05 08:09:10,44.667685,37.849307,21.37
2026-10-05 08:09:11,44.667549,37.849479,20.99
2026-10-05 08:09:12,44.667413,37.849651,20.59
2026-10-05 08:09:13,44.667277,37.849822,20.18
2026-10-05 08:09:14,44.667141,37.849994,19.76
2026-10-05 08:09:15,44.667005,37.850165,19.34
2026-10-05 08:09:17,44.666869,37.850336,18.91
2026-10-05 08:09:18,44.666733,37.850507,18.48
2026-10-05 08:09:19,44.666598,37.850677,18.06
2026-10-05 08:09:20,44.666463,37.850848,17.64
2026-10-05 08:09:21,44.666327,37.851018,17.22
2026-10-05 08:09:23,44.666192,37.851188,16.82
2026-10-05 08:09:24,44.666058,37.851358,16.42
2026-10-05 08:09:26,44.665923,37.851528,16.04
2026-10-05 08:09:27,44.665788,37.851698,15.68
2026-10-05 08:09:28,44.665654,37.851868,15.34
2026-10-05 08:09:30,44.665519,37.852037,15.01
2026-10-05 08:09:31,44.665385,37.852207,14.71
2026-10-05 08:09:32,44.665251,37.852376,14.42
2026-10-05 08:09:34,44.665117,37.852546,14.17
2026-10-05 08:09:35,44.664983,37.852715,13.93
2026-10-05 08:09:36,44.664849,37.852885,13.73
2026-10-05 08:09:38,44.664716,37.853054,13.55
2026-10-05 08:09:39,44.664582,37.853223,13.39
2026-10-05 08:09:41,44.664449,37.853393,13.27
2026-10-05 08:09:42,44.664316,37.853562,13.17
2026-10-05 08:09:44,44.664183,37.853732,13.1
2026-10-05 08:09:45,44.66405,37.853902,13.06
2026-10-05 08:09:46,44.663917,37.854071,13.04
2026-10-05 08:09:48,44.663784,37.854241,13.05
2026-10-05 08:09:49,44.663652,37.854411,13.08
2026-10-05 08:09:50,44.663519,37.854582,13.14
2026-10-05 08:09:52,44.663387,37.854752,13.22
2026-10-05 08:09:53,44.663255,37.854923,13.32
2026-10-05 08:09:54,44.663122,37.855094,13.45
2026-10-05 08:09:55,44.66299,37.855265,13.59
2026-10-05 08:09:56,44.662858,37.855436,13.75
2026-10-05 08:09:57,44.662726,37.855608,13.92
2026-10-05 08:09:58,44.662594,37.85578,14.11
2026-10-05 08:10:00,44.662462,37.855952,14.31
2026-10-05 08:10:01,44.662331,37.856125,14.51
2026-10-05 08:10:02,44.662199,37.856297,14.73
2026-10-05 08:10:04,44.662067,37.856471,14.95
2026-10-05 08:10:05,44.661936,37.856644,15.18
2026-10-05 08:10:06,44.661804,37.856818,15.4
2026-10-05 08:10:08,44.661672,37.856993,15.63
2026-10-05 08:10:09,44.661541,37.857168,15.85
2026-10-05 08:10:11,44.661409,37.857343,16.06
2026-10-05 08:10:12,44.661278,37.857519,16.27
2026-10-05 08:10:14,44.661146,37.857695,16.48
2026-10-05 08:10:16,44.661015,37.857872,16.67
2026-10-05 08:10:17,44.660883,37.858049,16.85
2026-10-05 08:10:18,44.660751,37.858227,17.01
2026-10-05 08:10:19,44.66062,37.858405,17.16
2026-10-05 08:10:20,44.660488,37.858584,17.3
2026-10-05 08:10:22,44.660356,37.858763,17.42
2026-10-05 08:10:23,44.660224,37.858942,17.52
2026-10-05 08:10:24,44.660092,37.859122,17.6
2026-10-05 08:10:26,44.65996,37.859303,17.66
2026-10-05 08:10:27,44.659828,37.859484,17.71
2026-10-05 08:10:28,44.659696,37.859666,17.73
2026-10-05 08:10:29,44.659564,37.859848,17.73
2026-10-05 08:10:31,44.659431,37.86003,17.72
2026-10-05 08:10:32,44.659299,37.860214,17.68
2026-10-05 08:10:34,44.659166,37.860397,17.63
2026-10-05 08:10:35,44.659033,37.860581,17.56
2026-10-05 08:10:36,44.6589,37.860765,17.47
2026-10-05 08:10:38,44.658767,37.86095,17.36
2026-10-05 08:10:39,44.658634,37.861136,17.25
2026-10-05 08:10:40,44.6585,37.861321,17.11
2026-10-05 08:10:41,44.658367,37.861507,16.97
2026-10-05 08:10:42,44.658233,37.861694,16.82
2026-10-05 08:10:44,44.658099,37.861881,16.66
2026-10-05 08:10:45,44.657965,37.862068,16.5
2026-10-05 08:10:46,44.65783,37.862255,16.33
2026-10-05 08:10:47,44.657696,37.862443,16.16
2026-10-05 08:10:49,44.657561,37.862631,15.99
2026-10-05 08:10:50,44.657426,37.862819,15.82
2026-10-05 08:10:52,44.65729,37.863007,15.67
2026-10-05 08:10:53,44.657155,37.863196,15.52
2026-10-05 08:10:54,44.657019,37.863385,15.38
2026-10-05 08:10:55,44.656883,37.863574,15.25
2026-10-05 08:10:57,44.656746,37.863763,15.14
2026-10-05 08:10:58,44.65661,37.863952,15.05
2026-10-05 08:11:00,44.656473,37.864141,14.99
2026-10-05 08:11:01,44.656336,37.86433,14.94
2026-10-05 08:11:03,44.656198,37.864519,14.93
2026-10-05 08:11:04,44.656061,37.864708,14.94
2026-10-05 08:11:05,44.655923,37.864897,14.98
2026-10-05 08:11:06,44.655785,37.865085,15.06
2026-10-05 08:11:08,44.655646,37.865274,15.17
2026-10-05 08:11:09,44.655507,37.865462,15.31
2026-10-05 08:11:10,44.655368,37.865651,15.5
2026-10-05 08:11:12,44.655229,37.865839,15.72
2026-10-05 08:11:13,44.655089,37.866026,15.99
2026-10-05 08:11:14,44.65495,37.866214,16.3
2026-10-05 08:11:16,44.65481,37.8664,16.65
2026-10-05 08:11:17,44.654669,37.866587,17.05
2026-10-05 08:11:18,44.654529,37.866773,17.49
2026-10-05 08:11:19,44.654388,37.866959,17.98
2026-10-05 08:11:20,44.654246,37.867144,18.51
2026-10-05 08:11:22,44.654105,37.867329,19.08
2026-10-05 08:11:23,44.653963,37.867513,19.7
2026-10-05 08:11:24,44.653822,37.867697,20.37
2026-10-05 08:11:26,44.653679,37.86788,21.08
2026-10-05 08:11:27,44.653537,37.868063,21.83
2026-10-05 08:11:29,44.653394,37.868245,22.62
2026-10-05 08:11:30,44.653252,37.868426,23.45
2026-10-05 08:11:31,44.653109,37.868607,24.32
2026-10-05 08:11:33,44.652966,37.868787,25.22
2026-10-05 08:11:34,44.652822,37.868966,26.16
2026-10-05 08:11:35,44.652679,37.869145,27.13
2026-10-05 08:11:37,44.652535,37.869323,28.13
2026-10-05 08:11:38,44.652391,37.8695,29.16
2026-10-05 08:11:39,44.652247,37.869676,30.22
2026-10-05 08:11:40,44.652103,37.869852,31.29
2026-10-05 08:11:41,44.651958,37.870027,32.39
2026-10-05 08:11:43,44.651814,37.870202,33.5
2026-10-05 08:11:45,44.65167,37.870375,34.62
2026-10-05 08:11:46,44.651525,37.870548,35.76
2026-10-05 08:11:47,44.65138,37.870721,36.9
2026-10-05 08:11:48,44.651235,37.870892,38.05
2026-10-05 08:11:49,44.651091,37.871063,39.19
2026-10-05 08:11:50,44.650946,37.871233,40.34
2026-10-05 08:11:51,44.650801,37.871403,41.48
2026-10-05 08:11:52,44.650656,37.871572,42.61
2026-10-05 08:11:54,44.650511,37.87174,43.74
2026-10-05 08:11:55,44.650366,37.871907,44.84
2026-10-05 08:11:56,44.650221,37.872074,45.94
2026-10-05 08:11:58,44.650077,37.872241,47.01
2026-10-05 08:11:59,44.649932,37.872407,48.06
2026-10-05 08:12:00,44.649787,37.872572,49.08
2026-10-05 08:12:02,44.649642,37.872737,50.08
2026-10-05 08:12:03,44.649498,37.872901,51.06
2026-10-05 08:12:04,44.649354,37.873065,52.0
2026-10-05 08:12:06,44.649209,37.873229,52.9
2026-10-05 08:12:07,44.649065,37.873392,53.78
2026-10-05 08:12:09,44.648921,37.873555,54.62
2026-10-05 08:12:10,44.648777,37.873717,55.42
2026-10-05 08:12:11,44.648634,37.87388,56.18
2026-10-05 08:12:12,44.64849,37.874042,56.91
2026-10-05 08:12:13,44.648347,37.874203,57.6
2026-10-05 08:12:14,44.648204,37.874365,58.25
2026-10-05 08:12:16,44.648061,37.874527,58.86
2026-10-05 08:12:17,44.647918,37.874688,59.43
2026-10-05 08:12:18,44.647776,37.874849,59.96
2026-10-05 08:12:20,44.647634,37.875011,60.45
2026-10-05 08:12:22,44.647492,37.875172,60.9
2026-10-05 08:12:23,44.647351,37.875334,61.32
2026-10-05 08:12:24,44.647209,37.875495,61.7
2026-10-05 08:12:25,44.647068,37.875657,62.05
2026-10-05 08:12:26,44.646928,37.875819,62.36
2026-10-05 08:12:28,44.646787,37.875981,62.64
2026-10-05 08:12:30,44.646647,37.876144,62.89
2026-10-05 08:12:31,44.646538,37.87634,63.07
2026-10-05 08:12:32,44.646443,37.876553,63.18
2026-10-05 08:12:34,44.646349,37.876766,63.28
2026-10-05 08:12:35,44.646255,37.87698,63.35
2026-10-05 08:12:36,44.646161,37.877194,63.41
2026-10-05 08:12:37,44.646068,37.877409,63.44
2026-10-05 08:12:39,44.645975,37.877624,63.46
2026-10-05 08:12:40,44.645883,37.87784,63.47
2026-10-05 08:12:41,44.645791,37.878056,63.46
2026-10-05 08:12:42,44.645699,37.878273,63.45
2026-10-05 08:12:43,44.645608,37.87849,63.43
2026-10-05 08:12:44,44.645517,37.878708,63.4
2026-10-05 08:12:46,44.645426,37.878927,63.37
2026-10-05 08:12:47,44.645335,37.879146,63.35
2026-10-05 08:12:48,44.645245,37.879366,63.32
2026-10-05 08:12:50,44.645156,37.879586,63.3
2026-10-05 08:12:51,44.645066,37.879808,63.28
2026-10-05 08:12:52,44.644977,37.88003,63.27
2026-10-05 08:12:53,44.644888,37.880252,63.27
2026-10-05 08:12:54,44.6448,37.880475,63.28
2026-10-05 08:12:56,44.644712,37.880699,63.31
2026-10-05 08:12:57,44.644624,37.880924,63.34
2026-10-05 08:12:59,44.644536,37.881149,63.39
2026-10-05 08:13:01,44.644449,37.881376,63.45
2026-10-05 08:13:02,44.644362,37.881602,63.52
2026-10-05 08:13:04,44.644275,37.88183,63.61
2026-10-05 08:13:05,44.644189,37.882058,63.72
2026-10-05 08:13:07,44.644103,37.882287,63.84
2026-10-05 08:13:08,44.644017,37.882516,63.97
2026-10-05 08:13:10,44.643931,37.882746,64.12
2026-10-05 08:13:11,44.643845,37.882977,64.29
2026-10-05 08:13:12,44.64376,37.883208,64.46
2026-10-05 08:13:13,44.643674,37.88344,64.65
2026-10-05 08:13:15,44.643589,37.883672,64.85
2026-10-05 08:13:16,44.643504,37.883905,65.06
2026-10-05 08:13:18,44.643419,37.884138,65.28
2026-10-05 08:13:20,44.643334,37.884372,65.5
2026-10-05 08:13:21,44.64325,37.884607,65.73
2026-10-05 08:13:23,44.643165,37.884841,65.97
2026-10-05 08:13:25,44.643081,37.885076,66.2
2026-10-05 08:13:26,44.642996,37.885312,66.44
2026-10-05 08:13:28,44.642912,37.885548,66.67
2026-10-05 08:13:29,44.642827,37.885784,66.89
2026-10-05 08:13:31,44.642743,37.88602,67.12
2026-10-05 08:13:32,44.642659,37.886257,67.33
2026-10-05 08:13:33,44.642574,37.886494,67.53
2026-10-05 08:13:35,44.64249,37.886731,67.72
2026-10-05 08:13:36,44.642405,37.886968,67.89
2026-10-05 08:13:37,44.64232,37.887206,68.04
2026-10-05 08:13:39,44.642236,37.887443,68.18
2026-10-05 08:13:40,44.642151,37.887681,68.29
2026-10-05 08:13:41,44.642066,37.887918,68.38
2026-10-05 08:13:43,44.641981,37.888156,68.45
2026-10-05 08:13:45,44.641896,37.888393,68.48
2026-10-05 08:13:46,44.64181,37.888631,68.49
2026-10-05 08:13:47,44.641725,37.888868,68.47
2026-10-05 08:13:48,44.641639,37.889105,68.42
2026-10-05 08:13:50,44.641553,37.889342,68.33
2026-10-05 08:13:51,44.641467,37.889579,68.21
2026-10-05 08:13:53,44.641381,37.889816,68.06
2026-10-05 08:13:54,44.641295,37.890052,67.87
2026-10-05 08:13:55,44.641208,37.890288,67.64
2026-10-05 08:13:57,44.641121,37.890524,67.38
2026-10-05 08:13:58,44.641034,37.89076,67.09
2026-10-05 08:14:00,44.640946,37.890995,66.75
2026-10-05 08:14:01,44.640859,37.89123,66.38
2026-10-05 08:14:03,44.640771,37.891464,65.98
2026-10-05 08:14:04,44.640683,37.891698,65.54
2026-10-05 08:14:05,44.640594,37.891932,65.07
2026-10-05 08:14:06,44.640505,37.892166,64.57
2026-10-05 08:14:08,44.640416,37.892399,64.04
2026-10-05 08:14:09,44.640327,37.892631,63.47
2026-10-05 08:14:11,44.640237,37.892863,62.88
2026-10-05 08:14:12,44.640147,37.893095,62.27
2026-10-05 08:14:14,44.640057,37.893326,61.63
2026-10-05 08:14:15,44.639967,37.893557,60.96
2026-10-05 08:14:17,44.639876,37.893787,60.28
2026-10-05 08:14:18,44.639785,37.894017,59.59
2026-10-05 08:14:20,44.639694,37.894247,58.88
2026-10-05 08:14:21,44.639603,37.894476,58.16
2026-10-05 08:14:23,44.639511,37.894704,57.42
2026-10-05 08:14:24,44.639419,37.894933,56.69
2026-10-05 08:14:25,44.639326,37.89516,55.95
2026-10-05 08:14:26,44.639234,37.895388,55.21
2026-10-05 08:14:28,44.639141,37.895615,54.48
2026-10-05 08:14:29,44.639048,37.895841,53.75
2026-10-05 08:14:31,44.638955,37.896067,53.03
2026-10-05 08:14:32,44.638862,37.896293,52.32
2026-10-05 08:14:33,44.638768,37.896518,51.62
2026-10-05 08:14:34,44.638674,37.896743,50.95
2026-10-05 08:14:36,44.63858,37.896968,50.29
2026-10-05 08:14:37,44.638486,37.897192,49.66
2026-10-05 08:14:39,44.638392,37.897416,49.05
2026-10-05 08:14:40,44.638297,37.89764,48.47
2026-10-05 08:14:41,44.638202,37.897863,47.92
2026-10-05 08:14:43,44.638108,37.898086,47.4
2026-10-05 08:14:44,44.638013,37.898309,46.92
2026-10-05 08:14:45,44.637918,37.898532,46.47
2026-10-05 08:14:46,44.637823,37.898754,46.06
2026-10-05 08:14:48,44.637727,37.898976,45.69
2026-10-05 08:14:49,44.637632,37.899198,45.36
2026-10-05 08:14:51,44.637537,37.89942,45.07
2026-10-05 08:14:53,44.637441,37.899642,44.83
2026-10-05 08:14:54,44.637346,37.899864,44.62
2026-10-05 08:14:56,44.63725,37.900085,44.46
2026-10-05 08:14:57,44.637155,37.900306,44.34
2026-10-05 08:14:59,44.637059,37.900528,44.26
2026-10-05 08:15:00,44.636963,37.900749,44.23
2026-10-05 08:15:02,44.636868,37.90097,44.24
2026-10-05 08:15:03,44.636772,37.901192,44.28
2026-10-05 08:15:04,44.636677,37.901413,44.37
2026-10-05 08:15:05,44.636581,37.901634,44.5
2026-10-05 08:15:07,44.636486,37.901855,44.67
2026-10-05 08:15:08,44.63639,37.902076,44.87
2026-10-05 08:15:09,44.636295,37.902298,45.1
2026-10-05 08:15:10,44.6362,37.902519,45.37
2026-10-05 08:15:11,44.636104,37.902741,45.67
2026-10-05 08:15:13,44.636009,37.902962,46.0
2026-10-05 08:15:14,44.635914,37.903184,46.35
2026-10-05 08:15:16,44.635819,37.903405,46.73
2026-10-05 08:15:17,44.635724,37.903627,47.12
2026-10-05 08:15:18,44.635629,37.903849,47.54
2026-10-05 08:15:19,44.635535,37.904071,47.97
2026-10-05 08:15:21,44.63544,37.904293,48.41
2026-10-05 08:15:22,44.635346,37.904516,48.87
2026-10-05 08:15:23,44.635251,37.904738,49.33
2026-10-05 08:15:25,44.635157,37.904961,49.79
2026-10-05 08:15:26,44.635063,37.905183,50.26
2026-10-05 08:15:27,44.634969,37.905406,50.73
2026-10-05 08:15:29,44.634875,37.905629,51.19
2026-10-05 08:15:31,44.634781,37.905853,51.64
2026-10-05 08:15:32,44.634687,37.906076,52.09
2026-10-05 08:15:33,44.634594,37.906299,52.53
2026-10-05 08:15:34,44.6345,37.906523,52.95
2026-10-05 08:15:36,44.634407,37.906747,53.36
2026-10-05 08:15:37,44.634314,37.906971,53.74
2026-10-05 08:15:39,44.634221,37.907195,54.11
2026-10-05 08:15:40,44.634128,37.907419,54.46
2026-10-05 08:15:42,44.634035,37.907644,54.78
2026-10-05 08:15:43,44.633942,37.907868,55.08
2026-10-05 08:15:45,44.63385,37.908093,55.35
2026-10-05 08:15:46,44.633757,37.908318,55.6
2026-10-05 08:15:48,44.633665,37.908543,55.81
2026-10-05 08:15:49,44.633572,37.908768,56.0
2026-10-05 08:15:50,44.63348,37.908993,56.16
2026-10-05 08:15:51,44.633388,37.909219,56.29
2026-10-05 08:15:53,44.633296,37.909444,56.38
2026-10-05 08:15:54,44.633203,37.90967,56.45
2026-10-05 08:15:55,44.633112,37.909895,56.49
2026-10-05 08:15:56,44.63302,37.910121,56.5
2026-10-05 08:15:58,44.632928,37.910347,56.49
2026-10-05 08:15:59,44.632836,37.910573,56.44
2026-10-05 08:16:00,44.632744,37.910799,56.37
2026-10-05 08:16:01,44.632653,37.911025,56.27
2026-10-05 08:16:03,44.632561,37.911251,56.15
2026-10-05 08:16:04,44.63247,37.911478,56.01
2026-10-05 08:16:05,44.632378,37.911704,55.84
2026-10-05 08:16:06,44.632287,37.91193,55.66
2026-10-05 08:16:08,44.632195,37.912157,55.46
2026-10-05 08:16:09,44.632104,37.912383,55.24
2026-10-05 08:16:10,44.632013,37.91261,55.01
2026-10-05 08:16:12,44.631922,37.912837,54.77
2026-10-05 08:16:13,44.631831,37.913063,54.52
2026-10-05 08:16:14,44.631739,37.91329,54.26
2026-10-05 08:16:16,44.631648,37.913517,53.99
2026-10-05 08:16:17,44.631557,37.913744,53.73
2026-10-05 08:16:19,44.631466,37.91397,53.46
2026-10-05 08:16:20,44.631375,37.914197,53.19
2026-10-05 08:16:21,44.631284,37.914424,52.92
2026-10-05 08:16:23,44.631193,37.914651,52.66
2026-10-05 08:16:24,44.631102,37.914878,52.41
2026-10-05 08:16:25,44.631012,37.915106,52.16
2026-10-05 08:16:26,44.630921,37.915333,51.93
2026-10-05 08:16:28,44.63083,37.91556,51.7
2026-10-05 08:16:29,44.630739,37.915787,51.49
2026-10-05 08:16:30,44.630649,37.916014,51.29
2026-10-05 08:16:32,44.630558,37.916242,51.11
2026-10-05 08:16:33,44.630468,37.916469,50.95
2026-10-05 08:16:34,44.630377,37.916697,50.8
2026-10-05 08:16:35,44.630287,37.916924,50.67
2026-10-05 08:16:37,44.630196,37.917152,50.55
2026-10-05 08:16:38,44.630106,37.917379,50.46
2026-10-05 08:16:39,44.630016,37.917607,50.38
2026-10-05 08:16:41,44.629925,37.917835,50.32
2026-10-05 08:16:42,44.629835,37.918063,50.28
2026-10-05 08:16:43,44.629745,37.918291,50.26
2026-10-05 08:16:45,44.629655,37.918519,50.25
2026-10-05 08:16:46,44.629565,37.918747,50.26
2026-10-05 08:16:47,44.629475,37.918975,50.28
2026-10-05 08:16:48,44.629385,37.919203,50.32
2026-10-05 08:16:50,44.629295,37.919431,50.37
2026-10-05 08:16:51,44.629206,37.91966,50.43
2026-10-05 08:16:52,44.629116,37.919888,50.5
2026-10-05 08:16:53,44.629026,37.920117,50.57
2026-10-05 08:16:55,44.628937,37.920346,50.65
2026-10-05 08:16:56,44.628847,37.920575,50.74
2026-10-05 08:16:57,44.628758,37.920804,50.82
2026-10-05 08:16:59,44.628669,37.921033,50.9
2026-10-05 08:17:00,44.628579,37.921262,50.98
2026-10-05 08:17:01,44.62849,37.921491,51.05
2026-10-05 08:17:03,44.628401,37.92172,51.11
2026-10-05 08:17:04,44.628312,37.92195,51.16
2026-10-05 08:17:06,44.628222,37.922179,51.2
2026-10-05 08:17:07,44.628133,37.922409,51.22
2026-10-05 08:17:08,44.628044,37.922639,51.22
2026-10-05 08:17:09,44.627955,37.922869,51.2
2026-10-05 08:17:11,44.627866,37.923099,51.16
2026-10-05 08:17:12,44.627777,37.923329,51.09
2026-10-05 08:17:14,44.627688,37.923559,51.0
2026-10-05 08:17:15,44.627599,37.923789,50.87
2026-10-05 08:17:16,44.62751,37.924019,50.71
2026-10-05 08:17:18,44.627421,37.92425,50.52
2026-10-05 08:17:19,44.627331,37.92448,50.3
2026-10-05 08:17:20,44.627242,37.92471,50.03
2026-10-05 08:17:22,44.627153,37.924941,49.73
2026-10-05 08:17:23,44.627063,37.925172,49.39
2026-10-05 08:17:24,44.626974,37.925402,49.0
2026-10-05 08:17:25,44.626884,37.925633,48.58
2026-10-05 08:17:27,44.626795,37.925863,48.11
2026-10-05 08:17:28,44.626705,37.926094,47.6
2026-10-05 08:17:30,44.626615,37.926325,47.05
2026-10-05 08:17:31,44.626525,37.926556,46.46
2026-10-05 08:17:32,44.626435,37.926786,45.82
2026-10-05 08:17:33,44.626344,37.927017,45.14
2026-10-05 08:17:35,44.626254,37.927247,44.42
2026-10-05 08:17:36,44.626163,37.927478,43.66
2026-10-05 08:17:37,44.626072,37.927708,42.86
2026-10-05 08:17:39,44.625981,37.927939,42.02
2026-10-05 08:17:40,44.62589,37.928169,41.14
2026-10-05 08:17:41,44.625798,37.928399,40.23
2026-10-05 08:17:43,44.625706,37.928629,39.29
2026-10-05 08:17:44,44.625614,37.928859,38.31
2026-10-05 08:17:45,44.625522,37.929089,37.31
2026-10-05 08:17:46,44.625429,37.929319,36.28
2026-10-05 08:17:48,44.625337,37.929548,35.23
2026-10-05 08:17:49,44.625243,37.929778,34.15
2026-10-05 08:17:50,44.62515,37.930007,33.06
2026-10-05 08:17:51,44.625056,37.930236,31.95
2026-10-05 08:17:53,44.624962,37.930465,30.83
2026-10-05 08:17:54,44.624868,37.930693,29.7
2026-10-05 08:17:55,44.624773,37.930921,28.56
2026-10-05 08:17:56,44.624678,37.93115,27.42
2026-10-05 08:17:58,44.624583,37.931377,26.28
2026-10-05 08:17:59,44.624487,37.931605,25.14
2026-10-05 08:18:00,44.624391,37.931832,24.0
2026-10-05 08:18:02,44.624295,37.932059,22.88
2026-10-05 08:18:03,44.624199,37.932286,21.77
2026-10-05 08:18:04,44.624102,37.932512,20.67
2026-10-05 08:18:05,44.624005,37.932738,19.59
2026-10-05 08:18:06,44.623908,37.932964,18.53
2026-10-05 08:18:08,44.62381,37.933189,17.49
2026-10-05 08:18:09,44.623712,37.933414,16.48
2026-10-05 08:18:10,44.623614,37.933639,15.49
2026-10-05 08:18:11,44.623515,37.933863,14.54
2026-10-05 08:18:13,44.623417,37.934087,13.62
2026-10-05 08:18:15,44.623318,37.934311,12.73
2026-10-05 08:18:16,44.623219,37.934534,11.88
2026-10-05 08:18:18,44.623119,37.934757,11.07
2026-10-05 08:18:19,44.62302,37.93498,10.29
2026-10-05 08:18:20,44.62292,37.935202,9.56
2026-10-05 08:18:22,44.62282,37.935423,8.86
2026-10-05 08:18:23,44.62272,37.935645,8.21
2026-10-05 08:18:24,44.62262,37.935866,7.6
2026-10-05 08:18:26,44.62252,37.936087,7.03
2026-10-05 08:18:27,44.62242,37.936307,6.51
2026-10-05 08:18:28,44.62232,37.936527,6.02
2026-10-05 08:18:30,44.62222,37.936746,5.58
2026-10-05 08:18:31,44.62212,37.936965,5.18
2026-10-05 08:18:33,44.622019,37.937184,5.0
2026-10-05 08:18:34,44.621919,37.937403,5.0
2026-10-05 08:18:36,44.621819,37.937621,5.0
2026-10-05 08:18:37,44.621719,37.937839,5.0
2026-10-05 08:18:38,44.62162,37.938056,5.0
2026-10-05 08:18:39,44.62152,37.938273,5.0
2026-10-05 08:18:41,44.621421,37.93849,5.0
2026-10-05 08:18:42,44.621321,37.938707,5.0
2026-10-05 08:18:44,44.621222,37.938923,5.0
2026-10-05 08:18:45,44.621124,37.939139,5.0
2026-10-05 08:18:46,44.621025,37.939355,5.0
2026-10-05 08:18:47,44.620927,37.939571,5.0
2026-10-05 08:18:49,44.620829,37.939786,5.0
2026-10-05 08:18:50,44.620732,37.940001,5.0
2026-10-05 08:18:52,44.620635,37.940216,5.0
2026-10-05 08:18:53,44.620538,37.940431,5.0
2026-10-05 08:18:54,44.620442,37.940645,5.0
2026-10-05 08:18:55,44.620346,37.94086,5.0
2026-10-05 08:18:57,44.620251,37.941074,5.0
2026-10-05 08:18:58,44.620156,37.941288,5.0
2026-10-05 08:19:00,44.620062,37.941502,5.0
2026-10-05 08:19:01,44.619968,37.941717,5.0
2026-10-05 08:19:02,44.619875,37.941931,5.0
2026-10-05 08:19:04,44.619782,37.942145,5.0
2026-10-05 08:19:05,44.61969,37.942359,5.0
2026-10-05 08:19:07,44.619599,37.942573,5.0
2026-10-05 08:19:08,44.619508,37.942787,5.0
2026-10-05 08:19:09,44.619417,37.943001,5.0
2026-10-05 08:19:11,44.619327,37.943215,5.0
2026-10-05 08:19:12,44.619238,37.943429,5.0
2026-10-05 08:19:13,44.61915,37.943644,5.0
2026-10-05 08:19:14,44.619062,37.943858,5.0
2026-10-05 08:19:16,44.618974,37.944073,5.0
2026-10-05 08:19:17,44.618888,37.944288,5.0
2026-10-05 08:19:18,44.618801,37.944503,5.0
2026-10-05 08:19:20,44.618716,37.944718,5.0
2026-10-05 08:19:21,44.618631,37.944934,5.0
2026-10-05 08:19:22,44.618546,37.94515,5.0
2026-10-05 08:19:23,44.618463,37.945366,5.0
2026-10-05 08:19:25,44.618379,37.945582,5.0
2026-10-05 08:19:26,44.618297,37.945799,5.0
2026-10-05 08:19:27,44.618214,37.946016,5.0
2026-10-05 08:19:29,44.618133,37.946234,5.0
2026-10-05 08:19:30,44.618051,37.946452,5.0
2026-10-05 08:19:31,44.617971,37.94667,5.0
2026-10-05 08:19:32,44.61789,37.946888,5.0
2026-10-05 08:19:34,44.61781,37.947108,5.0
2026-10-05 08:19:36,44.617731,37.947327,5.0
2026-10-05 08:19:37,44.617652,37.947547,5.0
2026-10-05 08:19:38,44.617573,37.947768,5.0
2026-10-05 08:19:40,44.617495,37.947989,5.0
2026-10-05 08:19:41,44.617417,37.94821,5.0
2026-10-05 08:19:43,44.617339,37.948432,5.0
2026-10-05 08:19:44,44.617261,37.948655,5.0
2026-10-05 08:19:45,44.617184,37.948878,5.0
2026-10-05 08:19:47,44.617106,37.949101,5.0
2026-10-05 08:19:48,44.617029,37.949325,5.0
2026-10-05 08:19:50,44.616952,37.94955,5.0
2026-10-05 08:19:51,44.616875,37.949776,5.0
2026-10-05 08:19:52,44.616798,37.950001,5.0
2026-10-05 08:19:53,44.616721,37.950228,5.0
2026-10-05 08:19:54,44.616644,37.950455,5.0
2026-10-05 08:19:55,44.616567,37.950683,5.0
2026-10-05 08:19:57,44.616489,37.950911,5.0
2026-10-05 08:19:58,44.616412,37.95114,5.0
2026-10-05 08:19:59,44.616334,37.951369,5.0
2026-10-05 08:20:01,44.616256,37.951599,5.0
2026-10-05 08:20:03,44.616178,37.95183,5.0
2026-10-05 08:20:04,44.6161,37.952061,5.0
2026-10-05 08:20:06,44.616021,37.952293,5.0
2026-10-05 08:20:08,44.615942,37.952525,5.0
2026-10-05 08:20:09,44.615863,37.952758,5.0
2026-10-05 08:20:10,44.615783,37.952992,5.0
2026-10-05 08:20:11,44.615702,37.953226,5.0
2026-10-05 08:20:12,44.615622,37.95346,5.0
2026-10-05 08:20:14,44.61554,37.953696,5.0
2026-10-05 08:20:15,44.615458,37.953931,5.0
2026-10-05 08:20:17,44.615376,37.954168,5.0
2026-10-05 08:20:18,44.615293,37.954405,5.0
2026-10-05 08:20:20,44.615209,37.954642,5.15
2026-10-05 08:20:21,44.615125,37.95488,5.72
2026-10-05 08:20:22,44.61504,37.955118,6.31
2026-10-05 08:20:23,44.614954,37.955357,6.92
2026-10-05 08:20:25,44.614868,37.955596,7.54
2026-10-05 08:20:26,44.614781,37.955836,8.18
2026-10-05 08:20:27,44.614693,37.956076,8.83
2026-10-05 08:20:29,44.614605,37.956316,9.49
2026-10-05 08:20:30,44.614515,37.956557,10.15
2026-10-05 08:20:31,44.614425,37.956798,10.82
2026-10-05 08:20:33,44.614335,37.95704,11.49
2026-10-05 08:20:34,44.614243,37.957282,12.15
2026-10-05 08:20:35,44.614151,37.957524,12.81
2026-10-05 08:20:36,44.614058,37.957766,13.46
2026-10-05 08:20:38,44.613964,37.958009,14.1
2026-10-05 08:20:40,44.61387,37.958252,14.73
2026-10-05 08:20:41,44.613774,37.958495,15.34
2026-10-05 08:20:43,44.613678,37.958739,15.93
2026-10-05 08:20:44,44.613582,37.958982,16.49
2026-10-05 08:20:46,44.613484,37.959226,17.03
2026-10-05 08:20:47,44.613386,37.95947,17.55
2026-10-05 08:20:48,44.613287,37.959713,18.03
2026-10-05 08:20:50,44.613188,37.959957,18.48
2026-10-05 08:20:51,44.613087,37.960202,18.9
2026-10-05 08:20:53,44.612986,37.960446,19.29
2026-10-05 08:20:55,44.612885,37.96069,19.63
2026-10-05 08:20:56,44.612783,37.960934,19.94
2026-10-05 08:20:58,44.61268,37.961178,20.21
2026-10-05 08:20:59,44.612577,37.961422,20.43
2026-10-05 08:21:01,44.612473,37.961666,20.62
2026-10-05 08:21:02,44.612369,37.961909,20.76
2026-10-05 08:21:04,44.612264,37.962153,20.86
2026-10-05 08:21:05,44.612159,37.962397,20.91
2026-10-05 08:21:06,44.612053,37.96264,20.92
2026-10-05 08:21:08,44.611947,37.962883,20.89
2026-10-05 08:21:10,44.61184,37.963126,20.82
2026-10-05 08:21:11,44.611734,37.963368,20.7
2026-10-05 08:21:13,44.611627,37.963611,20.55
2026-10-05 08:21:14,44.611519,37.963853,20.35
2026-10-05 08:21:15,44.611412,37.964094,20.11
2026-10-05 08:21:16,44.611304,37.964336,19.84
2026-10-05 08:21:18,44.611196,37.964577,19.53
2026-10-05 08:21:19,44.611088,37.964818,19.19
2026-10-05 08:21:21,44.61098,37.965058,18.82
2026-10-05 08:21:22,44.610871,37.965298,18.42
2026-10-05 08:21:24,44.610763,37.965537,17.99
2026-10-05 08:21:26,44.610655,37.965776,17.54
2026-10-05 08:21:27,44.610547,37.966015,17.06
2026-10-05 08:21:29,44.610438,37.966253,16.56
2026-10-05 08:21:31,44.61033,37.96649,16.05
2026-10-05 08:21:32,44.610222,37.966727,15.53
2026-10-05 08:21:33,44.610115,37.966964,14.99
2026-10-05 08:21:35,44.610007,37.9672,14.44
2026-10-05 08:21:37,44.6099,37.967435,13.89
2026-10-05 08:21:38,44.609793,37.96767,13.34
2026-10-05 08:21:39,44.609686,37.967905,12.78
2026-10-05 08:21:41,44.609579,37.968139,12.23
2026-10-05 08:21:42,44.609473,37.968372,11.69
2026-10-05 08:21:44,44.609367,37.968605,11.15
2026-10-05 08:21:45,44.609262,37.968837,10.63
2026-10-05 08:21:46,44.609157,37.969068,10.11
2026-10-05 08:21:47,44.609053,37.969299,9.62
2026-10-05 08:21:49,44.608949,37.969529,9.14
2026-10-05 08:21:51,44.608845,37.969759,8.68
2026-10-05 08:21:52,44.608742,37.969988,8.25
2026-10-05 08:21:53,44.608639,37.970216,7.84
2026-10-05 08:21:55,44.608537,37.970444,7.45
2026-10-05 08:21:57,44.608436,37.970671,7.1
2026-10-05 08:21:58,44.608335,37.970898,6.77
2026-10-05 08:21:59,44.608235,37.971124,6.47
2026-10-05 08:22:00,44.608135,37.971349,6.2
2026-10-05 08:22:02,44.608036,37.971574,5.96
2026-10-05 08:22:04,44.607937,37.971798,5.76
2026-10-05 08:22:05,44.607839,37.972022,5.58
2026-10-05 08:22:06,44.607742,37.972245,5.44
2026-10-05 08:22:08,44.607645,37.972467,5.33
2026-10-05 08:22:09,44.607549,37.972689,5.26
2026-10-05 08:22:10,44.607454,37.97291,5.21
2026-10-05 08:22:11,44.607359,37.973131,5.2
2026-10-05 08:22:13,44.607265,37.973352,5.21
2026-10-05 08:22:14,44.607171,37.973571,5.26
2026-10-05 08:22:15,44.607078,37.97379,5.33
2026-10-05 08:22:16,44.606986,37.974009,5.42
2026-10-05 08:22:18,44.606894,37.974227,5.55
2026-10-05 08:22:19,44.606803,37.974445,5.69
2026-10-05 08:22:20,44.606713,37.974662,5.86
2026-10-05 08:22:22,44.606623,37.974879,6.05
2026-10-05 08:22:23,44.606533,37.975096,6.25
2026-10-05 08:22:24,44.606445,37.975312,6.47
2026-10-05 08:22:26,44.606356,37.975527,6.7
2026-10-05 08:22:27,44.606269,37.975743,6.95
2026-10-05 08:22:28,44.606181,37.975958,7.2
2026-10-05 08:22:29,44.606095,37.976172,7.47
2026-10-05 08:22:30,44.606008,37.976387,7.73
2026-10-05 08:22:31,44.605923,37.9766,8.0
2026-10-05 08:22:32,44.605837,37.976814,8.27
2026-10-05 08:22:33,44.605752,37.977028,8.54
2026-10-05 08:22:35,44.605668,37.977241,8.81
2026-10-05 08:22:36,44.605584,37.977454,9.07
2026-10-05 08:22:37,44.6055,37.977667,9.33
2026-10-05 08:22:38,44.605417,37.977879,9.57
2026-10-05 08:22:39,44.605334,37.978092,9.81
2026-10-05 08:22:41,44.605251,37.978304,10.04
2026-10-05 08:22:42,44.605169,37.978516,10.25
2026-10-05 08:22:43,44.605086,37.978728,10.45
2026-10-05 08:22:44,44.605005,37.97894,10.63
2026-10-05 08:22:46,44.604923,37.979152,10.8
2026-10-05 08:22:46,44.604841,37.979364,10.95
2026-10-05 08:22:48,44.60476,37.979576,11.08
2026-10-05 08:22:49,44.604679,37.979788,11.2
2026-10-05 08:22:51,44.604598,37.98,11.3
2026-10-05 08:22:52,44.604517,37.980212,11.38
2026-10-05 08:22:52,44.604436,37.980424,11.44
2026-10-05 08:22:53,44.604355,37.980636,11.49
2026-10-05 08:22:55,44.604274,37.980848,11.52
2026-10-05 08:22:56,44.604193,37.981061,11.54
2026-10-05 08:22:57,44.604113,37.981273,11.54
2026-10-05 08:22:58,44.604032,37.981486,11.54
2026-10-05 08:22:59,44.603951,37.981699,11.51
2026-10-05 08:23:01,44.60387,37.981912,11.48
2026-10-05 08:23:02,44.603789,37.982125,11.44
2026-10-05 08:23:03,44.603708,37.982338,11.4
2026-10-05 08:23:05,44.603627,37.982552,11.34
2026-10-05 08:23:06,44.603546,37.982766,11.29
2026-10-05 08:23:07,44.603464,37.98298,11.23
2026-10-05 08:23:09,44.603382,37.983195,11.18
2026-10-05 08:23:10,44.603301,37.98341,11.13
2026-10-05 08:23:11,44.603219,37.983625,11.09
2026-10-05 08:23:13,44.603136,37.983841,11.05
2026-10-05 08:23:14,44.603054,37.984056,11.03
2026-10-05 08:23:15,44.602971,37.984273,11.01
2026-10-05 08:23:16,44.602888,37.984489,11.02
2026-10-05 08:23:18,44.602805,37.984706,11.04
2026-10-05 08:23:19,44.602722,37.984923,11.08
2026-10-05 08:23:20,44.602638,37.985141,11.14
2026-10-05 08:23:21,44.602554,37.985359,11.23
2026-10-05 08:23:23,44.602469,37.985577,11.34
2026-10-05 08:23:24,44.602385,37.985796,11.49
2026-10-05 08:23:26,44.6023,37.986015,11.66
2026-10-05 08:23:27,44.602215,37.986235,11.87
2026-10-05 08:23:28,44.602129,37.986455,12.11
2026-10-05 08:23:29,44.602043,37.986676,12.38
2026-10-05 08:23:30,44.601957,37.986897,12.69
2026-10-05 08:23:31,44.60187,37.987118,13.04
2026-10-05 08:23:32,44.601784,37.98734,13.43
2026-10-05 08:23:33,44.601696,37.987562,13.85
2026-10-05 08:23:35,44.601609,37.987784,14.32
2026-10-05 08:23:36,44.601521,37.988007,14.82
2026-10-05 08:23:37,44.601433,37.988231,15.37
2026-10-05 08:23:38,44.601344,37.988454,15.96
2026-10-05 08:23:39,44.601255,37.988679,16.58
2026-10-05 08:23:40,44.601166,37.988903,17.25
2026-10-05 08:23:42,44.601077,37.989128,17.95
2026-10-05 08:23:43,44.600987,37.989353,18.69
2026-10-05 08:23:44,44.600897,37.989579,19.47
2026-10-05 08:23:46,44.600807,37.989805,20.28
2026-10-05 08:23:47,44.600716,37.990032,21.12
2026-10-05 08:23:49,44.600625,37.990259,22.0
2026-10-05 08:23:50,44.600534,37.990486,22.91
2026-10-05 08:23:52,44.600442,37.990713,23.84
2026-10-05 08:23:53,44.60035,37.990941,24.8
2026-10-05 08:23:55,44.600258,37.991169,25.78
2026-10-05 08:23:57,44.600166,37.991398,26.78
2026-10-05 08:23:58,44.600073,37.991627,27.8
2026-10-05 08:23:59,44.59998,37.991856,28.83
2026-10-05 08:24:01,44.599887,37.992085,29.88
2026-10-05 08:24:02,44.599794,37.992315,30.94
2026-10-05 08:24:03,44.599701,37.992544,32.0
2026-10-05 08:24:04,44.599607,37.992775,33.06
2026-10-05 08:24:05,44.599513,37.993005,34.12
2026-10-05 08:24:07,44.599419,37.993235,35.18
2026-10-05 08:24:09,44.599325,37.993466,36.24
2026-10-05 08:24:10,44.599231,37.993697,37.28
2026-10-05 08:24:11,44.599136,37.993928,38.31
2026-10-05 08:24:12,44.599042,37.994159,39.33
2026-10-05 08:24:13,44.598947,37.994391,40.32
2026-10-05 08:24:15,44.598852,37.994622,41.3
2026-10-05 08:24:16,44.598757,37.994854,42.25
2026-10-05 08:24:18,44.598662,37.995086,43.18
2026-10-05 08:24:19,44.598567,37.995317,44.07
2026-10-05 08:24:20,44.598471,37.995549,44.94
2026-10-05 08:24:21,44.598376,37.995781,45.77
2026-10-05 08:24:22,44.598281,37.996013,46.56
2026-10-05 08:24:24,44.598185,37.996246,47.32
2026-10-05 08:24:26,44.59809,37.996478,48.04
2026-10-05 08:24:27,44.597994,37.99671,48.71
2026-10-05 08:24:29,44.597899,37.996942,49.35
2026-10-05 08:24:30,44.597803,37.997174,49.94
2026-10-05 08:24:32,44.597708,37.997406,50.49
2026-10-05 08:24:33,44.597612,37.997638,51.0
2026-10-05 08:24:34,44.597516,37.997871,51.46
2026-10-05 08:24:35,44.597421,37.998103,51.87
2026-10-05 08:24:37,44.597325,37.998335,52.24
2026-10-05 08:24:38,44.59723,37.998567,52.57
2026-10-05 08:24:39,44.597134,37.998799,52.85
2026-10-05 08:24:41,44.597039,37.99903,53.09
2026-10-05 08:24:42,44.596943,37.999262,53.28
2026-10-05 08:24:43,44.596848,37.999494,53.44
2026-10-05 08:24:45,44.596753,37.999725,53.55
2026-10-05 08:24:46,44.596657,37.999957,53.63
2026-10-05 08:24:47,44.596562,38.000188,53.67
2026-10-05 08:24:49,44.596467,38.00042,53.67
2026-10-05 08:24:50,44.596372,38.000651,53.64
2026-10-05 08:24:51,44.596277,38.000882,53.58
2026-10-05 08:24:53,44.596182,38.001113,53.49
2026-10-05 08:24:54,44.596087,38.001343,53.37
2026-10-05 08:24:56,44.595992,38.001574,53.22
2026-10-05 08:24:57,44.595897,38.001805,53.06
2026-10-05 08:24:59,44.595803,38.002035,52.87
2026-10-05 08:25:00,44.595708,38.002265,52.67
2026-10-05 08:25:01,44.595613,38.002496,52.45
2026-10-05 08:25:02,44.595519,38.002726,52.22
2026-10-05 08:25:03,44.595425,38.002956,51.98
2026-10-05 08:25:04,44.59533,38.003185,51.73
2026-10-05 08:25:06,44.595236,38.003415,51.47
2026-10-05 08:25:07,44.595142,38.003645,51.22
2026-10-05 08:25:09,44.595048,38.003874,50.96
2026-10-05 08:25:10,44.594954,38.004103,50.7
2026-10-05 08:25:12,44.59486,38.004333,50.45
2026-10-05 08:25:13,44.594766,38.004562,50.2
2026-10-05 08:25:14,44.594672,38.004791,49.96
2026-10-05 08:25:16,44.594578,38.00502,49.73
2026-10-05 08:25:17,44.594485,38.005248,49.51
2026-10-05 08:25:19,44.594391,38.005477,49.3
2026-10-05 08:25:20,44.594297,38.005706,49.11
2026-10-05 08:25:21,44.594204,38.005934,48.93
2026-10-05 08:25:23,44.59411,38.006163,48.76
2026-10-05 08:25:24,44.594017,38.006391,48.61
2026-10-05 08:25:25,44.593924,38.006619,48.48
2026-10-05 08:25:26,44.59383,38.006847,48.36
2026-10-05 08:25:28,44.593737,38.007076,48.26
2026-10-05 08:25:29,44.593644,38.007304,48.18
2026-10-05 08:25:30,44.59355,38.007532,48.11
2026-10-05 08:25:32,44.593457,38.00776,48.06
2026-10-05 08:25:33,44.593364,38.007987,48.03
2026-10-05 08:25:34,44.593271,38.008215,48.01
2026-10-05 08:25:35,44.593177,38.008443,48.0
2026-10-05 08:25:36,44.593084,38.008671,48.01
2026-10-05 08:25:37,44.592991,38.008899,48.02
2026-10-05 08:25:38,44.592898,38.009126,48.05
2026-10-05 08:25:40,44.592805,38.009354,48.08
2026-10-05 08:25:41,44.592712,38.009582,48.12
2026-10-05 08:25:42,44.592619,38.009809,48.17
2026-10-05 08:25:43,44.592526,38.010037,48.22
2026-10-05 08:25:44,44.592432,38.010264,48.27
2026-10-05 08:25:46,44.592339,38.010492,48.32
2026-10-05 08:25:47,44.592246,38.010719,48.36
2026-10-05 08:25:48,44.592153,38.010947,48.41
2026-10-05 08:25:50,44.59206,38.011174,48.44
2026-10-05 08:25:51,44.591967,38.011401,48.47
2026-10-05 08:25:53,44.591874,38.011629,48.48
2026-10-05 08:25:54,44.59178,38.011856,48.48
2026-10-05 08:25:55,44.591687,38.012083,48.47
2026-10-05 08:25:57,44.591594,38.01231,48.43
2026-10-05 08:25:58,44.591501,38.012537,48.38
2026-10-05 08:25:59,44.591408,38.012764,48.31
2026-10-05 08:26:00,44.591314,38.012991,48.22
2026-10-05 08:26:02,44.591221,38.013218,48.1
2026-10-05 08:26:04,44.591128,38.013445,47.96
2026-10-05 08:26:05,44.591035,38.013672,47.79
2026-10-05 08:26:06,44.590942,38.013898,47.59
2026-10-05 08:26:07,44.590848,38.014125,47.37
2026-10-05 08:26:09,44.590755,38.014351,47.11
2026-10-05 08:26:10,44.590662,38.014578,46.83
2026-10-05 08:26:11,44.590569,38.014804,46.51
2026-10-05 08:26:12,44.590476,38.01503,46.17
2026-10-05 08:26:14,44.590382,38.015256,45.79
2026-10-05 08:26:15,44.590289,38.015482,45.39
2026-10-05 08:26:16,44.590196,38.015707,44.95
2026-10-05 08:26:17,44.590103,38.015933,44.48
2026-10-05 08:26:19,44.59001,38.016158,43.99
2026-10-05 08:26:20,44.589917,38.016383,43.47
2026-10-05 08:26:21,44.589824,38.016608,42.92
2026-10-05 08:26:23,44.589731,38.016833,42.35
2026-10-05 08:26:24,44.589638,38.017057,41.75
2026-10-05 08:26:25,44.589546,38.017281,41.13
2026-10-05 08:26:26,44.589453,38.017505,40.49
2026-10-05 08:26:28,44.58936,38.017729,39.84
2026-10-05 08:26:29,44.589268,38.017952,39.16
2026-10-05 08:26:31,44.589175,38.018176,38.48
2026-10-05 08:26:32,44.589083,38.018399,37.78
2026-10-05 08:26:33,44.58899,38.018621,37.07
2026-10-05 08:26:35,44.588898,38.018844,36.36
2026-10-05 08:26:36,44.588806,38.019066,35.64
2026-10-05 08:26:37,44.588714,38.019288,34.93
2026-10-05 08:26:38,44.588622,38.019509,34.21
2026-10-05 08:26:39,44.58853,38.019731,33.5
2026-10-05 08:26:40,44.588439,38.019952,32.8
2026-10-05 08:26:42,44.588347,38.020172,32.11
2026-10-05 08:26:43,44.588256,38.020393,31.43
2026-10-05 08:26:45,44.588165,38.020613,30.77
2026-10-05 08:26:47,44.588074,38.020833,30.13
2026-10-05 08:26:48,44.587983,38.021052,29.51
2026-10-05 08:26:49,44.587892,38.021271,28.91
2026-10-05 08:26:50,44.587802,38.02149,28.34
2026-10-05 08:26:52,44.587711,38.021709,27.8
2026-10-05 08:26:53,44.587621,38.021928,27.29
2026-10-05 08:26:54,44.587531,38.022146,26.81
2026-10-05 08:26:55,44.587441,38.022364,26.36
2026-10-05 08:26:57,44.587352,38.022581,25.96
2026-10-05 08:26:58,44.587263,38.022799,25.59
2026-10-05 08:26:59,44.587173,38.023016,25.26
2026-10-05 08:27:01,44.587084,38.023233,24.97
2026-10-05 08:27:02,44.586996,38.02345,24.72
2026-10-05 08:27:03,44.586907,38.023667,24.52
2026-10-05 08:27:05,44.586819,38.023883,24.36
2026-10-05 08:27:06,44.586731,38.0241,24.24
2026-10-05 08:27:07,44.586643,38.024316,24.16
2026-10-05 08:27:08,44.586555,38.024533,24.13
2026-10-05 08:27:09,44.586468,38.024749,24.14
2026-10-05 08:27:11,44.586381,38.024965,24.19
2026-10-05 08:27:12,44.586294,38.025181,24.28
2026-10-05 08:27:13,44.586207,38.025398,24.42
2026-10-05 08:27:15,44.586121,38.025614,24.59
2026-10-05 08:27:16,44.586034,38.02583,24.8
2026-10-05 08:27:17,44.585948,38.026047,25.05
2026-10-05 08:27:18,44.585862,38.026263,25.33
2026-10-05 08:27:19,44.585777,38.02648,25.64
2026-10-05 08:27:21,44.585691,38.026697,25.99
2026-10-05 08:27:22,44.585606,38.026915,26.36
2026-10-05 08:27:23,44.585521,38.027132,26.75
2026-10-05 08:27:25,44.585436,38.02735,27.17
2026-10-05 08:27:26,44.585352,38.027568,27.62
2026-10-05 08:27:27,44.585267,38.027787,28.07
2026-10-05 08:27:29,44.585183,38.028006,28.55
2026-10-05 08:27:30,44.585099,38.028225,29.03
2026-10-05 08:27:31,44.585015,38.028445,29.53
2026-10-05 08:27:32,44.584931,38.028666,30.03
2026-10-05 08:27:34,44.584847,38.028887,30.53
2026-10-05 08:27:35,44.584764,38.029108,31.04
2026-10-05 08:27:36,44.58468,38.02933,31.54
2026-10-05 08:27:37,44.584597,38.029553,32.03
2026-10-05 08:27:38,44.584513,38.029777,32.52
2026-10-05 08:27:39,44.58443,38.030001,33.0
2026-10-05 08:27:40,44.584347,38.030226,33.46
2026-10-05 08:27:42,44.584264,38.030451,33.91
2026-10-05 08:27:43,44.584181,38.030678,34.34
2026-10-05 08:27:44,44.584098,38.030905,34.75
2026-10-05 08:27:46,44.584015,38.031133,35.13
2026-10-05 08:27:47,44.583932,38.031362,35.5
2026-10-05 08:27:48,44.583849,38.031591,35.83
2026-10-05 08:27:50,44.583766,38.031822,36.13
2026-10-05 08:27:51,44.583683,38.032053,36.41
2026-10-05 08:27:52,44.5836,38.032286,36.65
2026-10-05 08:27:54,44.583517,38.032519,36.87
2026-10-05 08:27:55,44.583434,38.032753,37.05
2026-10-05 08:27:57,44.58335,38.032988,37.19
2026-10-05 08:27:58,44.583267,38.033224,37.3
2026-10-05 08:28:00,44.583183,38.033461,37.38
2026-10-05 08:28:01,44.583099,38.033698,37.42
2026-10-05 08:28:02,44.583015,38.033937,37.43
2026-10-05 08:28:04,44.582931,38.034177,37.4
2026-10-05 08:28:05,44.582847,38.034417,37.34
2026-10-05 08:28:07,44.582762,38.034658,37.24
2026-10-05 08:28:09,44.582677,38.0349,37.12
2026-10-05 08:28:10,44.582592,38.035143,36.96
2026-10-05 08:28:12,44.582506,38.035387,36.77
2026-10-05 08:28:13,44.58242,38.035632,36.56
2026-10-05 08:28:15,44.582334,38.035877,36.32
2026-10-05 08:28:16,44.582248,38.036123,36.05
2026-10-05 08:28:17,44.582161,38.03637,35.76
2026-10-05 08:28:18,44.582074,38.036617,35.45
2026-10-05 08:28:20,44.581986,38.036865,35.12
2026-10-05 08:28:21,44.581898,38.037113,34.77
2026-10-05 08:28:23,44.58181,38.037362,34.4
2026-10-05 08:28:25,44.581721,38.037612,34.03
2026-10-05 08:28:26,44.581631,38.037861,33.64
2026-10-05 08:28:28,44.581542,38.038112,33.24
2026-10-05 08:28:29,44.581451,38.038362,32.84
2026-10-05 08:28:30,44.581361,38.038613,32.43
2026-10-05 08:28:32,44.581269,38.038864,32.02
2026-10-05 08:28:33,44.581178,38.039115,31.6
2026-10-05 08:28:35,44.581085,38.039366,31.2
2026-10-05 08:28:37,44.580992,38.039617,30.79
2026-10-05 08:28:38,44.580899,38.039868,30.39
2026-10-05 08:28:40,44.580805,38.040119,30.0
2026-10-05 08:28:41,44.58071,38.040369,29.62
2026-10-05 08:28:43,44.580615,38.04062,29.24
2026-10-05 08:28:45,44.58052,38.04087,28.88
2026-10-05 08:28:47,44.580423,38.04112,28.54
2026-10-05 08:28:49,44.580327,38.041369,28.2
2026-10-05 08:28:50,44.580229,38.041618,27.88
2026-10-05 08:28:51,44.580131,38.041866,27.58
2026-10-05 08:28:52,44.580033,38.042113,27.3
2026-10-05 08:28:54,44.579934,38.04236,27.03
2026-10-05 08:28:56,44.579834,38.042605,26.78
2026-10-05 08:28:58,44.579733,38.04285,26.54
2026-10-05 08:28:59,44.579633,38.043094,26.32
2026-10-05 08:29:00,44.579531,38.043337,26.12
2026-10-05 08:29:02,44.579429,38.043579,25.94
2026-10-05 08:29:03,44.579326,38.04382,25.77
2026-10-05 08:29:05,44.579223,38.04406,25.61
2026-10-05 08:29:06,44.57912,38.044298,25.47
2026-10-05 08:29:08,44.579015,38.044535,25.34
2026-10-05 08:29:09,44.578911,38.044771,25.21
2026-10-05 08:29:10,44.578806,38.045006,25.1
2026-10-05 08:29:11,44.5787,38.045239,25.0
2026-10-05 08:29:13,44.578594,38.045471,24.9
2026-10-05 08:29:14,44.578487,38.045701,24.8
2026-10-05 08:29:16,44.57838,38.045929,24.71
2026-10-05 08:29:17,44.578273,38.046156,24.61
2026-10-05 08:29:18,44.578165,38.046382,24.52
2026-10-05 08:29:19,44.578057,38.046606,24.41
2026-10-05 08:29:21,44.577948,38.046828,24.3
2026-10-05 08:29:22,44.577839,38.047049,24.19
2026-10-05 08:29:23,44.57773,38.047268,24.05
2026-10-05 08:29:24,44.57762,38.047486,23.91
2026-10-05 08:29:26,44.577511,38.047702,23.75
2026-10-05 08:29:28,44.577401,38.047916,23.57
2026-10-05 08:29:29,44.577291,38.048129,23.37
2026-10-05 08:29:31,44.57718,38.04834,23.15
2026-10-05 08:29:32,44.57707,38.04855,22.9
2026-10-05 08:29:34,44.576959,38.048758,22.62
2026-10-05 08:29:35,44.576849,38.048965,22.32
2026-10-05 08:29:36,44.576738,38.04917,21.99
2026-10-05 08:29:38,44.576627,38.049374,21.62
2026-10-05 08:29:39,44.576517,38.049577,21.23
2026-10-05 08:29:40,44.576406,38.049778,20.8
2026-10-05 08:29:41,44.576296,38.049978,20.33
2026-10-05 08:29:42,44.576185,38.050177,19.83
2026-10-05 08:29:43,44.576075,38.050374,19.29
2026-10-05 08:29:45,44.575965,38.050571,18.72
2026-10-05 08:29:46,44.575855,38.050766,18.1
2026-10-05 08:29:47,44.575746,38.050961,17.46
2026-10-05 08:29:48,44.575636,38.051155,16.77
2026-10-05 08:29:49,44.575527,38.051348,16.05
2026-10-05 08:29:50,44.575419,38.05154,15.29
2026-10-05 08:29:52,44.575311,38.051732,14.5
2026-10-05 08:29:54,44.575203,38.051923,13.67
2026-10-05 08:29:55,44.575096,38.052113,12.81
2026-10-05 08:29:56,44.574989,38.052304,11.92
2026-10-05 08:29:57,44.574883,38.052494,10.99
2026-10-05 08:29:58,44.574777,38.052684,10.04
2026-10-05 08:30:00,44.574672,38.052874,9.07
2026-10-05 08:30:01,44.574567,38.053064,8.07
2026-10-05 08:30:02,44.574463,38.053254,7.05
2026-10-05 08:30:03,44.57436,38.053444,6.01
2026-10-05 08:30:04,44.574258,38.053634,5.0
2026-10-05 08:30:06,44.574156,38.053825,5.0
2026-10-05 08:30:07,44.574055,38.054017,5.0
2026-10-05 08:30:08,44.573954,38.054209,5.0
2026-10-05 08:30:09,44.573855,38.054402,5.0
2026-10-05 08:30:10,44.573756,38.054595,5.0
2026-10-05 08:30:11,44.573658,38.05479,5.0
2026-10-05 08:30:12,44.573561,38.054985,5.0
2026-10-05 08:30:13,44.573465,38.055181,5.0
2026-10-05 08:30:15,44.57337,38.055379,5.0
2026-10-05 08:30:16,44.573275,38.055577,5.0
2026-10-05 08:30:17,44.573182,38.055777,5.0
2026-10-05 08:30:18,44.573089,38.055979,5.0
2026-10-05 08:30:20,44.572997,38.056181,5.0
2026-10-05 08:30:21,44.572907,38.056386,5.0
2026-10-05 08:30:22,44.572817,38.056591,5.0
2026-10-05 08:30:23,44.572728,38.056799,5.0
2026-10-05 08:30:24,44.57264,38.057008,5.0
2026-10-05 08:30:25,44.572553,38.057218,5.0
2026-10-05 08:30:26,44.572467,38.057431,5.0
2026-10-05 08:30:28,44.572381,38.057645,5.0
2026-10-05 08:30:29,44.572297,38.057861,5.0
2026-10-05 08:30:30,44.572213,38.058079,5.0
2026-10-05 08:30:32,44.572131,38.058298,5.0
2026-10-05 08:30:33,44.572049,38.05852,5.0
2026-10-05 08:30:34,44.571968,38.058743,5.0
2026-10-05 08:30:36,44.571888,38.058968,5.0
2026-10-05 08:30:37,44.571809,38.059195,5.0
2026-10-05 08:30:38,44.57173,38.059425,5.0
2026-10-05 08:30:39,44.571653,38.059655,5.0
2026-10-05 08:30:41,44.571576,38.059888,5.0
2026-10-05 08:30:42,44.571499,38.060123,5.0
2026-10-05 08:30:43,44.571424,38.060359,5.0
2026-10-05 08:30:45,44.571349,38.060597,5.0
2026-10-05 08:30:46,44.571275,38.060837,5.0
2026-10-05 08:30:47,44.571201,38.061079,5.0
2026-10-05 08:30:48,44.571128,38.061322,5.0
2026-10-05 08:30:50,44.571055,38.061567,5.0
2026-10-05 08:30:51,44.570983,38.061814,5.0
2026-10-05 08:30:53,44.570911,38.062062,5.0
2026-10-05 08:30:54,44.57084,38.062311,5.0
2026-10-05 08:30:55,44.570769,38.062562,5.0
2026-10-05 08:30:57,44.570699,38.062814,5.0
2026-10-05 08:30:59,44.570628,38.063067,5.0
2026-10-05 08:31:00,44.570558,38.063322,5.0
2026-10-05 08:31:02,44.570489,38.063577,5.0
2026-10-05 08:31:03,44.570419,38.063834,5.0
2026-10-05 08:31:04,44.570349,38.064091,5.0
2026-10-05 08:31:06,44.57028,38.064349,5.0
2026-10-05 08:31:07,44.57021,38.064608,5.0
2026-10-05 08:31:09,44.570141,38.064868,5.0
2026-10-05 08:31:10,44.570071,38.065128,5.0
2026-10-05 08:31:12,44.570002,38.065388,5.0
2026-10-05 08:31:13,44.569932,38.065649,5.0
2026-10-05 08:31:15,44.569862,38.06591,5.0
2026-10-05 08:31:16,44.569792,38.066172,5.0
2026-10-05 08:31:18,44.569721,38.066433,5.0
2026-10-05 08:31:19,44.56965,38.066695,5.0
2026-10-05 08:31:20,44.569579,38.066956,5.0
2026-10-05 08:31:21,44.569507,38.067217,5.0
2026-10-05 08:31:23,44.569435,38.067478,5.0
2026-10-05 08:31:24,44.569362,38.067739,5.0
2026-10-05 08:31:26,44.569289,38.067999,5.0
2026-10-05 08:31:27,44.569215,38.068258,5.0
2026-10-05 08:31:29,44.569141,38.068517,5.0
2026-10-05 08:31:31,44.569066,38.068775,5.0
2026-10-05 08:31:32,44.56899,38.069032,5.0
2026-10-05 08:31:33,44.568914,38.069289,5.0
2026-10-05 08:31:35,44.568836,38.069545,5.0
2026-10-05 08:31:37,44.568759,38.069799,5.0
2026-10-05 08:31:38,44.56868,38.070053,5.0
2026-10-05 08:31:40,44.5686,38.070305,5.0
2026-10-05 08:31:41,44.56852,38.070556,5.0
2026-10-05 08:31:42,44.568439,38.070806,5.0
2026-10-05 08:31:44,44.568357,38.071055,5.0
2026-10-05 08:31:46,44.568274,38.071303,5.0
2026-10-05 08:31:47,44.56819,38.071549,5.0
2026-10-05 08:31:48,44.568105,38.071793,5.0
2026-10-05 08:31:50,44.568019,38.072037,5.0
2026-10-05 08:31:51,44.567932,38.072279,5.0
2026-10-05 08:31:52,44.567845,38.072519,5.0
2026-10-05 08:31:53,44.567756,38.072758,5.0
2026-10-05 08:31:55,44.567667,38.072995,5.0
2026-10-05 08:31:56,44.567576,38.073231,5.0
2026-10-05 08:31:57,44.567485,38.073465,5.0
2026-10-05 08:31:59,44.567393,38.073698,5.0
2026-10-05 08:32:00,44.5673,38.073929,5.0
2026-10-05 08:32:02,44.567206,38.074159,5.0
2026-10-05 08:32:04,44.567111,38.074388,5.0
2026-10-05 08:32:05,44.567015,38.074614,5.0
2026-10-05 08:32:06,44.566918,38.07484,5.0
2026-10-05 08:32:08,44.566821,38.075064,5.0
2026-10-05 08:32:09,44.566722,38.075287,5.0
2026-10-05 08:32:10,44.566623,38.075508,5.0
2026-10-05 08:32:12,44.566523,38.075728,5.0
2026-10-05 08:32:13,44.566423,38.075946,5.0
2026-10-05 08:32:14,44.566321,38.076164,5.0
2026-10-05 08:32:16,44.56622,38.07638,5.0
2026-10-05 08:32:17,44.566117,38.076595,5.0
2026-10-05 08:32:18,44.566014,38.076809,5.0
2026-10-05 08:32:19,44.56591,38.077022,5.0
2026-10-05 08:32:20,44.565805,38.077234,5.0
2026-10-05 08:32:21,44.565701,38.077445,5.0
2026-10-05 08:32:22,44.565595,38.077655,5.0
2026-10-05 08:32:23,44.56549,38.077864,5.0
2026-10-05 08:32:25,44.565383,38.078073,5.0
2026-10-05 08:32:26,44.565277,38.07828,5.0
2026-10-05 08:32:27,44.56517,38.078488,5.0
2026-10-05 08:32:29,44.565063,38.078694,5.0
2026-10-05 08:32:30,44.564956,38.0789,5.0
2026-10-05 08:32:31,44.564848,38.079106,5.0
2026-10-05 08:32:32,44.564741,38.079311,5.0
2026-10-05 08:32:34,44.564633,38.079516,5.0
2026-10-05 08:32:35,44.564525,38.079721,5.0
2026-10-05 08:32:37,44.564418,38.079925,5.0
2026-10-05 08:32:38,44.56431,38.08013,5.0
2026-10-05 08:32:39,44.564202,38.080334,5.0
2026-10-05 08:32:40,44.564095,38.080538,5.0
2026-10-05 08:32:41,44.563987,38.080743,5.0
2026-10-05 08:32:43,44.56388,38.080947,5.0
2026-10-05 08:32:44,44.563773,38.081152,5.0
2026-10-05 08:32:45,44.563666,38.081357,5.0
2026-10-05 08:32:46,44.563559,38.081562,5.0
2026-10-05 08:32:47,44.563453,38.081767,5.0
2026-10-05 08:32:48,44.563347,38.081973,5.0
2026-10-05 08:32:49,44.563241,38.082179,5.0
2026-10-05 08:32:51,44.563136,38.082386,5.0
2026-10-05 08:32:52,44.563032,38.082593,5.0
2026-10-05 08:32:53,44.562927,38.082801,5.0
2026-10-05 08:32:54,44.562823,38.083009,5.0
2026-10-05 08:32:55,44.56272,38.083218,5.0
2026-10-05 08:32:57,44.562617,38.083428,5.0
2026-10-05 08:32:58,44.562515,38.083638,5.0
2026-10-05 08:32:59,44.562413,38.083849,5.0
2026-10-05 08:33:00,44.562312,38.08406,5.0
2026-10-05 08:33:02,44.562212,38.084273,5.0
2026-10-05 08:33:04,44.562112,38.084486,5.0
2026-10-05 08:33:05,44.562012,38.0847,5.0
2026-10-05 08:33:06,44.561914,38.084914,5.29
2026-10-05 08:33:08,44.561816,38.085129,5.78
2026-10-05 08:33:09,44.561718,38.085345,6.23
2026-10-05 08:33:10,44.561622,38.085562,6.64
2026-10-05 08:33:12,44.561525,38.08578,7.01
2026-10-05 08:33:13,44.56143,38.085998,7.33
2026-10-05 08:33:15,44.561335,38.086218,7.61
2026-10-05 08:33:16,44.561241,38.086438,7.85
2026-10-05 08:33:18,44.561147,38.086658,8.05
2026-10-05 08:33:19,44.561054,38.08688,8.2
2026-10-05 08:33:20,44.560961,38.087102,8.31
2026-10-05 08:33:21,44.560869,38.087325,8.39
2026-10-05 08:33:23,44.560777,38.087549,8.42
2026-10-05 08:33:24,44.560686,38.087774,8.42
2026-10-05 08:33:25,44.560596,38.087999,8.38
2026-10-05 08:33:26,44.560506,38.088225,8.3
2026-10-05 08:33:28,44.560416,38.088451,8.19
2026-10-05 08:33:29,44.560327,38.088678,8.05
2026-10-05 08:33:31,44.560238,38.088906,7.89
2026-10-05 08:33:32,44.56015,38.089134,7.69
2026-10-05 08:33:33,44.560062,38.089363,7.47
2026-10-05 08:33:35,44.559974,38.089592,7.24
2026-10-05 08:33:36,44.559887,38.089822,6.98
2026-10-05 08:33:37,44.5598,38.090052,6.71
2026-10-05 08:33:38,44.559714,38.090283,6.42
2026-10-05 08:33:39,44.559627,38.090514,6.13
2026-10-05 08:33:40,44.559541,38.090746,5.83
2026-10-05 08:33:42,44.559455,38.090977,5.52
2026-10-05 08:33:44,44.55937,38.09121,5.22
2026-10-05 08:33:46,44.559284,38.091442,5.0
2026-10-05 08:33:47,44.559199,38.091675,5.0
2026-10-05 08:33:48,44.559114,38.091908,5.0
2026-10-05 08:33:49,44.559029,38.092141,5.0
2026-10-05 08:33:50,44.558944,38.092374,5.0
2026-10-05 08:33:52,44.558859,38.092608,5.0
2026-10-05 08:33:53,44.558774,38.092841,5.0
2026-10-05 08:33:55,44.558689,38.093075,5.0
2026-10-05 08:33:56,44.558604,38.093309,5.0
2026-10-05 08:33:58,44.558519,38.093543,5.0
2026-10-05 08:33:59,44.558434,38.093777,5.0
2026-10-05 08:34:01,44.558349,38.094011,5.0
2026-10-05 08:34:02,44.558264,38.094245,5.0
2026-10-05 08:34:03,44.558179,38.094479,5.0
2026-10-05 08:34:05,44.558094,38.094712,5.0
2026-10-05 08:34:06,44.558008,38.094946,5.0
2026-10-05 08:34:07,44.557923,38.09518,5.0
2026-10-05 08:34:08,44.557837,38.095414,5.0
2026-10-05 08:34:10,44.557752,38.095647,5.0
2026-10-05 08:34:11,44.557666,38.095881,5.0
2026-10-05 08:34:13,44.55758,38.096114,5.0
2026-10-05 08:34:15,44.557493,38.096347,5.0
2026-10-05 08:34:16,44.557407,38.09658,5.0
2026-10-05 08:34:17,44.55732,38.096813,5.0
2026-10-05 08:34:19,44.557234,38.097046,5.0
2026-10-05 08:34:20,44.557147,38.097278,5.0
2026-10-05 08:34:21,44.55706,38.09751,5.1
2026-10-05 08:34:23,44.556972,38.097743,5.56
2026-10-05 08:34:24,44.556885,38.097975,6.04
2026-10-05 08:34:25,44.556797,38.098207,6.55
2026-10-05 08:34:27,44.556709,38.098438,7.09
2026-10-05 08:34:28,44.556621,38.09867,7.65
2026-10-05 08:34:29,44.556533,38.098901,8.24
2026-10-05 08:34:31,44.556445,38.099132,8.85
2026-10-05 08:34:32,44.556356,38.099363,9.48
2026-10-05 08:34:33,44.556267,38.099594,10.12
2026-10-05 08:34:34,44.556178,38.099824,10.78
2026-10-05 08:34:35,44.556089,38.100055,11.45
2026-10-05 08:34:36,44.556,38.100285,12.13
2026-10-05 08:34:38,44.55591,38.100515,12.82
2026-10-05 08:34:39,44.555821,38.100745,13.51
2026-10-05 08:34:41,44.555731,38.100975,14.21
2026-10-05 08:34:42,44.555641,38.101205,14.91
2026-10-05 08:34:43,44.555551,38.101435,15.6
2026-10-05 08:34:44,44.555461,38.101664,16.3
2026-10-05 08:34:46,44.555371,38.101893,16.99
2026-10-05 08:34:47,44.55528,38.102123,17.67
2026-10-05 08:34:48,44.55519,38.102352,18.34
2026-10-05 08:34:50,44.555099,38.102581,19.0
2026-10-05 08:34:51,44.555008,38.10281,19.65
2026-10-05 08:34:52,44.554918,38.103039,20.29
2026-10-05 08:34:53,44.554827,38.103267,20.92
2026-10-05 08:34:55,44.554736,38.103496,21.52
2026-10-05 08:34:56,44.554644,38.103725,22.12
2026-10-05 08:34:58,44.554553,38.103953,22.69
2026-10-05 08:34:59,44.554462,38.104182,23.25
2026-10-05 08:35:01,44.55437,38.10441,23.8
2026-10-05 08:35:02,44.554279,38.104638,24.32
2026-10-05 08:35:03,44.554187,38.104867,24.83
2026-10-05 08:35:04,44.554095,38.105095,25.32
2026-10-05 08:35:06,44.554003,38.105323,25.79
2026-10-05 08:35:08,44.553911,38.105551,26.25
2026-10-05 08:35:09,44.553819,38.105779,26.7
2026-10-05 08:35:10,44.553727,38.106007,27.13
2026-10-05 08:35:12,44.553635,38.106235,27.54
2026-10-05 08:35:13,44.553542,38.106463,27.95
2026-10-05 08:35:15,44.55345,38.106691,28.34
2026-10-05 08:35:16,44.553357,38.106919,28.73
2026-10-05 08:35:17,44.553264,38.107147,29.11
2026-10-05 08:35:18,44.553171,38.107374,29.49
2026-10-05 08:35:20,44.553078,38.107602,29.86
2026-10-05 08:35:21,44.552985,38.10783,30.23
2026-10-05 08:35:22,44.552891,38.108057,30.61
2026-10-05 08:35:24,44.552798,38.108284,30.99
2026-10-05 08:35:25,44.552704,38.108512,31.37
2026-10-05 08:35:26,44.55261,38.108739,31.76
2026-10-05 08:35:27,44.552516,38.108966,32.16
2026-10-05 08:35:29,44.552422,38.109193,32.57
2026-10-05 08:35:30,44.552328,38.10942,33.0
2026-10-05 08:35:32,44.552233,38.109646,33.44
2026-10-05 08:35:33,44.552138,38.109873,33.9
2026-10-05 08:35:34,44.552043,38.110099,34.39
2026-10-05 08:35:36,44.551948,38.110325,34.89
2026-10-05 08:35:38,44.551852,38.110551,35.42
2026-10-05 08:35:39,44.551757,38.110777,35.97
2026-10-05 08:35:40,44.551661,38.111003,36.55
2026-10-05 08:35:42,44.551565,38.111228,37.17
2026-10-05 08:35:43,44.551469,38.111453,37.81
2026-10-05 08:35:45,44.551372,38.111678,38.48
2026-10-05 08:35:47,44.551276,38.111903,39.18
2026-10-05 08:35:48,44.551179,38.112128,39.92
2026-10-05 08:35:50,44.551082,38.112352,40.69
2026-10-05 08:35:51,44.550984,38.112576,41.49
2026-10-05 08:35:52,44.550887,38.1128,42.33
2026-10-05 08:35:54,44.55079,38.113023,43.2
2026-10-05 08:35:55,44.550692,38.113246,44.11
2026-10-05 08:35:56,44.550594,38.113469,45.05
2026-10-05 08:35:57,44.550496,38.113692,46.02
2026-10-05 08:35:59,44.550398,38.113914,47.02
2026-10-05 08:36:00,44.550299,38.114136,48.05
2026-10-05 08:36:01,44.550201,38.114357,49.12
2026-10-05 08:36:02,44.550102,38.114579,50.21
2026-10-05 08:36:03,44.550004,38.1148,51.32
2026-10-05 08:36:05,44.549905,38.11502,52.46
2026-10-05 08:36:06,44.549807,38.11524,53.63
2026-10-05 08:36:07,44.549708,38.11546,54.81
2026-10-05 08:36:09,44.549609,38.11568,56.01
2026-10-05 08:36:10,44.549511,38.115899,57.23
2026-10-05 08:36:11,44.549412,38.116118,58.46
2026-10-05 08:36:13,44.549313,38.116336,59.7
2026-10-05 08:36:14,44.549215,38.116555,60.94
2026-10-05 08:36:15,44.549117,38.116772,62.19
2026-10-05 08:36:17,44.549018,38.11699,63.45
2026-10-05 08:36:18,44.54892,38.117207,64.7
2026-10-05 08:36:20,44.548822,38.117424,65.94
2026-10-05 08:36:21,44.548725,38.117641,67.18
2026-10-05 08:36:22,44.548627,38.117857,68.41
2026-10-05 08:36:23,44.54853,38.118073,69.62
2026-10-05 08:36:24,44.548433,38.118288,70.82
2026-10-05 08:36:25,44.548337,38.118504,72.0
2026-10-05 08:36:27,44.548241,38.118719,73.15
2026-10-05 08:36:28,44.548145,38.118934,74.28
2026-10-05 08:36:30,44.54805,38.119148,75.39
2026-10-05 08:36:31,44.547955,38.119363,76.46
2026-10-05 08:36:32,44.54786,38.119577,77.5
2026-10-05 08:36:33,44.547766,38.119791,78.5
2026-10-05 08:36:34,44.547673,38.120005,79.46
2026-10-05 08:36:35,44.54758,38.120218,80.39
2026-10-05 08:36:36,44.547487,38.120432,81.27
2026-10-05 08:36:38,44.547395,38.120645,82.12
2026-10-05 08:36:39,44.547304,38.120858,82.91
2026-10-05 08:36:41,44.547213,38.121072,83.66
2026-10-05 08:36:42,44.547123,38.121285,84.37
2026-10-05 08:36:43,44.547033,38.121498,85.03
2026-10-05 08:36:44,44.546945,38.121711,85.64
2026-10-05 08:36:46,44.546856,38.121924,86.2
2026-10-05 08:36:47,44.546769,38.122137,86.71
2026-10-05 08:36:48,44.546682,38.12235,87.17
2026-10-05 08:36:50,44.546596,38.122564,87.59
2026-10-05 08:36:51,44.54651,38.122777,87.96
2026-10-05 08:36:52,44.546425,38.122991,88.28
2026-10-05 08:36:53,44.546341,38.123204,88.55
2026-10-05 08:36:55,44.546258,38.123418,88.78
2026-10-05 08:36:56,44.546175,38.123632,88.97
2026-10-05 08:36:57,44.546093,38.123847,89.11
2026-10-05 08:36:58,44.546011,38.124061,89.22
2026-10-05 08:37:00,44.54593,38.124276,89.28
2026-10-05 08:37:01,44.54585,38.124491,89.31
2026-10-05 08:37:02,44.54577,38.124707,89.3
2026-10-05 08:37:03,44.545691,38.124923,89.26
2026-10-05 08:37:04,44.545613,38.125139,89.2
2026-10-05 08:37:05,44.545535,38.125356,89.1
2026-10-05 08:37:06,44.545458,38.125573,88.98
2026-10-05 08:37:08,44.545381,38.125791,88.84
2026-10-05 08:37:09,44.545305,38.126009,88.68
2026-10-05 08:37:10,44.545229,38.126228,88.5
2026-10-05 08:37:11,44.545154,38.126447,88.3
2026-10-05 08:37:12,44.545079,38.126667,88.1
2026-10-05 08:37:13,44.545004,38.126888,87.89
2026-10-05 08:37:14,44.54493,38.127109,87.67
2026-10-05 08:37:15,44.544856,38.127331,87.44
2026-10-05 08:37:17,44.544782,38.127553,87.22
2026-10-05 08:37:18,44.544708,38.127776,87.0
2026-10-05 08:37:20,44.544635,38.128,86.78
2026-10-05 08:37:21,44.544562,38.128224,86.57
2026-10-05 08:37:22,44.544488,38.128449,86.36
2026-10-05 08:37:23,44.544415,38.128675,86.17
2026-10-05 08:37:24,44.544342,38.128902,85.98
2026-10-05 08:37:26,44.544269,38.129129,85.82
2026-10-05 08:37:27,44.544195,38.129357,85.66
2026-10-05 08:37:28,44.544122,38.129586,85.52
2026-10-05 08:37:29,44.544048,38.129816,85.41
2026-10-05 08:37:30,44.543974,38.130047,85.3
2026-10-05 08:37:32,44.5439,38.130278,85.22
2026-10-05 08:37:33,44.543825,38.13051,85.16
2026-10-05 08:37:34,44.54375,38.130743,85.12
2026-10-05 08:37:36,44.543675,38.130977,85.1
2026-10-05 08:37:37,44.543599,38.131212,85.1
2026-10-05 08:37:39,44.543522,38.131447,85.12
2026-10-05 08:37:40,44.543445,38.131684,85.16
2026-10-05 08:37:42,44.543368,38.131921,85.22
2026-10-05 08:37:44,44.543289,38.132159,85.3
2026-10-05 08:37:45,44.54321,38.132398,85.4
2026-10-05 08:37:46,44.54313,38.132637,85.52
2026-10-05 08:37:47,44.54305,38.132877,85.65
2026-10-05 08:37:49,44.542969,38.133119,85.79
2026-10-05 08:37:50,44.542886,38.13336,85.95
2026-10-05 08:37:51,44.542803,38.133603,86.12
2026-10-05 08:37:53,44.542719,38.133846,86.3
2026-10-05 08:37:54,44.542634,38.134091,86.49
2026-10-05 08:37:56,44.542548,38.134335,86.68
2026-10-05 08:37:57,44.542461,38.134581,86.88
2026-10-05 08:37:59,44.542373,38.134827,87.07
2026-10-05 08:38:00,44.542284,38.135074,87.27
2026-10-05 08:38:01,44.542194,38.135321,87.47
2026-10-05 08:38:03,44.542103,38.13557,87.66
2026-10-05 08:38:05,44.542011,38.135818,87.85
2026-10-05 08:38:06,44.541917,38.136067,88.03
2026-10-05 08:38:08,44.541823,38.136317,88.2
2026-10-05 08:38:10,44.541727,38.136567,88.35
2026-10-05 08:38:11,44.54163,38.136818,88.5
2026-10-05 08:38:13,44.541532,38.137069,88.62
2026-10-05 08:38:14,44.541434,38.137321,88.74
2026-10-05 08:38:15,44.541333,38.137573,88.83
2026-10-05 08:38:17,44.541232,38.137825,88.9
2026-10-05 08:38:19,44.54113,38.138078,88.95
2026-10-05 08:38:20,44.541027,38.138331,88.98
2026-10-05 08:38:22,44.540922,38.138584,88.98
2026-10-05 08:38:24,44.540817,38.138838,88.96
2026-10-05 08:38:25,44.540711,38.139091,88.92
2026-10-05 08:38:27,44.540603,38.139345,88.85
2026-10-05 08:38:29,44.540495,38.139599,88.76
2026-10-05 08:38:30,44.540385,38.139853,88.64
2026-10-05 08:38:31,44.540275,38.140107,88.49
2026-10-05 08:38:33,44.540164,38.140361,88.32
2026-10-05 08:38:34,44.540052,38.140614,88.13
2026-10-05 08:38:36,44.539939,38.140868,87.91
2026-10-05 08:38:37,44.539826,38.141122,87.67
2026-10-05 08:38:39,44.539712,38.141375,87.41
2026-10-05 08:38:41,44.539597,38.141629,87.12
2026-10-05 08:38:42,44.539481,38.141882,86.82
2026-10-05 08:38:43,44.539365,38.142135,86.5
2026-10-05 08:38:45,44.539249,38.142387,86.17
2026-10-05 08:38:47,44.539131,38.142639,85.82
2026-10-05 08:38:48,44.539014,38.142891,85.46
2026-10-05 08:38:50,44.538896,38.143142,85.09
2026-10-05 08:38:51,44.538778,38.143393,84.72
2026-10-05 08:38:52,44.538659,38.143644,84.34
2026-10-05 08:38:54,44.538541,38.143894,83.95
2026-10-05 08:38:56,44.538422,38.144143,83.57
2026-10-05 08:38:57,44.538303,38.144391,83.19
2026-10-05 08:38:59,44.538184,38.144639,82.81
2026-10-05 08:39:01,44.538064,38.144887,82.45
2026-10-05 08:39:02,44.537945,38.145133,82.09
2026-10-05 08:39:04,44.537827,38.145379,81.75
2026-10-05 08:39:06,44.537708,38.145624,81.42
2026-10-05 08:39:08,44.537589,38.145869,81.11
2026-10-05 08:39:10,44.537471,38.146112,80.82
2026-10-05 08:39:11,44.537353,38.146355,80.56
2026-10-05 08:39:12,44.537236,38.146597,80.32
2026-10-05 08:39:14,44.537119,38.146838,80.11
2026-10-05 08:39:15,44.537002,38.147077,79.93
2026-10-05 08:39:16,44.536886,38.147316,79.78
2026-10-05 08:39:18,44.53677,38.147554,79.67
2026-10-05 08:39:20,44.536656,38.147792,79.59
2026-10-05 08:39:21,44.536541,38.148028,79.54
2026-10-05 08:39:22,44.536428,38.148262,79.54
2026-10-05 08:39:24,44.536315,38.148496,79.57
2026-10-05 08:39:25,44.536203,38.148729,79.65
2026-10-05 08:39:27,44.536092,38.148961,79.77
2026-10-05 08:39:29,44.535982,38.149192,79.92
2026-10-05 08:39:30,44.535873,38.149421,80.12
2026-10-05 08:39:31,44.535765,38.14965,80.37
2026-10-05 08:39:33,44.535657,38.149877,80.65
2026-10-05 08:39:34,44.535551,38.150104,80.97
2026-10-05 08:39:36,44.535446,38.150329,81.34
2026-10-05 08:39:37,44.535341,38.150553,81.74
2026-10-05 08:39:38,44.535238,38.150776,82.19
2026-10-05 08:39:39,44.535136,38.150998,82.67
2026-10-05 08:39:40,44.535035,38.151218,83.18
2026-10-05 08:39:41,44.534935,38.151438,83.74
2026-10-05 08:39:42,44.534837,38.151657,84.32
2026-10-05 08:39:44,44.534739,38.151874,84.94
2026-10-05 08:39:45,44.534643,38.15209,85.58
2026-10-05 08:39:46,44.534548,38.152305,86.25
2026-10-05 08:39:48,44.534454,38.15252,86.95
2026-10-05 08:39:49,44.534361,38.152733,87.66
2026-10-05 08:39:50,44.534269,38.152945,88.4
2026-10-05 08:39:51,44.534179,38.153156,89.15
2026-10-05 08:39:53,44.534089,38.153366,89.91
2026-10-05 08:39:54,44.534001,38.153575,90.69
2026-10-05 08:39:55,44.533914,38.153783,91.47
2026-10-05 08:39:56,44.533828,38.153991,92.25
2026-10-05 08:39:57,44.533743,38.154197,93.04
2026-10-05 08:39:59,44.533659,38.154402,93.83
2026-10-05 08:40:00,44.533577,38.154607,94.61
2026-10-05 08:40:01,44.533495,38.154811,95.38
2026-10-05 08:40:02,44.533414,38.155014,96.14
2026-10-05 08:40:03,44.533335,38.155216,96.89
2026-10-05 08:40:05,44.533256,38.155417,97.62
2026-10-05 08:40:06,44.533178,38.155618,98.33
2026-10-05 08:40:07,44.533102,38.155818,99.02
2026-10-05 08:40:09,44.533026,38.156017,99.69
2026-10-05 08:40:10,44.532951,38.156216,100.33
2026-10-05 08:40:12,44.532876,38.156415,100.95
2026-10-05 08:40:13,44.532803,38.156612,101.53
2026-10-05 08:40:14,44.53273,38.15681,102.08
2026-10-05 08:40:15,44.532658,38.157006,102.6
2026-10-05 08:40:16,44.532587,38.157203,103.08
2026-10-05 08:40:17,44.532516,38.157399,103.52
2026-10-05 08:40:18,44.532446,38.157595,103.93
2026-10-05 08:40:19,44.532376,38.15779,104.3
2026-10-05 08:40:21,44.532307,38.157985,104.64
2026-10-05 08:40:22,44.532239,38.15818,104.93
2026-10-05 08:40:23,44.53217,38.158375,105.18
2026-10-05 08:40:24,44.532103,38.15857,105.4
2026-10-05 08:40:25,44.532035,38.158765,105.57
2026-10-05 08:40:27,44.531968,38.158959,105.71
2026-10-05 08:40:28,44.531901,38.159154,105.81
2026-10-05 08:40:30,44.531834,38.159349,105.87
2026-10-05 08:40:30,44.531767,38.159543,105.9
2026-10-05 08:40:32,44.5317,38.159738,105.89
2026-10-05 08:40:33,44.531634,38.159934,105.85
2026-10-05 08:40:34,44.531567,38.160129,105.78
2026-10-05 08:40:35,44.531501,38.160325,105.68
2026-10-05 08:40:36,44.531434,38.160521,105.55
2026-10-05 08:40:37,44.531367,38.160717,105.39
2026-10-05 08:40:38,44.531301,38.160913,105.21
2026-10-05 08:40:39,44.531234,38.161111,105.0
2026-10-05 08:40:40,44.531166,38.161308,104.78
2026-10-05 08:40:41,44.531099,38.161506,104.54
2026-10-05 08:40:43,44.531031,38.161705,104.28
2026-10-05 08:40:44,44.530963,38.161904,104.01
2026-10-05 08:40:45,44.530894,38.162104,103.73
2026-10-05 08:40:46,44.530825,38.162304,103.45
2026-10-05 08:40:47,44.530755,38.162505,103.15
2026-10-05 08:40:48,44.530686,38.162707,102.85
2026-10-05 08:40:49,44.530615,38.16291,102.56
2026-10-05 08:40:50,44.530544,38.163113,102.26
2026-10-05 08:40:51,44.530473,38.163317,101.96
2026-10-05 08:40:52,44.530401,38.163522,101.67
2026-10-05 08:40:53,44.530328,38.163728,101.39
2026-10-05 08:40:55,44.530254,38.163934,101.12
2026-10-05 08:40:56,44.53018,38.164142,100.85
2026-10-05 08:40:57,44.530106,38.16435,100.6
2026-10-05 08:40:58,44.53003,38.164559,100.36
2026-10-05 08:40:59,44.529954,38.16477,100.14
2026-10-05 08:41:01,44.529878,38.164981,99.93
2026-10-05 08:41:02,44.5298,38.165193,99.74
2026-10-05 08:41:03,44.529722,38.165406,99.57
2026-10-05 08:41:04,44.529643,38.165621,99.41
2026-10-05 08:41:06,44.529563,38.165836,99.27
2026-10-05 08:41:07,44.529482,38.166052,99.15
2026-10-05 08:41:08,44.529401,38.166269,99.05
2026-10-05 08:41:09,44.529319,38.166487,98.96
2026-10-05 08:41:11,44.529236,38.166707,98.9
2026-10-05 08:41:12,44.529152,38.166927,98.85
2026-10-05 08:41:13,44.529067,38.167148,98.81
2026-10-05 08:41:14,44.528982,38.167371,98.79
2026-10-05 08:41:15,44.528896,38.167594,98.79
2026-10-05 08:41:16,44.528809,38.167819,98.8
2026-10-05 08:41:17,44.528721,38.168044,98.82
2026-10-05 08:41:19,44.528633,38.16827,98.85
2026-10-05 08:41:20,44.528543,38.168498,98.89
2026-10-05 08:41:21,44.528453,38.168726,98.93
2026-10-05 08:41:22,44.528363,38.168956,98.98
2026-10-05 08:41:23,44.528271,38.169186,99.03
2026-10-05 08:41:25,44.528179,38.169417,99.08
2026-10-05 08:41:26,44.528086,38.169649,99.13
2026-10-05 08:41:27,44.527993,38.169882,99.18
2026-10-05 08:41:28,44.527898,38.170116,99.23
2026-10-05 08:41:30,44.527803,38.170351,99.26
2026-10-05 08:41:32,44.527708,38.170586,99.28
2026-10-05 08:41:34,44.527612,38.170823,99.3
2026-10-05 08:41:35,44.527515,38.17106,99.3
2026-10-05 08:41:36,44.527418,38.171298,99.28
2026-10-05 08:41:37,44.52732,38.171536,99.25
2026-10-05 08:41:39,44.527221,38.171776,99.19
2026-10-05 08:41:40,44.527122,38.172016,99.12
2026-10-05 08:41:41,44.527023,38.172256,99.02
2026-10-05 08:41:43,44.526923,38.172498,98.89
2026-10-05 08:41:44,44.526823,38.172739,98.74
2026-10-05 08:41:45,44.526722,38.172982,98.57
2026-10-05 08:41:47,44.526621,38.173224,98.36
2026-10-05 08:41:48,44.526519,38.173468,98.13
2026-10-05 08:41:49,44.526417,38.173711,97.87
2026-10-05 08:41:51,44.526315,38.173956,97.57
2026-10-05 08:41:52,44.526213,38.1742,97.25
2026-10-05 08:41:53,44.52611,38.174445,96.9
2026-10-05 08:41:55,44.526007,38.17469,96.51
2026-10-05 08:41:56,44.525903,38.174935,96.1
2026-10-05 08:41:58,44.5258,38.175181,95.65
2026-10-05 08:42:00,44.525696,38.175426,95.18
2026-10-05 08:42:01,44.525592,38.175672,94.68
2026-10-05 08:42:02,44.525489,38.175918,94.15
2026-10-05 08:42:04,44.525384,38.176164,93.59
2026-10-05 08:42:06,44.52528,38.17641,93.01
2026-10-05 08:42:07,44.525176,38.176656,92.41
2026-10-05 08:42:09,44.525072,38.176902,91.79
2026-10-05 08:42:10,44.524968,38.177148,91.15
2026-10-05 08:42:11,44.524863,38.177394,90.49
2026-10-05 08:42:13,44.524759,38.17764,89.82
2026-10-05 08:42:14,44.524655,38.177886,89.13
2026-10-05 08:42:16,44.524551,38.178131,88.44
2026-10-05 08:42:17,44.524447,38.178376,87.74
2026-10-05 08:42:19,44.524343,38.178621,87.04
2026-10-05 08:42:21,44.524239,38.178866,86.33
2026-10-05 08:42:22,44.524136,38.17911,85.63
2026-10-05 08:42:24,44.524032,38.179354,84.94
2026-10-05 08:42:25,44.523929,38.179598,84.25
2026-10-05 08:42:27,44.523826,38.179841,83.57
2026-10-05 08:42:28,44.523723,38.180084,82.9
2026-10-05 08:42:29,44.52362,38.180327,82.25
2026-10-05 08:42:31,44.523518,38.180569,81.63
2026-10-05 08:42:33,44.523415,38.18081,81.02
2026-10-05 08:42:34,44.523313,38.181051,80.44
2026-10-05 08:42:35,44.523212,38.181292,79.89
2026-10-05 08:42:36,44.52311,38.181532,79.37
2026-10-05 08:42:38,44.523009,38.181771,78.88
2026-10-05 08:42:39,44.522908,38.18201,78.43
2026-10-05 08:42:41,44.522808,38.182249,78.01
2026-10-05 08:42:42,44.522707,38.182487,77.64
2026-10-05 08:42:43,44.522607,38.182724,77.3
2026-10-05 08:42:44,44.522508,38.182961,77.01
2026-10-05 08:42:46,44.522408,38.183197,76.77
2026-10-05 08:42:47,44.522309,38.183433,76.57
2026-10-05 08:42:49,44.52221,38.183668,76.42
2026-10-05 08:42:50,44.522112,38.183902,76.32
2026-10-05 08:42:52,44.522014,38.184136,76.26
2026-10-05 08:42:53,44.521916,38.184369,76.26
2026-10-05 08:42:55,44.521819,38.184602,76.3
2026-10-05 08:42:56,44.521722,38.184834,76.4
2026-10-05 08:42:57,44.521625,38.185066,76.54
2026-10-05 08:42:58,44.521528,38.185297,76.73
2026-10-05 08:43:00,44.521432,38.185527,76.97
2026-10-05 08:43:02,44.521336,38.185757,77.26
2026-10-05 08:43:03,44.521241,38.185986,77.6
2026-10-05 08:43:04,44.521146,38.186215,77.98
2026-10-05 08:43:05,44.521051,38.186443,78.4
2026-10-05 08:43:07,44.520956,38.186671,78.87
2026-10-05 08:43:08,44.520862,38.186899,79.37
2026-10-05 08:43:09,44.520768,38.187125,79.92
2026-10-05 08:43:10,44.520674,38.187352,80.5
2026-10-05 08:43:12,44.52058,38.187578,81.11
2026-10-05 08:43:13,44.520487,38.187803,81.76
2026-10-05 08:43:15,44.520394,38.188028,82.43
2026-10-05 08:43:16,44.520301,38.188253,83.14
2026-10-05 08:43:18,44.520209,38.188478,83.86
2026-10-05 08:43:19,44.520117,38.188702,84.61
2026-10-05 08:43:20,44.520024,38.188925,85.37
2026-10-05 08:43:21,44.519933,38.189149,86.15
2026-10-05 08:43:22,44.519841,38.189372,86.95
2026-10-05 08:43:24,44.519749,38.189594,87.75
2026-10-05 08:43:25,44.519658,38.189817,88.56
2026-10-05 08:43:27,44.519567,38.190039,89.37
2026-10-05 08:43:28,44.519476,38.190261,90.19
2026-10-05 08:43:30,44.519385,38.190483,91.0
2026-10-05 08:43:31,44.519295,38.190704,91.82
2026-10-05 08:43:32,44.519204,38.190926,92.62
2026-10-05 08:43:33,44.519114,38.191147,93.42
2026-10-05 08:43:34,44.519023,38.191368,94.21
2026-10-05 08:43:35,44.518933,38.191589,94.99
2026-10-05 08:43:37,44.518843,38.19181,95.75
2026-10-05 08:43:38,44.518753,38.192031,96.49
2026-10-05 08:43:39,44.518663,38.192252,97.22
2026-10-05 08:43:41,44.518573,38.192472,97.93
2026-10-05 08:43:42,44.518484,38.192693,98.62
2026-10-05 08:43:43,44.518394,38.192913,99.29
2026-10-05 08:43:44,44.518304,38.193134,99.93
2026-10-05 08:43:46,44.518215,38.193354,100.55
2026-10-05 08:43:47,44.518125,38.193575,101.15
2026-10-05 08:43:48,44.518036,38.193795,101.73
2026-10-05 08:43:50,44.517946,38.194016,102.28
2026-10-05 08:43:51,44.517857,38.194236,102.82
2026-10-05 08:43:53,44.517767,38.194457,103.32
2026-10-05 08:43:55,44.517678,38.194677,103.81
2026-10-05 08:43:56,44.517589,38.194898,104.27
2026-10-05 08:43:57,44.517499,38.195119,104.71
2026-10-05 08:43:58,44.51741,38.195339,105.14
2026-10-05 08:44:00,44.51732,38.19556,105.54
2026-10-05 08:44:01,44.517231,38.195781,105.93
2026-10-05 08:44:02,44.517142,38.196001,106.3
2026-10-05 08:44:04,44.517052,38.196222,106.66
2026-10-05 08:44:05,44.516963,38.196443,107.01
2026-10-05 08:44:06,44.516873,38.196664,107.34
2026-10-05 08:44:07,44.516784,38.196885,107.67
2026-10-05 08:44:08,44.516694,38.197106,107.99
2026-10-05 08:44:10,44.516605,38.197327,108.3
2026-10-05 08:44:11,44.516516,38.197548,108.61
2026-10-05 08:44:12,44.516426,38.197769,108.92
2026-10-05 08:44:14,44.516337,38.19799,109.24
2026-10-05 08:44:15,44.516247,38.198211,109.55
2026-10-05 08:44:17,44.516158,38.198432,109.88
2026-10-05 08:44:18,44.516068,38.198653,110.21
2026-10-05 08:44:19,44.515979,38.198874,110.54
2026-10-05 08:44:20,44.515889,38.199095,110.89
2026-10-05 08:44:22,44.5158,38.199316,111.26
2026-10-05 08:44:23,44.51571,38.199538,111.64
2026-10-05 08:44:24,44.515621,38.199759,112.03
2026-10-05 08:44:26,44.515532,38.19998,112.44
2026-10-05 08:44:27,44.515442,38.200201,112.87
2026-10-05 08:44:28,44.515353,38.200422,113.32
2026-10-05 08:44:29,44.515264,38.200643,113.79
2026-10-05 08:44:31,44.515174,38.200864,114.29
2026-10-05 08:44:33,44.515085,38.201084,114.8
2026-10-05 08:44:34,44.514996,38.201305,115.34
2026-10-05 08:44:36,44.514907,38.201526,115.9
2026-10-05 08:44:37,44.514818,38.201747,116.49
2026-10-05 08:44:38,44.514729,38.201968,117.09
2026-10-05 08:44:39,44.51464,38.202188,117.72
2026-10-05 08:44:41,44.514551,38.202409,118.38
2026-10-05 08:44:42,44.514463,38.20263,119.05
2026-10-05 08:44:43,44.514374,38.20285,119.75
2026-10-05 08:44:45,44.514286,38.203071,120.46
2026-10-05 08:44:46,44.514197,38.203291,121.2
2026-10-05 08:44:48,44.514109,38.203512,121.95
2026-10-05 08:44:49,44.514021,38.203733,122.71
2026-10-05 08:44:50,44.513933,38.203953,123.49
2026-10-05 08:44:52,44.513845,38.204174,124.29
2026-10-05 08:44:53,44.513757,38.204395,125.09
2026-10-05 08:44:55,44.513669,38.204615,125.9
2026-10-05 08:44:56,44.513582,38.204836,126.72
2026-10-05 08:44:57,44.513494,38.205057,127.54
2026-10-05 08:44:59,44.513407,38.205278,128.36
2026-10-05 08:45:00,44.51332,38.205499,129.18
2026-10-05 08:45:01,44.513233,38.205721,129.99
2026-10-05 08:45:02,44.513146,38.205942,130.8
2026-10-05 08:45:03,44.513059,38.206164,131.6
2026-10-05 08:45:05,44.512973,38.206385,132.39
2026-10-05 08:45:06,44.512886,38.206608,133.17
2026-10-05 08:45:08,44.5128,38.20683,133.93
2026-10-05 08:45:09,44.512714,38.207052,134.67
2026-10-05 08:45:10,44.512628,38.207275,135.39
2026-10-05 08:45:11,44.512542,38.207499,136.08
2026-10-05 08:45:12,44.512456,38.207722,136.75
2026-10-05 08:45:14,44.512371,38.207946,137.39
2026-10-05 08:45:15,44.512285,38.208171,138.01
2026-10-05 08:45:16,44.5122,38.208395,138.59
2026-10-05 08:45:17,44.512114,38.208621,139.13
2026-10-05 08:45:18,44.512029,38.208846,139.65
2026-10-05 08:45:20,44.511944,38.209073,140.12
2026-10-05 08:45:22,44.511859,38.209299,140.56
2026-10-05 08:45:23,44.511774,38.209527,140.96
2026-10-05 08:45:25,44.511689,38.209755,141.32
2026-10-05 08:45:26,44.511605,38.209983,141.64
2026-10-05 08:45:27,44.51152,38.210212,141.92
2026-10-05 08:45:29,44.511435,38.210442,142.16
2026-10-05 08:45:30,44.51135,38.210673,142.36
2026-10-05 08:45:31,44.511266,38.210904,142.51
2026-10-05 08:45:33,44.511181,38.211136,142.63
2026-10-05 08:45:34,44.511096,38.211368,142.71
2026-10-05 08:45:35,44.511012,38.211601,142.75
2026-10-05 08:45:37,44.510927,38.211835,142.76
2026-10-05 08:45:38,44.510842,38.21207,142.73
2026-10-05 08:45:40,44.510757,38.212306,142.66
2026-10-05 08:45:41,44.510672,38.212542,142.56
2026-10-05 08:45:42,44.510587,38.212779,142.44
2026-10-05 08:45:44,44.510502,38.213017,142.28
2026-10-05 08:45:45,44.510417,38.213255,142.1
2026-10-05 08:45:46,44.510331,38.213495,141.89
2026-10-05 08:45:47,44.510246,38.213735,141.66
2026-10-05 08:45:49,44.51016,38.213975,141.41
2026-10-05 08:45:50,44.510074,38.214217,141.15
2026-10-05 08:45:51,44.509987,38.214459,140.87
2026-10-05 08:45:53,44.509901,38.214702,140.58
2026-10-05 08:45:54,44.509814,38.214945,140.29
2026-10-05 08:45:56,44.509727,38.21519,139.99
2026-10-05 08:45:57,44.50964,38.215434,139.69
2026-10-05 08:45:58,44.509552,38.21568,139.39
2026-10-05 08:46:00,44.509464,38.215925,139.09
2026-10-05 08:46:01,44.509375,38.216172,138.81
2026-10-05 08:46:03,44.509286,38.216419,138.53
2026-10-05 08:46:05,44.509197,38.216666,138.27
2026-10-05 08:46:06,44.509108,38.216913,138.02
2026-10-05 08:46:08,44.509018,38.217161,137.79
2026-10-05 08:46:09,44.508927,38.217409,137.58
2026-10-05 08:46:11,44.508836,38.217657,137.4
2026-10-05 08:46:12,44.508744,38.217906,137.25
2026-10-05 08:46:13,44.508652,38.218154,137.12
2026-10-05 08:46:14,44.50856,38.218403,137.02
2026-10-05 08:46:16,44.508467,38.218652,136.96
2026-10-05 08:46:17,44.508373,38.2189,136.93
2026-10-05 08:46:19,44.508279,38.219148,136.94
2026-10-05 08:46:20,44.508184,38.219396,136.98
2026-10-05 08:46:21,44.508089,38.219644,137.07
2026-10-05 08:46:23,44.507993,38.219891,137.19
2026-10-05 08:46:25,44.507896,38.220138,137.35
2026-10-05 08:46:26,44.507799,38.220384,137.55
2026-10-05 08:46:27,44.507701,38.22063,137.8
2026-10-05 08:46:29,44.507603,38.220875,138.08
2026-10-05 08:46:30,44.507504,38.221119,138.41
2026-10-05 08:46:32,44.507404,38.221363,138.78
2026-10-05 08:46:33,44.507304,38.221605,139.18
2026-10-05 08:46:34,44.507203,38.221847,139.63
2026-10-05 08:46:36,44.507101,38.222088,140.11
2026-10-05 08:46:37,44.506999,38.222327,140.63
2026-10-05 08:46:38,44.506896,38.222565,141.19
2026-10-05 08:46:40,44.506793,38.222802,141.78
2026-10-05 08:46:41,44.506689,38.223038,142.41
2026-10-05 08:46:43,44.506584,38.223273,143.07
2026-10-05 08:46:44,44.506479,38.223506,143.75
2026-10-05 08:46:45,44.506373,38.223737,144.46
2026-10-05 08:46:47,44.506266,38.223967,145.2
2026-10-05 08:46:48,44.506159,38.224196,145.96
2026-10-05 08:46:49,44.506051,38.224423,146.74
2026-10-05 08:46:50,44.505943,38.224648,147.54
2026-10-05 08:46:52,44.505834,38.224871,148.35
2026-10-05 08:46:53,44.505725,38.225093,149.18
2026-10-05 08:46:54,44.505615,38.225313,150.01
2026-10-05 08:46:56,44.505505,38.225531,150.86
2026-10-05 08:46:57,44.505394,38.225748,151.71
2026-10-05 08:46:58,44.505283,38.225962,152.57
2026-10-05 08:46:59,44.505172,38.226175,153.42
2026-10-05 08:47:01,44.50506,38.226386,154.28
2026-10-05 08:47:02,44.504948,38.226595,155.13
2026-10-05 08:47:03,44.504836,38.226803,155.97
2026-10-05 08:47:05,44.504723,38.227009,156.81
2026-10-05 08:47:06,44.50461,38.227212,157.64
2026-10-05 08:47:08,44.504497,38.227415,158.46
2026-10-05 08:47:09,44.504384,38.227615,159.26
2026-10-05 08:47:10,44.504271,38.227814,160.05
2026-10-05 08:47:12,44.504157,38.228011,160.82
2026-10-05 08:47:13,44.504044,38.228206,161.58
2026-10-05 08:47:14,44.50393,38.228401,162.32
2026-10-05 08:47:15,44.503817,38.228593,163.04
2026-10-05 08:47:16,44.503704,38.228784,163.75
2026-10-05 08:47:18,44.503591,38.228974,164.43
2026-10-05 08:47:19,44.503478,38.229163,165.09
2026-10-05 08:47:20,44.503365,38.22935,165.74
2026-10-05 08:47:21,44.503252,38.229537,166.36
2026-10-05 08:47:22,44.50314,38.229722,166.97
2026-10-05 08:47:23,44.503029,38.229907,167.55
2026-10-05 08:47:25,44.502917,38.23009,168.12
2026-10-05 08:47:26,44.502806,38.230273,168.67
2026-10-05 08:47:27,44.502696,38.230456,169.21
2026-10-05 08:47:28,44.502586,38.230638,169.73
2026-10-05 08:47:30,44.502477,38.230819,170.24
2026-10-05 08:47:31,44.502368,38.231001,170.73
2026-10-05 08:47:32,44.50226,38.231182,171.22
2026-10-05 08:47:33,44.502153,38.231363,171.69
2026-10-05 08:47:34,44.502046,38.231545,172.16
2026-10-05 08:47:36,44.501941,38.231726,172.62
2026-10-05 08:47:37,44.501836,38.231908,173.09
2026-10-05 08:47:38,44.501732,38.232091,173.55
2026-10-05 08:47:39,44.501629,38.232274,174.01
2026-10-05 08:47:40,44.501527,38.232458,174.47
2026-10-05 08:47:41,44.501426,38.232642,174.94
2026-10-05 08:47:42,44.501326,38.232828,175.41
2026-10-05 08:47:44,44.501227,38.233015,175.9
2026-10-05 08:47:45,44.501129,38.233203,176.4
2026-10-05 08:47:46,44.501033,38.233392,176.91
2026-10-05 08:47:47,44.500937,38.233583,177.43
2026-10-05 08:47:48,44.500843,38.233775,177.97
2026-10-05 08:47:49,44.50075,38.233969,178.53
2026-10-05 08:47:50,44.500658,38.234165,179.11
2026-10-05 08:47:52,44.500567,38.234363,179.71
2026-10-05 08:47:53,44.500478,38.234563,180.33
2026-10-05 08:47:54,44.50039,38.234764,180.98
2026-10-05 08:47:55,44.500303,38.234968,181.65
2026-10-05 08:47:57,44.500217,38.235175,182.35
2026-10-05 08:47:58,44.500133,38.235383,183.08
2026-10-05 08:48:00,44.50005,38.235594,183.83
2026-10-05 08:48:01,44.499969,38.235807,184.61
2026-10-05 08:48:02,44.499888,38.236023,185.41
2026-10-05 08:48:03,44.49981,38.236242,186.25
2026-10-05 08:48:04,44.499732,38.236463,187.11
2026-10-05 08:48:06,44.499656,38.236687,188.0
2026-10-05 08:48:07,44.49958,38.236913,188.91
2026-10-05 08:48:08,44.499507,38.237142,189.84
2026-10-05 08:48:09,44.499434,38.237374,190.81
2026-10-05 08:48:10,44.499363,38.237608,191.79
2026-10-05 08:48:11,44.499292,38.237845,192.79
2026-10-05 08:48:13,44.499223,38.238085,193.82
2026-10-05 08:48:14,44.499155,38.238328,194.86
2026-10-05 08:48:16,44.499088,38.238573,195.91
2026-10-05 08:48:17,44.499023,38.23882,196.98
2026-10-05 08:48:19,44.498958,38.239071,198.06
2026-10-05 08:48:20,44.498894,38.239324,199.15
2026-10-05 08:48:21,44.498831,38.239579,200.24
2026-10-05 08:48:23,44.498769,38.239837,201.34
2026-10-05 08:48:24,44.498708,38.240097,202.44
2026-10-05 08:48:26,44.498647,38.240359,203.54
2026-10-05 08:48:27,44.498588,38.240624,204.63
2026-10-05 08:48:28,44.498529,38.24089,205.71
2026-10-05 08:48:30,44.49847,38.241159,206.79
2026-10-05 08:48:31,44.498412,38.241429,207.85
2026-10-05 08:48:33,44.498355,38.241701,208.89
2026-10-05 08:48:35,44.498297,38.241975,209.91
2026-10-05 08:48:36,44.498241,38.242251,210.91
2026-10-05 08:48:38,44.498184,38.242527,211.89
2026-10-05 08:48:39,44.498128,38.242805,212.84
2026-10-05 08:48:40,44.498072,38.243085,213.75
2026-10-05 08:48:41,44.498016,38.243365,214.64
2026-10-05 08:48:43,44.497959,38.243646,215.49
2026-10-05 08:48:44,44.497903,38.243928,216.3
2026-10-05 08:48:46,44.497847,38.244211,217.07
2026-10-05 08:48:47,44.49779,38.244494,217.81
2026-10-05 08:48:48,44.497733,38.244777,218.49
2026-10-05 08:48:50,44.497676,38.24506,219.14
2026-10-05 08:48:51,44.497618,38.245344,219.73
2026-10-05 08:48:53,44.49756,38.245627,220.28
2026-10-05 08:48:54,44.497501,38.24591,220.78
2026-10-05 08:48:56,44.497441,38.246193,221.24
2026-10-05 08:48:57,44.49738,38.246475,221.64
2026-10-05 08:48:59,44.497319,38.246756,221.99
2026-10-05 08:49:00,44.497257,38.247036,222.29
2026-10-05 08:49:02,44.497194,38.247316,222.54
2026-10-05 08:49:03,44.49713,38.247594,222.75
2026-10-05 08:49:05,44.497065,38.247871,222.9
2026-10-05 08:49:06,44.496998,38.248147,223.0
2026-10-05 08:49:08,44.496931,38.248421,223.06
2026-10-05 08:49:09,44.496862,38.248693,223.07
2026-10-05 08:49:10,44.496792,38.248964,223.04
2026-10-05 08:49:12,44.49672,38.249233,222.96
2026-10-05 08:49:13,44.496647,38.2495,222.85
2026-10-05 08:49:14,44.496573,38.249764,222.69
2026-10-05 08:49:16,44.496497,38.250027,222.5
2026-10-05 08:49:18,44.496419,38.250287,222.27
2026-10-05 08:49:19,44.49634,38.250545,222.0
2026-10-05 08:49:20,44.49626,38.250801,221.71
2026-10-05 08:49:21,44.496178,38.251054,221.39
2026-10-05 08:49:23,44.496094,38.251305,221.05
2026-10-05 08:49:24,44.496008,38.251553,220.68
2026-10-05 08:49:25,44.495921,38.251798,220.29
2026-10-05 08:49:27,44.495832,38.252041,219.89
2026-10-05 08:49:28,44.495741,38.252281,219.48
2026-10-05 08:49:30,44.495649,38.252518,219.05
2026-10-05 08:49:31,44.495555,38.252753,218.61
2026-10-05 08:49:33,44.495459,38.252985,218.17
2026-10-05 08:49:35,44.495362,38.253214,217.73
2026-10-05 08:49:36,44.495263,38.25344,217.29
2026-10-05 08:49:38,44.495162,38.253664,216.85
2026-10-05 08:49:39,44.49506,38.253885,216.42
2026-10-05 08:49:40,44.494956,38.254103,216.0
2026-10-05 08:49:42,44.49485,38.254319,215.58
2026-10-05 08:49:43,44.494743,38.254532,215.18
2026-10-05 08:49:45,44.494634,38.254743,214.8
2026-10-05 08:49:46,44.494524,38.254951,214.43
2026-10-05 08:49:47,44.494413,38.255157,214.08
2026-10-05 08:49:48,44.4943,38.25536,213.75
2026-10-05 08:49:49,44.494185,38.255561,213.44
2026-10-05 08:49:50,44.49407,38.25576,213.16
2026-10-05 08:49:52,44.493953,38.255957,212.89
2026-10-05 08:49:54,44.493835,38.256152,212.66
2026-10-05 08:49:55,44.493716,38.256345,212.45
2026-10-05 08:49:56,44.493596,38.256536,212.26
2026-10-05 08:49:58,44.493476,38.256726,212.11
2026-10-05 08:49:59,44.493354,38.256914,211.97
2026-10-05 08:50:00,44.493231,38.2571,211.87
2026-10-05 08:50:01,44.493108,38.257285,211.79
2026-10-05 08:50:02,44.492984,38.257469,211.73
2026-10-05 08:50:04,44.49286,38.257652,211.7
2026-10-05 08:50:05,44.492735,38.257834,211.69
2026-10-05 08:50:06,44.492609,38.258015,211.71
2026-10-05 08:50:08,44.492484,38.258195,211.74
2026-10-05 08:50:10,44.492358,38.258374,211.8
2026-10-05 08:50:11,44.492231,38.258553,211.88
2026-10-05 08:50:12,44.492105,38.258731,211.97
2026-10-05 08:50:13,44.491979,38.25891,212.07
2026-10-05 08:50:14,44.491853,38.259088,212.19
2026-10-05 08:50:15,44.491727,38.259266,212.33
2026-10-05 08:50:16,44.491602,38.259444,212.47
2026-10-05 08:50:17,44.491476,38.259622,212.61
2026-10-05 08:50:19,44.491352,38.259801,212.77
2026-10-05 08:50:20,44.491227,38.25998,212.92
2026-10-05 08:50:21,44.491103,38.26016,213.08
2026-10-05 08:50:22,44.49098,38.26034,213.24
2026-10-05 08:50:23,44.490858,38.260521,213.39
2026-10-05 08:50:25,44.490736,38.260703,213.54
2026-10-05 08:50:26,44.490615,38.260886,213.68
2026-10-05 08:50:27,44.490495,38.26107,213.81
2026-10-05 08:50:28,44.490377,38.261255,213.94
2026-10-05 08:50:29,44.490259,38.261442,214.04
2026-10-05 08:50:31,44.490142,38.261629,214.14
2026-10-05 08:50:32,44.490026,38.261818,214.22
2026-10-05 08:50:34,44.489912,38.262009,214.28
2026-10-05 08:50:35,44.489799,38.262201,214.33
2026-10-05 08:50:36,44.489687,38.262394,214.36
2026-10-05 08:50:37,44.489576,38.262589,214.36
2026-10-05 08:50:38,44.489467,38.262786,214.35
2026-10-05 08:50:39,44.489359,38.262985,214.31
2026-10-05 08:50:41,44.489252,38.263185,214.26
2026-10-05 08:50:42,44.489147,38.263387,214.18
2026-10-05 08:50:43,44.489044,38.263591,214.08
2026-10-05 08:50:45,44.488942,38.263796,213.96
2026-10-05 08:50:46,44.488841,38.264004,213.82
2026-10-05 08:50:47,44.488742,38.264213,213.66
2026-10-05 08:50:49,44.488644,38.264425,213.48
2026-10-05 08:50:50,44.488547,38.264638,213.28
2026-10-05 08:50:52,44.488452,38.264853,213.06
2026-10-05 08:50:53,44.488359,38.26507,212.83
2026-10-05 08:50:54,44.488267,38.265288,212.59
2026-10-05 08:50:56,44.488176,38.265509,212.33
2026-10-05 08:50:57,44.488087,38.265731,212.06
2026-10-05 08:50:59,44.487999,38.265955,211.78
2026-10-05 08:51:00,44.487912,38.266181,211.49
2026-10-05 08:51:01,44.487827,38.266409,211.2
2026-10-05 08:51:03,44.487743,38.266638,210.91
2026-10-05 08:51:04,44.48766,38.266869,210.61
2026-10-05 08:51:06,44.487579,38.267101,210.32
2026-10-05 08:51:08,44.487498,38.267335,210.03
2026-10-05 08:51:09,44.487419,38.267571,209.75
2026-10-05 08:51:11,44.48734,38.267808,209.48
2026-10-05 08:51:13,44.487263,38.268046,209.21
2026-10-05 08:51:14,44.487186,38.268285,208.97
2026-10-05 08:51:16,44.48711,38.268526,208.74
2026-10-05 08:51:17,44.487035,38.268768,208.52
2026-10-05 08:51:18,44.486961,38.269011,208.33
2026-10-05 08:51:20,44.486888,38.269255,208.17
2026-10-05 08:51:21,44.486815,38.2695,208.02
2026-10-05 08:51:22,44.486742,38.269746,207.91
2026-10-05 08:51:24,44.48667,38.269993,207.82
2026-10-05 08:51:25,44.486599,38.27024,207.77
2026-10-05 08:51:27,44.486528,38.270489,207.75
2026-10-05 08:51:28,44.486457,38.270737,207.76
2026-10-05 08:51:30,44.486386,38.270987,207.81
2026-10-05 08:51:31,44.486316,38.271237,207.89
2026-10-05 08:51:32,44.486246,38.271487,208.01
2026-10-05 08:51:33,44.486176,38.271737,208.17
2026-10-05 08:51:34,44.486105,38.271988,208.37
2026-10-05 08:51:36,44.486035,38.272239,208.61
2026-10-05 08:51:37,44.485964,38.27249,208.88
2026-10-05 08:51:39,44.485894,38.272742,209.2
2026-10-05 08:51:40,44.485823,38.272993,209.55
2026-10-05 08:51:42,44.485752,38.273244,209.94
2026-10-05 08:51:43,44.48568,38.273495,210.37
2026-10-05 08:51:44,44.485608,38.273746,210.83
2026-10-05 08:51:45,44.485536,38.273997,211.33
2026-10-05 08:51:47,44.485463,38.274247,211.86
2026-10-05 08:51:48,44.48539,38.274497,212.42
2026-10-05 08:51:49,44.485316,38.274747,213.02
2026-10-05 08:51:50,44.485241,38.274996,213.64
2026-10-05 08:51:52,44.485166,38.275245,214.29
2026-10-05 08:51:53,44.48509,38.275493,214.96
2026-10-05 08:51:55,44.485014,38.275741,215.65
2026-10-05 08:51:57,44.484937,38.275988,216.37
2026-10-05 08:51:59,44.484859,38.276235,217.09
2026-10-05 08:52:00,44.48478,38.27648,217.84
2026-10-05 08:52:01,44.484701,38.276726,218.59
2026-10-05 08:52:03,44.48462,38.27697,219.35
2026-10-05 08:52:04,44.484539,38.277214,220.11
2026-10-05 08:52:06,44.484457,38.277457,220.88
2026-10-05 08:52:07,44.484375,38.277699,221.65
2026-10-05 08:52:09,44.484291,38.277941,222.41
2026-10-05 08:52:10,44.484207,38.278182,223.16
2026-10-05 08:52:11,44.484122,38.278422,223.9
2026-10-05 08:52:13,44.484036,38.278661,224.63
2026-10-05 08:52:15,44.48395,38.278899,225.35
2026-10-05 08:52:16,44.483862,38.279137,226.04
2026-10-05 08:52:17,44.483774,38.279374,226.72
2026-10-05 08:52:19,44.483686,38.27961,227.37
2026-10-05 08:52:20,44.483596,38.279845,227.99
2026-10-05 08:52:21,44.483506,38.28008,228.58
2026-10-05 08:52:22,44.483415,38.280313,229.14
2026-10-05 08:52:24,44.483323,38.280546,229.67
2026-10-05 08:52:26,44.483231,38.280779,230.17
2026-10-05 08:52:27,44.483138,38.28101,230.63
2026-10-05 08:52:28,44.483044,38.281241,231.04
2026-10-05 08:52:29,44.48295,38.281471,231.42
2026-10-05 08:52:30,44.482856,38.2817,231.76
2026-10-05 08:52:32,44.482761,38.281929,232.06
2026-10-05 08:52:33,44.482665,38.282157,232.32
2026-10-05 08:52:35,44.482569,38.282385,232.53
2026-10-05 08:52:36,44.482473,38.282612,232.7
2026-10-05 08:52:38,44.482376,38.282838,232.83
2026-10-05 08:52:39,44.482279,38.283064,232.92
2026-10-05 08:52:41,44.482188,38.283293,232.9
2026-10-05 08:52:42,44.482137,38.283544,232.47
2026-10-05 08:52:44,44.482085,38.283794,232.0
2026-10-05 08:52:45,44.482034,38.284044,231.49
2026-10-05 08:52:47,44.481982,38.284294,230.94
2026-10-05 08:52:48,44.481931,38.284543,230.36
2026-10-05 08:52:50,44.481879,38.284792,229.74
2026-10-05 08:52:51,44.481827,38.28504,229.08
2026-10-05 08:52:52,44.481774,38.285288,228.4
2026-10-05 08:52:53,44.481722,38.285536,227.68
2026-10-05 08:52:54,44.48167,38.285784,226.94
2026-10-05 08:52:55,44.481618,38.286031,226.17
2026-10-05 08:52:57,44.481565,38.286278,225.38
2026-10-05 08:52:58,44.481513,38.286525,224.57
2026-10-05 08:52:59,44.481461,38.286772,223.74
2026-10-05 08:53:01,44.481409,38.287019,222.9
2026-10-05 08:53:02,44.481356,38.287265,222.04
2026-10-05 08:53:03,44.481304,38.287512,221.18
2026-10-05 08:53:04,44.481253,38.287758,220.3
2026-10-05 08:53:05,44.481201,38.288004,219.43
2026-10-05 08:53:06,44.481149,38.28825,218.54
2026-10-05 08:53:07,44.481097,38.288497,217.66
2026-10-05 08:53:09,44.481046,38.288743,216.78
2026-10-05 08:53:10,44.480995,38.288989,215.91
2026-10-05 08:53:11,44.480944,38.289235,215.04
2026-10-05 08:53:13,44.480893,38.289481,214.18
2026-10-05 08:53:14,44.480842,38.289727,213.33
2026-10-05 08:53:15,44.480791,38.289973,212.49
2026-10-05 08:53:16,44.480741,38.290219,211.67
2026-10-05 08:53:18,44.48069,38.290466,210.87
2026-10-05 08:53:19,44.48064,38.290712,210.08
2026-10-05 08:53:21,44.48059,38.290958,209.31
2026-10-05 08:53:22,44.48054,38.291204,208.55
2026-10-05 08:53:23,44.480491,38.291451,207.82
2026-10-05 08:53:25,44.480441,38.291697,207.11
2026-10-05 08:53:26,44.480392,38.291944,206.42
2026-10-05 08:53:28,44.480343,38.29219,205.76
2026-10-05 08:53:29,44.480294,38.292437,205.11
2026-10-05 08:53:30,44.480245,38.292684,204.49
2026-10-05 08:53:32,44.480196,38.29293,203.88
2026-10-05 08:53:34,44.480148,38.293177,203.3
2026-10-05 08:53:35,44.480099,38.293424,202.74
2026-10-05 08:53:36,44.480051,38.293671,202.2
2026-10-05 08:53:37,44.480003,38.293918,201.67
2026-10-05 08:53:39,44.479954,38.294164,201.17
2026-10-05 08:53:40,44.479907,38.294411,200.68
2026-10-05 08:53:42,44.479859,38.294658,200.2
2026-10-05 08:53:43,44.479811,38.294905,199.73
2026-10-05 08:53:44,44.479763,38.295152,199.28
2026-10-05 08:53:45,44.479716,38.295399,198.84
2026-10-05 08:53:47,44.479668,38.295646,198.4
2026-10-05 08:53:48,44.479621,38.295893,197.98
2026-10-05 08:53:50,44.479574,38.296139,197.55
2026-10-05 08:53:51,44.479527,38.296386,197.13
2026-10-05 08:53:52,44.47948,38.296633,196.7
2026-10-05 08:53:53,44.479433,38.29688,196.28
2026-10-05 08:53:55,44.479386,38.297126,195.85
2026-10-05 08:53:57,44.47934,38.297373,195.41
2026-10-05 08:53:58,44.479293,38.297619,194.97
2026-10-05 08:54:00,44.479247,38.297866,194.51
2026-10-05 08:54:02,44.4792,38.298112,194.04
2026-10-05 08:54:03,44.479154,38.298359,193.56
2026-10-05 08:54:04,44.479109,38.298605,193.07
2026-10-05 08:54:05,44.479063,38.298851,192.55
2026-10-05 08:54:06,44.479017,38.299097,192.02
2026-10-05 08:54:08,44.478972,38.299343,191.47
2026-10-05 08:54:09,44.478927,38.299589,190.9
2026-10-05 08:54:10,44.478882,38.299834,190.31
2026-10-05 08:54:12,44.478837,38.30008,189.69
2026-10-05 08:54:13,44.478792,38.300325,189.05
2026-10-05 08:54:14,44.478748,38.300571,188.39
2026-10-05 08:54:15,44.478704,38.300816,187.7
2026-10-05 08:54:16,44.47866,38.301061,186.99
2026-10-05 08:54:17,44.478617,38.301306,186.25
2026-10-05 08:54:18,44.478573,38.301552,185.5
2026-10-05 08:54:20,44.47853,38.301797,184.71
2026-10-05 08:54:21,44.478488,38.302041,183.91
2026-10-05 08:54:22,44.478445,38.302286,183.08
2026-10-05 08:54:24,44.478403,38.302531,182.24
2026-10-05 08:54:25,44.478362,38.302776,181.37
2026-10-05 08:54:26,44.478321,38.303021,180.49
2026-10-05 08:54:28,44.47828,38.303265,179.59
2026-10-05 08:54:29,44.478239,38.30351,178.67
2026-10-05 08:54:30,44.478199,38.303755,177.75
2026-10-05 08:54:31,44.478159,38.304,176.81
2026-10-05 08:54:33,44.47812,38.304244,175.87
2026-10-05 08:54:34,44.478081,38.304489,174.92
2026-10-05 08:54:36,44.478042,38.304734,173.96
2026-10-05 08:54:37,44.478004,38.304979,173.01
2026-10-05 08:54:39,44.477966,38.305224,172.06
2026-10-05 08:54:40,44.477929,38.305469,171.11
2026-10-05 08:54:41,44.477892,38.305715,170.17
2026-10-05 08:54:42,44.477855,38.30596,169.24
2026-10-05 08:54:44,44.477819,38.306206,168.32
2026-10-05 08:54:45,44.477783,38.306452,167.42
2026-10-05 08:54:46,44.477748,38.306698,166.54
2026-10-05 08:54:48,44.477713,38.306944,165.68
2026-10-05 08:54:49,44.477678,38.30719,164.84
2026-10-05 08:54:50,44.477644,38.307437,164.03
2026-10-05 08:54:51,44.47761,38.307684,163.26
2026-10-05 08:54:52,44.477576,38.307932,162.51
2026-10-05 08:54:53,44.477543,38.30818,161.79
2026-10-05 08:54:55,44.477509,38.308428,161.12
2026-10-05 08:54:56,44.477476,38.308676,160.48
2026-10-05 08:54:57,44.477444,38.308925,159.88
2026-10-05 08:54:59,44.477411,38.309174,159.33
2026-10-05 08:55:00,44.477379,38.309424,158.82
2026-10-05 08:55:02,44.477347,38.309674,158.35
2026-10-05 08:55:03,44.477315,38.309925,157.94
2026-10-05 08:55:04,44.477283,38.310176,157.57
2026-10-05 08:55:05,44.477251,38.310428,157.24
2026-10-05 08:55:06,44.47722,38.31068,156.97
2026-10-05 08:55:07,44.477188,38.310933,156.75
2026-10-05 08:55:09,44.477156,38.311186,156.58
2026-10-05 08:55:10,44.477124,38.31144,156.46
2026-10-05 08:55:11,44.477092,38.311695,156.38
2026-10-05 08:55:13,44.47706,38.31195,156.36
2026-10-05 08:55:14,44.477028,38.312206,156.39
2026-10-05 08:55:15,44.476995,38.312462,156.46
2026-10-05 08:55:17,44.476962,38.31272,156.58
2026-10-05 08:55:18,44.476929,38.312977,156.74
2026-10-05 08:55:19,44.476896,38.313236,156.95
2026-10-05 08:55:21,44.476862,38.313495,157.2
2026-10-05 08:55:22,44.476828,38.313755,157.49
2026-10-05 08:55:23,44.476793,38.314016,157.82
2026-10-05 08:55:24,44.476758,38.314277,158.18
2026-10-05 08:55:25,44.476722,38.314539,158.58
2026-10-05 08:55:27,44.476686,38.314802,159.01
2026-10-05 08:55:28,44.476649,38.315065,159.46
2026-10-05 08:55:30,44.476611,38.31533,159.94
2026-10-05 08:55:31,44.476573,38.315594,160.45
2026-10-05 08:55:32,44.476534,38.31586,160.97
2026-10-05 08:55:34,44.476494,38.316127,161.51
2026-10-05 08:55:35,44.476454,38.316394,162.07
2026-10-05 08:55:37,44.476412,38.316661,162.64
2026-10-05 08:55:38,44.47637,38.31693,163.21
2026-10-05 08:55:39,44.476327,38.317199,163.79
2026-10-05 08:55:40,44.476283,38.317469,164.37
2026-10-05 08:55:41,44.476238,38.317739,164.95
2026-10-05 08:55:43,44.476193,38.318011,165.53
2026-10-05 08:55:44,44.476146,38.318282,166.1
2026-10-05 08:55:45,44.476098,38.318555,166.67
2026-10-05 08:55:46,44.47605,38.318828,167.22
2026-10-05 08:55:48,44.476,38.319102,167.76
2026-10-05 08:55:50,44.475949,38.319376,168.28
2026-10-05 08:55:51,44.475898,38.319651,168.79
2026-10-05 08:55:52,44.475845,38.319926,169.27
2026-10-05 08:55:54,44.475791,38.320201,169.73
2026-10-05 08:55:55,44.475736,38.320478,170.17
2026-10-05 08:55:57,44.475681,38.320754,170.59
2026-10-05 08:55:58,44.475624,38.321031,170.97
2026-10-05 08:55:59,44.475566,38.321309,171.34
2026-10-05 08:56:01,44.475507,38.321587,171.67
2026-10-05 08:56:02,44.475447,38.321865,171.97
2026-10-05 08:56:03,44.475387,38.322143,172.25
2026-10-05 08:56:05,44.475325,38.322422,172.5
2026-10-05 08:56:07,44.475262,38.322701,172.71
2026-10-05 08:56:08,44.475199,38.32298,172.9
2026-10-05 08:56:09,44.475134,38.323259,173.06
2026-10-05 08:56:11,44.475069,38.323538,173.19
2026-10-05 08:56:13,44.475003,38.323817,173.3
2026-10-05 08:56:14,44.474936,38.324097,173.38
2026-10-05 08:56:16,44.474869,38.324376,173.43
2026-10-05 08:56:17,44.4748,38.324655,173.46
2026-10-05 08:56:19,44.474731,38.324935,173.46
2026-10-05 08:56:21,44.474662,38.325214,173.45
2026-10-05 08:56:22,44.474592,38.325492,173.41
2026-10-05 08:56:24,44.474521,38.325771,173.36
2026-10-05 08:56:25,44.47445,38.326049,173.29
2026-10-05 08:56:26,44.474378,38.326328,173.21
2026-10-05 08:56:28,44.474306,38.326605,173.11
2026-10-05 08:56:29,44.474234,38.326883,173.01
2026-10-05 08:56:31,44.474161,38.327159,172.9
2026-10-05 08:56:33,44.474088,38.327436,172.78
2026-10-05 08:56:34,44.474015,38.327712,172.66
2026-10-05 08:56:35,44.473942,38.327987,172.54
2026-10-05 08:56:37,44.473869,38.328262,172.42
2026-10-05 08:56:38,44.473796,38.328536,172.3
2026-10-05 08:56:39,44.473722,38.328809,172.19
2026-10-05 08:56:41,44.473649,38.329082,172.08
2026-10-05 08:56:42,44.473577,38.329354,171.98
2026-10-05 08:56:43,44.473504,38.329625,171.89
2026-10-05 08:56:44,44.473432,38.329895,171.82
2026-10-05 08:56:46,44.47336,38.330164,171.76
2026-10-05 08:56:48,44.473288,38.330432,171.71
2026-10-05 08:56:50,44.473218,38.3307,171.68
2026-10-05 08:56:51,44.473147,38.330966,171.67
2026-10-05 08:56:53,44.473077,38.331232,171.67
2026-10-05 08:56:55,44.473008,38.331496,171.7
2026-10-05 08:56:56,44.472939,38.331759,171.74
2026-10-05 08:56:58,44.472872,38.332021,171.81
2026-10-05 08:56:59,44.472805,38.332282,171.89
2026-10-05 08:57:00,44.472739,38.332542,172.0
2026-10-05 08:57:02,44.472674,38.332801,172.12
2026-10-05 08:57:03,44.472609,38.333058,172.26
2026-10-05 08:57:04,44.472546,38.333314,172.43
2026-10-05 08:57:06,44.472484,38.333569,172.61
2026-10-05 08:57:08,44.472423,38.333822,172.81
2026-10-05 08:57:09,44.472363,38.334074,173.02
2026-10-05 08:57:10,44.472304,38.334325,173.25
2026-10-05 08:57:11,44.472247,38.334575,173.49
2026-10-05 08:57:13,44.47219,38.334823,173.75
2026-10-05 08:57:15,44.472135,38.33507,174.02
2026-10-05 08:57:16,44.472081,38.335315,174.29
2026-10-05 08:57:18,44.472029,38.335559,174.57
2026-10-05 08:57:19,44.471978,38.335802,174.86
2026-10-05 08:57:21,44.471928,38.336043,175.15
2026-10-05 08:57:22,44.47188,38.336283,175.44
2026-10-05 08:57:23,44.471833,38.336522,175.73
2026-10-05 08:57:24,44.471787,38.336759,176.01
2026-10-05 08:57:25,44.471743,38.336995,176.29
2026-10-05 08:57:26,44.4717,38.33723,176.56
2026-10-05 08:57:27,44.471659,38.337463,176.81
2026-10-05 08:57:29,44.471619,38.337695,177.06
2026-10-05 08:57:30,44.47158,38.337925,177.28
2026-10-05 08:57:31,44.471543,38.338154,177.49
2026-10-05 08:57:32,44.471507,38.338382,177.68
2026-10-05 08:57:33,44.471473,38.338609,177.85
2026-10-05 08:57:34,44.47144,38.338834,177.99
2026-10-05 08:57:36,44.471408,38.339058,178.1
2026-10-05 08:57:37,44.471378,38.339282,178.19
2026-10-05 08:57:38,44.471349,38.339503,178.25
2026-10-05 08:57:39,44.471322,38.339724,178.27
2026-10-05 08:57:40,44.471295,38.339944,178.27
2026-10-05 08:57:41,44.47127,38.340162,178.23
2026-10-05 08:57:42,44.471246,38.34038,178.15
2026-10-05 08:57:43,44.471224,38.340597,178.04
2026-10-05 08:57:45,44.471202,38.340812,177.89
2026-10-05 08:57:46,44.471182,38.341027,177.71
2026-10-05 08:57:47,44.471162,38.341241,177.49
2026-10-05 08:57:47,44.471144,38.341454,177.23
2026-10-05 08:57:48,44.471126,38.341667,176.93
2026-10-05 08:57:50,44.47111,38.341878,176.6
2026-10-05 08:57:51,44.471094,38.342089,176.23
2026-10-05 08:57:52,44.47108,38.3423,175.83
2026-10-05 08:57:53,44.471066,38.34251,175.4
2026-10-05 08:57:54,44.471052,38.342719,174.93
2026-10-05 08:57:55,44.47104,38.342928,174.43
2026-10-05 08:57:57,44.471028,38.343137,173.9
2026-10-05 08:57:58,44.471017,38.343345,173.35
2026-10-05 08:57:59,44.471006,38.343553,172.76
2026-10-05 08:58:00,44.470995,38.343761,172.16
2026-10-05 08:58:01,44.470985,38.343968,171.53
2026-10-05 08:58:03,44.470976,38.344176,170.89
2026-10-05 08:58:04,44.470966,38.344383,170.23
2026-10-05 08:58:05,44.470957,38.344591,169.55
2026-10-05 08:58:06,44.470948,38.344798,168.87
2026-10-05 08:58:07,44.470939,38.345006,168.17
2026-10-05 08:58:08,44.47093,38.345214,167.48
2026-10-05 08:58:09,44.470922,38.345422,166.77
2026-10-05 08:58:11,44.470913,38.345631,166.08
2026-10-05 08:58:12,44.470904,38.34584,165.38
2026-10-05 08:58:13,44.470894,38.346049,164.69
2026-10-05 08:58:14,44.470885,38.346259,164.01
2026-10-05 08:58:16,44.470875,38.34647,163.35
2026-10-05 08:58:17,44.470865,38.346681,162.7
2026-10-05 08:58:18,44.470855,38.346893,162.07
2026-10-05 08:58:19,44.470844,38.347106,161.46
2026-10-05 08:58:20,44.470832,38.347319,160.87
2026-10-05 08:58:21,44.47082,38.347533,160.31
2026-10-05 08:58:22,44.470808,38.347749,159.78
2026-10-05 08:58:23,44.470794,38.347965,159.28
2026-10-05 08:58:24,44.47078,38.348182,158.82
2026-10-05 08:58:25,44.470766,38.3484,158.39
2026-10-05 08:58:26,44.47075,38.34862,158.0
2026-10-05 08:58:27,44.470734,38.348841,157.64
2026-10-05 08:58:28,44.470716,38.349062,157.33
2026-10-05 08:58:29,44.470698,38.349286,157.05
2026-10-05 08:58:31,44.470679,38.34951,156.82
2026-10-05 08:58:32,44.470659,38.349736,156.63
2026-10-05 08:58:33,44.470638,38.349963,156.49
2026-10-05 08:58:34,44.470616,38.350192,156.39
2026-10-05 08:58:36,44.470592,38.350422,156.33
2026-10-05 08:58:37,44.470568,38.350654,156.31
2026-10-05 08:58:38,44.470543,38.350887,156.34
2026-10-05 08:58:39,44.470516,38.351122,156.42
2026-10-05 08:58:40,44.470488,38.351358,156.53
2026-10-05 08:58:41,44.470459,38.351596,156.68
2026-10-05 08:58:42,44.470429,38.351835,156.88
2026-10-05 08:58:43,44.470398,38.352077,157.11
2026-10-05 08:58:45,44.470365,38.35232,157.38
2026-10-05 08:58:46,44.470331,38.352564,157.69
2026-10-05 08:58:47,44.470296,38.35281,158.03
2026-10-05 08:58:49,44.47026,38.353058,158.4
2026-10-05 08:58:50,44.470222,38.353308,158.8
2026-10-05 08:58:51,44.470183,38.353559,159.22
2026-10-05 08:58:52,44.470143,38.353812,159.68
2026-10-05 08:58:54,44.470102,38.354067,160.15
2026-10-05 08:58:55,44.470059,38.354323,160.64
2026-10-05 08:58:57,44.470015,38.354582,161.15
2026-10-05 08:58:58,44.46997,38.354841,161.68
2026-10-05 08:59:00,44.469924,38.355103,162.21
2026-10-05 08:59:01,44.469876,38.355366,162.76
2026-10-05 08:59:03,44.469827,38.355631,163.31
2026-10-05 08:59:04,44.469778,38.355897,163.87
2026-10-05 08:59:05,44.469727,38.356165,164.42
2026-10-05 08:59:06,44.469674,38.356434,164.98
2026-10-05 08:59:08,44.469621,38.356705,165.53
2026-10-05 08:59:09,44.469567,38.356978,166.08
2026-10-05 08:59:11,44.469511,38.357252,166.62
2026-10-05 08:59:12,44.469455,38.357527,167.14
2026-10-05 08:59:14,44.469398,38.357804,167.66
2026-10-05 08:59:15,44.469339,38.358082,168.16
2026-10-05 08:59:16,44.46928,38.358361,168.64
2026-10-05 08:59:18,44.46922,38.358641,169.11
2026-10-05 08:59:20,44.469159,38.358923,169.56
2026-10-05 08:59:21,44.469097,38.359206,169.98
2026-10-05 08:59:22,44.469034,38.35949,170.39
2026-10-05 08:59:24,44.46897,38.359775,170.77
2026-10-05 08:59:26,44.468906,38.360061,171.13
2026-10-05 08:59:27,44.468841,38.360348,171.47
2026-10-05 08:59:28,44.468775,38.360635,171.78
2026-10-05 08:59:30,44.468709,38.360924,172.07
2026-10-05 08:59:32,44.468642,38.361213,172.33
2026-10-05 08:59:33,44.468575,38.361503,172.57
2026-10-05 08:59:35,44.468507,38.361794,172.79
2026-10-05 08:59:37,44.468439,38.362085,172.98
2026-10-05 08:59:39,44.46837,38.362376,173.15
2026-10-05 08:59:41,44.468301,38.362668,173.3
2026-10-05 08:59:42,44.468231,38.362961,173.43
2026-10-05 08:59:44,44.468162,38.363253,173.54
2026-10-05 08:59:46,44.468092,38.363546,173.64
2026-10-05 08:59:47,44.468021,38.363839,173.72
2026-10-05 08:59:49,44.467951,38.364132,173.78
2026-10-05 08:59:51,44.46788,38.364426,173.84
2026-10-05 08:59:53,44.46781,38.364719,173.88
2026-10-05 08:59:55,44.467739,38.365012,173.91
2026-10-05 08:59:56,44.467668,38.365304,173.94
2026-10-05 08:59:58,44.467598,38.365597,173.96
2026-10-05 09:00:00,44.467527,38.365889,173.98
2026-10-05 09:00:01,44.467457,38.366181,174.0
2026-10-05 09:00:03,44.467386,38.366472,174.02
2026-10-05 09:00:05,44.467316,38.366763,174.04
2026-10-05 09:00:06,44.467246,38.367053,174.07
2026-10-05 09:00:07,44.467176,38.367343,174.1
2026-10-05 09:00:09,44.467107,38.367632,174.15
2026-10-05 09:00:11,44.467038,38.36792,174.2
2026-10-05 09:00:12,44.466969,38.368208,174.27
2026-10-05 09:00:13,44.4669,38.368495,174.35
2026-10-05 09:00:15,44.466832,38.36878,174.45
2026-10-05 09:00:16,44.466765,38.369065,174.56
2026-10-05 09:00:18,44.466697,38.369349,174.69
2026-10-05 09:00:20,44.466631,38.369632,174.84
2026-10-05 09:00:21,44.466564,38.369914,175.01
2026-10-05 09:00:22,44.466499,38.370194,175.2
2026-10-05 09:00:24,44.466434,38.370474,175.41
2026-10-05 09:00:26,44.466369,38.370752,175.64
2026-10-05 09:00:28,44.466305,38.371029,175.89
2026-10-05 09:00:30,44.466242,38.371305,176.17
2026-10-05 09:00:31,44.466179,38.37158,176.46
2026-10-05 09:00:32,44.466117,38.371853,176.78
2026-10-05 09:00:34,44.466055,38.372125,177.11
2026-10-05 09:00:35,44.465994,38.372396,177.46
2026-10-05 09:00:37,44.465934,38.372665,177.83
2026-10-05 09:00:39,44.465875,38.372933,178.22
2026-10-05 09:00:40,44.465816,38.3732,178.62
2026-10-05 09:00:41,44.465758,38.373465,179.04
2026-10-05 09:00:42,44.4657,38.373729,179.47
2026-10-05 09:00:44,44.465644,38.373991,179.9
2026-10-05 09:00:45,44.465588,38.374252,180.35
2026-10-05 09:00:47,44.465533,38.374512,180.8
2026-10-05 09:00:48,44.465478,38.37477,181.25
2026-10-05 09:00:49,44.465424,38.375028,181.71
2026-10-05 09:00:50,44.465371,38.375283,182.16
2026-10-05 09:00:52,44.465319,38.375538,182.61
2026-10-05 09:00:54,44.465267,38.375791,183.05
2026-10-05 09:00:55,44.465216,38.376043,183.49
2026-10-05 09:00:57,44.465166,38.376293,183.91
2026-10-05 09:00:58,44.465116,38.376543,184.31
2026-10-05 09:00:59,44.465068,38.376791,184.7
2026-10-05 09:01:00,44.465019,38.377038,185.07
2026-10-05 09:01:02,44.464972,38.377284,185.41
2026-10-05 09:01:03,44.464925,38.377528,185.73
2026-10-05 09:01:04,44.464879,38.377772,186.02
2026-10-05 09:01:05,44.464833,38.378015,186.28
2026-10-05 09:01:06,44.464788,38.378256,186.51
2026-10-05 09:01:07,44.464744,38.378497,186.7
2026-10-05 09:01:08,44.4647,38.378737,186.86
2026-10-05 09:01:10,44.464657,38.378976,186.97
2026-10-05 09:01:11,44.464614,38.379214,187.05
2026-10-05 09:01:13,44.464572,38.379451,187.08
2026-10-05 09:01:14,44.46453,38.379688,187.07
2026-10-05 09:01:16,44.464489,38.379923,187.01
2026-10-05 09:01:17,44.464448,38.380159,186.9
2026-10-05 09:01:18,44.464408,38.380393,186.75
2026-10-05 09:01:19,44.464368,38.380628,186.55
2026-10-05 09:01:21,44.464329,38.380861,186.3
2026-10-05 09:01:22,44.46429,38.381095,186.0
2026-10-05 09:01:23,44.464252,38.381328,185.65
2026-10-05 09:01:24,44.464214,38.38156,185.25
2026-10-05 09:01:25,44.464176,38.381792,184.8
2026-10-05 09:01:26,44.464138,38.382025,184.31
2026-10-05 09:01:28,44.464101,38.382256,183.77
2026-10-05 09:01:29,44.464064,38.382488,183.18
2026-10-05 09:01:30,44.464027,38.38272,182.54
2026-10-05 09:01:31,44.463991,38.382952,181.87
2026-10-05 09:01:32,44.463955,38.383183,181.15
2026-10-05 09:01:33,44.463919,38.383415,180.39
2026-10-05 09:01:35,44.463883,38.383647,179.59
2026-10-05 09:01:36,44.463847,38.383879,178.76
2026-10-05 09:01:38,44.463811,38.384111,177.9
2026-10-05 09:01:39,44.463776,38.384343,177.0
2026-10-05 09:01:40,44.463741,38.384576,176.07
2026-10-05 09:01:42,44.463705,38.384809,175.12
2026-10-05 09:01:43,44.46367,38.385042,174.15
2026-10-05 09:01:44,44.463635,38.385275,173.15
2026-10-05 09:01:45,44.4636,38.385509,172.14
2026-10-05 09:01:47,44.463565,38.385744,171.11
2026-10-05 09:01:48,44.46353,38.385978,170.08
2026-10-05 09:01:49,44.463494,38.386214,169.03
2026-10-05 09:01:51,44.463459,38.38645,167.98
2026-10-05 09:01:52,44.463424,38.386686,166.93
2026-10-05 09:01:53,44.463389,38.386923,165.88
2026-10-05 09:01:54,44.463353,38.38716,164.83
2026-10-05 09:01:55,44.463318,38.387398,163.79
2026-10-05 09:01:57,44.463282,38.387637,162.76
2026-10-05 09:01:59,44.463246,38.387876,161.74
2026-10-05 09:02:00,44.46321,38.388115,160.73
2026-10-05 09:02:01,44.463174,38.388356,159.74
2026-10-05 09:02:03,44.463138,38.388597,158.77
2026-10-05 09:02:04,44.463102,38.388838,157.82
2026-10-05 09:02:05,44.463066,38.38908,156.9
2026-10-05 09:02:06,44.463029,38.389323,156.0
2026-10-05 09:02:07,44.462992,38.389566,155.13
2026-10-05 09:02:08,44.462955,38.38981,154.28
2026-10-05 09:02:09,44.462918,38.390055,153.46
2026-10-05 09:02:11,44.462881,38.3903,152.68
2026-10-05 09:02:12,44.462843,38.390545,151.92
2026-10-05 09:02:13,44.462805,38.390792,151.2
2026-10-05 09:02:14,44.462768,38.391038,150.51
2026-10-05 09:02:15,44.462729,38.391286,149.85
2026-10-05 09:02:16,44.462691,38.391534,149.23
2026-10-05 09:02:18,44.462653,38.391782,148.63
2026-10-05 09:02:19,44.462614,38.392031,148.07
2026-10-05 09:02:20,44.462575,38.39228,147.54
2026-10-05 09:02:22,44.462536,38.39253,147.04
2026-10-05 09:02:23,44.462497,38.39278,146.57
2026-10-05 09:02:24,44.462457,38.393031,146.12
2026-10-05 09:02:26,44.462417,38.393282,145.7
2026-10-05 09:02:27,44.462377,38.393534,145.31
2026-10-05 09:02:28,44.462337,38.393786,144.94
2026-10-05 09:02:29,44.462297,38.394038,144.6
2026-10-05 09:02:30,44.462257,38.394291,144.27
2026-10-05 09:02:31,44.462216,38.394543,143.97
2026-10-05 09:02:32,44.462176,38.394797,143.67
2026-10-05 09:02:33,44.462135,38.39505,143.4
2026-10-05 09:02:35,44.462094,38.395304,143.13
2026-10-05 09:02:36,44.462053,38.395558,142.87
2026-10-05 09:02:37,44.462011,38.395812,142.63
2026-10-05 09:02:39,44.46197,38.396067,142.38
2026-10-05 09:02:40,44.461928,38.396321,142.14
2026-10-05 09:02:41,44.461887,38.396576,141.91
2026-10-05 09:02:43,44.461845,38.396831,141.67
2026-10-05 09:02:44,44.461803,38.397087,141.42
2026-10-05 09:02:45,44.461761,38.397342,141.17
2026-10-05 09:02:46,44.461719,38.397598,140.92
2026-10-05 09:02:48,44.461677,38.397854,140.65
2026-10-05 09:02:50,44.461635,38.398109,140.38
2026-10-05 09:02:52,44.461593,38.398365,140.09
2026-10-05 09:02:53,44.461551,38.398622,139.79
2026-10-05 09:02:54,44.461508,38.398878,139.47
2026-10-05 09:02:55,44.461466,38.399134,139.14
2026-10-05 09:02:57,44.461424,38.399391,138.79
2026-10-05 09:02:58,44.461381,38.399648,138.43
2026-10-05 09:03:00,44.461339,38.399904,138.04
2026-10-05 09:03:01,44.461296,38.400161,137.64
2026-10-05 09:03:02,44.461254,38.400418,137.21
2026-10-05 09:03:04,44.461211,38.400676,136.77
2026-10-05 09:03:06,44.461169,38.400933,136.3
2026-10-05 09:03:07,44.461126,38.40119,135.82
2026-10-05 09:03:08,44.461083,38.401448,135.32
2026-10-05 09:03:10,44.461041,38.401706,134.8
2026-10-05 09:03:11,44.460998,38.401964,134.27
2026-10-05 09:03:13,44.460956,38.402222,133.72
2026-10-05 09:03:14,44.460913,38.40248,133.15
2026-10-05 09:03:15,44.46087,38.402739,132.57
2026-10-05 09:03:17,44.460828,38.402997,131.98
2026-10-05 09:03:18,44.460785,38.403256,131.37
2026-10-05 09:03:19,44.460742,38.403516,130.76
2026-10-05 09:03:21,44.4607,38.403775,130.14
2026-10-05 09:03:22,44.460657,38.404034,129.52
2026-10-05 09:03:23,44.460614,38.404294,128.9
2026-10-05 09:03:24,44.460572,38.404554,128.27
2026-10-05 09:03:25,44.460529,38.404815,127.64
2026-10-05 09:03:27,44.460486,38.405075,127.02
2026-10-05 09:03:28,44.460443,38.405336,126.41
2026-10-05 09:03:29,44.4604,38.405597,125.8
2026-10-05 09:03:31,44.460357,38.405858,125.2
2026-10-05 09:03:32,44.460314,38.40612,124.62
2026-10-05 09:03:33,44.46027,38.406382,124.05
2026-10-05 09:03:35,44.460227,38.406644,123.5
2026-10-05 09:03:37,44.460184,38.406906,122.96
2026-10-05 09:03:38,44.46014,38.407169,122.45
2026-10-05 09:03:39,44.460096,38.407431,121.96
2026-10-05 09:03:41,44.460052,38.407694,121.5
2026-10-05 09:03:42,44.460008,38.407957,121.06
2026-10-05 09:03:44,44.459964,38.408221,120.65
2026-10-05 09:03:46,44.45992,38.408484,120.27
2026-10-05 09:03:48,44.459875,38.408748,119.93
2026-10-05 09:03:49,44.45983,38.409012,119.61
2026-10-05 09:03:50,44.459785,38.409275,119.33
2026-10-05 09:03:51,44.45974,38.409539,119.08
2026-10-05 09:03:53,44.459695,38.409803,118.87
2026-10-05 09:03:54,44.459649,38.410067,118.69
2026-10-05 09:03:55,44.459603,38.410331,118.54
2026-10-05 09:03:57,44.459556,38.410595,118.43
2026-10-05 09:03:58,44.45951,38.410859,118.36
2026-10-05 09:03:59,44.459463,38.411123,118.31
2026-10-05 09:04:01,44.459415,38.411387,118.3
2026-10-05 09:04:02,44.459368,38.41165,118.33
2026-10-05 09:04:03,44.45932,38.411913,118.38
2026-10-05 09:04:04,44.459271,38.412176,118.47
2026-10-05 09:04:06,44.459223,38.412439,118.58
2026-10-05 09:04:07,44.459173,38.412701,118.72
2026-10-05 09:04:08,44.459124,38.412962,118.89
2026-10-05 09:04:09,44.459074,38.413224,119.08
2026-10-05 09:04:11,44.459024,38.413484,119.29
2026-10-05 09:04:12,44.458973,38.413744,119.52
2026-10-05 09:04:14,44.458921,38.414004,119.76
2026-10-05 09:04:16,44.45887,38.414263,120.02
2026-10-05 09:04:17,44.458818,38.414521,120.29
2026-10-05 09:04:18,44.458765,38.414778,120.56
2026-10-05 09:04:20,44.458712,38.415035,120.85
2026-10-05 09:04:22,44.458658,38.415291,121.13
2026-10-05 09:04:23,44.458605,38.415545,121.41
2026-10-05 09:04:24,44.45855,38.415799,121.69
2026-10-05 09:04:26,44.458495,38.416052,121.97
2026-10-05 09:04:27,44.45844,38.416304,122.23
2026-10-05 09:04:28,44.458384,38.416554,122.48
2026-10-05 09:04:29,44.458328,38.416804,122.72
2026-10-05 09:04:30,44.458271,38.417052,122.94
2026-10-05 09:04:31,44.458214,38.417299,123.14
2026-10-05 09:04:33,44.458157,38.417545,123.31
2026-10-05 09:04:34,44.458099,38.41779,123.46
2026-10-05 09:04:35,44.458041,38.418034,123.58
2026-10-05 09:04:37,44.457982,38.418276,123.67
2026-10-05 09:04:38,44.457923,38.418517,123.72
2026-10-05 09:04:39,44.457864,38.418756,123.74
2026-10-05 09:04:41,44.457804,38.418994,123.72
2026-10-05 09:04:43,44.457745,38.419231,123.67
2026-10-05 09:04:44,44.457684,38.419467,123.57
2026-10-05 09:04:46,44.457624,38.419701,123.44
2026-10-05 09:04:47,44.457563,38.419934,123.26
2026-10-05 09:04:48,44.457502,38.420166,123.03
2026-10-05 09:04:50,44.457441,38.420396,122.77
2026-10-05 09:04:51,44.45738,38.420625,122.46
2026-10-05 09:04:52,44.457319,38.420853,122.1
2026-10-05 09:04:54,44.457258,38.42108,121.7
2026-10-05 09:04:55,44.457196,38.421305,121.26
2026-10-05 09:04:56,44.457135,38.421529,120.77
2026-10-05 09:04:58,44.457074,38.421753,120.24
2026-10-05 09:04:59,44.457012,38.421975,119.67
2026-10-05 09:05:00,44.456951,38.422196,119.05
2026-10-05 09:05:01,44.45689,38.422417,118.4
2026-10-05 09:05:02,44.456829,38.422637,117.71
2026-10-05 09:05:03,44.456769,38.422856,116.98
2026-10-05 09:05:04,44.456708,38.423074,116.22
2026-10-05 09:05:06,44.456648,38.423292,115.42
2026-10-05 09:05:07,44.456589,38.423509,114.59
2026-10-05 09:05:08,44.456529,38.423726,113.74
2026-10-05 09:05:09,44.45647,38.423942,112.85
2026-10-05 09:05:10,44.456412,38.424158,111.95
2026-10-05 09:05:12,44.456354,38.424374,111.02
2026-10-05 09:05:13,44.456297,38.424591,110.08
2026-10-05 09:05:14,44.45624,38.424807,109.11
2026-10-05 09:05:15,44.456184,38.425023,108.14
2026-10-05 09:05:16,44.456129,38.42524,107.16
2026-10-05 09:05:17,44.456075,38.425457,106.16
2026-10-05 09:05:18,44.456021,38.425675,105.17
2026-10-05 09:05:19,44.455968,38.425893,104.17
2026-10-05 09:05:20,44.455916,38.426112,103.17
2026-10-05 09:05:22,44.455865,38.426332,102.18
2026-10-05 09:05:23,44.455815,38.426553,101.19
2026-10-05 09:05:24,44.455766,38.426775,100.2
2026-10-05 09:05:25,44.455717,38.426999,99.23
2026-10-05 09:05:26,44.45567,38.427223,98.28
2026-10-05 09:05:27,44.455624,38.427449,97.33
2026-10-05 09:05:28,44.455579,38.427677,96.41
2026-10-05 09:05:30,44.455536,38.427906,95.5
2026-10-05 09:05:31,44.455493,38.428137,94.61
2026-10-05 09:05:32,44.455452,38.42837,93.75
2026-10-05 09:05:34,44.455411,38.428604,92.9
2026-10-05 09:05:35,44.455373,38.428841,92.09
2026-10-05 09:05:36,44.455335,38.42908,91.29
2026-10-05 09:05:37,44.455298,38.429321,90.53
2026-10-05 09:05:39,44.455263,38.429564,89.78
2026-10-05 09:05:40,44.45523,38.42981,89.07
2026-10-05 09:05:41,44.455197,38.430058,88.38
2026-10-05 09:05:42,44.455166,38.430309,87.72
2026-10-05 09:05:43,44.455136,38.430562,87.09
2026-10-05 09:05:44,44.455107,38.430817,86.48
2026-10-05 09:05:46,44.45508,38.431075,85.9
2026-10-05 09:05:47,44.455054,38.431336,85.34
2026-10-05 09:05:48,44.455029,38.431599,84.81
2026-10-05 09:05:49,44.455006,38.431865,84.3
2026-10-05 09:05:50,44.454983,38.432134,83.81
2026-10-05 09:05:51,44.454962,38.432405,83.34
2026-10-05 09:05:53,44.454942,38.432679,82.89
2026-10-05 09:05:54,44.454924,38.432956,82.46
2026-10-05 09:05:56,44.454906,38.433235,82.04
2026-10-05 09:05:57,44.45489,38.433517,81.64
2026-10-05 09:05:59,44.454874,38.433801,81.24
2026-10-05 09:06:00,44.45486,38.434088,80.86
2026-10-05 09:06:01,44.454846,38.434377,80.49
2026-10-05 09:06:03,44.454834,38.434668,80.12
2026-10-05 09:06:04,44.454822,38.434962,79.75
2026-10-05 09:06:05,44.454811,38.435258,79.39
2026-10-05 09:06:07,44.454801,38.435556,79.02
2026-10-05 09:06:08,44.454791,38.435856,78.65
2026-10-05 09:06:10,44.454782,38.436158,78.28
2026-10-05 09:06:12,44.454774,38.436462,77.91
2026-10-05 09:06:13,44.454766,38.436768,77.52
2026-10-05 09:06:14,44.454758,38.437075,77.13
2026-10-05 09:06:16,44.454751,38.437383,76.72
2026-10-05 09:06:18,44.454744,38.437693,76.3
2026-10-05 09:06:19,44.454737,38.438004,75.87
2026-10-05 09:06:21,44.454731,38.438316,75.43
2026-10-05 09:06:23,44.454724,38.438629,74.96
2026-10-05 09:06:24,44.454717,38.438942,74.48
2026-10-05 09:06:26,44.45471,38.439256,73.99
2026-10-05 09:06:28,44.454703,38.439571,73.47
2026-10-05 09:06:29,44.454695,38.439885,72.94
2026-10-05 09:06:30,44.454688,38.4402,72.38
2026-10-05 09:06:32,44.454679,38.440515,71.81
2026-10-05 09:06:33,44.45467,38.440829,71.22
2026-10-05 09:06:35,44.45466,38.441143,70.62
2026-10-05 09:06:37,44.45465,38.441457,69.99
2026-10-05 09:06:38,44.454638,38.441769,69.35
2026-10-05 09:06:39,44.454626,38.442081,68.7
2026-10-05 09:06:41,44.454613,38.442392,68.03
2026-10-05 09:06:43,44.454598,38.442701,67.34
2026-10-05 09:06:44,44.454582,38.443009,66.65
2026-10-05 09:06:46,44.454566,38.443316,65.95
2026-10-05 09:06:48,44.454547,38.443621,65.23
2026-10-05 09:06:49,44.454527,38.443924,64.52
2026-10-05 09:06:51,44.454506,38.444224,63.79
2026-10-05 09:06:52,44.454483,38.444523,63.07
2026-10-05 09:06:54,44.454459,38.44482,62.35
2026-10-05 09:06:55,44.454433,38.445114,61.63
2026-10-05 09:06:57,44.454405,38.445405,60.92
2026-10-05 09:06:58,44.454375,38.445694,60.21
2026-10-05 09:07:00,44.454343,38.44598,59.52
2026-10-05 09:07:01,44.45431,38.446263,58.84
2026-10-05 09:07:02,44.454274,38.446544,58.17
2026-10-05 09:07:03,44.454236,38.446821,57.53
2026-10-05 09:07:05,44.454197,38.447095,56.9
2026-10-05 09:07:07,44.454155,38.447366,56.3
2026-10-05 09:07:08,44.454111,38.447634,55.72
2026-10-05 09:07:10,44.454065,38.447898,55.18
2026-10-05 09:07:11,44.454017,38.448159,54.66
2026-10-05 09:07:12,44.453966,38.448417,54.18
2026-10-05 09:07:14,44.453914,38.448671,53.73
2026-10-05 09:07:15,44.453859,38.448922,53.32
2026-10-05 09:07:17,44.453802,38.449169,52.95
2026-10-05 09:07:18,44.453743,38.449413,52.63
2026-10-05 09:07:19,44.453682,38.449654,52.34
2026-10-05 09:07:20,44.453619,38.449891,52.1
2026-10-05 09:07:22,44.453553,38.450125,51.9
2026-10-05 09:07:23,44.453486,38.450355,51.75
2026-10-05 09:07:25,44.453416,38.450583,51.64
2026-10-05 09:07:26,44.453345,38.450807,51.59
2026-10-05 09:07:27,44.453272,38.451027,51.58
2026-10-05 09:07:28,44.453196,38.451245,51.62
2026-10-05 09:07:30,44.453119,38.45146,51.71
2026-10-05 09:07:31,44.45304,38.451672,51.84
2026-10-05 09:07:32,44.45296,38.451881,52.02
2026-10-05 09:07:33,44.452877,38.452087,52.25
2026-10-05 09:07:34,44.452794,38.452291,52.52
2026-10-05 09:07:35,44.452709,38.452492,52.84
2026-10-05 09:07:37,44.452622,38.452691,53.2
2026-10-05 09:07:38,44.452534,38.452888,53.6
2026-10-05 09:07:39,44.452445,38.453083,54.04
2026-10-05 09:07:41,44.452355,38.453275,54.52
2026-10-05 09:07:42,44.452264,38.453466,55.04
2026-10-05 09:07:43,44.452172,38.453656,55.59
2026-10-05 09:07:44,44.452079,38.453844,56.16
2026-10-05 09:07:45,44.451986,38.45403,56.77
2026-10-05 09:07:47,44.451892,38.454215,57.4
2026-10-05 09:07:48,44.451798,38.4544,58.06
2026-10-05 09:07:49,44.451703,38.454583,58.73
2026-10-05 09:07:50,44.451608,38.454766,59.43
2026-10-05 09:07:52,44.451513,38.454949,60.13
2026-10-05 09:07:53,44.451418,38.455131,60.85
2026-10-05 09:07:54,44.451324,38.455313,61.57
2026-10-05 09:07:55,44.451229,38.455495,62.3
2026-10-05 09:07:56,44.451135,38.455677,63.04
2026-10-05 09:07:57,44.451042,38.455859,63.77
2026-10-05 09:07:58,44.450949,38.456042,64.49
2026-10-05 09:08:00,44.450857,38.456226,65.21
2026-10-05 09:08:01,44.450766,38.456411,65.92
2026-10-05 09:08:02,44.450676,38.456596,66.62
2026-10-05 09:08:03,44.450587,38.456783,67.3
2026-10-05 09:08:05,44.450499,38.456971,67.96
2026-10-05 09:08:06,44.450412,38.45716,68.61
2026-10-05 09:08:07,44.450327,38.457351,69.23
2026-10-05 09:08:08,44.450243,38.457544,69.82
2026-10-05 09:08:09,44.450161,38.457738,70.39
2026-10-05 09:08:11,44.450081,38.457935,70.93
2026-10-05 09:08:12,44.450002,38.458133,71.44
2026-10-05 09:08:13,44.449926,38.458334,71.92
2026-10-05 09:08:14,44.449851,38.458537,72.37
2026-10-05 09:08:15,44.449778,38.458742,72.78
2026-10-05 09:08:17,44.449708,38.45895,73.16
2026-10-05 09:08:18,44.449639,38.459161,73.5
2026-10-05 09:08:19,44.449573,38.459374,73.81
2026-10-05 09:08:21,44.449509,38.45959,74.08
2026-10-05 09:08:21,44.449447,38.459808,74.32
2026-10-05 09:08:23,44.449387,38.46003,74.53
2026-10-05 09:08:24,44.44933,38.460254,74.7
2026-10-05 09:08:25,44.449275,38.460481,74.83
2026-10-05 09:08:26,44.449223,38.460712,74.93
2026-10-05 09:08:27,44.449173,38.460945,75.0
2026-10-05 09:08:29,44.449125,38.461181,75.04
2026-10-05 09:08:30,44.44908,38.46142,75.05
2026-10-05 09:08:31,44.449037,38.461662,75.04
2026-10-05 09:08:32,44.448997,38.461907,74.99
2026-10-05 09:08:34,44.448959,38.462155,74.93
2026-10-05 09:08:35,44.448923,38.462406,74.84
2026-10-05 09:08:36,44.448889,38.46266,74.73
2026-10-05 09:08:37,44.448858,38.462917,74.6
2026-10-05 09:08:39,44.448829,38.463177,74.45
2026-10-05 09:08:40,44.448802,38.463439,74.3
2026-10-05 09:08:41,44.448777,38.463704,74.13
2026-10-05 09:08:43,44.448754,38.463972,73.95
2026-10-05 09:08:44,44.448733,38.464243,73.76
2026-10-05 09:08:45,44.448714,38.464516,73.57
2026-10-05 09:08:47,44.448697,38.464791,73.38
2026-10-05 09:08:49,44.448681,38.465069,73.19
2026-10-05 09:08:50,44.448667,38.465349,73.0
2026-10-05 09:08:52,44.448655,38.465631,72.81
2026-10-05 09:08:53,44.448644,38.465915,72.63
2026-10-05 09:08:54,44.448634,38.466202,72.46
2026-10-05 09:08:55,44.448626,38.46649,72.3
2026-10-05 09:08:57,44.448619,38.46678,72.14
2026-10-05 09:08:59,44.448612,38.467072,72.01
2026-10-05 09:09:00,44.448607,38.467365,71.88
2026-10-05 09:09:02,44.448602,38.467659,71.77
2026-10-05 09:09:04,44.448598,38.467955,71.68
2026-10-05 09:09:05,44.448595,38.468252,71.61
2026-10-05 09:09:07,44.448592,38.468551,71.55
2026-10-05 09:09:08,44.44859,38.46885,71.51
2026-10-05 09:09:10,44.448587,38.46915,71.49
2026-10-05 09:09:11,44.448585,38.469451,71.49
2026-10-05 09:09:13,44.448583,38.469752,71.51
2026-10-05 09:09:15,44.448581,38.470054,71.55
2026-10-05 09:09:16,44.448578,38.470356,71.61
2026-10-05 09:09:18,44.448575,38.470659,71.69
2026-10-05 09:09:19,44.448572,38.470961,71.78
2026-10-05 09:09:21,44.448568,38.471264,71.89
2026-10-05 09:09:22,44.448564,38.471566,72.01
2026-10-05 09:09:24,44.448558,38.471869,72.15
2026-10-05 09:09:25,44.448552,38.472171,72.3
2026-10-05 09:09:27,44.448545,38.472472,72.46
2026-10-05 09:09:29,44.448537,38.472774,72.63
2026-10-05 09:09:30,44.448528,38.473074,72.81
2026-10-05 09:09:32,44.448518,38.473374,72.99
2026-10-05 09:09:34,44.448506,38.473673,73.18
2026-10-05 09:09:36,44.448493,38.473971,73.37
2026-10-05 09:09:37,44.448479,38.474268,73.56
2026-10-05 09:09:39,44.448463,38.474564,73.74
2026-10-05 09:09:41,44.448446,38.474859,73.92
2026-10-05 09:09:43,44.448427,38.475153,74.1
2026-10-05 09:09:44,44.448407,38.475446,74.26
2026-10-05 09:09:46,44.448385,38.475737,74.42
2026-10-05 09:09:47,44.448361,38.476027,74.56
2026-10-05 09:09:48,44.448335,38.476315,74.68
2026-10-05 09:09:50,44.448308,38.476602,74.79
2026-10-05 09:09:51,44.448279,38.476888,74.87
2026-10-05 09:09:52,44.448248,38.477171,74.94
2026-10-05 09:09:54,44.448216,38.477454,74.98
2026-10-05 09:09:55,44.448181,38.477734,75.0
2026-10-05 09:09:56,44.448145,38.478013,74.99
2026-10-05 09:09:57,44.448108,38.478291,74.95
2026-10-05 09:09:59,44.448068,38.478566,74.88
2026-10-05 09:10:00,44.448027,38.47884,74.78
2026-10-05 09:10:02,44.447984,38.479112,74.66
2026-10-05 09:10:03,44.447939,38.479383,74.5
2026-10-05 09:10:04,44.447893,38.479652,74.3
2026-10-05 09:10:06,44.447845,38.479919,74.08
2026-10-05 09:10:07,44.447795,38.480184,73.82
2026-10-05 09:10:09,44.447745,38.480448,73.53
2026-10-05 09:10:10,44.447692,38.48071,73.21
2026-10-05 09:10:11,44.447638,38.48097,72.86
2026-10-05 09:10:13,44.447583,38.481229,72.48
2026-10-05 09:10:14,44.447527,38.481486,72.06
2026-10-05 09:10:15,44.447469,38.481742,71.62
2026-10-05 09:10:16,44.44741,38.481996,71.15
2026-10-05 09:10:18,44.44735,38.482248,70.65
2026-10-05 09:10:19,44.447289,38.4825,70.13
2026-10-05 09:10:20,44.447227,38.482749,69.59
2026-10-05 09:10:22,44.447165,38.482998,69.03
2026-10-05 09:10:23,44.447101,38.483245,68.45
2026-10-05 09:10:24,44.447037,38.48349,67.85
2026-10-05 09:10:26,44.446972,38.483735,67.24
2026-10-05 09:10:27,44.446906,38.483978,66.62
2026-10-05 09:10:28,44.44684,38.484221,65.98
2026-10-05 09:10:30,44.446773,38.484462,65.35
2026-10-05 09:10:31,44.446706,38.484702,64.71
2026-10-05 09:10:32,44.446639,38.484941,64.07
2026-10-05 09:10:33,44.446572,38.485179,63.43
2026-10-05 09:10:35,44.446504,38.485417,62.8
2026-10-05 09:10:37,44.446437,38.485654,62.18
2026-10-05 09:10:38,44.446369,38.485889,61.57
2026-10-05 09:10:40,44.446301,38.486125,60.98
2026-10-05 09:10:41,44.446234,38.486359,60.4
2026-10-05 09:10:42,44.446167,38.486594,59.84
2026-10-05 09:10:43,44.4461,38.486827,59.31
2026-10-05 09:10:45,44.446033,38.48706,58.8
2026-10-05 09:10:46,44.445967,38.487293,58.31
2026-10-05 09:10:47,44.445901,38.487526,57.86
2026-10-05 09:10:48,44.445835,38.487758,57.44
2026-10-05 09:10:50,44.44577,38.48799,57.06
2026-10-05 09:10:52,44.445706,38.488222,56.71
2026-10-05 09:10:53,44.445642,38.488453,56.4
2026-10-05 09:10:55,44.445579,38.488685,56.13
2026-10-05 09:10:56,44.445517,38.488916,55.9
2026-10-05 09:10:57,44.445455,38.489148,55.71
2026-10-05 09:10:58,44.445394,38.48938,55.57
2026-10-05 09:10:59,44.445334,38.489612,55.47
2026-10-05 09:11:01,44.445274,38.489843,55.42
2026-10-05 09:11:02,44.445215,38.490076,55.4
2026-10-05 09:11:03,44.445157,38.490308,55.44
2026-10-05 09:11:05,44.4451,38.49054,55.52
2026-10-05 09:11:06,44.445044,38.490773,55.64
2026-10-05 09:11:07,44.444988,38.491006,55.81
2026-10-05 09:11:09,44.444934,38.49124,56.02
2026-10-05 09:11:10,44.44488,38.491474,56.27
2026-10-05 09:11:11,44.444827,38.491708,56.56
2026-10-05 09:11:12,44.444775,38.491943,56.89
2026-10-05 09:11:13,44.444723,38.492178,57.26
2026-10-05 09:11:14,44.444673,38.492414,57.66
2026-10-05 09:11:15,44.444623,38.49265,58.1
2026-10-05 09:11:17,44.444574,38.492886,58.57
2026-10-05 09:11:18,44.444525,38.493123,59.07
2026-10-05 09:11:19,44.444478,38.493361,59.6
2026-10-05 09:11:20,44.444431,38.493599,60.15
2026-10-05 09:11:21,44.444385,38.493838,60.72
2026-10-05 09:11:23,44.444339,38.494077,61.32
2026-10-05 09:11:24,44.444294,38.494317,61.93
2026-10-05 09:11:25,44.44425,38.494557,62.55
2026-10-05 09:11:27,44.444206,38.494798,63.19
2026-10-05 09:11:28,44.444163,38.495039,63.83
2026-10-05 09:11:29,44.44412,38.495281,64.48
2026-10-05 09:11:30,44.444078,38.495523,65.13
2026-10-05 09:11:31,44.444037,38.495766,65.78
2026-10-05 09:11:32,44.443995,38.49601,66.43
2026-10-05 09:11:33,44.443954,38.496254,67.07
2026-10-05 09:11:35,44.443914,38.496498,67.71
2026-10-05 09:11:36,44.443874,38.496743,68.33
2026-10-05 09:11:37,44.443834,38.496988,68.94
2026-10-05 09:11:39,44.443795,38.497234,69.54
2026-10-05 09:11:40,44.443755,38.497481,70.12
2026-10-05 09:11:41,44.443716,38.497727,70.67
2026-10-05 09:11:43,44.443677,38.497974,71.21
2026-10-05 09:11:44,44.443639,38.498222,71.73
2026-10-05 09:11:46,44.4436,38.49847,72.21
2026-10-05 09:11:48,44.443562,38.498718,72.68
2026-10-05 09:11:49,44.443524,38.498967,73.11
2026-10-05 09:11:50,44.443486,38.499216,73.52
2026-10-05 09:11:51,44.443448,38.499465,73.9
2026-10-05 09:11:53,44.44341,38.499715,74.25
2026-10-05 09:11:55,44.443372,38.499965,74.57
2026-10-05 09:11:56,44.443334,38.500215,74.86
2026-10-05 09:11:58,44.443296,38.500465,75.12
2026-10-05 09:11:59,44.443258,38.500716,75.35
2026-10-05 09:12:01,44.44322,38.500967,75.55
2026-10-05 09:12:02,44.443182,38.501218,75.73
2026-10-05 09:12:04,44.443144,38.501469,75.87
2026-10-05 09:12:05,44.443106,38.501721,75.99
2026-10-05 09:12:06,44.443068,38.501973,76.08
2026-10-05 09:12:08,44.443029,38.502224,76.15
2026-10-05 09:12:09,44.442991,38.502476,76.19
2026-10-05 09:12:11,44.442953,38.502728,76.22
2026-10-05 09:12:12,44.442915,38.502981,76.22
2026-10-05 09:12:14,44.442876,38.503233,76.21
2026-10-05 09:12:15,44.442838,38.503485,76.17
2026-10-05 09:12:16,44.442799,38.503738,76.13
2026-10-05 09:12:17,44.442761,38.50399,76.07
2026-10-05 09:12:19,44.442722,38.504243,76.0
2026-10-05 09:12:20,44.442683,38.504496,75.92
2026-10-05 09:12:21,44.442644,38.504748,75.84
2026-10-05 09:12:23,44.442606,38.505001,75.75
2026-10-05 09:12:24,44.442567,38.505254,75.66
2026-10-05 09:12:25,44.442528,38.505507,75.57
2026-10-05 09:12:27,44.442489,38.50576,75.48
2026-10-05 09:12:28,44.44245,38.506013,75.39
2026-10-05 09:12:29,44.442411,38.506266,75.31
2026-10-05 09:12:30,44.442371,38.506519,75.23
2026-10-05 09:12:31,44.442332,38.506772,75.17
2026-10-05 09:12:33,44.442293,38.507025,75.11
2026-10-05 09:12:34,44.442254,38.507278,75.07
2026-10-05 09:12:36,44.442215,38.507532,75.04
2026-10-05 09:12:37,44.442176,38.507785,75.02
2026-10-05 09:12:39,44.442136,38.508038,75.02
2026-10-05 09:12:40,44.442097,38.508292,75.03
2026-10-05 09:12:42,44.442058,38.508545,75.06
2026-10-05 09:12:43,44.442019,38.508799,75.1
2026-10-05 09:12:45,44.441979,38.509053,75.16
2026-10-05 09:12:46,44.44194,38.509307,75.24
2026-10-05 09:12:47,44.441901,38.509561,75.33
2026-10-05 09:12:48,44.441861,38.509815,75.44
2026-10-05 09:12:50,44.441822,38.510069,75.56
2026-10-05 09:12:52,44.441782,38.510324,75.7
2026-10-05 09:12:53,44.441743,38.510578,75.85
2026-10-05 09:12:54,44.441703,38.510833,76.02
2026-10-05 09:12:56,44.441663,38.511088,76.19
2026-10-05 09:12:57,44.441624,38.511343,76.38
2026-10-05 09:12:58,44.441584,38.511599,76.57
2026-10-05 09:12:59,44.441544,38.511854,76.77
2026-10-05 09:13:01,44.441504,38.51211,76.98
2026-10-05 09:13:03,44.441464,38.512367,77.19
2026-10-05 09:13:04,44.441423,38.512623,77.39
2026-10-05 09:13:05,44.441383,38.51288,77.6
2026-10-05 09:13:06,44.441342,38.513137,77.8
2026-10-05 09:13:07,44.441301,38.513394,78.0
2026-10-05 09:13:08,44.44126,38.513652,78.18
2026-10-05 09:13:10,44.441219,38.51391,78.36
2026-10-05 09:13:11,44.441177,38.514168,78.52
2026-10-05 09:13:12,44.441135,38.514426,78.67
2026-10-05 09:13:14,44.441093,38.514685,78.79
2026-10-05 09:13:15,44.441051,38.514945,78.9
2026-10-05 09:13:16,44.441008,38.515205,78.98
2026-10-05 09:13:18,44.440965,38.515465,79.03
2026-10-05 09:13:19,44.440921,38.515725,79.06
2026-10-05 09:13:21,44.440877,38.515986,79.05
2026-10-05 09:13:22,44.440833,38.516248,79.01
2026-10-05 09:13:23,44.440788,38.516509,78.94
2026-10-05 09:13:24,44.440743,38.516772,78.83
2026-10-05 09:13:26,44.440697,38.517034,78.68
2026-10-05 09:13:28,44.440651,38.517297,78.49
2026-10-05 09:13:29,44.440604,38.517561,78.26
2026-10-05 09:13:30,44.440557,38.517824,77.99
2026-10-05 09:13:32,44.440509,38.518089,77.67
2026-10-05 09:13:33,44.440461,38.518353,77.31
2026-10-05 09:13:35,44.440412,38.518618,76.9
2026-10-05 09:13:36,44.440362,38.518884,76.45
2026-10-05 09:13:38,44.440312,38.51915,75.95
2026-10-05 09:13:39,44.440262,38.519416,75.41
2026-10-05 09:13:40,44.44021,38.519683,74.82
2026-10-05 09:13:42,44.440158,38.51995,74.18
2026-10-05 09:13:43,44.440106,38.520217,73.5
2026-10-05 09:13:44,44.440053,38.520485,72.77
2026-10-05 09:13:46,44.439999,38.520753,72.0
2026-10-05 09:13:47,44.439944,38.521022,71.19
2026-10-05 09:13:49,44.439889,38.52129,70.34
2026-10-05 09:13:50,44.439834,38.521559,69.45
2026-10-05 09:13:52,44.439777,38.521829,68.53
2026-10-05 09:13:54,44.439721,38.522098,67.57
2026-10-05 09:13:55,44.439663,38.522368,66.57
2026-10-05 09:13:56,44.439605,38.522638,65.55
2026-10-05 09:13:58,44.439546,38.522908,64.5
2026-10-05 09:13:59,44.439487,38.523178,63.42
2026-10-05 09:14:01,44.439427,38.523449,62.32
2026-10-05 09:14:03,44.439367,38.523719,61.21
2026-10-05 09:14:04,44.439306,38.52399,60.07
2026-10-05 09:14:05,44.439245,38.524261,58.92
2026-10-05 09:14:07,44.439183,38.524531,57.76
2026-10-05 09:14:09,44.439121,38.524802,56.6
2026-10-05 09:14:10,44.439058,38.525073,55.43
2026-10-05 09:14:11,44.438995,38.525343,54.26
2026-10-05 09:14:13,44.438932,38.525614,53.08
2026-10-05 09:14:14,44.438868,38.525884,51.92
2026-10-05 09:14:16,44.438804,38.526154,50.76
2026-10-05 09:14:17,44.43874,38.526424,49.61
2026-10-05 09:14:18,44.438676,38.526694,48.48
2026-10-05 09:14:19,44.438611,38.526963,47.36
2026-10-05 09:14:21,44.438546,38.527232,46.26
2026-10-05 09:14:23,44.438482,38.527501,45.19
2026-10-05 09:14:24,44.438417,38.527769,44.13
2026-10-05 09:14:25,44.438352,38.528037,43.11
2026-10-05 09:14:26,44.438287,38.528305,42.11
2026-10-05 09:14:28,44.438223,38.528571,41.14
2026-10-05 09:14:30,44.438158,38.528838,40.2
2026-10-05 09:14:31,44.438094,38.529104,39.3
2026-10-05 09:14:32,44.43803,38.529369,38.43
2026-10-05 09:14:33,44.437966,38.529633,37.6
2026-10-05 09:14:34,44.437902,38.529897,36.8
2026-10-05 09:14:36,44.437839,38.53016,36.04
2026-10-05 09:14:37,44.437776,38.530422,35.32
2026-10-05 09:14:38,44.437714,38.530684,34.63
2026-10-05 09:14:39,44.437652,38.530945,33.99
2026-10-05 09:14:41,44.437591,38.531205,33.38
2026-10-05 09:14:42,44.437531,38.531463,32.81
2026-10-05 09:14:44,44.437471,38.531721,32.28
2026-10-05 09:14:45,44.437412,38.531978,31.78
2026-10-05 09:14:47,44.437353,38.532234,31.32
2026-10-05 09:14:48,44.437295,38.532489,30.89
2026-10-05 09:14:50,44.437239,38.532743,30.5
2026-10-05 09:14:51,44.437183,38.532996,30.13
2026-10-05 09:14:53,44.437127,38.533248,29.8
2026-10-05 09:14:54,44.437073,38.533499,29.49
2026-10-05 09:14:55,44.43702,38.533748,29.21
2026-10-05 09:14:56,44.436968,38.533996,28.96
2026-10-05 09:14:58,44.436917,38.534244,28.72
2026-10-05 09:15:00,44.436867,38.534489,28.51
2026-10-05 09:15:01,44.436818,38.534734,28.31
2026-10-05 09:15:02,44.43677,38.534978,28.13
2026-10-05 09:15:03,44.436723,38.53522,27.96
2026-10-05 09:15:04,44.436678,38.535461,27.8
2026-10-05 09:15:05,44.436633,38.5357,27.65
2026-10-05 09:15:07,44.43659,38.535939,27.51
2026-10-05 09:15:08,44.436548,38.536176,27.37
2026-10-05 09:15:09,44.436508,38.536412,27.23
2026-10-05 09:15:10,44.436468,38.536646,27.08
2026-10-05 09:15:11,44.43643,38.536879,26.94
2026-10-05 09:15:13,44.436338,38.537078,26.97
2026-10-05 09:15:14,44.436247,38.537274,26.99
2026-10-05 09:15:16,44.436157,38.537469,27.01
2026-10-05 09:15:17,44.436068,38.537663,27.01
2026-10-05 09:15:18,44.43598,38.537856,27.01
2026-10-05 09:15:19,44.435894,38.538048,26.98
2026-10-05 09:15:20,44.435809,38.538238,26.95
2026-10-05 09:15:21,44.435725,38.538427,26.89
2026-10-05 09:15:22,44.435642,38.538615,26.82
2026-10-05 09:15:23,44.435561,38.538802,26.73
2026-10-05 09:15:24,44.43548,38.538987,26.62
2026-10-05 09:15:25,44.435401,38.539172,26.49
2026-10-05 09:15:27,44.435323,38.539356,26.35
2026-10-05 09:15:28,44.435246,38.539538,26.18
2026-10-05 09:15:29,44.43517,38.53972,25.99
2026-10-05 09:15:30,44.435095,38.5399,25.79
2026-10-05 09:15:31,44.435022,38.54008,25.56
2026-10-05 09:15:33,44.434949,38.540259,25.32
2026-10-05 09:15:34,44.434877,38.540437,25.06
2026-10-05 09:15:35,44.434806,38.540614,24.78
2026-10-05 09:15:36,44.434736,38.54079,24.49
2026-10-05 09:15:37,44.434666,38.540966,24.19
2026-10-05 09:15:38,44.434598,38.541141,23.88
2026-10-05 09:15:39,44.43453,38.541316,23.55
2026-10-05 09:15:40,44.434463,38.54149,23.22
2026-10-05 09:15:41,44.434396,38.541663,22.87
2026-10-05 09:15:42,44.43433,38.541836,22.53
2026-10-05 09:15:43,44.434265,38.542009,22.18
2026-10-05 09:15:44,44.434199,38.542182,21.83
2026-10-05 09:15:45,44.434135,38.542354,21.48
2026-10-05 09:15:45,44.43407,38.542526,21.14
2026-10-05 09:15:46,44.434006,38.542698,20.8
2026-10-05 09:15:47,44.433942,38.54287,20.46
2026-10-05 09:15:48,44.433879,38.543042,20.14
2026-10-05 09:15:50,44.433815,38.543214,19.83
2026-10-05 09:15:51,44.433752,38.543386,19.54
2026-10-05 09:15:52,44.433688,38.543559,19.26
2026-10-05 09:15:53,44.433624,38.543732,18.99
2026-10-05 09:15:53,44.433561,38.543905,18.75
2026-10-05 09:15:54,44.433497,38.544079,18.53
2026-10-05 09:15:55,44.433432,38.544253,18.33
2026-10-05 09:15:56,44.433368,38.544428,18.16
2026-10-05 09:15:57,44.433303,38.544603,18.01
2026-10-05 09:15:58,44.433238,38.544779,17.89
2026-10-05 09:15:59,44.433172,38.544956,17.8
2026-10-05 09:16:01,44.433105,38.545134,17.73
2026-10-05 09:16:02,44.433038,38.545313,17.7
2026-10-05 09:16:03,44.432971,38.545493,17.69
2026-10-05 09:16:04,44.432902,38.545674,17.72
2026-10-05 09:16:05,44.432833,38.545856,17.78
2026-10-05 09:16:06,44.432763,38.546039,17.86
2026-10-05 09:16:07,44.432693,38.546224,17.98
2026-10-05 09:16:08,44.432621,38.54641,18.12
2026-10-05 09:16:10,44.432548,38.546597,18.29
2026-10-05 09:16:11,44.432474,38.546786,18.49
2026-10-05 09:16:12,44.4324,38.546976,18.72
2026-10-05 09:16:13,44.432324,38.547168,18.97
2026-10-05 09:16:14,44.432247,38.547361,19.25
2026-10-05 09:16:15,44.432169,38.547556,19.55
2026-10-05 09:16:16,44.432089,38.547753,19.86
2026-10-05 09:16:17,44.432009,38.547951,20.2
2026-10-05 09:16:18,44.431927,38.548152,20.55
2026-10-05 09:16:19,44.431843,38.548354,20.92
2026-10-05 09:16:21,44.431759,38.548558,21.29
2026-10-05 09:16:22,44.431673,38.548764,21.68
2026-10-05 09:16:23,44.431586,38.548972,22.07
2026-10-05 09:16:24,44.431497,38.549182,22.47
2026-10-05 09:16:25,44.431407,38.549395,22.86
2026-10-05 09:16:26,44.431315,38.549609,23.26
2026-10-05 09:16:27,44.431222,38.549825,23.65
2026-10-05 09:16:29,44.431128,38.550043,24.03
2026-10-05 09:16:30,44.431032,38.550264,24.4
2026-10-05 09:16:31,44.430934,38.550486,24.75
2026-10-05 09:16:32,44.430835,38.550711,25.09
2026-10-05 09:16:34,44.430735,38.550938,25.42
2026-10-05 09:16:35,44.430633,38.551166,25.72
2026-10-05 09:16:37,44.430529,38.551397,25.99
2026-10-05 09:16:38,44.430424,38.551631,26.24
2026-10-05 09:16:39,44.430318,38.551866,26.46
2026-10-05 09:16:40,44.43021,38.552103,26.65
2026-10-05 09:16:41,44.430101,38.552343,26.8
2026-10-05 09:16:42,44.42999,38.552584,26.92
2026-10-05 09:16:44,44.429878,38.552828,27.0
2026-10-05 09:16:46,44.429764,38.553074,27.05
2026-10-05 09:16:47,44.429649,38.553321,27.05
2026-10-05 09:16:49,44.429533,38.553571,27.01
2026-10-05 09:16:50,44.429415,38.553822,26.93
2026-10-05 09:16:52,44.429296,38.554076,26.81
2026-10-05 09:16:53,44.429176,38.554331,26.64
2026-10-05 09:16:55,44.429055,38.554588,26.42
2026-10-05 09:16:56,44.428932,38.554846,26.17
2026-10-05 09:16:58,44.428808,38.555107,25.86
2026-10-05 09:16:59,44.428683,38.555369,25.52
2026-10-05 09:17:01,44.428557,38.555632,25.13
2026-10-05 09:17:02,44.42843,38.555897,24.69
2026-10-05 09:17:04,44.428301,38.556163,24.22
2026-10-05 09:17:06,44.428172,38.556431,23.7
2026-10-05 09:17:07,44.428042,38.5567,23.15
2026-10-05 09:17:09,44.427911,38.55697,22.55
2026-10-05 09:17:11,44.427779,38.557242,21.92
2026-10-05 09:17:13,44.427647,38.557514,21.26
2026-10-05 09:17:14,44.427513,38.557787,20.56
2026-10-05 09:17:15,44.427379,38.558062,19.83
2026-10-05 09:17:18,44.427244,38.558336,19.08
2026-10-05 09:17:20,44.427109,38.558612,18.3
2026-10-05 09:17:21,44.426973,38.558888,17.49
2026-10-05 09:17:23,44.426837,38.559165,16.67
2026-10-05 09:17:24,44.4267,38.559442,15.83
2026-10-05 09:17:26,44.426562,38.55972,14.97
2026-10-05 09:17:27,44.426425,38.559997,14.11
2026-10-05 09:17:28,44.426287,38.560275,13.23
2026-10-05 09:17:30,44.426149,38.560553,12.35
2026-10-05 09:17:32,44.42601,38.560831,11.46
2026-10-05 09:17:34,44.425872,38.561109,10.58
2026-10-05 09:17:36,44.425733,38.561386,9.7
2026-10-05 09:17:37,44.425595,38.561663,8.82
2026-10-05 09:17:39,44.425456,38.56194,7.95
2026-10-05 09:17:41,44.425318,38.562216,7.1
2026-10-05 09:17:42,44.42518,38.562491,6.25
2026-10-05 09:17:44,44.425042,38.562766,5.43
2026-10-05 09:17:46,44.424904,38.563039,5.0
2026-10-05 09:17:48,44.424766,38.563312,5.0
2026-10-05 09:17:50,44.424629,38.563584,5.0
2026-10-05 09:17:52,44.424492,38.563855,5.0
2026-10-05 09:17:54,44.424355,38.564124,5.0
2026-10-05 09:17:56,44.424219,38.564393,5.0
2026-10-05 09:17:57,44.424084,38.564659,5.0
2026-10-05 09:17:58,44.423949,38.564925,5.0
2026-10-05 09:18:00,44.423815,38.565189,5.0
2026-10-05 09:18:02,44.423681,38.565451,5.0
2026-10-05 09:18:03,44.423548,38.565712,5.0
2026-10-05 09:18:04,44.423416,38.565971,5.0
2026-10-05 09:18:06,44.423284,38.566228,5.0
2026-10-05 09:18:08,44.423153,38.566483,5.0
2026-10-05 09:18:09,44.423024,38.566736,5.0
2026-10-05 09:18:11,44.422895,38.566988,5.0
2026-10-05 09:18:12,44.422766,38.567237,5.0
2026-10-05 09:18:14,44.422639,38.567484,5.0
2026-10-05 09:18:15,44.422513,38.56773,5.0
2026-10-05 09:18:17,44.422388,38.567972,5.0
2026-10-05 09:18:18,44.422263,38.568213,5.0
2026-10-05 09:18:19,44.42214,38.568452,5.0
2026-10-05 09:18:20,44.422018,38.568688,5.0
2026-10-05 09:18:22,44.421897,38.568922,5.0
2026-10-05 09:18:24,44.421777,38.569154,5.0
2026-10-05 09:18:26,44.421658,38.569383,5.0
2026-10-05 09:18:27,44.42154,38.569611,5.0
2026-10-05 09:18:28,44.421423,38.569835,5.0
2026-10-05 09:18:29,44.421307,38.570058,5.0
2026-10-05 09:18:30,44.421193,38.570278,5.0
2026-10-05 09:18:32,44.421079,38.570496,5.0
2026-10-05 09:18:34,44.420967,38.570712,5.0
2026-10-05 09:18:35,44.420856,38.570925,5.0
2026-10-05 09:18:37,44.420746,38.571136,5.0
2026-10-05 09:18:38,44.420638,38.571345,5.0
2026-10-05 09:18:40,44.42053,38.571552,5.0
2026-10-05 09:18:41,44.420423,38.571757,5.0
2026-10-05 09:18:43,44.420318,38.571959,5.0
2026-10-05 09:18:44,44.420214,38.57216,5.0
2026-10-05 09:18:46,44.420111,38.572358,5.0
2026-10-05 09:18:47,44.420009,38.572555,5.0
2026-10-05 09:18:48,44.419908,38.57275,5.0
2026-10-05 09:18:49,44.419808,38.572942,5.0
2026-10-05 09:18:50,44.41971,38.573133,5.0
2026-10-05 09:18:51,44.419612,38.573323,5.0
2026-10-05 09:18:52,44.419515,38.573511,5.0
2026-10-05 09:18:54,44.41942,38.573697,5.0
2026-10-05 09:18:55,44.419325,38.573882,5.0
2026-10-05 09:18:56,44.419231,38.574065,5.0
2026-10-05 09:18:58,44.419139,38.574247,5.0
2026-10-05 09:18:59,44.419047,38.574428,5.0
2026-10-05 09:19:00,44.418956,38.574608,5.0
2026-10-05 09:19:01,44.418866,38.574786,5.0
2026-10-05 09:19:03,44.418777,38.574964,5.0
2026-10-05 09:19:04,44.418688,38.575141,5.0
2026-10-05 09:19:05,44.418601,38.575317,5.0
2026-10-05 09:19:06,44.418514,38.575492,5.0
2026-10-05 09:19:07,44.418428,38.575667,5.0
2026-10-05 09:19:08,44.418342,38.575842,5.0
2026-10-05 09:19:10,44.418258,38.576016,5.0
2026-10-05 09:19:11,44.418173,38.576189,5.0
2026-10-05 09:19:12,44.41809,38.576363,5.0
2026-10-05 09:19:13,44.418007,38.576536,5.0
2026-10-05 09:19:14,44.417924,38.576709,5.0
2026-10-05 09:19:15,44.417842,38.576883,5.0
2026-10-05 09:19:16,44.417761,38.577056,5.0
2026-10-05 09:19:17,44.41768,38.57723,5.0
2026-10-05 09:19:18,44.417599,38.577404,5.0
2026-10-05 09:19:20,44.417518,38.577579,5.0
2026-10-05 09:19:21,44.417438,38.577754,5.0
2026-10-05 09:19:22,44.417358,38.577929,5.0
2026-10-05 09:19:23,44.417279,38.578106,5.0
2026-10-05 09:19:24,44.417199,38.578283,5.0
2026-10-05 09:19:25,44.41712,38.578461,5.0
2026-10-05 09:19:27,44.417041,38.57864,5.0
2026-10-05 09:19:27,44.416962,38.57882,5.0
2026-10-05 09:19:29,44.416883,38.579001,5.0
2026-10-05 09:19:30,44.416804,38.579183,5.0
2026-10-05 09:19:31,44.416725,38.579366,5.0
2026-10-05 09:19:32,44.416646,38.57955,5.0
2026-10-05 09:19:33,44.416567,38.579736,5.0
2026-10-05 09:19:34,44.416488,38.579923,5.0
2026-10-05 09:19:35,44.416409,38.580111,5.0
2026-10-05 09:19:36,44.416329,38.580301,5.0
2026-10-05 09:19:37,44.41625,38.580492,5.0
2026-10-05 09:19:38,44.41617,38.580685,5.0
2026-10-05 09:19:39,44.41609,38.580879,5.0
2026-10-05 09:19:40,44.416009,38.581075,5.0
2026-10-05 09:19:41,44.415929,38.581272,5.0
2026-10-05 09:19:42,44.415848,38.581471,5.0
2026-10-05 09:19:44,44.415766,38.581671,5.0
2026-10-05 09:19:45,44.415685,38.581873,5.0
2026-10-05 09:19:46,44.415603,38.582076,5.0
2026-10-05 09:19:47,44.41552,38.582281,5.0
2026-10-05 09:19:48,44.415437,38.582488,5.0
2026-10-05 09:19:49,44.415354,38.582696,5.0
2026-10-05 09:19:50,44.41527,38.582906,5.0
2026-10-05 09:19:51,44.415186,38.583117,5.0
2026-10-05 09:19:53,44.415101,38.58333,5.0
2026-10-05 09:19:54,44.415016,38.583544,5.0
2026-10-05 09:19:55,44.41493,38.58376,5.0
2026-10-05 09:19:56,44.414844,38.583977,5.0
2026-10-05 09:19:58,44.414757,38.584195,5.0
2026-10-05 09:19:59,44.41467,38.584415,5.0
2026-10-05 09:20:00,44.414582,38.584636,5.0
2026-10-05 09:20:02,44.414494,38.584859,5.0
2026-10-05 09:20:03,44.414405,38.585082,5.0
2026-10-05 09:20:04,44.414315,38.585307,5.0
2026-10-05 09:20:06,44.414225,38.585533,5.86
2026-10-05 09:20:07,44.414134,38.58576,6.86
2026-10-05 09:20:09,44.414043,38.585988,7.85
2026-10-05 09:20:10,44.413951,38.586217,8.84
2026-10-05 09:20:11,44.413859,38.586446,9.81
2026-10-05 09:20:12,44.413766,38.586677,10.77
2026-10-05 09:20:14,44.413673,38.586909,11.72
2026-10-05 09:20:15,44.413579,38.587141,12.64
2026-10-05 09:20:17,44.413484,38.587374,13.54
2026-10-05 09:20:19,44.413389,38.587607,14.42
2026-10-05 09:20:20,44.413293,38.587841,15.26
2026-10-05 09:20:22,44.413197,38.588076,16.08
2026-10-05 09:20:23,44.413101,38.588311,16.87
2026-10-05 09:20:25,44.413003,38.588546,17.63
2026-10-05 09:20:26,44.412906,38.588782,18.35
2026-10-05 09:20:27,44.412808,38.589018,19.03
2026-10-05 09:20:28,44.412709,38.589254,19.68
2026-10-05 09:20:30,44.41261,38.589491,20.28
2026-10-05 09:20:31,44.412511,38.589727,20.85
2026-10-05 09:20:32,44.412411,38.589964,21.38
2026-10-05 09:20:34,44.412311,38.5902,21.87
2026-10-05 09:20:36,44.41221,38.590437,22.31
2026-10-05 09:20:37,44.412109,38.590673,22.72
2026-10-05 09:20:38,44.412008,38.590909,23.08
2026-10-05 09:20:39,44.411906,38.591145,23.41
2026-10-05 09:20:41,44.411804,38.591381,23.7
2026-10-05 09:20:42,44.411702,38.591617,23.94
2026-10-05 09:20:44,44.411599,38.591852,24.16
2026-10-05 09:20:46,44.411496,38.592087,24.33
2026-10-05 09:20:47,44.411393,38.592322,24.47
2026-10-05 09:20:48,44.411289,38.592556,24.58
2026-10-05 09:20:50,44.411186,38.59279,24.65
2026-10-05 09:20:52,44.411082,38.593024,24.7
2026-10-05 09:20:53,44.410978,38.593257,24.72
2026-10-05 09:20:54,44.410874,38.59349,24.71
2026-10-05 09:20:55,44.410769,38.593722,24.69
2026-10-05 09:20:57,44.410665,38.593953,24.64
2026-10-05 09:20:58,44.41056,38.594184,24.57
2026-10-05 09:21:00,44.410455,38.594415,24.48
2026-10-05 09:21:01,44.41035,38.594645,24.39
2026-10-05 09:21:03,44.410245,38.594875,24.28
2026-10-05 09:21:04,44.41014,38.595104,24.16
2026-10-05 09:21:05,44.410035,38.595333,24.04
2026-10-05 09:21:07,44.409929,38.595561,23.91
2026-10-05 09:21:09,44.409824,38.595788,23.78
2026-10-05 09:21:10,44.409719,38.596015,23.66
2026-10-05 09:21:12,44.409613,38.596242,23.53
2026-10-05 09:21:13,44.409508,38.596468,23.41
2026-10-05 09:21:15,44.409403,38.596694,23.3
2026-10-05 09:21:16,44.409297,38.596919,23.2
2026-10-05 09:21:17,44.409192,38.597144,23.11
2026-10-05 09:21:19,44.409086,38.597368,23.04
2026-10-05 09:21:20,44.408981,38.597592,22.97
2026-10-05 09:21:21,44.408875,38.597815,22.93
2026-10-05 09:21:23,44.40877,38.598038,22.9
2026-10-05 09:21:24,44.408665,38.598261,22.89
2026-10-05 09:21:25,44.408559,38.598483,22.89
2026-10-05 09:21:26,44.408454,38.598705,22.92
2026-10-05 09:21:27,44.408349,38.598926,22.97
2026-10-05 09:21:29,44.408243,38.599147,23.04
2026-10-05 09:21:31,44.408138,38.599368,23.12
2026-10-05 09:21:33,44.408033,38.599589,23.23
2026-10-05 09:21:34,44.407928,38.599809,23.36
2026-10-05 09:21:35,44.407823,38.600029,23.51
2026-10-05 09:21:37,44.407717,38.600249,23.68
2026-10-05 09:21:38,44.407612,38.600468,23.86
2026-10-05 09:21:39,44.407507,38.600687,24.07
2026-10-05 09:21:40,44.407402,38.600906,24.28
2026-10-05 09:21:42,44.407297,38.601125,24.52
2026-10-05 09:21:44,44.407192,38.601343,24.76
2026-10-05 09:21:45,44.407087,38.601561,25.02
2026-10-05 09:21:46,44.406981,38.601779,25.29
2026-10-05 09:21:48,44.406876,38.601997,25.57
2026-10-05 09:21:49,44.406771,38.602214,25.85
2026-10-05 09:21:51,44.406666,38.602431,26.14
2026-10-05 09:21:52,44.40656,38.602648,26.43
2026-10-05 09:21:54,44.406455,38.602865,26.72
2026-10-05 09:21:56,44.40635,38.603081,27.01
2026-10-05 09:21:57,44.406244,38.603297,27.3
2026-10-05 09:21:59,44.406138,38.603513,27.58
2026-10-05 09:22:00,44.406033,38.603728,27.85
2026-10-05 09:22:01,44.405927,38.603943,28.11
2026-10-05 09:22:03,44.405821,38.604158,28.36
2026-10-05 09:22:04,44.405715,38.604372,28.6
2026-10-05 09:22:05,44.405609,38.604587,28.82
2026-10-05 09:22:07,44.405503,38.6048,29.02
2026-10-05 09:22:08,44.405396,38.605014,29.2
2026-10-05 09:22:10,44.40529,38.605227,29.36
2026-10-05 09:22:11,44.405183,38.605439,29.5
2026-10-05 09:22:12,44.405077,38.605651,29.62
2026-10-05 09:22:13,44.40497,38.605863,29.71
2026-10-05 09:22:15,44.404863,38.606074,29.77
2026-10-05 09:22:16,44.404756,38.606285,29.81
2026-10-05 09:22:17,44.404648,38.606495,29.83
2026-10-05 09:22:19,44.404541,38.606705,29.81
2026-10-05 09:22:21,44.404433,38.606914,29.77
2026-10-05 09:22:22,44.404326,38.607123,29.69
2026-10-05 09:22:23,44.404218,38.607331,29.59
2026-10-05 09:22:24,44.40411,38.607539,29.47
2026-10-05 09:22:25,44.404002,38.607746,29.31
2026-10-05 09:22:27,44.403894,38.607952,29.13
2026-10-05 09:22:29,44.403785,38.608158,28.93
2026-10-05 09:22:30,44.403677,38.608364,28.7
2026-10-05 09:22:31,44.403569,38.608569,28.44
2026-10-05 09:22:32,44.40346,38.608773,28.17
2026-10-05 09:22:33,44.403351,38.608977,27.88
2026-10-05 09:22:34,44.403243,38.609181,27.56
2026-10-05 09:22:36,44.403134,38.609384,27.24
2026-10-05 09:22:37,44.403026,38.609586,26.89
2026-10-05 09:22:38,44.402917,38.609788,26.54
2026-10-05 09:22:39,44.402808,38.609989,26.18
2026-10-05 09:22:40,44.4027,38.610191,25.81
2026-10-05 09:22:41,44.402591,38.610391,25.44
2026-10-05 09:22:43,44.402483,38.610592,25.06
2026-10-05 09:22:44,44.402375,38.610792,24.69
2026-10-05 09:22:45,44.402266,38.610992,24.32
2026-10-05 09:22:47,44.402158,38.611191,23.95
2026-10-05 09:22:48,44.402051,38.61139,23.6
2026-10-05 09:22:49,44.401943,38.61159,23.26
2026-10-05 09:22:50,44.401836,38.611789,22.93
2026-10-05 09:22:51,44.401729,38.611988,22.62
2026-10-05 09:22:53,44.401622,38.612187,22.33
2026-10-05 09:22:54,44.401515,38.612386,22.06
2026-10-05 09:22:56,44.401409,38.612586,21.82
2026-10-05 09:22:57,44.401304,38.612785,21.61
2026-10-05 09:22:58,44.401198,38.612985,21.42
2026-10-05 09:23:00,44.401094,38.613185,21.27
2026-10-05 09:23:01,44.400989,38.613386,21.15
2026-10-05 09:23:02,44.400885,38.613587,21.07
2026-10-05 09:23:03,44.400782,38.613788,21.03
2026-10-05 09:23:05,44.400679,38.61399,21.02
2026-10-05 09:23:05,44.400577,38.614193,21.05
2026-10-05 09:23:07,44.400476,38.614397,21.13
2026-10-05 09:23:09,44.400375,38.614601,21.25
2026-10-05 09:23:10,44.400275,38.614807,21.41
2026-10-05 09:23:12,44.400175,38.615013,21.62
2026-10-05 09:23:13,44.400077,38.61522,21.87
2026-10-05 09:23:14,44.399979,38.615429,22.16
2026-10-05 09:23:15,44.399882,38.615639,22.5
2026-10-05 09:23:17,44.399785,38.61585,22.88
2026-10-05 09:23:18,44.39969,38.616062,23.3
2026-10-05 09:23:19,44.399595,38.616276,23.77
2026-10-05 09:23:20,44.399501,38.616491,24.27
2026-10-05 09:23:22,44.399409,38.616707,24.82
2026-10-05 09:23:23,44.399317,38.616925,25.4
2026-10-05 09:23:24,44.399225,38.617145,26.02
2026-10-05 09:23:25,44.399135,38.617367,26.67
2026-10-05 09:23:26,44.399046,38.61759,27.36
2026-10-05 09:23:27,44.398958,38.617815,28.08
2026-10-05 09:23:29,44.39887,38.618041,28.82
2026-10-05 09:23:31,44.398784,38.61827,29.6
2026-10-05 09:23:32,44.398698,38.6185,30.39
2026-10-05 09:23:33,44.398614,38.618732,31.2
2026-10-05 09:23:35,44.39853,38.618966,32.04
2026-10-05 09:23:36,44.398447,38.619202,32.88
2026-10-05 09:23:37,44.398365,38.619439,33.74
2026-10-05 09:23:38,44.398284,38.619679,34.61
2026-10-05 09:23:39,44.398204,38.61992,35.48
2026-10-05 09:23:41,44.398125,38.620163,36.36
2026-10-05 09:23:42,44.398046,38.620408,37.24
2026-10-05 09:23:44,44.397969,38.620655,38.11
2026-10-05 09:23:45,44.397892,38.620903,38.98
2026-10-05 09:23:47,44.397815,38.621153,39.84
2026-10-05 09:23:48,44.39774,38.621405,40.69
2026-10-05 09:23:50,44.397665,38.621658,41.52
2026-10-05 09:23:51,44.39759,38.621913,42.34
2026-10-05 09:23:53,44.397517,38.622169,43.13
2026-10-05 09:23:54,44.397443,38.622427,43.91
2026-10-05 09:23:55,44.39737,38.622686,44.66
2026-10-05 09:23:57,44.397298,38.622946,45.39
2026-10-05 09:23:58,44.397225,38.623207,46.09
2026-10-05 09:24:00,44.397154,38.62347,46.76
2026-10-05 09:24:01,44.397082,38.623733,47.39
2026-10-05 09:24:03,44.39701,38.623997,48.0
2026-10-05 09:24:04,44.396939,38.624261,48.57
2026-10-05 09:24:06,44.396867,38.624527,49.11
2026-10-05 09:24:08,44.396795,38.624792,49.61
2026-10-05 09:24:09,44.396724,38.625058,50.08
2026-10-05 09:24:10,44.396652,38.625324,50.51
2026-10-05 09:24:12,44.396579,38.625591,50.91
2026-10-05 09:24:13,44.396507,38.625857,51.27
2026-10-05 09:24:14,44.396434,38.626123,51.59
2026-10-05 09:24:15,44.39636,38.626388,51.88
2026-10-05 09:24:17,44.396286,38.626653,52.13
2026-10-05 09:24:18,44.396211,38.626918,52.35
2026-10-05 09:24:19,44.396135,38.627182,52.54
2026-10-05 09:24:21,44.396058,38.627444,52.7
2026-10-05 09:24:22,44.395981,38.627706,52.82
2026-10-05 09:24:24,44.395903,38.627967,52.92
2026-10-05 09:24:25,44.395823,38.628226,52.99
2026-10-05 09:24:26,44.395742,38.628484,53.03
2026-10-05 09:24:28,44.395661,38.62874,53.05
2026-10-05 09:24:30,44.395577,38.628995,53.05
2026-10-05 09:24:31,44.395493,38.629247,53.03
2026-10-05 09:24:33,44.395407,38.629498,52.99
2026-10-05 09:24:34,44.395319,38.629747,52.94
2026-10-05 09:24:36,44.39523,38.629993,52.87
2026-10-05 09:24:37,44.395139,38.630237,52.8
2026-10-05 09:24:39,44.395047,38.630479,52.71
2026-10-05 09:24:40,44.394953,38.630718,52.62
2026-10-05 09:24:42,44.394857,38.630954,52.52
2026-10-05 09:24:43,44.394759,38.631188,52.42
2026-10-05 09:24:44,44.39466,38.631419,52.31
2026-10-05 09:24:46,44.394558,38.631647,52.21
2026-10-05 09:24:48,44.394454,38.631872,52.12
2026-10-05 09:24:49,44.394349,38.632094,52.02
2026-10-05 09:24:51,44.394241,38.632313,51.94
2026-10-05 09:24:52,44.394132,38.632529,51.86
2026-10-05 09:24:53,44.39402,38.632742,51.79
2026-10-05 09:24:54,44.393907,38.632952,51.73
2026-10-05 09:24:55,44.393791,38.633159,51.69
2026-10-05 09:24:56,44.393673,38.633362,51.65
2026-10-05 09:24:58,44.393553,38.633562,51.63
2026-10-05 09:24:59,44.393431,38.633759,51.62
2026-10-05 09:25:01,44.393307,38.633953,51.63
2026-10-05 09:25:03,44.393181,38.634144,51.65
2026-10-05 09:25:04,44.393053,38.634332,51.68
2026-10-05 09:25:05,44.392924,38.634516,51.73
2026-10-05 09:25:07,44.392792,38.634698,51.79
2026-10-05 09:25:08,44.392658,38.634877,51.86
2026-10-05 09:25:09,44.392523,38.635053,51.95
2026-10-05 09:25:11,44.392386,38.635226,52.05
2026-10-05 09:25:12,44.392247,38.635396,52.15
2026-10-05 09:25:13,44.392106,38.635564,52.27
2026-10-05 09:25:14,44.391964,38.635729,52.39
2026-10-05 09:25:15,44.391821,38.635892,52.52
2026-10-05 09:25:17,44.391676,38.636053,52.65
2026-10-05 09:25:18,44.39153,38.636211,52.79
2026-10-05 09:25:19,44.391383,38.636367,52.92
2026-10-05 09:25:21,44.391235,38.636522,53.05
2026-10-05 09:25:22,44.391085,38.636675,53.18
2026-10-05 09:25:24,44.390935,38.636826,53.31
2026-10-05 09:25:25,44.390784,38.636976,53.42
2026-10-05 09:25:27,44.390632,38.637124,53.52
2026-10-05 09:25:28,44.39048,38.637271,53.61
2026-10-05 09:25:29,44.390328,38.637418,53.69
2026-10-05 09:25:31,44.390175,38.637563,53.75
2026-10-05 09:25:32,44.390022,38.637708,53.78
2026-10-05 09:25:33,44.389869,38.637853,53.8
2026-10-05 09:25:34,44.389716,38.637997,53.79
2026-10-05 09:25:36,44.389563,38.638141,53.76
2026-10-05 09:25:37,44.389411,38.638285,53.69
2026-10-05 09:25:38,44.389259,38.638429,53.6
2026-10-05 09:25:40,44.389108,38.638574,53.47
2026-10-05 09:25:41,44.388957,38.638719,53.31
2026-10-05 09:25:42,44.388808,38.638866,53.12
2026-10-05 09:25:43,44.388659,38.639013,52.89
2026-10-05 09:25:45,44.388512,38.639161,52.62
2026-10-05 09:25:46,44.388366,38.639311,52.31
2026-10-05 09:25:47,44.388221,38.639462,51.96
2026-10-05 09:25:49,44.388078,38.639614,51.57
2026-10-05 09:25:50,44.387936,38.639768,51.14
2026-10-05 09:25:51,44.387796,38.639925,50.67
2026-10-05 09:25:52,44.387658,38.640083,50.16
2026-10-05 09:25:53,44.387523,38.640244,49.61
2026-10-05 09:25:55,44.387389,38.640407,49.02
2026-10-05 09:25:56,44.387257,38.640572,48.38
2026-10-05 09:25:58,44.387128,38.64074,47.71
2026-10-05 09:25:59,44.387,38.640911,47.0
2026-10-05 09:26:00,44.386876,38.641084,46.26
2026-10-05 09:26:01,44.386754,38.641261,45.47
2026-10-05 09:26:03,44.386634,38.64144,44.66
2026-10-05 09:26:04,44.386517,38.641623,43.81
2026-10-05 09:26:05,44.386403,38.641809,42.93
2026-10-05 09:26:07,44.386292,38.641998,42.02
2026-10-05 09:26:08,44.386183,38.64219,41.09
2026-10-05 09:26:09,44.386078,38.642386,40.13
2026-10-05 09:26:10,44.385975,38.642585,39.16
2026-10-05 09:26:11,44.385875,38.642788,38.16
2026-10-05 09:26:13,44.385778,38.642994,37.15
2026-10-05 09:26:14,44.385684,38.643204,36.13
2026-10-05 09:26:16,44.385592,38.643418,35.1
2026-10-05 09:26:17,44.385504,38.643635,34.06
2026-10-05 09:26:18,44.385419,38.643855,33.02
2026-10-05 09:26:19,44.385336,38.644079,31.98
2026-10-05 09:26:21,44.385256,38.644307,30.94
2026-10-05 09:26:22,44.385179,38.644538,29.91
2026-10-05 09:26:24,44.385105,38.644772,28.89
2026-10-05 09:26:25,44.385033,38.64501,27.88
2026-10-05 09:26:27,44.384964,38.645251,26.88
2026-10-05 09:26:28,44.384897,38.645496,25.9
2026-10-05 09:26:30,44.384833,38.645744,24.94
2026-10-05 09:26:31,44.384771,38.645995,24.01
2026-10-05 09:26:32,44.384711,38.646249,23.1
2026-10-05 09:26:34,44.384654,38.646505,22.22
2026-10-05 09:26:35,44.384598,38.646765,21.37
2026-10-05 09:26:37,44.384544,38.647028,20.55
2026-10-05 09:26:38,44.384493,38.647293,19.77
2026-10-05 09:26:39,44.384443,38.647561,19.02
2026-10-05 09:26:41,44.384394,38.647831,18.31
2026-10-05 09:26:42,44.384347,38.648103,17.64
2026-10-05 09:26:43,44.384301,38.648378,17.01
2026-10-05 09:26:44,44.384256,38.648655,16.42
2026-10-05 09:26:45,44.384212,38.648933,15.87
2026-10-05 09:26:47,44.384169,38.649214,15.37
2026-10-05 09:26:48,44.384127,38.649496,14.91
2026-10-05 09:26:49,44.384086,38.649779,14.49
2026-10-05 09:26:51,44.384044,38.650064,14.11
2026-10-05 09:26:52,44.384003,38.65035,13.78
2026-10-05 09:26:54,44.383962,38.650637,13.49
2026-10-05 09:26:55,44.383921,38.650925,13.23
2026-10-05 09:26:56,44.38388,38.651213,13.02
2026-10-05 09:26:58,44.383838,38.651502,12.85
2026-10-05 09:26:59,44.383796,38.651792,12.72
2026-10-05 09:27:01,44.383753,38.652082,12.62
2026-10-05 09:27:02,44.383709,38.652372,12.55
2026-10-05 09:27:03,44.383665,38.652661,12.52
2026-10-05 09:27:05,44.383619,38.652951,12.52
2026-10-05 09:27:06,44.383572,38.65324,12.54
2026-10-05 09:27:08,44.383523,38.653529,12.59
2026-10-05 09:27:09,44.383473,38.653817,12.67
2026-10-05 09:27:11,44.383422,38.654105,12.77
2026-10-05 09:27:12,44.383368,38.654391,12.88
2026-10-05 09:27:14,44.383313,38.654677,13.01
2026-10-05 09:27:15,44.383256,38.654961,13.16
2026-10-05 09:27:17,44.383197,38.655245,13.32
2026-10-05 09:27:19,44.383135,38.655526,13.48
2026-10-05 09:27:21,44.383071,38.655807,13.65
2026-10-05 09:27:23,44.383005,38.656085,13.83
2026-10-05 09:27:24,44.382937,38.656362,14.0
2026-10-05 09:27:25,44.382865,38.656637,14.18
2026-10-05 09:27:27,44.382792,38.65691,14.35
2026-10-05 09:27:28,44.382716,38.657181,14.51
2026-10-05 09:27:29,44.382637,38.65745,14.67
2026-10-05 09:27:31,44.382555,38.657717,14.81
2026-10-05 09:27:32,44.382471,38.657982,14.95
2026-10-05 09:27:33,44.382384,38.658244,15.07
2026-10-05 09:27:35,44.382294,38.658504,15.17
2026-10-05 09:27:36,44.382201,38.658761,15.26
2026-10-05 09:27:37,44.382106,38.659016,15.33
2026-10-05 09:27:39,44.382008,38.659269,15.38
2026-10-05 09:27:41,44.381907,38.659519,15.41
2026-10-05 09:27:42,44.381804,38.659766,15.42
2026-10-05 09:27:43,44.381697,38.660011,15.41
2026-10-05 09:27:44,44.381589,38.660253,15.38
2026-10-05 09:27:46,44.381477,38.660493,15.32
2026-10-05 09:27:47,44.381363,38.66073,15.24
2026-10-05 09:27:49,44.381247,38.660964,15.14
2026-10-05 09:27:51,44.381128,38.661196,15.02
2026-10-05 09:27:52,44.381007,38.661425,14.88
2026-10-05 09:27:54,44.380884,38.661652,14.72
2026-10-05 09:27:55,44.380758,38.661876,14.55
2026-10-05 09:27:57,44.380631,38.662097,14.35
2026-10-05 09:27:59,44.380501,38.662316,14.14
2026-10-05 09:28:00,44.38037,38.662532,13.91
2026-10-05 09:28:02,44.380237,38.662746,13.66
2026-10-05 09:28:03,44.380102,38.662958,13.41
2026-10-05 09:28:04,44.379966,38.663167,13.15
2026-10-05 09:28:06,44.379828,38.663374,12.87
2026-10-05 09:28:08,44.379689,38.663579,12.6
2026-10-05 09:28:09,44.379549,38.663782,12.31
2026-10-05 09:28:11,44.379408,38.663982,12.03
2026-10-05 09:28:13,44.379266,38.664181,11.74
2026-10-05 09:28:14,44.379123,38.664378,11.46
2026-10-05 09:28:16,44.378979,38.664573,11.18
2026-10-05 09:28:17,44.378835,38.664766,10.9
2026-10-05 09:28:19,44.37869,38.664957,10.64
2026-10-05 09:28:20,44.378546,38.665147,10.38
2026-10-05 09:28:22,44.378401,38.665335,10.14
2026-10-05 09:28:23,44.378255,38.665522,9.91
2026-10-05 09:28:25,44.37811,38.665707,9.69
2026-10-05 09:28:26,44.377965,38.665891,9.5
2026-10-05 09:28:27,44.377821,38.666074,9.32
2026-10-05 09:28:29,44.377677,38.666256,9.16
2026-10-05 09:28:30,44.377533,38.666437,9.02
2026-10-05 09:28:32,44.37739,38.666617,8.91
2026-10-05 09:28:34,44.377248,38.666796,8.82
2026-10-05 09:28:35,44.377107,38.666974,8.75
2026-10-05 09:28:37,44.376966,38.667152,8.71
2026-10-05 09:28:38,44.376827,38.667329,8.69
2026-10-05 09:28:40,44.376689,38.667506,8.7
2026-10-05 09:28:41,44.376552,38.667682,8.74
2026-10-05 09:28:42,44.376416,38.667859,8.8
2026-10-05 09:28:44,44.376281,38.668035,8.89
2026-10-05 09:28:45,44.376148,38.66821,9.0
2026-10-05 09:28:47,44.376017,38.668386,9.14
2026-10-05 09:28:48,44.375887,38.668562,9.3
2026-10-05 09:28:49,44.375758,38.668738,9.48
2026-10-05 09:28:50,44.375632,38.668915,9.68
2026-10-05 09:28:52,44.375506,38.669091,9.9
2026-10-05 09:28:53,44.375383,38.669268,10.14
2026-10-05 09:28:54,44.375261,38.669445,10.4
2026-10-05 09:28:55,44.375141,38.669623,10.67
2026-10-05 09:28:56,44.375023,38.669802,10.95
2026-10-05 09:28:58,44.374907,38.669981,11.25
2026-10-05 09:28:59,44.374792,38.670161,11.55
2026-10-05 09:29:00,44.374679,38.670341,11.85
2026-10-05 09:29:01,44.374568,38.670522,12.16
2026-10-05 09:29:03,44.374458,38.670705,12.47
2026-10-05 09:29:04,44.374351,38.670888,12.77
2026-10-05 09:29:05,44.374245,38.671072,13.07
2026-10-05 09:29:06,44.37414,38.671257,13.37
2026-10-05 09:29:08,44.374038,38.671443,13.65
2026-10-05 09:29:09,44.373937,38.67163,13.92
2026-10-05 09:29:10,44.373837,38.671818,14.17
2026-10-05 09:29:11,44.373739,38.672007,14.41
2026-10-05 09:29:13,44.373643,38.672197,14.62
2026-10-05 09:29:14,44.373548,38.672389,14.82
2026-10-05 09:29:15,44.373454,38.672582,14.98
2026-10-05 09:29:17,44.373362,38.672775,15.12
2026-10-05 09:29:18,44.373271,38.67297,15.23
2026-10-05 09:29:19,44.373181,38.673167,15.3
2026-10-05 09:29:20,44.373093,38.673364,15.34
2026-10-05 09:29:22,44.373005,38.673563,15.35
2026-10-05 09:29:23,44.372918,38.673763,15.32
2026-10-05 09:29:24,44.372833,38.673964,15.25
2026-10-05 09:29:25,44.372748,38.674167,15.14
2026-10-05 09:29:26,44.372664,38.67437,14.98
2026-10-05 09:29:27,44.372581,38.674575,14.79
2026-10-05 09:29:29,44.372498,38.674781,14.55
2026-10-05 09:29:30,44.372416,38.674988,14.28
2026-10-05 09:29:32,44.372334,38.675196,13.96
2026-10-05 09:29:33,44.372253,38.675406,13.59
2026-10-05 09:29:34,44.372172,38.675616,13.19
2026-10-05 09:29:35,44.372092,38.675828,12.74
2026-10-05 09:29:37,44.372012,38.676041,12.25
2026-10-05 09:29:39,44.371932,38.676255,11.72
2026-10-05 09:29:40,44.371852,38.676469,11.15
2026-10-05 09:29:41,44.371772,38.676685,10.55
2026-10-05 09:29:42,44.371692,38.676902,9.9
2026-10-05 09:29:44,44.371612,38.67712,9.23
2026-10-05 09:29:45,44.371532,38.677338,8.52
2026-10-05 09:29:46,44.371452,38.677558,7.78
2026-10-05 09:29:47,44.371372,38.677778,7.01
2026-10-05 09:29:48,44.371291,38.677999,6.22
2026-10-05 09:29:50,44.37121,38.678221,5.41
2026-10-05 09:29:51,44.371128,38.678444,5.0
2026-10-05 09:29:53,44.371047,38.678667,5.0
2026-10-05 09:29:54,44.370964,38.678891,5.0
2026-10-05 09:29:55,44.370881,38.679116,5.0
2026-10-05 09:29:56,44.370798,38.679341,5.0
2026-10-05 09:29:57,44.370714,38.679567,5.0
2026-10-05 09:29:58,44.37063,38.679793,5.0
2026-10-05 09:30:00,44.370545,38.68002,5.0
2026-10-05 09:30:01,44.370459,38.680247,5.0
2026-10-05 09:30:03,44.370373,38.680474,5.0
2026-10-05 09:30:04,44.370286,38.680702,5.0
2026-10-05 09:30:05,44.370198,38.68093,5.0
2026-10-05 09:30:07,44.37011,38.681159,5.0
2026-10-05 09:30:08,44.370021,38.681388,5.0
2026-10-05 09:30:10,44.369932,38.681617,5.0
2026-10-05 09:30:11,44.369841,38.681846,5.0
2026-10-05 09:30:12,44.36975,38.682075,5.0
2026-10-05 09:30:13,44.369659,38.682305,5.0
2026-10-05 09:30:14,44.369567,38.682535,5.0
2026-10-05 09:30:15,44.369474,38.682764,5.0
2026-10-05 09:30:16,44.36938,38.682994,5.0
2026-10-05 09:30:18,44.369286,38.683224,5.0
2026-10-05 09:30:19,44.369191,38.683454,5.0
2026-10-05 09:30:20,44.369095,38.683684,5.0
2026-10-05 09:30:22,44.368999,38.683914,5.0
2026-10-05 09:30:23,44.368903,38.684143,5.0
2026-10-05 09:30:25,44.368806,38.684373,5.0
2026-10-05 09:30:26,44.368708,38.684603,5.0
2026-10-05 09:30:27,44.36861,38.684832,5.0
2026-10-05 09:30:29,44.368511,38.685061,5.0
2026-10-05 09:30:30,44.368411,38.685291,5.0
2026-10-05 09:30:31,44.368312,38.68552,5.0
2026-10-05 09:30:32,44.368212,38.685748,5.0
2026-10-05 09:30:33,44.368111,38.685977,5.0
2026-10-05 09:30:34,44.36801,38.686206,5.0
2026-10-05 09:30:36,44.367909,38.686434,5.0
2026-10-05 09:30:37,44.367807,38.686662,5.0
2026-10-05 09:30:39,44.367705,38.68689,5.0
2026-10-05 09:30:40,44.367603,38.687118,5.0
2026-10-05 09:30:41,44.3675,38.687345,5.0
2026-10-05 09:30:43,44.367397,38.687573,5.0
2026-10-05 09:30:45,44.367294,38.6878,5.0
2026-10-05 09:30:46,44.367191,38.688027,5.0
2026-10-05 09:30:47,44.367088,38.688254,5.0
2026-10-05 09:30:48,44.366984,38.68848,5.0
2026-10-05 09:30:50,44.36688,38.688706,5.0
2026-10-05 09:30:52,44.366776,38.688933,5.0
2026-10-05 09:30:53,44.366672,38.689159,5.0
2026-10-05 09:30:54,44.366567,38.689384,5.0
2026-10-05 09:30:55,44.366463,38.68961,5.0
2026-10-05 09:30:57,44.366358,38.689835,5.0
2026-10-05 09:30:58,44.366254,38.690061,5.0
2026-10-05 09:30:59,44.366149,38.690286,5.0
2026-10-05 09:31:00,44.366044,38.690511,5.0
2026-10-05 09:31:02,44.365939,38.690736,5.0
2026-10-05 09:31:03,44.365835,38.69096,5.0
2026-10-05 09:31:04,44.36573,38.691185,5.0
2026-10-05 09:31:06,44.365624,38.69141,5.0
2026-10-05 09:31:07,44.365519,38.691634,5.0
2026-10-05 09:31:09,44.365414,38.691859,5.0
2026-10-05 09:31:10,44.365309,38.692083,5.0
2026-10-05 09:31:11,44.365204,38.692307,5.0
2026-10-05 09:31:13,44.365098,38.692531,5.0
2026-10-05 09:31:14,44.364993,38.692756,5.0
2026-10-05 09:31:15,44.364887,38.69298,5.0
2026-10-05 09:31:17,44.364782,38.693204,5.0
2026-10-05 09:31:19,44.364676,38.693428,5.0
2026-10-05 09:31:20,44.36457,38.693652,5.0
2026-10-05 09:31:21,44.364464,38.693877,5.0
2026-10-05 09:31:23,44.364359,38.694101,5.0
2026-10-05 09:31:24,44.364253,38.694325,5.0
2026-10-05 09:31:26,44.364146,38.694549,5.0
2026-10-05 09:31:27,44.36404,38.694774,5.0
2026-10-05 09:31:28,44.363934,38.694998,5.0
2026-10-05 09:31:30,44.363827,38.695223,5.0
2026-10-05 09:31:31,44.363721,38.695447,5.0
2026-10-05 09:31:33,44.363614,38.695672,5.0
2026-10-05 09:31:35,44.363507,38.695897,5.0
2026-10-05 09:31:36,44.3634,38.696122,5.0
2026-10-05 09:31:38,44.363293,38.696346,5.0
2026-10-05 09:31:40,44.363186,38.696571,5.0
2026-10-05 09:31:41,44.363078,38.696797,5.0
2026-10-05 09:31:42,44.362971,38.697022,5.0
2026-10-05 09:31:44,44.362863,38.697247,5.0
2026-10-05 09:31:45,44.362755,38.697472,5.0
2026-10-05 09:31:47,44.362647,38.697698,5.0
2026-10-05 09:31:48,44.362539,38.697923,5.0
2026-10-05 09:31:50,44.36243,38.698149,5.0
2026-10-05 09:31:51,44.362322,38.698374,5.0
2026-10-05 09:31:52,44.362213,38.6986,5.0
2026-10-05 09:31:53,44.362104,38.698825,5.0
2026-10-05 09:31:55,44.361995,38.699051,5.0
2026-10-05 09:31:56,44.361886,38.699277,5.0
2026-10-05 09:31:58,44.361777,38.699502,5.0
2026-10-05 09:32:00,44.361668,38.699728,5.0
2026-10-05 09:32:01,44.361558,38.699954,5.0
2026-10-05 09:32:02,44.361449,38.700179,5.0
2026-10-05 09:32:04,44.361339,38.700405,5.0
2026-10-05 09:32:05,44.361229,38.70063,5.0
2026-10-05 09:32:07,44.361119,38.700856,5.0
2026-10-05 09:32:08,44.361009,38.701081,5.0
2026-10-05 09:32:09,44.3609,38.701306,5.0
2026-10-05 09:32:11,44.36079,38.701531,5.0
2026-10-05 09:32:12,44.36068,38.701756,5.0
2026-10-05 09:32:13,44.36057,38.701981,5.0
2026-10-05 09:32:14,44.36046,38.702205,5.0
2026-10-05 09:32:15,44.360351,38.702429,5.0
2026-10-05 09:32:16,44.360241,38.702653,5.0
2026-10-05 09:32:18,44.360132,38.702877,5.0
2026-10-05 09:32:20,44.360022,38.7031,5.0
2026-10-05 09:32:21,44.359913,38.703323,5.0
2026-10-05 09:32:23,44.359804,38.703546,5.0
2026-10-05 09:32:24,44.359695,38.703768,5.0
2026-10-05 09:32:25,44.359587,38.70399,5.0
2026-10-05 09:32:27,44.359479,38.704211,5.0
2026-10-05 09:32:29,44.359371,38.704432,5.0
2026-10-05 09:32:30,44.359263,38.704652,5.0
2026-10-05 09:32:31,44.359156,38.704872,5.0
2026-10-05 09:32:32,44.359049,38.705091,5.0
2026-10-05 09:32:34,44.358943,38.70531,5.53
2026-10-05 09:32:35,44.358837,38.705528,6.54
2026-10-05 09:32:37,44.358732,38.705746,7.56
2026-10-05 09:32:39,44.358627,38.705963,8.58
2026-10-05 09:32:40,44.358522,38.706179,9.6
2026-10-05 09:32:41,44.358419,38.706394,10.61
2026-10-05 09:32:42,44.358315,38.706609,11.61
2026-10-05 09:32:44,44.358213,38.706823,12.59
2026-10-05 09:32:45,44.358111,38.707037,13.56
2026-10-05 09:32:46,44.358009,38.707249,14.52
2026-10-05 09:32:47,44.357908,38.707461,15.45
2026-10-05 09:32:49,44.357808,38.707672,16.36
2026-10-05 09:32:51,44.357709,38.707882,17.24
2026-10-05 09:32:52,44.357611,38.708091,18.1
2026-10-05 09:32:53,44.357513,38.7083,18.92
2026-10-05 09:32:55,44.357416,38.708507,19.71
2026-10-05 09:32:56,44.357319,38.708714,20.46
2026-10-05 09:32:57,44.357224,38.70892,21.18
2026-10-05 09:32:58,44.357129,38.709125,21.86
2026-10-05 09:32:59,44.357035,38.709329,22.49
2026-10-05 09:33:01,44.356942,38.709532,23.09
2026-10-05 09:33:02,44.35685,38.709734,23.64
2026-10-05 09:33:03,44.356759,38.709935,24.15
2026-10-05 09:33:04,44.356668,38.710136,24.62
2026-10-05 09:33:06,44.356579,38.710335,25.04
2026-10-05 09:33:07,44.35649,38.710533,25.42
2026-10-05 09:33:08,44.356402,38.710731,25.75
2026-10-05 09:33:09,44.356315,38.710928,26.04
2026-10-05 09:33:11,44.356229,38.711124,26.28
2026-10-05 09:33:12,44.356143,38.711318,26.48
2026-10-05 09:33:14,44.356059,38.711513,26.64
2026-10-05 09:33:15,44.355975,38.711706,26.76
2026-10-05 09:33:16,44.355892,38.711898,26.84
2026-10-05 09:33:17,44.35581,38.71209,26.88
2026-10-05 09:33:18,44.355728,38.712281,26.88
2026-10-05 09:33:19,44.355648,38.712471,26.85
2026-10-05 09:33:20,44.355568,38.71266,26.79
2026-10-05 09:33:21,44.355488,38.712849,26.69
2026-10-05 09:33:22,44.35541,38.713037,26.57
2026-10-05 09:33:23,44.355332,38.713224,26.42
2026-10-05 09:33:24,44.355255,38.71341,26.25
2026-10-05 09:33:26,44.355178,38.713597,26.05
2026-10-05 09:33:26,44.355102,38.713782,25.84
2026-10-05 09:33:27,44.355026,38.713967,25.61
2026-10-05 09:33:29,44.354951,38.714152,25.37
2026-10-05 09:33:30,44.354876,38.714336,25.12
2026-10-05 09:33:31,44.354802,38.71452,24.86
2026-10-05 09:33:32,44.354728,38.714703,24.59
2026-10-05 09:33:33,44.354655,38.714887,24.32
2026-10-05 09:33:34,44.354582,38.71507,24.05
2026-10-05 09:33:35,44.354509,38.715252,23.78
2026-10-05 09:33:36,44.354436,38.715435,23.52
2026-10-05 09:33:37,44.354363,38.715618,23.27
2026-10-05 09:33:38,44.354291,38.715801,23.02
2026-10-05 09:33:39,44.354218,38.715983,22.79
2026-10-05 09:33:40,44.354146,38.716166,22.57
2026-10-05 09:33:41,44.354074,38.716349,22.36
2026-10-05 09:33:43,44.354001,38.716533,22.17
2026-10-05 09:33:44,44.353929,38.716716,22.0
2026-10-05 09:33:45,44.353856,38.7169,21.85
2026-10-05 09:33:46,44.353783,38.717085,21.72
2026-10-05 09:33:47,44.35371,38.71727,21.61
2026-10-05 09:33:48,44.353636,38.717455,21.53
2026-10-05 09:33:49,44.353562,38.717641,21.46
2026-10-05 09:33:50,44.353488,38.717828,21.42
2026-10-05 09:33:52,44.353413,38.718015,21.41
2026-10-05 09:33:53,44.353338,38.718204,21.42
2026-10-05 09:33:54,44.353262,38.718393,21.45
2026-10-05 09:33:55,44.353186,38.718583,21.5
2026-10-05 09:33:56,44.353109,38.718774,21.58
2026-10-05 09:33:58,44.353031,38.718967,21.68
2026-10-05 09:33:59,44.352953,38.71916,21.8
2026-10-05 09:34:00,44.352873,38.719355,21.94
2026-10-05 09:34:01,44.352793,38.719551,22.09
2026-10-05 09:34:03,44.352712,38.719748,22.27
2026-10-05 09:34:04,44.35263,38.719947,22.46
2026-10-05 09:34:05,44.352547,38.720147,22.66
2026-10-05 09:34:06,44.352464,38.720348,22.88
2026-10-05 09:34:08,44.352379,38.720551,23.1
2026-10-05 09:34:09,44.352293,38.720756,23.34
2026-10-05 09:34:10,44.352206,38.720962,23.58
2026-10-05 09:34:11,44.352117,38.72117,23.82
2026-10-05 09:34:12,44.352028,38.72138,24.07
2026-10-05 09:34:13,44.351937,38.721592,24.32
2026-10-05 09:34:15,44.351846,38.721805,24.57
2026-10-05 09:34:16,44.351752,38.722021,24.81
2026-10-05 09:34:17,44.351658,38.722238,25.05
2026-10-05 09:34:18,44.351562,38.722457,25.27
2026-10-05 09:34:19,44.351466,38.722678,25.49
2026-10-05 09:34:21,44.351367,38.722901,25.7
2026-10-05 09:34:22,44.351268,38.723127,25.89
2026-10-05 09:34:24,44.351167,38.723354,26.07
2026-10-05 09:34:25,44.351064,38.723583,26.23
2026-10-05 09:34:26,44.35096,38.723814,26.37
2026-10-05 09:34:27,44.350855,38.724048,26.5
2026-10-05 09:34:29,44.350749,38.724283,26.6
2026-10-05 09:34:31,44.350641,38.724521,26.68
2026-10-05 09:34:33,44.350531,38.724761,26.74
2026-10-05 09:34:34,44.350421,38.725003,26.78
2026-10-05 09:34:35,44.350309,38.725247,26.79
2026-10-05 09:34:37,44.350195,38.725493,26.78
2026-10-05 09:34:38,44.35008,38.725741,26.74
2026-10-05 09:34:40,44.349964,38.725991,26.68
2026-10-05 09:34:41,44.349846,38.726243,26.6
2026-10-05 09:34:43,44.349727,38.726497,26.49
2026-10-05 09:34:44,44.349607,38.726753,26.36
2026-10-05 09:34:46,44.349486,38.727011,26.21
2026-10-05 09:34:47,44.349363,38.727271,26.04
2026-10-05 09:34:49,44.349239,38.727532,25.85
2026-10-05 09:34:51,44.349114,38.727796,25.64
2026-10-05 09:34:52,44.348987,38.728061,25.42
2026-10-05 09:34:54,44.348859,38.728328,25.18
2026-10-05 09:34:56,44.348731,38.728596,24.93
2026-10-05 09:34:58,44.348601,38.728866,24.66
2026-10-05 09:35:00,44.34847,38.729138,24.39
2026-10-05 09:35:02,44.348338,38.72941,24.11
2026-10-05 09:35:03,44.348205,38.729685,23.83
2026-10-05 09:35:04,44.348071,38.72996,23.54
2026-10-05 09:35:06,44.347936,38.730237,23.26
2026-10-05 09:35:08,44.347801,38.730515,22.98
2026-10-05 09:35:10,44.347664,38.730793,22.71
2026-10-05 09:35:12,44.347527,38.731073,22.44
2026-10-05 09:35:13,44.347389,38.731353,22.18
2026-10-05 09:35:15,44.34725,38.731635,21.94
2026-10-05 09:35:17,44.347111,38.731916,21.72
2026-10-05 09:35:19,44.346971,38.732199,21.51
2026-10-05 09:35:20,44.346831,38.732482,21.32
2026-10-05 09:35:22,44.34669,38.732765,21.16
2026-10-05 09:35:24,44.346549,38.733048,21.02
2026-10-05 09:35:26,44.346407,38.733331,20.91
2026-10-05 09:35:27,44.346265,38.733615,20.83
2026-10-05 09:35:29,44.346123,38.733898,20.79
2026-10-05 09:35:30,44.345981,38.734181,20.77
2026-10-05 09:35:32,44.345838,38.734464,20.79
2026-10-05 09:35:34,44.345696,38.734746,20.85
2026-10-05 09:35:35,44.345553,38.735028,20.95
2026-10-05 09:35:37,44.345411,38.735309,21.08
2026-10-05 09:35:39,44.345268,38.735589,21.26
2026-10-05 09:35:41,44.345126,38.735868,21.47
2026-10-05 09:35:43,44.344984,38.736147,21.73
2026-10-05 09:35:45,44.344842,38.736424,22.03
2026-10-05 09:35:47,44.3447,38.7367,22.37
2026-10-05 09:35:48,44.344559,38.736974,22.74
2026-10-05 09:35:50,44.344418,38.737247,23.16
2026-10-05 09:35:53,44.344278,38.737519,23.62
2026-10-05 09:35:54,44.344138,38.737788,24.12
2026-10-05 09:35:56,44.343999,38.738056,24.66
2026-10-05 09:35:57,44.343861,38.738323,25.23
2026-10-05 09:35:59,44.343723,38.738587,25.84
2026-10-05 09:36:01,44.343586,38.738849,26.49
2026-10-05 09:36:02,44.34345,38.739109,27.16
2026-10-05 09:36:04,44.343314,38.739367,27.87
2026-10-05 09:36:06,44.343179,38.739622,28.6
2026-10-05 09:36:07,44.343046,38.739875,29.36
2026-10-05 09:36:08,44.342913,38.740126,30.14
2026-10-05 09:36:10,44.342781,38.740374,30.94
2026-10-05 09:36:12,44.342651,38.740619,31.75
2026-10-05 09:36:14,44.342521,38.740862,32.58
2026-10-05 09:36:16,44.342393,38.741102,33.43
2026-10-05 09:36:17,44.342265,38.741339,34.28
2026-10-05 09:36:19,44.342139,38.741574,35.14
2026-10-05 09:36:20,44.342014,38.741806,36.0
2026-10-05 09:36:22,44.341891,38.742034,36.86
2026-10-05 09:36:23,44.341768,38.74226,37.72
2026-10-05 09:36:24,44.341647,38.742483,38.57
2026-10-05 09:36:25,44.341527,38.742703,39.41
2026-10-05 09:36:27,44.341409,38.74292,40.24
2026-10-05 09:36:28,44.341292,38.743134,41.05
2026-10-05 09:36:30,44.341176,38.743345,41.85
2026-10-05 09:36:31,44.341062,38.743553,42.62
2026-10-05 09:36:32,44.340949,38.743758,43.37
2026-10-05 09:36:33,44.340838,38.74396,44.1
2026-10-05 09:36:34,44.340728,38.744159,44.79
2026-10-05 09:36:36,44.340619,38.744355,45.46
2026-10-05 09:36:37,44.340512,38.744548,46.1
2026-10-05 09:36:38,44.340407,38.744739,46.7
2026-10-05 09:36:39,44.340303,38.744927,47.26
2026-10-05 09:36:40,44.3402,38.745112,47.79
2026-10-05 09:36:42,44.340099,38.745294,48.27
2026-10-05 09:36:43,44.339999,38.745474,48.72
2026-10-05 09:36:44,44.3399,38.745652,49.13
2026-10-05 09:36:45,44.339804,38.745827,49.5
2026-10-05 09:36:46,44.339708,38.745999,49.82
2026-10-05 09:36:47,44.339614,38.74617,50.11
2026-10-05 09:36:48,44.339521,38.746338,50.35
2026-10-05 09:36:49,44.33943,38.746504,50.55
2026-10-05 09:36:50,44.33934,38.746668,50.71
2026-10-05 09:36:51,44.339251,38.74683,50.83
2026-10-05 09:36:52,44.339164,38.746991,50.91
2026-10-05 09:36:53,44.339078,38.74715,50.95
2026-10-05 09:36:54,44.338993,38.747307,50.95
2026-10-05 09:36:55,44.338909,38.747463,50.92
2026-10-05 09:36:57,44.338827,38.747618,50.85
2026-10-05 09:36:58,44.338746,38.747771,50.75
2026-10-05 09:36:58,44.338666,38.747924,50.62
2026-10-05 09:36:59,44.338587,38.748075,50.46
2026-10-05 09:37:01,44.338509,38.748226,50.27
2026-10-05 09:37:02,44.338432,38.748377,50.06
2026-10-05 09:37:02,44.338356,38.748526,49.82
2026-10-05 09:37:03,44.338281,38.748676,49.56
2026-10-05 09:37:04,44.338207,38.748825,49.29
2026-10-05 09:37:05,44.338134,38.748974,48.99
2026-10-05 09:37:07,44.338062,38.749124,48.69
2026-10-05 09:37:07,44.33799,38.749273,48.37
2026-10-05 09:37:08,44.33792,38.749423,48.04
2026-10-05 09:37:09,44.337849,38.749573,47.71
2026-10-05 09:37:10,44.33778,38.749724,47.37
2026-10-05 09:37:11,44.337711,38.749876,47.03
2026-10-05 09:37:12,44.337643,38.750029,46.69
2026-10-05 09:37:12,44.337575,38.750182,46.35
2026-10-05 09:37:13,44.337508,38.750337,46.01
2026-10-05 09:37:14,44.337441,38.750493,45.68
2026-10-05 09:37:15,44.337374,38.750651,45.35
2026-10-05 09:37:16,44.337308,38.75081,45.04
2026-10-05 09:37:16,44.337242,38.75097,44.73
2026-10-05 09:37:17,44.337176,38.751132,44.43
2026-10-05 09:37:18,44.33711,38.751297,44.15
2026-10-05 09:37:19,44.337044,38.751463,43.88
2026-10-05 09:37:20,44.336979,38.751631,43.62
2026-10-05 09:37:21,44.336913,38.751801,43.38
2026-10-05 09:37:22,44.336848,38.751973,43.15
2026-10-05 09:37:24,44.336782,38.752148,42.93
2026-10-05 09:37:25,44.336716,38.752325,42.73
2026-10-05 09:37:26,44.33665,38.752505,42.55
2026-10-05 09:37:27,44.336584,38.752687,42.37
2026-10-05 09:37:28,44.336517,38.752871,42.21
2026-10-05 09:37:29,44.336451,38.753058,42.07
2026-10-05 09:37:30,44.336383,38.753248,41.93
2026-10-05 09:37:31,44.336316,38.753441,41.8
2026-10-05 09:37:33,44.336248,38.753636,41.69
2026-10-05 09:37:34,44.336179,38.753833,41.58
2026-10-05 09:37:35,44.33611,38.754034,41.47
2026-10-05 09:37:37,44.336041,38.754237,41.37
2026-10-05 09:37:38,44.33597,38.754443,41.28
2026-10-05 09:37:39,44.335899,38.754652,41.18
2026-10-05 09:37:40,44.335828,38.754864,41.08
2026-10-05 09:37:42,44.335756,38.755078,40.98
2026-10-05 09:37:43,44.335683,38.755295,40.88
2026-10-05 09:37:44,44.335609,38.755514,40.76
2026-10-05 09:37:45,44.335534,38.755736,40.64
2026-10-05 09:37:47,44.335459,38.755961,40.51
2026-10-05 09:37:48,44.335383,38.756188,40.36
2026-10-05 09:37:50,44.335306,38.756418,40.19
2026-10-05 09:37:51,44.335228,38.75665,40.01
2026-10-05 09:37:53,44.335149,38.756884,39.81
2026-10-05 09:37:54,44.335069,38.757121,39.58
2026-10-05 09:37:55,44.334988,38.75736,39.34
2026-10-05 09:37:56,44.334906,38.757601,39.06
2026-10-05 09:37:58,44.334824,38.757844,38.76
2026-10-05 09:38:00,44.33474,38.758089,38.43
2026-10-05 09:38:01,44.334655,38.758335,38.07
2026-10-05 09:38:03,44.334569,38.758584,37.68
2026-10-05 09:38:05,44.334483,38.758834,37.26
2026-10-05 09:38:06,44.334395,38.759085,36.8
2026-10-05 09:38:08,44.334306,38.759338,36.31
2026-10-05 09:38:09,44.334216,38.759593,35.78
2026-10-05 09:38:10,44.334125,38.759848,35.23
2026-10-05 09:38:12,44.334033,38.760105,34.63
2026-10-05 09:38:14,44.333941,38.760363,34.0
2026-10-05 09:38:15,44.333847,38.760621,33.34
2026-10-05 09:38:17,44.333752,38.76088,32.64
2026-10-05 09:38:19,44.333656,38.76114,31.91
2026-10-05 09:38:21,44.333559,38.7614,31.15
2026-10-05 09:38:22,44.333461,38.761661,30.35
2026-10-05 09:38:24,44.333362,38.761922,29.53
2026-10-05 09:38:25,44.333263,38.762184,28.67
2026-10-05 09:38:26,44.333162,38.762445,27.79
2026-10-05 09:38:28,44.333061,38.762706,26.89
2026-10-05 09:38:30,44.332958,38.762967,25.96
2026-10-05 09:38:31,44.332855,38.763228,25.01
2026-10-05 09:38:33,44.332751,38.763488,24.04
2026-10-05 09:38:35,44.332646,38.763748,23.06
2026-10-05 09:38:37,44.33254,38.764008,22.06
2026-10-05 09:38:38,44.332434,38.764266,21.06
2026-10-05 09:38:39,44.332326,38.764524,20.04
2026-10-05 09:38:41,44.332218,38.764782,19.02
2026-10-05 09:38:42,44.33211,38.765038,18.0
2026-10-05 09:38:44,44.332,38.765293,16.97
2026-10-05 09:38:46,44.331891,38.765547,15.96
2026-10-05 09:38:48,44.33178,38.7658,14.94
2026-10-05 09:38:50,44.331669,38.766052,13.94
2026-10-05 09:38:52,44.331557,38.766303,12.95
2026-10-05 09:38:53,44.331445,38.766552,11.98
2026-10-05 09:38:54,44.331333,38.7668,11.02
2026-10-05 09:38:55,44.331219,38.767046,10.09
2026-10-05 09:38:57,44.331106,38.767291,9.18
2026-10-05 09:38:59,44.330992,38.767535,8.29
2026-10-05 09:39:00,44.330878,38.767777,7.44
2026-10-05 09:39:02,44.330764,38.768018,6.62
2026-10-05 09:39:04,44.330649,38.768256,5.83
2026-10-05 09:39:05,44.330534,38.768494,5.07
2026-10-05 09:39:06,44.330419,38.76873,5.0
2026-10-05 09:39:08,44.330303,38.768964,5.0
2026-10-05 09:39:09,44.330188,38.769197,5.0
2026-10-05 09:39:10,44.330072,38.769428,5.0
2026-10-05 09:39:12,44.329956,38.769657,5.0
2026-10-05 09:39:14,44.32984,38.769885,5.0
2026-10-05 09:39:15,44.329724,38.770112,5.0
2026-10-05 09:39:17,44.329609,38.770337,5.0
2026-10-05 09:39:18,44.329493,38.770561,5.0
2026-10-05 09:39:19,44.329377,38.770783,5.0
2026-10-05 09:39:20,44.329261,38.771003,5.0
2026-10-05 09:39:21,44.329146,38.771223,5.0
2026-10-05 09:39:23,44.32903,38.771441,5.0
2026-10-05 09:39:25,44.328915,38.771658,5.0
2026-10-05 09:39:26,44.3288,38.771873,5.0
2026-10-05 09:39:27,44.328685,38.772088,5.0
2026-10-05 09:39:29,44.32857,38.772301,5.0
2026-10-05 09:39:30,44.328455,38.772513,5.0
2026-10-05 09:39:31,44.328341,38.772724,5.0
2026-10-05 09:39:32,44.328227,38.772934,5.0
2026-10-05 09:39:34,44.328113,38.773144,5.0
2026-10-05 09:39:35,44.328,38.773352,5.0
2026-10-05 09:39:36,44.327887,38.77356,5.0
2026-10-05 09:39:37,44.327774,38.773767,5.0
2026-10-05 09:39:38,44.327662,38.773973,5.0
2026-10-05 09:39:40,44.327549,38.774178,5.0
2026-10-05 09:39:41,44.327438,38.774384,5.0
2026-10-05 09:39:43,44.327326,38.774588,5.0
2026-10-05 09:39:44,44.327215,38.774792,5.0
2026-10-05 09:39:45,44.327104,38.774996,5.0
2026-10-05 09:39:47,44.326994,38.775199,5.0
2026-10-05 09:39:48,44.326884,38.775403,5.0
2026-10-05 09:39:49,44.326775,38.775605,5.0
2026-10-05 09:39:51,44.326666,38.775808,5.0
2026-10-05 09:39:52,44.326557,38.776011,5.0
2026-10-05 09:39:53,44.326448,38.776213,5.0
2026-10-05 09:39:55,44.32634,38.776416,5.0
2026-10-05 09:39:56,44.326232,38.776618,5.0
2026-10-05 09:39:57,44.326125,38.776821,5.0
2026-10-05 09:39:58,44.326018,38.777024,5.0
2026-10-05 09:39:59,44.325911,38.777226,5.0
2026-10-05 09:40:00,44.325805,38.777429,5.0
2026-10-05 09:40:02,44.325699,38.777632,5.0
2026-10-05 09:40:03,44.325594,38.777836,5.17
2026-10-05 09:40:04,44.325488,38.778039,5.33
2026-10-05 09:40:05,44.325383,38.778243,5.47
2026-10-05 09:40:07,44.325279,38.778447,5.58
2026-10-05 09:40:08,44.325174,38.778651,5.67
2026-10-05 09:40:09,44.32507,38.778856,5.73
2026-10-05 09:40:11,44.324966,38.779061,5.77
2026-10-05 09:40:12,44.324862,38.779266,5.78
2026-10-05 09:40:13,44.324759,38.779472,5.76
2026-10-05 09:40:15,44.324656,38.779678,5.72
2026-10-05 09:40:16,44.324553,38.779884,5.66
2026-10-05 09:40:17,44.32445,38.78009,5.57
2026-10-05 09:40:18,44.324348,38.780297,5.46
2026-10-05 09:40:20,44.324245,38.780505,5.33
2026-10-05 09:40:22,44.324143,38.780712,5.17
2026-10-05 09:40:23,44.324041,38.78092,5.0
2026-10-05 09:40:24,44.323939,38.781129,5.0
2026-10-05 09:40:25,44.323838,38.781337,5.0
2026-10-05 09:40:26,44.323736,38.781546,5.0
2026-10-05 09:40:28,44.323635,38.781755,5.0
2026-10-05 09:40:29,44.323534,38.781965,5.0
2026-10-05 09:40:30,44.323432,38.782175,5.0
2026-10-05 09:40:31,44.323331,38.782385,5.0
2026-10-05 09:40:32,44.32323,38.782595,5.0
2026-10-05 09:40:34,44.32313,38.782806,5.0
2026-10-05 09:40:35,44.323029,38.783017,5.0
2026-10-05 09:40:37,44.322928,38.783228,5.0
2026-10-05 09:40:38,44.322828,38.783439,5.0
2026-10-05 09:40:39,44.322727,38.783651,5.0
2026-10-05 09:40:41,44.322627,38.783863,5.0
2026-10-05 09:40:42,44.322527,38.784075,5.0
2026-10-05 09:40:44,44.322427,38.784287,5.0
2026-10-05 09:40:45,44.322326,38.7845,5.0
2026-10-05 09:40:46,44.322227,38.784712,5.0
2026-10-05 09:40:48,44.322127,38.784926,5.0
2026-10-05 09:40:49,44.322027,38.785139,5.0
2026-10-05 09:40:50,44.321927,38.785352,5.0
2026-10-05 09:40:52,44.321828,38.785566,5.0
2026-10-05 09:40:53,44.321728,38.78578,5.0
2026-10-05 09:40:55,44.321629,38.785994,5.0
2026-10-05 09:40:56,44.32153,38.786209,5.0
2026-10-05 09:40:57,44.321431,38.786424,5.0
2026-10-05 09:40:59,44.321332,38.786639,5.0
2026-10-05 09:41:00,44.321234,38.786855,5.0
2026-10-05 09:41:01,44.321135,38.78707,5.0
2026-10-05 09:41:02,44.321037,38.787287,5.0
2026-10-05 09:41:04,44.320939,38.787503,5.0
2026-10-05 09:41:05,44.320842,38.78772,5.0
2026-10-05 09:41:07,44.320744,38.787938,5.0
2026-10-05 09:41:08,44.320647,38.788155,5.0
2026-10-05 09:41:09,44.32055,38.788374,5.0
2026-10-05 09:41:10,44.320453,38.788593,5.0
2026-10-05 09:41:11,44.320357,38.788812,5.0
2026-10-05 09:41:12,44.320261,38.789032,5.0
2026-10-05 09:41:13,44.320165,38.789252,5.0
2026-10-05 09:41:15,44.320069,38.789473,5.0
2026-10-05 09:41:16,44.319974,38.789695,5.0
2026-10-05 09:41:18,44.319879,38.789917,5.0
2026-10-05 09:41:19,44.319785,38.79014,5.0
2026-10-05 09:41:21,44.319691,38.790364,5.0
2026-10-05 09:41:22,44.319597,38.790588,5.0
2026-10-05 09:41:23,44.319504,38.790813,5.0
2026-10-05 09:41:25,44.319411,38.791039,5.0
2026-10-05 09:41:26,44.319319,38.791265,5.0
2026-10-05 09:41:27,44.319227,38.791493,5.0
2026-10-05 09:41:29,44.319135,38.791721,5.0
2026-10-05 09:41:31,44.319044,38.79195,5.0
2026-10-05 09:41:32,44.318953,38.79218,5.0
2026-10-05 09:41:34,44.318863,38.79241,5.0
2026-10-05 09:41:35,44.318773,38.792642,5.0
2026-10-05 09:41:37,44.318683,38.792874,5.0
2026-10-05 09:41:38,44.318594,38.793107,5.0
2026-10-05 09:41:39,44.318505,38.793341,5.0
2026-10-05 09:41:41,44.318417,38.793575,5.0
2026-10-05 09:41:42,44.318329,38.793811,5.0
2026-10-05 09:41:44,44.318241,38.794047,5.0
2026-10-05 09:41:45,44.318154,38.794284,5.0
2026-10-05 09:41:46,44.318067,38.794522,5.0
2026-10-05 09:41:48,44.31798,38.79476,5.0
2026-10-05 09:41:49,44.317893,38.795,5.0
2026-10-05 09:41:50,44.317807,38.795239,5.0
2026-10-05 09:41:52,44.317721,38.79548,5.0
2026-10-05 09:41:53,44.317635,38.795721,5.0
2026-10-05 09:41:54,44.31755,38.795962,5.0
2026-10-05 09:41:56,44.317464,38.796204,5.0
2026-10-05 09:41:57,44.317379,38.796446,5.0
2026-10-05 09:41:58,44.317294,38.796689,5.0
2026-10-05 09:41:59,44.317208,38.796932,5.0
2026-10-05 09:42:00,44.317123,38.797175,5.0
2026-10-05 09:42:01,44.317037,38.797419,5.0
2026-10-05 09:42:03,44.316952,38.797662,5.0
2026-10-05 09:42:05,44.316866,38.797906,5.0
2026-10-05 09:42:06,44.31678,38.798149,5.0
2026-10-05 09:42:08,44.316694,38.798392,5.0
2026-10-05 09:42:09,44.316608,38.798636,5.0
2026-10-05 09:42:11,44.316521,38.798878,5.0
2026-10-05 09:42:12,44.316434,38.799121,5.0
2026-10-05 09:42:13,44.316347,38.799363,5.0
2026-10-05 09:42:15,44.316259,38.799604,5.0
2026-10-05 09:42:16,44.31617,38.799845,5.0
2026-10-05 09:42:17,44.316081,38.800085,5.0
2026-10-05 09:42:19,44.315991,38.800324,5.0
2026-10-05 09:42:20,44.3159,38.800563,5.0
2026-10-05 09:42:22,44.315809,38.8008,5.0
2026-10-05 09:42:23,44.315717,38.801036,5.0
2026-10-05 09:42:24,44.315624,38.801271,5.0
2026-10-05 09:42:25,44.31553,38.801505,5.0
2026-10-05 09:42:26,44.315435,38.801738,5.0
2026-10-05 09:42:28,44.315339,38.801969,5.0
2026-10-05 09:42:29,44.315242,38.802198,5.0
2026-10-05 09:42:30,44.315144,38.802426,5.0
2026-10-05 09:42:31,44.315044,38.802653,5.0
2026-10-05 09:42:32,44.314944,38.802878,5.0
2026-10-05 09:42:34,44.314842,38.803101,5.0
2026-10-05 09:42:36,44.314739,38.803322,5.0
2026-10-05 09:42:37,44.314635,38.803541,5.0
2026-10-05 09:42:38,44.314529,38.803758,5.0
2026-10-05 09:42:39,44.314422,38.803973,5.0
2026-10-05 09:42:41,44.314314,38.804187,5.0
2026-10-05 09:42:42,44.314204,38.804398,5.0
2026-10-05 09:42:44,44.314093,38.804607,5.0
2026-10-05 09:42:45,44.31398,38.804814,5.0
2026-10-05 09:42:46,44.313866,38.805018,5.0
2026-10-05 09:42:47,44.31375,38.805221,5.0
2026-10-05 09:42:49,44.313633,38.805421,5.0
2026-10-05 09:42:50,44.313515,38.805619,5.0
2026-10-05 09:42:52,44.313395,38.805815,5.0
2026-10-05 09:42:53,44.313274,38.806009,5.0
2026-10-05 09:42:54,44.313151,38.806201,5.0
2026-10-05 09:42:55,44.313027,38.80639,5.0
2026-10-05 09:42:57,44.312901,38.806578,5.0
2026-10-05 09:42:58,44.312774,38.806763,5.0
2026-10-05 09:42:59,44.312646,38.806946,5.0
2026-10-05 09:43:00,44.312516,38.807128,5.0
2026-10-05 09:43:01,44.312386,38.807307,5.0
2026-10-05 09:43:02,44.312254,38.807485,5.0
2026-10-05 09:43:04,44.312121,38.807661,5.0
2026-10-05 09:43:05,44.311987,38.807835,5.0
2026-10-05 09:43:07,44.311852,38.808007,5.0
2026-10-05 09:43:08,44.311716,38.808178,5.0
2026-10-05 09:43:10,44.311579,38.808347,5.0
2026-10-05 09:43:11,44.311441,38.808516,5.0
2026-10-05 09:43:13,44.311303,38.808682,5.0
2026-10-05 09:43:14,44.311164,38.808848,5.0
2026-10-05 09:43:15,44.311025,38.809013,5.0
2026-10-05 09:43:16,44.310885,38.809177,5.0
2026-10-05 09:43:17,44.310745,38.80934,5.0
2026-10-05 09:43:18,44.310604,38.809502,5.0
2026-10-05 09:43:20,44.310464,38.809664,5.0
2026-10-05 09:43:21,44.310323,38.809825,5.0
2026-10-05 09:43:22,44.310182,38.809987,5.0
2026-10-05 09:43:23,44.310042,38.810148,5.0
2026-10-05 09:43:24,44.309902,38.810309,5.0
2026-10-05 09:43:26,44.309762,38.81047,5.0
2026-10-05 09:43:27,44.309623,38.810631,5.0
2026-10-05 09:43:28,44.309485,38.810793,5.0
2026-10-05 09:43:30,44.309347,38.810956,5.0
2026-10-05 09:43:31,44.30921,38.811119,5.0
2026-10-05 09:43:33,44.309074,38.811284,5.0
2026-10-05 09:43:34,44.308939,38.811449,5.0
2026-10-05 09:43:35,44.308805,38.811615,5.0
2026-10-05 09:43:36,44.308673,38.811783,5.0
2026-10-05 09:43:37,44.308542,38.811952,5.0
2026-10-05 09:43:39,44.308413,38.812123,5.0
2026-10-05 09:43:40,44.308285,38.812295,5.0
2026-10-05 09:43:41,44.308159,38.812469,5.0
2026-10-05 09:43:42,44.308034,38.812646,5.0
2026-10-05 09:43:43,44.307912,38.812824,5.0
2026-10-05 09:43:44,44.307792,38.813004,5.0
2026-10-05 09:43:45,44.307673,38.813187,5.0
2026-10-05 09:43:47,44.307557,38.813372,5.0
2026-10-05 09:43:48,44.307443,38.81356,5.0
2026-10-05 09:43:49,44.307332,38.81375,5.0
2026-10-05 09:43:50,44.307223,38.813943,5.0
2026-10-05 09:43:51,44.307116,38.814139,5.0
2026-10-05 09:43:52,44.307012,38.814338,5.0
2026-10-05 09:43:54,44.30691,38.814539,5.0
2026-10-05 09:43:56,44.306811,38.814744,5.0
2026-10-05 09:43:57,44.306714,38.814952,5.0
2026-10-05 09:43:58,44.30662,38.815162,5.0
2026-10-05 09:43:59,44.306529,38.815376,5.0
2026-10-05 09:44:00,44.30644,38.815593,5.0
2026-10-05 09:44:02,44.306354,38.815813,5.0
2026-10-05 09:44:03,44.306271,38.816037,5.0
2026-10-05 09:44:04,44.30619,38.816264,5.0
2026-10-05 09:44:06,44.306112,38.816494,5.0
2026-10-05 09:44:07,44.306037,38.816727,5.0
2026-10-05 09:44:08,44.305964,38.816963,5.0
2026-10-05 09:44:09,44.305894,38.817203,5.0
2026-10-05 09:44:11,44.305826,38.817446,5.0
2026-10-05 09:44:12,44.305761,38.817691,5.0
2026-10-05 09:44:13,44.305698,38.81794,5.0
2026-10-05 09:44:14,44.305637,38.818193,5.0
2026-10-05 09:44:16,44.305578,38.818448,5.0
2026-10-05 09:44:17,44.305522,38.818705,5.0
2026-10-05 09:44:18,44.305468,38.818966,5.0
2026-10-05 09:44:19,44.305415,38.81923,5.0
2026-10-05 09:44:21,44.305364,38.819496,5.0
2026-10-05 09:44:22,44.305316,38.819765,5.0
2026-10-05 09:44:23,44.305268,38.820036,5.0
2026-10-05 09:44:25,44.305222,38.82031,5.0
2026-10-05 09:44:27,44.305178,38.820586,5.0
2026-10-05 09:44:28,44.305134,38.820864,5.0
2026-10-05 09:44:30,44.305092,38.821144,5.0
2026-10-05 09:44:31,44.30505,38.821426,5.0
2026-10-05 09:44:32,44.30501,38.82171,5.0
2026-10-05 09:44:33,44.304969,38.821995,5.0
2026-10-05 09:44:35,44.30493,38.822282,5.0
2026-10-05 09:44:37,44.30489,38.822571,5.0
2026-10-05 09:44:38,44.304851,38.82286,5.0
2026-10-05 09:44:40,44.304812,38.823151,5.16
2026-10-05 09:44:41,44.304772,38.823443,6.09
2026-10-05 09:44:43,44.304733,38.823735,7.03
2026-10-05 09:44:44,44.304692,38.824028,7.99
2026-10-05 09:44:47,44.304651,38.824322,8.95
2026-10-05 09:44:48,44.304609,38.824615,9.91
2026-10-05 09:44:49,44.304567,38.824909,10.88
2026-10-05 09:44:51,44.304523,38.825203,11.84
2026-10-05 09:44:52,44.304477,38.825497,12.8
2026-10-05 09:44:54,44.304431,38.825791,13.76
2026-10-05 09:44:56,44.304382,38.826084,14.7
2026-10-05 09:44:57,44.304332,38.826377,15.63
2026-10-05 09:44:58,44.30428,38.826669,16.55
2026-10-05 09:45:00,44.304226,38.826959,17.45
2026-10-05 09:45:01,44.30417,38.827249,18.33
2026-10-05 09:45:03,44.304112,38.827538,19.18
2026-10-05 09:45:04,44.304051,38.827826,20.01
2026-10-05 09:45:06,44.303988,38.828112,20.81
2026-10-05 09:45:08,44.303922,38.828396,21.57
2026-10-05 09:45:10,44.303854,38.828679,22.3
2026-10-05 09:45:11,44.303782,38.82896,23.0
2026-10-05 09:45:13,44.303708,38.829239,23.66
2026-10-05 09:45:14,44.303631,38.829516,24.28
2026-10-05 09:45:15,44.303551,38.82979,24.86
2026-10-05 09:45:17,44.303468,38.830063,25.39
2026-10-05 09:45:18,44.303381,38.830333,25.89
2026-10-05 09:45:20,44.303292,38.830601,26.33
2026-10-05 09:45:21,44.303199,38.830866,26.73
2026-10-05 09:45:23,44.303103,38.831128,27.09
2026-10-05 09:45:25,44.303004,38.831388,27.4
2026-10-05 09:45:26,44.302901,38.831645,27.66
2026-10-05 09:45:27,44.302796,38.8319,27.88
2026-10-05 09:45:29,44.302687,38.832151,28.04
2026-10-05 09:45:30,44.302575,38.832399,28.17
2026-10-05 09:45:31,44.30246,38.832645,28.25
2026-10-05 09:45:33,44.302341,38.832887,28.28
2026-10-05 09:45:34,44.30222,38.833127,28.27
2026-10-05 09:45:36,44.302096,38.833363,28.22
2026-10-05 09:45:38,44.301968,38.833597,28.13
2026-10-05 09:45:39,44.301838,38.833827,28.0
2026-10-05 09:45:41,44.301705,38.834054,27.84
2026-10-05 09:45:43,44.30157,38.834278,27.64
2026-10-05 09:45:45,44.301431,38.834499,27.41
2026-10-05 09:45:46,44.301291,38.834717,27.15
2026-10-05 09:45:47,44.301148,38.834932,26.86
2026-10-05 09:45:49,44.301002,38.835144,26.54
2026-10-05 09:45:50,44.300855,38.835352,26.21
2026-10-05 09:45:52,44.300705,38.835558,25.86
2026-10-05 09:45:54,44.300554,38.835762,25.48
2026-10-05 09:45:56,44.300401,38.835962,25.1
2026-10-05 09:45:57,44.300246,38.836159,24.7
2026-10-05 09:45:58,44.30009,38.836354,24.3
2026-10-05 09:46:00,44.299933,38.836546,23.89
2026-10-05 09:46:02,44.299774,38.836735,23.48
2026-10-05 09:46:03,44.299615,38.836922,23.07
2026-10-05 09:46:05,44.299454,38.837107,22.66
2026-10-05 09:46:06,44.299293,38.837289,22.26
2026-10-05 09:46:07,44.299132,38.837469,21.86
2026-10-05 09:46:09,44.29897,38.837646,21.48
2026-10-05 09:46:11,44.298808,38.837822,21.11
2026-10-05 09:46:12,44.298646,38.837995,20.75
2026-10-05 09:46:14,44.298484,38.838167,20.41
2026-10-05 09:46:16,44.298323,38.838337,20.1
2026-10-05 09:46:18,44.298162,38.838505,19.8
2026-10-05 09:46:20,44.297981,38.838647,19.76
2026-10-05 09:46:21,44.297786,38.838771,19.92
2026-10-05 09:46:22,44.297592,38.838893,20.09
2026-10-05 09:46:24,44.297399,38.839014,20.3
2026-10-05 09:46:26,44.297208,38.839134,20.53
2026-10-05 09:46:27,44.297018,38.839253,20.79
2026-10-05 09:46:28,44.296829,38.839371,21.07
2026-10-05 09:46:30,44.296642,38.839488,21.39
2026-10-05 09:46:31,44.296456,38.839605,21.73
2026-10-05 09:46:33,44.296273,38.839721,22.1
2026-10-05 09:46:34,44.296091,38.839836,22.5
2026-10-05 09:46:35,44.295911,38.839952,22.92
2026-10-05 09:46:36,44.295734,38.840066,23.37
2026-10-05 09:46:38,44.295558,38.840181,23.85
2026-10-05 09:46:39,44.295385,38.840296,24.35
2026-10-05 09:46:40,44.295215,38.840411,24.87
2026-10-05 09:46:41,44.295047,38.840526,25.41
2026-10-05 09:46:43,44.294881,38.840641,25.98
2026-10-05 09:46:44,44.294718,38.840757,26.56
2026-10-05 09:46:45,44.294557,38.840873,27.15
2026-10-05 09:46:46,44.294399,38.84099,27.77
2026-10-05 09:46:47,44.294244,38.841108,28.39
2026-10-05 09:46:49,44.294091,38.841226,29.03
2026-10-05 09:46:50,44.293941,38.841345,29.67
2026-10-05 09:46:52,44.293794,38.841465,30.32
2026-10-05 09:46:53,44.293649,38.841586,30.98
2026-10-05 09:46:54,44.293507,38.841709,31.63
2026-10-05 09:46:55,44.293368,38.841832,32.29
2026-10-05 09:46:56,44.293231,38.841957,32.94
2026-10-05 09:46:58,44.293097,38.842083,33.59
2026-10-05 09:46:59,44.292966,38.84221,34.24
2026-10-05 09:47:01,44.292836,38.842339,34.87
2026-10-05 09:47:02,44.29271,38.84247,35.5
2026-10-05 09:47:03,44.292585,38.842602,36.11
2026-10-05 09:47:05,44.292463,38.842735,36.71
2026-10-05 09:47:06,44.292344,38.842871,37.3
2026-10-05 09:47:07,44.292226,38.843008,37.87
2026-10-05 09:47:08,44.292111,38.843146,38.42
2026-10-05 09:47:09,44.291997,38.843287,38.95
2026-10-05 09:47:10,44.291885,38.843429,39.47
2026-10-05 09:47:11,44.291776,38.843573,39.96
2026-10-05 09:47:12,44.291668,38.843719,40.43
2026-10-05 09:47:13,44.291561,38.843867,40.88
2026-10-05 09:47:14,44.291456,38.844017,41.31
2026-10-05 09:47:15,44.291353,38.844169,41.72
2026-10-05 09:47:17,44.29125,38.844322,42.11
2026-10-05 09:47:18,44.291149,38.844478,42.48
2026-10-05 09:47:19,44.291049,38.844635,42.82
2026-10-05 09:47:20,44.29095,38.844794,43.15
2026-10-05 09:47:22,44.290852,38.844955,43.46
2026-10-05 09:47:22,44.290755,38.845119,43.75
2026-10-05 09:47:24,44.290658,38.845283,44.02
2026-10-05 09:47:25,44.290561,38.84545,44.28
2026-10-05 09:47:26,44.290465,38.845619,44.53
2026-10-05 09:47:28,44.29037,38.845789,44.76
2026-10-05 09:47:29,44.290274,38.845961,44.99
2026-10-05 09:47:30,44.290179,38.846135,45.21
2026-10-05 09:47:31,44.290083,38.846311,45.42
2026-10-05 09:47:32,44.289988,38.846488,45.63
2026-10-05 09:47:33,44.289892,38.846667,45.83
2026-10-05 09:47:34,44.289795,38.846848,46.04
2026-10-05 09:47:36,44.289699,38.84703,46.25
2026-10-05 09:47:37,44.289602,38.847214,46.47
2026-10-05 09:47:38,44.289504,38.847399,46.69
2026-10-05 09:47:39,44.289405,38.847585,46.93
2026-10-05 09:47:41,44.289306,38.847773,47.18
2026-10-05 09:47:42,44.289206,38.847962,47.44
2026-10-05 09:47:43,44.289104,38.848153,47.72
2026-10-05 09:47:44,44.289002,38.848345,48.02
2026-10-05 09:47:45,44.288899,38.848537,48.35
2026-10-05 09:47:46,44.288795,38.848731,48.7
2026-10-05 09:47:47,44.288689,38.848926,49.07
2026-10-05 09:47:48,44.288582,38.849123,49.47
2026-10-05 09:47:50,44.288474,38.849319,49.9
2026-10-05 09:47:51,44.288365,38.849517,50.36
2026-10-05 09:47:52,44.288254,38.849716,50.86
2026-10-05 09:47:54,44.288142,38.849915,51.39
2026-10-05 09:47:55,44.288028,38.850116,51.95
2026-10-05 09:47:57,44.287914,38.850316,52.55
2026-10-05 09:47:58,44.287797,38.850518,53.18
2026-10-05 09:47:59,44.287679,38.85072,53.85
2026-10-05 09:48:01,44.28756,38.850922,54.56
2026-10-05 09:48:02,44.287439,38.851125,55.31
2026-10-05 09:48:03,44.287317,38.851328,56.09
2026-10-05 09:48:04,44.287193,38.851532,56.91
2026-10-05 09:48:06,44.287068,38.851735,57.76
2026-10-05 09:48:07,44.286941,38.851939,58.65
2026-10-05 09:48:09,44.286813,38.852143,59.58
2026-10-05 09:48:11,44.286684,38.852347,60.53
2026-10-05 09:48:12,44.286553,38.852552,61.52
2026-10-05 09:48:13,44.286421,38.852756,62.54
2026-10-05 09:48:15,44.286288,38.85296,63.58
2026-10-05 09:48:17,44.286153,38.853164,64.66
2026-10-05 09:48:18,44.286017,38.853368,65.75
2026-10-05 09:48:19,44.28588,38.853572,66.87
2026-10-05 09:48:21,44.285742,38.853775,68.0
2026-10-05 09:48:23,44.285602,38.853978,69.16
2026-10-05 09:48:24,44.285462,38.854181,70.32
2026-10-05 09:48:26,44.28532,38.854384,71.5
2026-10-05 09:48:27,44.285178,38.854586,72.69
2026-10-05 09:48:29,44.285034,38.854788,73.88
2026-10-05 09:48:30,44.28489,38.854989,75.07
2026-10-05 09:48:32,44.284745,38.85519,76.26
2026-10-05 09:48:33,44.284599,38.85539,77.45
2026-10-05 09:48:35,44.284453,38.85559,78.63
2026-10-05 09:48:36,44.284305,38.855789,79.8
2026-10-05 09:48:37,44.284158,38.855988,80.96
2026-10-05 09:48:39,44.284009,38.856186,82.1
2026-10-05 09:48:40,44.28386,38.856384,83.22
2026-10-05 09:48:42,44.283711,38.856581,84.32
2026-10-05 09:48:43,44.283561,38.856777,85.4
2026-10-05 09:48:45,44.283411,38.856973,86.45
2026-10-05 09:48:46,44.283261,38.857168,87.47
2026-10-05 09:48:47,44.283111,38.857362,88.45
2026-10-05 09:48:48,44.28296,38.857555,89.41
2026-10-05 09:48:50,44.282809,38.857748,90.32
2026-10-05 09:48:52,44.282658,38.857941,91.2
2026-10-05 09:48:53,44.282507,38.858132,92.04
2026-10-05 09:48:55,44.282356,38.858323,92.84
2026-10-05 09:48:56,44.282205,38.858513,93.59
2026-10-05 09:48:58,44.282054,38.858703,94.3
2026-10-05 09:48:59,44.281903,38.858892,94.97
2026-10-05 09:49:00,44.281752,38.85908,95.59
2026-10-05 09:49:02,44.281602,38.859268,96.16
2026-10-05 09:49:04,44.281451,38.859454,96.69
2026-10-05 09:49:06,44.281301,38.859641,97.17
2026-10-05 09:49:07,44.281151,38.859826,97.61
2026-10-05 09:49:09,44.281002,38.860011,98.0
2026-10-05 09:49:10,44.280853,38.860196,98.35
2026-10-05 09:49:11,44.280704,38.860379,98.65
2026-10-05 09:49:13,44.280555,38.860563,98.91
2026-10-05 09:49:14,44.280407,38.860745,99.13
2026-10-05 09:49:15,44.280259,38.860927,99.3
2026-10-05 09:49:17,44.280111,38.861109,99.44
2026-10-05 09:49:18,44.279964,38.86129,99.54
2026-10-05 09:49:19,44.279817,38.86147,99.61
2026-10-05 09:49:21,44.279671,38.861651,99.64
2026-10-05 09:49:23,44.279525,38.86183,99.64
2026-10-05 09:49:24,44.27938,38.862009,99.61
2026-10-05 09:49:25,44.279235,38.862188,99.56
2026-10-05 09:49:27,44.27909,38.862366,99.48
2026-10-05 09:49:29,44.278946,38.862544,99.38
2026-10-05 09:49:30,44.278802,38.862722,99.26
2026-10-05 09:49:31,44.278659,38.862899,99.13
2026-10-05 09:49:33,44.278516,38.863076,98.98
2026-10-05 09:49:34,44.278373,38.863253,98.81
2026-10-05 09:49:36,44.278231,38.863429,98.64
2026-10-05 09:49:37,44.278089,38.863605,98.47
2026-10-05 09:49:39,44.277947,38.863781,98.28
2026-10-05 09:49:41,44.277806,38.863957,98.1
2026-10-05 09:49:42,44.277666,38.864132,97.92
2026-10-05 09:49:44,44.277525,38.864307,97.74
2026-10-05 09:49:45,44.277385,38.864482,97.56
2026-10-05 09:49:47,44.277245,38.864657,97.39
2026-10-05 09:49:48,44.277106,38.864832,97.23
2026-10-05 09:49:50,44.276966,38.865007,97.08
2026-10-05 09:49:51,44.276827,38.865181,96.94
2026-10-05 09:49:52,44.276689,38.865356,96.81
2026-10-05 09:49:54,44.27655,38.86553,96.7
2026-10-05 09:49:55,44.276412,38.865704,96.6
2026-10-05 09:49:57,44.276274,38.865878,96.52
2026-10-05 09:49:58,44.276136,38.866052,96.46
2026-10-05 09:49:59,44.275998,38.866226,96.41
2026-10-05 09:50:00,44.275861,38.8664,96.38
2026-10-05 09:50:01,44.275723,38.866574,96.37
2026-10-05 09:50:03,44.275586,38.866748,96.38
2026-10-05 09:50:04,44.275449,38.866922,96.4
2026-10-05 09:50:06,44.275312,38.867096,96.44
2026-10-05 09:50:07,44.275176,38.86727,96.49
2026-10-05 09:50:08,44.275039,38.867444,96.56
2026-10-05 09:50:10,44.274902,38.867618,96.65
2026-10-05 09:50:11,44.274766,38.867792,96.74
2026-10-05 09:50:12,44.27463,38.867966,96.85
2026-10-05 09:50:13,44.274494,38.868139,96.97
2026-10-05 09:50:14,44.274357,38.868313,97.1
2026-10-05 09:50:16,44.274221,38.868487,97.24
2026-10-05 09:50:17,44.274086,38.868661,97.38
2026-10-05 09:50:18,44.27395,38.868834,97.52
2026-10-05 09:50:20,44.273814,38.869008,97.67
2026-10-05 09:50:21,44.273678,38.869182,97.81
2026-10-05 09:50:23,44.273543,38.869355,97.95
2026-10-05 09:50:24,44.273407,38.869529,98.09
2026-10-05 09:50:25,44.273272,38.869702,98.22
2026-10-05 09:50:26,44.273137,38.869876,98.35
2026-10-05 09:50:28,44.273002,38.870049,98.46
2026-10-05 09:50:29,44.272867,38.870222,98.56
2026-10-05 09:50:30,44.272732,38.870395,98.65
2026-10-05 09:50:31,44.272597,38.870568,98.72
2026-10-05 09:50:33,44.272463,38.870741,98.77
2026-10-05 09:50:34,44.272328,38.870913,98.8
2026-10-05 09:50:35,44.272194,38.871086,98.82
2026-10-05 09:50:36,44.27206,38.871258,98.81
2026-10-05 09:50:37,44.271926,38.87143,98.77
2026-10-05 09:50:38,44.271793,38.871602,98.71
2026-10-05 09:50:40,44.271659,38.871773,98.63
2026-10-05 09:50:41,44.271526,38.871945,98.52
2026-10-05 09:50:42,44.271393,38.872116,98.38
2026-10-05 09:50:43,44.27126,38.872286,98.21
2026-10-05 09:50:44,44.271127,38.872457,98.02
2026-10-05 09:50:45,44.270995,38.872627,97.79
2026-10-05 09:50:46,44.270863,38.872797,97.54
2026-10-05 09:50:47,44.270731,38.872967,97.26
2026-10-05 09:50:48,44.2706,38.873136,96.96
2026-10-05 09:50:50,44.270469,38.873305,96.62
2026-10-05 09:50:52,44.270338,38.873473,96.27
2026-10-05 09:50:53,44.270208,38.873641,95.88
2026-10-05 09:50:54,44.270077,38.873809,95.48
2026-10-05 09:50:55,44.269948,38.873976,95.05
2026-10-05 09:50:56,44.269818,38.874143,94.6
2026-10-05 09:50:58,44.269689,38.87431,94.14
2026-10-05 09:50:59,44.26956,38.874476,93.65
2026-10-05 09:51:00,44.269432,38.874641,93.16
2026-10-05 09:51:01,44.269304,38.874806,92.65
2026-10-05 09:51:02,44.269176,38.874971,92.13
2026-10-05 09:51:04,44.269049,38.875136,91.61
2026-10-05 09:51:05,44.268922,38.875299,91.08
2026-10-05 09:51:06,44.268796,38.875463,90.55
2026-10-05 09:51:08,44.268669,38.875626,90.02
2026-10-05 09:51:09,44.268544,38.875789,89.49
2026-10-05 09:51:10,44.268418,38.875951,88.97
2026-10-05 09:51:11,44.268293,38.876112,88.46
2026-10-05 09:51:12,44.268169,38.876274,87.96
2026-10-05 09:51:13,44.268044,38.876435,87.48
2026-10-05 09:51:14,44.267921,38.876595,87.01
2026-10-05 09:51:15,44.267797,38.876755,86.57
2026-10-05 09:51:16,44.267674,38.876915,86.15
2026-10-05 09:51:17,44.267551,38.877075,85.75
2026-10-05 09:51:19,44.267428,38.877234,85.38
2026-10-05 09:51:20,44.267306,38.877392,85.05
2026-10-05 09:51:22,44.267184,38.877551,84.75
2026-10-05 09:51:23,44.267062,38.877709,84.48
2026-10-05 09:51:25,44.266941,38.877867,84.25
2026-10-05 09:51:26,44.26682,38.878025,84.06
2026-10-05 09:51:27,44.266699,38.878182,83.91
2026-10-05 09:51:28,44.266578,38.878339,83.8
2026-10-05 09:51:30,44.266457,38.878497,83.74
2026-10-05 09:51:30,44.266337,38.878654,83.72
2026-10-05 09:51:32,44.266216,38.878811,83.75
2026-10-05 09:51:33,44.266096,38.878968,83.82
2026-10-05 09:51:34,44.265976,38.879124,83.94
2026-10-05 09:51:35,44.265856,38.879281,84.11
2026-10-05 09:51:36,44.265736,38.879438,84.32
2026-10-05 09:51:37,44.265615,38.879596,84.58
2026-10-05 09:51:38,44.265495,38.879753,84.89
2026-10-05 09:51:39,44.265375,38.87991,85.24
2026-10-05 09:51:40,44.265255,38.880068,85.64
2026-10-05 09:51:41,44.265134,38.880226,86.08
2026-10-05 09:51:43,44.265014,38.880384,86.56
2026-10-05 09:51:44,44.264893,38.880543,87.08
2026-10-05 09:51:45,44.264772,38.880702,87.65
2026-10-05 09:51:47,44.264651,38.880861,88.25
2026-10-05 09:51:48,44.264529,38.881021,88.88
2026-10-05 09:51:49,44.264407,38.881182,89.55
2026-10-05 09:51:50,44.264285,38.881343,90.25
2026-10-05 09:51:51,44.264162,38.881505,90.98
2026-10-05 09:51:52,44.264039,38.881667,91.74
2026-10-05 09:51:54,44.263916,38.881831,92.51
2026-10-05 09:51:55,44.263792,38.881995,93.31
2026-10-05 09:51:56,44.263667,38.88216,94.13
2026-10-05 09:51:57,44.263542,38.882326,94.96
2026-10-05 09:51:58,44.263417,38.882492,95.8
2026-10-05 09:52:00,44.26329,38.88266,96.65
2026-10-05 09:52:01,44.263164,38.882829,97.51
2026-10-05 09:52:02,44.263036,38.882999,98.37
2026-10-05 09:52:04,44.262908,38.88317,99.23
2026-10-05 09:52:05,44.262779,38.883342,100.09
2026-10-05 09:52:06,44.262649,38.883515,100.94
2026-10-05 09:52:07,44.262518,38.88369,101.79
2026-10-05 09:52:09,44.262387,38.883866,102.62
2026-10-05 09:52:11,44.262255,38.884043,103.44
2026-10-05 09:52:12,44.262122,38.884221,104.25
2026-10-05 09:52:13,44.261988,38.884401,105.04
2026-10-05 09:52:15,44.261853,38.884583,105.81
2026-10-05 09:52:16,44.261718,38.884766,106.55
2026-10-05 09:52:17,44.261581,38.88495,107.28
2026-10-05 09:52:18,44.261443,38.885136,107.98
2026-10-05 09:52:19,44.261305,38.885323,108.65
2026-10-05 09:52:20,44.261165,38.885512,109.3
2026-10-05 09:52:22,44.261024,38.885703,109.91
2026-10-05 09:52:23,44.260883,38.885895,110.5
2026-10-05 09:52:25,44.26074,38.886089,111.06
2026-10-05 09:52:26,44.260597,38.886284,111.59
2026-10-05 09:52:28,44.260452,38.886481,112.08
2026-10-05 09:52:30,44.260306,38.88668,112.55
2026-10-05 09:52:31,44.260159,38.88688,112.99
2026-10-05 09:52:33,44.260012,38.887082,113.39
2026-10-05 09:52:34,44.259863,38.887285,113.77
2026-10-05 09:52:36,44.259713,38.88749,114.12
2026-10-05 09:52:37,44.259562,38.887696,114.44
2026-10-05 09:52:39,44.25941,38.887904,114.74
2026-10-05 09:52:40,44.259257,38.888114,115.01
2026-10-05 09:52:41,44.259103,38.888325,115.26
2026-10-05 09:52:43,44.258948,38.888538,115.48
2026-10-05 09:52:44,44.258792,38.888752,115.69
2026-10-05 09:52:45,44.258635,38.888967,115.87
2026-10-05 09:52:47,44.258477,38.889184,116.04
2026-10-05 09:52:49,44.258318,38.889402,116.2
2026-10-05 09:52:50,44.258159,38.889622,116.34
2026-10-05 09:52:52,44.257998,38.889843,116.48
2026-10-05 09:52:53,44.257837,38.890064,116.6
2026-10-05 09:52:55,44.257674,38.890287,116.72
2026-10-05 09:52:56,44.257511,38.890511,116.84
2026-10-05 09:52:58,44.257347,38.890736,116.95
2026-10-05 09:53:00,44.257183,38.890962,117.07
2026-10-05 09:53:01,44.257017,38.891189,117.18
2026-10-05 09:53:03,44.256851,38.891416,117.31
2026-10-05 09:53:06,44.256685,38.891645,117.44
2026-10-05 09:53:07,44.256517,38.891873,117.57
2026-10-05 09:53:09,44.256349,38.892103,117.72
2026-10-05 09:53:10,44.256181,38.892333,117.88
2026-10-05 09:53:12,44.256012,38.892563,118.06
2026-10-05 09:53:14,44.255843,38.892793,118.25
2026-10-05 09:53:16,44.255673,38.893024,118.45
2026-10-05 09:53:17,44.255503,38.893254,118.68
2026-10-05 09:53:18,44.255332,38.893485,118.92
2026-10-05 09:53:20,44.255161,38.893715,119.18
2026-10-05 09:53:22,44.25499,38.893945,119.46
2026-10-05 09:53:23,44.254819,38.894175,119.76
2026-10-05 09:53:26,44.254648,38.894404,120.09
2026-10-05 09:53:27,44.254476,38.894633,120.43
2026-10-05 09:53:29,44.254305,38.894861,120.8
2026-10-05 09:53:30,44.254133,38.895089,121.18
2026-10-05 09:53:33,44.253962,38.895315,121.59
2026-10-05 09:53:34,44.253791,38.895541,122.01
2026-10-05 09:53:36,44.25362,38.895765,122.45
2026-10-05 09:53:37,44.253449,38.895988,122.91
2026-10-05 09:53:40,44.253278,38.89621,123.39
2026-10-05 09:53:41,44.253108,38.896431,123.88
2026-10-05 09:53:42,44.252938,38.89665,124.38
2026-10-05 09:53:44,44.252768,38.896867,124.9
2026-10-05 09:53:46,44.252599,38.897083,125.42
2026-10-05 09:53:47,44.252431,38.897297,125.96
2026-10-05 09:53:49,44.252263,38.897509,126.5
2026-10-05 09:53:51,44.252095,38.897719,127.04
2026-10-05 09:53:53,44.251929,38.897927,127.59
2026-10-05 09:53:55,44.251763,38.898133,128.13
2026-10-05 09:53:56,44.251597,38.898336,128.67
2026-10-05 09:53:58,44.251433,38.898537,129.21
2026-10-05 09:54:00,44.251269,38.898736,129.74
2026-10-05 09:54:01,44.251107,38.898932,130.26
2026-10-05 09:54:03,44.250945,38.899125,130.77
2026-10-05 09:54:04,44.250784,38.899316,131.26
2026-10-05 09:54:06,44.250624,38.899505,131.74
2026-10-05 09:54:08,44.250465,38.89969,132.2
2026-10-05 09:54:10,44.250308,38.899873,132.64
2026-10-05 09:54:11,44.250151,38.900053,133.06
2026-10-05 09:54:13,44.249996,38.90023,133.45
2026-10-05 09:54:15,44.249842,38.900404,133.81
2026-10-05 09:54:17,44.249689,38.900575,134.15
2026-10-05 09:54:18,44.249537,38.900743,134.46
2026-10-05 09:54:19,44.249387,38.900908,134.74
2026-10-05 09:54:21,44.249238,38.90107,134.99
2026-10-05 09:54:22,44.24909,38.901229,135.2
2026-10-05 09:54:24,44.248944,38.901386,135.38
2026-10-05 09:54:25,44.248799,38.901539,135.53
2026-10-05 09:54:26,44.248653,38.901686,135.39
2026-10-05 09:54:28,44.248506,38.901826,134.84
2026-10-05 09:54:29,44.248361,38.901962,134.26
2026-10-05 09:54:31,44.248217,38.902096,133.64
2026-10-05 09:54:32,44.248075,38.902227,133.0
2026-10-05 09:54:33,44.247934,38.902356,132.31
2026-10-05 09:54:34,44.247794,38.902481,131.6
2026-10-05 09:54:35,44.247656,38.902604,130.85
2026-10-05 09:54:36,44.24752,38.902724,130.08
2026-10-05 09:54:37,44.247385,38.902842,129.28
2026-10-05 09:54:38,44.247251,38.902957,128.45
2026-10-05 09:54:39,44.247119,38.90307,127.59
2026-10-05 09:54:40,44.246989,38.90318,126.71
2026-10-05 09:54:41,44.24686,38.903289,125.81
2026-10-05 09:54:42,44.246732,38.903395,124.9
2026-10-05 09:54:43,44.246606,38.903499,123.96
2026-10-05 09:54:44,44.246481,38.903601,123.02
2026-10-05 09:54:45,44.246358,38.903702,122.06
2026-10-05 09:54:46,44.246236,38.903801,121.1
2026-10-05 09:54:47,44.246116,38.903899,120.13
2026-10-05 09:54:49,44.245996,38.903995,119.16
2026-10-05 09:54:49,44.245879,38.90409,118.19
2026-10-05 09:54:50,44.245762,38.904184,117.22
2026-10-05 09:54:51,44.245647,38.904277,116.26
2026-10-05 09:54:52,44.245533,38.904369,115.31
2026-10-05 09:54:53,44.24542,38.90446,114.38
2026-10-05 09:54:54,44.245308,38.904551,113.46
2026-10-05 09:54:55,44.245198,38.904642,112.56
2026-10-05 09:54:56,44.245089,38.904733,111.68
2026-10-05 09:54:57,44.24498,38.904823,110.83
2026-10-05 09:54:58,44.244873,38.904914,110.0
2026-10-05 09:54:59,44.244767,38.905005,109.2
2026-10-05 09:55:00,44.244661,38.905097,108.44
2026-10-05 09:55:01,44.244557,38.905189,107.71
2026-10-05 09:55:01,44.244453,38.905282,107.02
2026-10-05 09:55:02,44.24435,38.905376,106.36
2026-10-05 09:55:03,44.244248,38.905471,105.75
2026-10-05 09:55:04,44.244147,38.905567,105.18
2026-10-05 09:55:05,44.244046,38.905665,104.65
2026-10-05 09:55:06,44.243946,38.905765,104.17
2026-10-05 09:55:07,44.243847,38.905866,103.73
2026-10-05 09:55:07,44.243747,38.905969,103.34
2026-10-05 09:55:08,44.243649,38.906074,103.0
2026-10-05 09:55:09,44.24355,38.906181,102.71
2026-10-05 09:55:10,44.243452,38.906291,102.46
2026-10-05 09:55:11,44.243355,38.906403,102.26
2026-10-05 09:55:11,44.243257,38.906518,102.1
2026-10-05 09:55:13,44.24316,38.906635,102.0
2026-10-05 09:55:14,44.243063,38.906755,101.94
2026-10-05 09:55:15,44.242965,38.906878,101.92
2026-10-05 09:55:15,44.242868,38.907004,101.95
2026-10-05 09:55:16,44.242771,38.907133,102.02
2026-10-05 09:55:17,44.242673,38.907265,102.13
2026-10-05 09:55:18,44.242575,38.9074,102.28
2026-10-05 09:55:19,44.242477,38.907539,102.47
2026-10-05 09:55:20,44.242379,38.907681,102.69
2026-10-05 09:55:21,44.242281,38.907827,102.95
2026-10-05 09:55:22,44.242181,38.907976,103.24
2026-10-05 09:55:23,44.242082,38.908128,103.56
2026-10-05 09:55:25,44.241982,38.908284,103.9
2026-10-05 09:55:26,44.241881,38.908444,104.27
2026-10-05 09:55:27,44.24178,38.908608,104.65
2026-10-05 09:55:29,44.241678,38.908774,105.06
2026-10-05 09:55:29,44.241575,38.908945,105.48
2026-10-05 09:55:31,44.241471,38.909119,105.92
2026-10-05 09:55:32,44.241367,38.909297,106.37
2026-10-05 09:55:34,44.241262,38.909478,106.82
2026-10-05 09:55:35,44.241155,38.909662,107.28
2026-10-05 09:55:36,44.241048,38.909851,107.75
2026-10-05 09:55:37,44.24094,38.910042,108.21
2026-10-05 09:55:39,44.240831,38.910237,108.67
2026-10-05 09:55:41,44.24072,38.910435,109.13
2026-10-05 09:55:42,44.240609,38.910636,109.58
2026-10-05 09:55:43,44.240496,38.91084,110.03
2026-10-05 09:55:44,44.240382,38.911048,110.46
2026-10-05 09:55:46,44.240267,38.911258,110.88
2026-10-05 09:55:47,44.240151,38.911471,111.29
2026-10-05 09:55:48,44.240033,38.911686,111.68
2026-10-05 09:55:50,44.239914,38.911905,112.06
2026-10-05 09:55:51,44.239794,38.912125,112.42
2026-10-05 09:55:53,44.239672,38.912348,112.76
2026-10-05 09:55:54,44.239549,38.912573,113.08
2026-10-05 09:55:55,44.239425,38.9128,113.38
2026-10-05 09:55:56,44.239299,38.913029,113.66
2026-10-05 09:55:57,44.239172,38.913259,113.93
2026-10-05 09:55:59,44.239043,38.913491,114.17
2026-10-05 09:56:00,44.238913,38.913725,114.39
2026-10-05 09:56:02,44.238782,38.913959,114.6
2026-10-05 09:56:04,44.238649,38.914195,114.78
2026-10-05 09:56:05,44.238514,38.914432,114.95
2026-10-05 09:56:06,44.238379,38.914669,115.1
2026-10-05 09:56:07,44.238241,38.914907,115.24
2026-10-05 09:56:09,44.238103,38.915145,115.36
2026-10-05 09:56:11,44.237963,38.915383,115.47
2026-10-05 09:56:12,44.237821,38.915622,115.56
2026-10-05 09:56:14,44.237679,38.91586,115.65
2026-10-05 09:56:16,44.237534,38.916098,115.73
2026-10-05 09:56:17,44.237389,38.916336,115.8
2026-10-05 09:56:19,44.237242,38.916573,115.87
2026-10-05 09:56:20,44.237094,38.916809,115.93
2026-10-05 09:56:22,44.236944,38.917044,116.0
2026-10-05 09:56:23,44.236794,38.917279,116.06
2026-10-05 09:56:25,44.236642,38.917512,116.13
2026-10-05 09:56:26,44.236488,38.917743,116.2
2026-10-05 09:56:28,44.236334,38.917973,116.28
2026-10-05 09:56:29,44.236179,38.918202,116.38
2026-10-05 09:56:30,44.236022,38.918429,116.48
2026-10-05 09:56:32,44.235864,38.918653,116.59
2026-10-05 09:56:34,44.235706,38.918876,116.72
2026-10-05 09:56:36,44.235546,38.919097,116.87
2026-10-05 09:56:37,44.235386,38.919315,117.03
2026-10-05 09:56:39,44.235224,38.919532,117.21
2026-10-05 09:56:40,44.235062,38.919745,117.42
2026-10-05 09:56:42,44.234899,38.919957,117.64
2026-10-05 09:56:43,44.234735,38.920166,117.89
2026-10-05 09:56:45,44.23457,38.920372,118.16
2026-10-05 09:56:47,44.234405,38.920575,118.45
2026-10-05 09:56:49,44.234239,38.920776,118.77
2026-10-05 09:56:50,44.234073,38.920974,119.12
2026-10-05 09:56:52,44.233906,38.921169,119.49
2026-10-05 09:56:54,44.233738,38.921362,119.88
2026-10-05 09:56:55,44.233571,38.921552,120.3
2026-10-05 09:56:57,44.233402,38.921739,120.75
2026-10-05 09:56:59,44.233234,38.921923,121.21
2026-10-05 09:57:00,44.233065,38.922104,121.7
2026-10-05 09:57:02,44.232896,38.922282,122.21
2026-10-05 09:57:04,44.232727,38.922458,122.74
2026-10-05 09:57:05,44.232558,38.922631,123.29
2026-10-05 09:57:06,44.232388,38.922801,123.86
2026-10-05 09:57:08,44.232219,38.922969,124.44
2026-10-05 09:57:09,44.232049,38.923134,125.04
2026-10-05 09:57:11,44.23188,38.923296,125.64
2026-10-05 09:57:12,44.231711,38.923456,126.26
2026-10-05 09:57:14,44.231542,38.923614,126.88
2026-10-05 09:57:15,44.231373,38.923769,127.51
2026-10-05 09:57:17,44.231205,38.923922,128.14
2026-10-05 09:57:18,44.231037,38.924073,128.76
2026-10-05 09:57:20,44.230869,38.924222,129.39
2026-10-05 09:57:21,44.230702,38.924369,130.01
2026-10-05 09:57:22,44.230535,38.924514,130.62
2026-10-05 09:57:24,44.230368,38.924657,131.22
2026-10-05 09:57:25,44.230202,38.924799,131.8
2026-10-05 09:57:26,44.230037,38.924939,132.37
2026-10-05 09:57:27,44.229872,38.925078,132.91
2026-10-05 09:57:28,44.229708,38.925215,133.44
2026-10-05 09:57:30,44.229544,38.925352,133.94
2026-10-05 09:57:31,44.229381,38.925487,134.41
2026-10-05 09:57:32,44.229219,38.925621,134.85
2026-10-05 09:57:34,44.229058,38.925755,135.26
2026-10-05 09:57:35,44.228897,38.925887,135.64
2026-10-05 09:57:36,44.228737,38.92602,135.98
2026-10-05 09:57:38,44.228578,38.926151,136.28
2026-10-05 09:57:39,44.22842,38.926283,136.54
2026-10-05 09:57:40,44.228262,38.926414,136.76
2026-10-05 09:57:42,44.228105,38.926545,136.94
2026-10-05 09:57:43,44.22795,38.926676,137.07
2026-10-05 09:57:44,44.227795,38.926807,137.16
2026-10-05 09:57:45,44.227641,38.926938,137.2
2026-10-05 09:57:47,44.227487,38.92707,137.19
2026-10-05 09:57:48,44.227335,38.927202,137.14
2026-10-05 09:57:49,44.227183,38.927335,137.04
2026-10-05 09:57:51,44.227033,38.927468,136.9
2026-10-05 09:57:52,44.226883,38.927602,136.71
2026-10-05 09:57:53,44.226734,38.927736,136.47
2026-10-05 09:57:54,44.226586,38.927872,136.19
2026-10-05 09:57:56,44.226439,38.928008,135.86
2026-10-05 09:57:57,44.226293,38.928146,135.49
2026-10-05 09:57:58,44.226147,38.928284,135.08
2026-10-05 09:57:59,44.226003,38.928423,134.63
2026-10-05 09:58:01,44.225859,38.928564,134.15
2026-10-05 09:58:02,44.225716,38.928706,133.62
2026-10-05 09:58:03,44.225573,38.928849,133.07
2026-10-05 09:58:05,44.225432,38.928993,132.48
2026-10-05 09:58:06,44.225291,38.929139,131.86
2026-10-05 09:58:08,44.225151,38.929286,131.22
2026-10-05 09:58:09,44.225012,38.929434,130.55
2026-10-05 09:58:10,44.224873,38.929584,129.86
2026-10-05 09:58:11,44.224735,38.929735,129.15
2026-10-05 09:58:12,44.224597,38.929887,128.43
2026-10-05 09:58:14,44.224461,38.930041,127.69
2026-10-05 09:58:15,44.224324,38.930196,126.94
2026-10-05 09:58:16,44.224189,38.930353,126.19
2026-10-05 09:58:17,44.224053,38.930511,125.43
2026-10-05 09:58:18,44.223919,38.93067,124.68
2026-10-05 09:58:19,44.223784,38.930831,123.92
2026-10-05 09:58:21,44.22365,38.930992,123.17
2026-10-05 09:58:23,44.223517,38.931156,122.43
2026-10-05 09:58:24,44.223384,38.93132,121.7
2026-10-05 09:58:25,44.223251,38.931485,120.98
2026-10-05 09:58:27,44.223119,38.931652,120.28
2026-10-05 09:58:28,44.222987,38.93182,119.59
2026-10-05 09:58:30,44.222855,38.931989,118.93
2026-10-05 09:58:31,44.222723,38.932159,118.29
2026-10-05 09:58:33,44.222592,38.93233,117.67
2026-10-05 09:58:34,44.22246,38.932501,117.08
2026-10-05 09:58:35,44.222329,38.932674,116.51
2026-10-05 09:58:37,44.222198,38.932848,115.98
2026-10-05 09:58:38,44.222067,38.933022,115.47
2026-10-05 09:58:40,44.221937,38.933197,115.0
2026-10-05 09:58:41,44.221806,38.933373,114.56
2026-10-05 09:58:42,44.221675,38.93355,114.15
2026-10-05 09:58:43,44.221544,38.933727,113.77
2026-10-05 09:58:45,44.221414,38.933904,113.43
2026-10-05 09:58:46,44.221283,38.934082,113.11
2026-10-05 09:58:47,44.221152,38.934261,112.83
2026-10-05 09:58:49,44.221021,38.93444,112.59
2026-10-05 09:58:50,44.22089,38.934619,112.37
2026-10-05 09:58:51,44.220759,38.934799,112.19
2026-10-05 09:58:52,44.220628,38.934979,112.03
2026-10-05 09:58:53,44.220497,38.935159,111.9
2026-10-05 09:58:54,44.220366,38.935339,111.8
2026-10-05 09:58:55,44.220234,38.93552,111.73
2026-10-05 09:58:57,44.220103,38.9357,111.68
2026-10-05 09:58:58,44.219971,38.935881,111.65
2026-10-05 09:58:59,44.219839,38.936062,111.64
2026-10-05 09:59:00,44.219707,38.936243,111.65
2026-10-05 09:59:02,44.219574,38.936424,111.67
2026-10-05 09:59:03,44.219442,38.936605,111.71
2026-10-05 09:59:05,44.219309,38.936785,111.76
2026-10-05 09:59:06,44.219177,38.936966,111.82
2026-10-05 09:59:08,44.219044,38.937147,111.89
2026-10-05 09:59:09,44.218911,38.937327,111.96
2026-10-05 09:59:10,44.218778,38.937508,112.04
2026-10-05 09:59:12,44.218644,38.937688,112.11
2026-10-05 09:59:13,44.218511,38.937869,112.19
2026-10-05 09:59:15,44.218377,38.938049,112.26
2026-10-05 09:59:16,44.218243,38.938229,112.32
2026-10-05 09:59:18,44.218109,38.938409,112.38
2026-10-05 09:59:19,44.217975,38.938589,112.43
2026-10-05 09:59:21,44.217841,38.938768,112.46
2026-10-05 09:59:22,44.217706,38.938948,112.49
2026-10-05 09:59:24,44.217572,38.939127,112.49
2026-10-05 09:59:25,44.217437,38.939306,112.49
2026-10-05 09:59:26,44.217303,38.939486,112.46
2026-10-05 09:59:27,44.217168,38.939665,112.42
2026-10-05 09:59:29,44.217033,38.939844,112.36
2026-10-05 09:59:30,44.216898,38.940022,112.27
2026-10-05 09:59:31,44.216763,38.940201,112.17
2026-10-05 09:59:33,44.216628,38.94038,112.05
2026-10-05 09:59:34,44.216492,38.940558,111.91
2026-10-05 09:59:35,44.216357,38.940737,111.74
2026-10-05 09:59:37,44.216222,38.940915,111.56
2026-10-05 09:59:38,44.216086,38.941094,111.35
2026-10-05 09:59:39,44.215951,38.941272,111.13
2026-10-05 09:59:41,44.215815,38.94145,110.89
2026-10-05 09:59:43,44.21568,38.941628,110.62
2026-10-05 09:59:44,44.215544,38.941806,110.35
2026-10-05 09:59:45,44.215408,38.941984,110.06
2026-10-05 09:59:46,44.215273,38.942162,109.75
2026-10-05 09:59:47,44.215137,38.942339,109.43
2026-10-05 09:59:49,44.215001,38.942517,109.1
2026-10-05 09:59:50,44.214865,38.942695,108.76
2026-10-05 09:59:51,44.214729,38.942872,108.42
2026-10-05 09:59:53,44.214593,38.943049,108.07
2026-10-05 09:59:54,44.214456,38.943226,107.72
2026-10-05 09:59:55,44.21432,38.943403,107.37
2026-10-05 09:59:56,44.214183,38.94358,107.01
2026-10-05 09:59:58,44.214046,38.943757,106.67
2026-10-05 09:59:59,44.213909,38.943933,106.32
2026-10-05 10:00:00,44.213772,38.944109,105.99
2026-10-05 10:00:02,44.213635,38.944285,105.67
2026-10-05 10:00:03,44.213498,38.944461,105.36
2026-10-05 10:00:04,44.21336,38.944636,105.06
2026-10-05 10:00:05,44.213222,38.944811,104.78
2026-10-05 10:00:06,44.213084,38.944985,104.52
2026-10-05 10:00:08,44.212945,38.945159,104.28
2026-10-05 10:00:09,44.212806,38.945333,104.07
2026-10-05 10:00:10,44.212667,38.945506,103.87
2026-10-05 10:00:12,44.212527,38.945679,103.71
2026-10-05 10:00:13,44.212387,38.945851,103.57
2026-10-05 10:00:15,44.212247,38.946023,103.46
2026-10-05 10:00:16,44.212106,38.946194,103.37
2026-10-05 10:00:17,44.211965,38.946364,103.32
2026-10-05 10:00:18,44.211823,38.946534,103.3
2026-10-05 10:00:19,44.211681,38.946703,103.31
2026-10-05 10:00:21,44.211538,38.946871,103.35
2026-10-05 10:00:22,44.211395,38.947039,103.43
2026-10-05 10:00:23,44.211251,38.947205,103.53
2026-10-05 10:00:25,44.211106,38.947371,103.67
2026-10-05 10:00:26,44.210961,38.947536,103.84
2026-10-05 10:00:28,44.210815,38.9477,104.04
2026-10-05 10:00:30,44.210669,38.947863,104.26
2026-10-05 10:00:31,44.210522,38.948026,104.52
2026-10-05 10:00:32,44.210374,38.948187,104.8
2026-10-05 10:00:34,44.210226,38.948347,105.11
2026-10-05 10:00:35,44.210077,38.948506,105.45
2026-10-05 10:00:36,44.209927,38.948665,105.8
2026-10-05 10:00:37,44.209777,38.948822,106.17
2026-10-05 10:00:39,44.209626,38.948978,106.56
2026-10-05 10:00:40,44.209474,38.949133,106.97
2026-10-05 10:00:41,44.209321,38.949287,107.39
2026-10-05 10:00:42,44.209168,38.949441,107.82
2026-10-05 10:00:43,44.209014,38.949593,108.26
2026-10-05 10:00:45,44.208859,38.949744,108.7
2026-10-05 10:00:47,44.208704,38.949894,109.14
2026-10-05 10:00:48,44.208548,38.950043,109.59
2026-10-05 10:00:49,44.208392,38.950191,110.02
2026-10-05 10:00:50,44.208234,38.950338,110.46
2026-10-05 10:00:52,44.208077,38.950484,110.88
2026-10-05 10:00:53,44.207918,38.950629,111.28
2026-10-05 10:00:54,44.207759,38.950773,111.68
2026-10-05 10:00:56,44.2076,38.950917,112.05
2026-10-05 10:00:57,44.20744,38.95106,112.4
2026-10-05 10:00:58,44.20728,38.951202,112.73
2026-10-05 10:00:59,44.207119,38.951343,113.03
2026-10-05 10:01:00,44.206958,38.951484,113.3
2026-10-05 10:01:02,44.206797,38.951624,113.54
2026-10-05 10:01:03,44.206635,38.951763,113.74
2026-10-05 10:01:04,44.206473,38.951902,113.91
2026-10-05 10:01:06,44.206312,38.952041,114.03
2026-10-05 10:01:07,44.20615,38.95218,114.12
2026-10-05 10:01:09,44.205988,38.952318,114.16
2026-10-05 10:01:11,44.205826,38.952456,114.16
2026-10-05 10:01:12,44.205664,38.952594,114.12
2026-10-05 10:01:14,44.205503,38.952732,114.03
2026-10-05 10:01:15,44.205341,38.95287,113.89
2026-10-05 10:01:16,44.20518,38.953008,113.7
2026-10-05 10:01:18,44.20502,38.953147,113.46
2026-10-05 10:01:20,44.20486,38.953285,113.18
2026-10-05 10:01:21,44.2047,38.953425,112.85
2026-10-05 10:01:22,44.204541,38.953564,112.47
2026-10-05 10:01:23,44.204383,38.953705,112.04
2026-10-05 10:01:25,44.204225,38.953846,111.56
2026-10-05 10:01:26,44.204069,38.953987,111.04
2026-10-05 10:01:27,44.203913,38.95413,110.48
2026-10-05 10:01:29,44.203758,38.954274,109.86
2026-10-05 10:01:30,44.203605,38.954418,109.21
2026-10-05 10:01:31,44.203452,38.954564,108.52
2026-10-05 10:01:32,44.203301,38.954711,107.78
2026-10-05 10:01:34,44.203151,38.954859,107.01
2026-10-05 10:01:35,44.203002,38.955009,106.21
2026-10-05 10:01:37,44.202855,38.95516,105.37
2026-10-05 10:01:38,44.202709,38.955313,104.5
2026-10-05 10:01:39,44.202564,38.955468,103.6
2026-10-05 10:01:40,44.202421,38.955624,102.68
2026-10-05 10:01:42,44.20228,38.955781,101.74
2026-10-05 10:01:43,44.20214,38.955941,100.77
2026-10-05 10:01:44,44.202003,38.956103,99.79
2026-10-05 10:01:46,44.201866,38.956266,98.79
2026-10-05 10:01:47,44.201732,38.956431,97.78
2026-10-05 10:01:49,44.201599,38.956599,96.77
2026-10-05 10:01:50,44.201468,38.956769,95.74
2026-10-05 10:01:51,44.201339,38.95694,94.71
2026-10-05 10:01:53,44.201212,38.957114,93.69
2026-10-05 10:01:54,44.201087,38.95729,92.66
2026-10-05 10:01:55,44.200963,38.957469,91.63
2026-10-05 10:01:57,44.200842,38.957649,90.62
2026-10-05 10:01:58,44.200722,38.957832,89.61
2026-10-05 10:02:00,44.200604,38.958017,88.61
2026-10-05 10:02:01,44.200488,38.958204,87.62
2026-10-05 10:02:03,44.200373,38.958394,86.65
2026-10-05 10:02:04,44.200261,38.958585,85.7
2026-10-05 10:02:05,44.20015,38.958779,84.76
2026-10-05 10:02:06,44.20004,38.958975,83.84
2026-10-05 10:02:08,44.199933,38.959174,82.94
2026-10-05 10:02:09,44.199826,38.959374,82.06
2026-10-05 10:02:10,44.199722,38.959577,81.21
2026-10-05 10:02:11,44.199618,38.959782,80.37
2026-10-05 10:02:12,44.199516,38.959988,79.56
2026-10-05 10:02:14,44.199416,38.960197,78.77
2026-10-05 10:02:15,44.199316,38.960407,78.01
2026-10-05 10:02:17,44.199217,38.96062,77.26
2026-10-05 10:02:18,44.19912,38.960834,76.54
2026-10-05 10:02:20,44.199023,38.96105,75.84
2026-10-05 10:02:21,44.198927,38.961267,75.16
2026-10-05 10:02:22,44.198832,38.961486,74.5
2026-10-05 10:02:23,44.198737,38.961706,73.86
2026-10-05 10:02:24,44.198643,38.961928,73.24
2026-10-05 10:02:25,44.198549,38.962151,72.63
2026-10-05 10:02:27,44.198455,38.962375,72.04
2026-10-05 10:02:29,44.198361,38.9626,71.46
2026-10-05 10:02:30,44.198268,38.962827,70.89
2026-10-05 10:02:32,44.198174,38.963053,70.33
2026-10-05 10:02:33,44.198079,38.963281,69.78
2026-10-05 10:02:34,44.197984,38.963509,69.24
2026-10-05 10:02:36,44.197889,38.963738,68.7
2026-10-05 10:02:37,44.197793,38.963967,68.16
2026-10-05 10:02:38,44.197696,38.964196,67.62
2026-10-05 10:02:39,44.197598,38.964426,67.08
2026-10-05 10:02:41,44.197499,38.964655,66.53
2026-10-05 10:02:42,44.197399,38.964884,65.98
2026-10-05 10:02:43,44.197297,38.965113,65.42
2026-10-05 10:02:45,44.197194,38.965342,64.85
2026-10-05 10:02:46,44.197089,38.96557,64.27
2026-10-05 10:02:47,44.196982,38.965798,63.67
2026-10-05 10:02:49,44.196874,38.966025,63.06
2026-10-05 10:02:50,44.196764,38.96625,62.44
2026-10-05 10:02:51,44.196651,38.966475,61.79
2026-10-05 10:02:53,44.196537,38.966699,61.13
2026-10-05 10:02:54,44.19642,38.966922,60.45
2026-10-05 10:02:55,44.196301,38.967143,59.75
2026-10-05 10:02:57,44.196179,38.967363,59.02
2026-10-05 10:02:58,44.196055,38.967581,58.28
2026-10-05 10:03:00,44.195928,38.967798,57.51
2026-10-05 10:03:01,44.195799,38.968013,56.73
2026-10-05 10:03:02,44.195667,38.968226,55.91
2026-10-05 10:03:04,44.195532,38.968437,55.08
2026-10-05 10:03:05,44.195394,38.968646,54.23
2026-10-05 10:03:06,44.195254,38.968852,53.36
2026-10-05 10:03:08,44.19511,38.969057,52.46
2026-10-05 10:03:10,44.194964,38.969259,51.55
2026-10-05 10:03:11,44.194815,38.969459,50.62
2026-10-05 10:03:13,44.194663,38.969657,49.67
2026-10-05 10:03:15,44.194508,38.969852,48.71
2026-10-05 10:03:16,44.19435,38.970044,47.74
2026-10-05 10:03:18,44.19419,38.970234,46.75
2026-10-05 10:03:20,44.194026,38.970421,45.76
2026-10-05 10:03:21,44.19386,38.970606,44.76
2026-10-05 10:03:23,44.193691,38.970788,43.75
2026-10-05 10:03:24,44.19352,38.970967,42.75
2026-10-05 10:03:26,44.193345,38.971143,41.74
2026-10-05 10:03:27,44.193169,38.971316,40.74
2026-10-05 10:03:29,44.19299,38.971487,39.74
2026-10-05 10:03:30,44.192808,38.971655,38.74
2026-10-05 10:03:31,44.192624,38.97182,37.76
2026-10-05 10:03:33,44.192438,38.971982,36.8
2026-10-05 10:03:35,44.19225,38.972141,35.84
2026-10-05 10:03:36,44.19206,38.972297,34.91
2026-10-05 10:03:37,44.191868,38.972451,34.0
2026-10-05 10:03:39,44.191674,38.972602,33.11
2026-10-05 10:03:40,44.191479,38.97275,32.25
2026-10-05 10:03:42,44.191283,38.972895,31.41
2026-10-05 10:03:43,44.191085,38.973038,30.61
2026-10-05 10:03:46,44.190886,38.973178,29.84
2026-10-05 10:03:47,44.190686,38.973316,29.1
2026-10-05 10:03:49,44.190485,38.973451,28.4
2026-10-05 10:03:51,44.190283,38.973584,27.74
2026-10-05 10:03:53,44.190081,38.973714,27.12
2026-10-05 10:03:54,44.189878,38.973842,26.54
2026-10-05 10:03:56,44.189676,38.973967,26.01
2026-10-05 10:03:57,44.189473,38.974091,25.52
2026-10-05 10:03:59,44.18927,38.974212,25.07
2026-10-05 10:04:01,44.189068,38.974332,24.67
2026-10-05 10:04:03,44.188866,38.974449,24.31
2026-10-05 10:04:05,44.188664,38.974565,24.0
2026-10-05 10:04:06,44.188464,38.974679,23.74
2026-10-05 10:04:07,44.188264,38.974792,23.52
2026-10-05 10:04:09,44.188065,38.974903,23.35
2026-10-05 10:04:11,44.187867,38.975012,23.22
2026-10-05 10:04:12,44.187671,38.97512,23.14
2026-10-05 10:04:13,44.187477,38.975227,23.1
2026-10-05 10:04:14,44.187284,38.975333,23.09
2026-10-05 10:04:16,44.187092,38.975438,23.13
2026-10-05 10:04:18,44.186903,38.975542,23.21
2026-10-05 10:04:20,44.186716,38.975645,23.32
2026-10-05 10:04:21,44.18653,38.975748,23.47
2026-10-05 10:04:23,44.186347,38.97585,23.65
2026-10-05 10:04:25,44.186167,38.975951,23.86
2026-10-05 10:04:26,44.185989,38.976053,24.09
2026-10-05 10:04:28,44.185813,38.976154,24.35
2026-10-05 10:04:29,44.18564,38.976255,24.64
2026-10-05 10:04:30,44.18547,38.976356,24.94
2026-10-05 10:04:31,44.185303,38.976457,25.25
2026-10-05 10:04:32,44.185138,38.976559,25.58
2026-10-05 10:04:34,44.184976,38.97666,25.92
2026-10-05 10:04:35,44.184818,38.976763,26.27
2026-10-05 10:04:36,44.184662,38.976866,26.62
2026-10-05 10:04:37,44.184509,38.976969,26.97
2026-10-05 10:04:39,44.18436,38.977073,27.32
2026-10-05 10:04:40,44.184213,38.977179,27.66
2026-10-05 10:04:41,44.184069,38.977285,28.0
2026-10-05 10:04:42,44.183929,38.977392,28.33
2026-10-05 10:04:43,44.183791,38.9775,28.64
2026-10-05 10:04:45,44.183657,38.97761,28.94
2026-10-05 10:04:45,44.183525,38.977721,29.21
2026-10-05 10:04:46,44.183397,38.977833,29.47
2026-10-05 10:04:47,44.183271,38.977947,29.71
2026-10-05 10:04:48,44.183148,38.978062,29.92
2026-10-05 10:04:49,44.183028,38.97818,30.1
2026-10-05 10:04:50,44.182911,38.978298,30.25
2026-10-05 10:04:51,44.182796,38.978419,30.38
2026-10-05 10:04:52,44.182684,38.978541,30.47
2026-10-05 10:04:53,44.182574,38.978666,30.53
2026-10-05 10:04:54,44.182467,38.978792,30.55
2026-10-05 10:04:55,44.182362,38.97892,30.54
2026-10-05 10:04:56,44.182259,38.979051,30.5
2026-10-05 10:04:57,44.182158,38.979183,30.42
2026-10-05 10:04:58,44.18206,38.979318,30.31
2026-10-05 10:04:59,44.181963,38.979455,30.16
2026-10-05 10:05:00,44.181867,38.979594,29.98
2026-10-05 10:05:01,44.181774,38.979735,29.76
2026-10-05 10:05:02,44.181682,38.979878,29.51
2026-10-05 10:05:03,44.181591,38.980024,29.22
2026-10-05 10:05:04,44.181501,38.980172,28.91
2026-10-05 10:05:05,44.181412,38.980322,28.56
2026-10-05 10:05:06,44.181325,38.980475,28.19
2026-10-05 10:05:07,44.181238,38.980629,27.79
2026-10-05 10:05:08,44.181151,38.980787,27.36
2026-10-05 10:05:09,44.181066,38.980946,26.91
2026-10-05 10:05:10,44.18098,38.981108,26.44
2026-10-05 10:05:11,44.180895,38.981272,25.95
2026-10-05 10:05:12,44.18081,38.981438,25.44
2026-10-05 10:05:13,44.180725,38.981606,24.92
2026-10-05 10:05:14,44.18064,38.981777,24.38
2026-10-05 10:05:15,44.180554,38.98195,23.83
2026-10-05 10:05:16,44.180468,38.982125,23.28
2026-10-05 10:05:17,44.180381,38.982302,22.72
2026-10-05 10:05:18,44.180294,38.982481,22.15
2026-10-05 10:05:19,44.180206,38.982662,21.59
2026-10-05 10:05:21,44.180116,38.982845,21.02
2026-10-05 10:05:22,44.180026,38.98303,20.46
2026-10-05 10:05:23,44.179935,38.983217,19.9
2026-10-05 10:05:25,44.179842,38.983405,19.35
2026-10-05 10:05:26,44.179748,38.983596,18.81
2026-10-05 10:05:27,44.179653,38.983788,18.28
2026-10-05 10:05:28,44.179556,38.983982,17.77
2026-10-05 10:05:29,44.179458,38.984177,17.27
2026-10-05 10:05:30,44.179357,38.984374,16.78
2026-10-05 10:05:32,44.179255,38.984573,16.31
2026-10-05 10:05:33,44.179151,38.984773,15.86
2026-10-05 10:05:34,44.179046,38.984974,15.43
2026-10-05 10:05:35,44.178938,38.985176,15.02
2026-10-05 10:05:37,44.178828,38.98538,14.63
2026-10-05 10:05:38,44.178716,38.985585,14.26
2026-10-05 10:05:39,44.178602,38.985791,13.91
2026-10-05 10:05:40,44.178486,38.985998,13.58
2026-10-05 10:05:42,44.178368,38.986206,13.28
2026-10-05 10:05:43,44.178248,38.986414,12.99
2026-10-05 10:05:45,44.178126,38.986624,12.73
2026-10-05 10:05:46,44.178001,38.986834,12.48
2026-10-05 10:05:47,44.177874,38.987045,12.25
2026-10-05 10:05:49,44.177745,38.987256,12.04
2026-10-05 10:05:51,44.177614,38.987468,11.85
2026-10-05 10:05:52,44.177481,38.98768,11.67
2026-10-05 10:05:53,44.177345,38.987892,11.5
2026-10-05 10:05:55,44.177208,38.988105,11.35
2026-10-05 10:05:56,44.177068,38.988318,11.2
2026-10-05 10:05:58,44.176927,38.988531,11.07
2026-10-05 10:05:59,44.176783,38.988745,10.94
2026-10-05 10:06:01,44.176638,38.988958,10.81
2026-10-05 10:06:03,44.176491,38.989171,10.69
2026-10-05 10:06:04,44.176341,38.989384,10.57
2026-10-05 10:06:06,44.17619,38.989596,10.44
2026-10-05 10:06:08,44.176038,38.989809,10.31
2026-10-05 10:06:10,44.175883,38.990021,10.18
2026-10-05 10:06:11,44.175727,38.990233,10.03
2026-10-05 10:06:13,44.17557,38.990444,9.88
2026-10-05 10:06:15,44.175411,38.990655,9.71
2026-10-05 10:06:17,44.175251,38.990865,9.52
2026-10-05 10:06:18,44.17509,38.991075,9.32
2026-10-05 10:06:20,44.174927,38.991284,9.11
2026-10-05 10:06:21,44.174763,38.991492,8.87
2026-10-05 10:06:23,44.174598,38.991699,8.61
2026-10-05 10:06:25,44.174432,38.991906,8.32
2026-10-05 10:06:27,44.174266,38.992112,8.01
2026-10-05 10:06:28,44.174098,38.992317,7.68
2026-10-05 10:06:30,44.17393,38.992521,7.32
2026-10-05 10:06:31,44.173761,38.992724,6.93
2026-10-05 10:06:32,44.173592,38.992926,6.51
2026-10-05 10:06:34,44.173422,38.993127,6.06
2026-10-05 10:06:36,44.173252,38.993328,5.59
2026-10-05 10:06:37,44.173081,38.993527,5.08
2026-10-05 10:06:39,44.17291,38.993725,5.0
2026-10-05 10:06:41,44.172739,38.993921,5.0
2026-10-05 10:06:43,44.172568,38.994117,5.0
2026-10-05 10:06:44,44.172398,38.994312,5.0
2026-10-05 10:06:45,44.172227,38.994505,5.0
2026-10-05 10:06:47,44.172056,38.994697,5.0
2026-10-05 10:06:49,44.171885,38.994888,5.0
2026-10-05 10:06:51,44.171715,38.995078,5.0
2026-10-05 10:06:52,44.171545,38.995267,5.0
2026-10-05 10:06:53,44.171376,38.995455,5.0
2026-10-05 10:06:55,44.171207,38.995641,5.0
2026-10-05 10:06:56,44.171038,38.995826,5.0
2026-10-05 10:06:57,44.170871,38.99601,5.0
2026-10-05 10:06:59,44.170703,38.996193,5.0
2026-10-05 10:07:01,44.170537,38.996374,5.0
2026-10-05 10:07:02,44.170367,38.996548,5.0
2026-10-05 10:07:03,44.170197,38.996719,5.0
2026-10-05 10:07:05,44.170028,38.99689,5.0
2026-10-05 10:07:06,44.16986,38.997059,5.0
2026-10-05 10:07:08,44.169693,38.997227,5.0
2026-10-05 10:07:09,44.169527,38.997394,5.0
2026-10-05 10:07:11,44.169361,38.99756,5.0
2026-10-05 10:07:12,44.169197,38.997725,5.0
2026-10-05 10:07:14,44.169033,38.997889,5.0
2026-10-05 10:07:15,44.168871,38.998052,5.0
2026-10-05 10:07:17,44.168709,38.998214,5.0
2026-10-05 10:07:18,44.168548,38.998375,5.0
2026-10-05 10:07:20,44.168389,38.998536,5.0
2026-10-05 10:07:21,44.16823,38.998695,5.0
2026-10-05 10:07:23,44.168072,38.998853,5.0
2026-10-05 10:07:24,44.167916,38.999011,5.0
2026-10-05 10:07:25,44.16776,38.999168,5.0
2026-10-05 10:07:27,44.167605,38.999324,5.0
2026-10-05 10:07:28,44.167452,38.999479,5.0
2026-10-05 10:07:30,44.167299,38.999633,5.0
2026-10-05 10:07:31,44.167147,38.999787,5.0
2026-10-05 10:07:32,44.166996,38.999941,5.0
2026-10-05 10:07:34,44.166846,39.000093,5.0
2026-10-05 10:07:35,44.166697,39.000246,5.0
2026-10-05 10:07:36,44.166548,39.000397,5.0
2026-10-05 10:07:37,44.166401,39.000548,5.0
2026-10-05 10:07:39,44.166254,39.000699,5.0
2026-10-05 10:07:40,44.166108,39.000849,5.0
2026-10-05 10:07:41,44.165963,39.000999,5.0
2026-10-05 10:07:42,44.165818,39.001148,5.0
2026-10-05 10:07:44,44.165674,39.001297,5.0
2026-10-05 10:07:45,44.165531,39.001446,5.0
2026-10-05 10:07:47,44.165389,39.001595,5.0
2026-10-05 10:07:48,44.165247,39.001743,5.0
2026-10-05 10:07:49,44.165106,39.001891,5.0
2026-10-05 10:07:50,44.164965,39.002039,5.0
2026-10-05 10:07:52,44.164825,39.002187,5.0
2026-10-05 10:07:53,44.164685,39.002335,5.0
2026-10-05 10:07:54,44.164546,39.002482,5.0
2026-10-05 10:07:55,44.164407,39.00263,5.0
2026-10-05 10:07:56,44.164268,39.002777,5.0
2026-10-05 10:07:58,44.16413,39.002925,5.0
2026-10-05 10:07:59,44.163992,39.003072,5.0
2026-10-05 10:08:00,44.163854,39.00322,5.0
2026-10-05 10:08:01,44.163717,39.003367,5.0
2026-10-05 10:08:02,44.16358,39.003515,5.0
2026-10-05 10:08:03,44.163443,39.003663,5.0
2026-10-05 10:08:05,44.163306,39.00381,5.0
2026-10-05 10:08:06,44.163169,39.003958,5.0
2026-10-05 10:08:08,44.163033,39.004107,5.0
2026-10-05 10:08:09,44.162896,39.004255,5.0
2026-10-05 10:08:11,44.16276,39.004403,5.0
2026-10-05 10:08:12,44.162624,39.004552,5.0
2026-10-05 10:08:13,44.162487,39.004701,5.0
2026-10-05 10:08:15,44.162351,39.00485,5.0
2026-10-05 10:08:16,44.162215,39.004999,5.29
2026-10-05 10:08:18,44.162079,39.005149,6.13
2026-10-05 10:08:19,44.161942,39.005299,6.95
2026-10-05 10:08:21,44.161806,39.005449,7.76
2026-10-05 10:08:22,44.161669,39.005599,8.54
2026-10-05 10:08:23,44.161533,39.00575,9.31
2026-10-05 10:08:24,44.161396,39.005901,10.05
2026-10-05 10:08:25,44.161259,39.006052,10.77
2026-10-05 10:08:27,44.161122,39.006203,11.47
2026-10-05 10:08:28,44.160985,39.006355,12.14
2026-10-05 10:08:29,44.160848,39.006506,12.79
2026-10-05 10:08:30,44.160711,39.006658,13.41
2026-10-05 10:08:31,44.160573,39.006811,14.0
2026-10-05 10:08:32,44.160436,39.006963,14.57
2026-10-05 10:08:34,44.160298,39.007116,15.12
2026-10-05 10:08:35,44.16016,39.007269,15.63
2026-10-05 10:08:36,44.160022,39.007422,16.13
2026-10-05 10:08:38,44.159884,39.007576,16.6
2026-10-05 10:08:39,44.159746,39.00773,17.04
2026-10-05 10:08:40,44.159607,39.007883,17.47
2026-10-05 10:08:41,44.159469,39.008038,17.87
2026-10-05 10:08:42,44.15933,39.008192,18.25
2026-10-05 10:08:43,44.159191,39.008346,18.62
2026-10-05 10:08:44,44.159052,39.008501,18.97
2026-10-05 10:08:45,44.158913,39.008655,19.31
2026-10-05 10:08:46,44.158774,39.00881,19.63
2026-10-05 10:08:48,44.158634,39.008965,19.94
2026-10-05 10:08:49,44.158495,39.00912,20.24
2026-10-05 10:08:51,44.158356,39.009275,20.54
2026-10-05 10:08:52,44.158216,39.009431,20.83
2026-10-05 10:08:53,44.158076,39.009586,21.12
2026-10-05 10:08:54,44.157937,39.009741,21.4
2026-10-05 10:08:55,44.157797,39.009897,21.69
2026-10-05 10:08:56,44.157657,39.010052,21.98
2026-10-05 10:08:58,44.157517,39.010208,22.28
2026-10-05 10:08:59,44.157377,39.010364,22.58
2026-10-05 10:09:00,44.157237,39.010519,22.9
2026-10-05 10:09:01,44.157097,39.010675,23.22
2026-10-05 10:09:02,44.156957,39.01083,23.55
2026-10-05 10:09:04,44.156817,39.010986,23.9
2026-10-05 10:09:05,44.156677,39.011141,24.26
2026-10-05 10:09:06,44.156537,39.011297,24.64
2026-10-05 10:09:07,44.156398,39.011453,25.03
2026-10-05 10:09:09,44.156258,39.011608,25.45
2026-10-05 10:09:10,44.156118,39.011763,25.88
2026-10-05 10:09:11,44.155978,39.011919,26.33
2026-10-05 10:09:13,44.155838,39.012074,26.8
2026-10-05 10:09:14,44.155698,39.01223,27.28
2026-10-05 10:09:15,44.155558,39.012385,27.79
2026-10-05 10:09:16,44.155418,39.01254,28.32
2026-10-05 10:09:18,44.155279,39.012695,28.87
2026-10-05 10:09:19,44.155139,39.012851,29.43
2026-10-05 10:09:20,44.154999,39.013006,30.01
2026-10-05 10:09:22,44.154859,39.013161,30.61
2026-10-05 10:09:23,44.15472,39.013316,31.22
2026-10-05 10:09:25,44.15458,39.013471,31.85
2026-10-05 10:09:26,44.15444,39.013626,32.49
2026-10-05 10:09:27,44.154301,39.013781,33.14
2026-10-05 10:09:28,44.154161,39.013937,33.8
2026-10-05 10:09:30,44.154022,39.014092,34.47
2026-10-05 10:09:32,44.153882,39.014247,35.14
2026-10-05 10:09:33,44.153742,39.014403,35.82
2026-10-05 10:09:34,44.153602,39.014558,36.5
2026-10-05 10:09:35,44.153463,39.014714,37.17
2026-10-05 10:09:36,44.153323,39.014869,37.84
2026-10-05 10:09:38,44.153183,39.015025,38.51
2026-10-05 10:09:39,44.153043,39.015181,39.16
2026-10-05 10:09:40,44.152903,39.015337,39.8
2026-10-05 10:09:41,44.152763,39.015494,40.43
2026-10-05 10:09:42,44.152622,39.01565,41.05
2026-10-05 10:09:43,44.152482,39.015807,41.64
2026-10-05 10:09:44,44.152341,39.015964,42.21
2026-10-05 10:09:46,44.152201,39.016122,42.76
2026-10-05 10:09:47,44.15206,39.016279,43.28
2026-10-05 10:09:48,44.151919,39.016437,43.77
2026-10-05 10:09:50,44.151777,39.016596,44.24
2026-10-05 10:09:51,44.151636,39.016755,44.66
2026-10-05 10:09:53,44.151494,39.016914,45.06
2026-10-05 10:09:54,44.151352,39.017074,45.41
2026-10-05 10:09:55,44.15121,39.017234,45.73
2026-10-05 10:09:57,44.151067,39.017395,46.01
2026-10-05 10:09:58,44.150924,39.017557,46.25
2026-10-05 10:10:00,44.150781,39.017719,46.44
2026-10-05 10:10:01,44.150637,39.017881,46.6
2026-10-05 10:10:02,44.150493,39.018044,46.7
2026-10-05 10:10:03,44.150348,39.018208,46.77
2026-10-05 10:10:05,44.150204,39.018373,46.79
2026-10-05 10:10:06,44.150058,39.018538,46.76
2026-10-05 10:10:07,44.149913,39.018704,46.69
2026-10-05 10:10:09,44.149767,39.018871,46.58
2026-10-05 10:10:10,44.14962,39.019038,46.42
2026-10-05 10:10:12,44.149473,39.019206,46.22
2026-10-05 10:10:14,44.149325,39.019376,45.97
2026-10-05 10:10:15,44.149177,39.019545,45.69
2026-10-05 10:10:16,44.149029,39.019716,45.37
2026-10-05 10:10:18,44.14888,39.019888,45.01
2026-10-05 10:10:19,44.14873,39.020061,44.61
2026-10-05 10:10:20,44.14858,39.020234,44.18
2026-10-05 10:10:21,44.148429,39.020408,43.72
2026-10-05 10:10:23,44.148278,39.020584,43.23
2026-10-05 10:10:24,44.148126,39.02076,42.71
2026-10-05 10:10:26,44.147973,39.020937,42.16
2026-10-05 10:10:27,44.14782,39.021115,41.6
2026-10-05 10:10:29,44.147666,39.021294,41.02
2026-10-05 10:10:30,44.147512,39.021474,40.42
2026-10-05 10:10:32,44.147357,39.021655,39.8
2026-10-05 10:10:33,44.147202,39.021836,39.18
2026-10-05 10:10:34,44.147046,39.022019,38.55
2026-10-05 10:10:36,44.146889,39.022202,37.91
2026-10-05 10:10:37,44.146732,39.022387,37.28
2026-10-05 10:10:38,44.146574,39.022572,36.64
2026-10-05 10:10:40,44.146415,39.022758,36.01
2026-10-05 10:10:41,44.146256,39.022945,35.39
2026-10-05 10:10:42,44.146096,39.023133,34.78
2026-10-05 10:10:44,44.145936,39.023321,34.19
2026-10-05 10:10:45,44.145775,39.02351,33.6
2026-10-05 10:10:47,44.145614,39.0237,33.04
2026-10-05 10:10:49,44.145452,39.02389,32.5
2026-10-05 10:10:50,44.14529,39.024081,31.98
2026-10-05 10:10:53,44.145127,39.024273,31.49
2026-10-05 10:10:54,44.144964,39.024465,31.03
2026-10-05 10:10:56,44.1448,39.024658,30.6
2026-10-05 10:10:57,44.144636,39.024851,30.19
2026-10-05 10:10:59,44.144471,39.025044,29.82
2026-10-05 10:11:00,44.144306,39.025238,29.49
2026-10-05 10:11:02,44.14414,39.025432,29.19
2026-10-05 10:11:04,44.143974,39.025626,28.92
2026-10-05 10:11:05,44.143808,39.025821,28.69
2026-10-05 10:11:06,44.143642,39.026015,28.5
2026-10-05 10:11:07,44.143475,39.026209,28.35
2026-10-05 10:11:09,44.143308,39.026404,28.23
2026-10-05 10:11:10,44.14314,39.026598,28.15
2026-10-05 10:11:12,44.142973,39.026792,28.11
2026-10-05 10:11:14,44.142805,39.026985,28.11
2026-10-05 10:11:17,44.142637,39.027179,28.14
2026-10-05 10:11:18,44.142469,39.027371,28.2
2026-10-05 10:11:20,44.142301,39.027564,28.29
2026-10-05 10:11:21,44.142133,39.027755,28.42
2026-10-05 10:11:23,44.141965,39.027946,28.58
2026-10-05 10:11:25,44.141797,39.028137,28.77
2026-10-05 10:11:26,44.141629,39.028326,28.98
2026-10-05 10:11:28,44.141462,39.028514,29.22
2026-10-05 10:11:29,44.141294,39.028702,29.48
2026-10-05 10:11:31,44.141126,39.028888,29.76
2026-10-05 10:11:32,44.140959,39.029073,30.06
2026-10-05 10:11:33,44.140792,39.029257,30.38
2026-10-05 10:11:35,44.140625,39.02944,30.71
2026-10-05 10:11:37,44.140459,39.029621,31.05
2026-10-05 10:11:38,44.140293,39.029801,31.4
2026-10-05 10:11:40,44.140127,39.029979,31.75
2026-10-05 10:11:41,44.139962,39.030156,32.11
2026-10-05 10:11:43,44.139797,39.03033,32.47
2026-10-05 10:11:44,44.139633,39.030504,32.83
2026-10-05 10:11:45,44.13947,39.030675,33.19
2026-10-05 10:11:47,44.139307,39.030844,33.54
2026-10-05 10:11:48,44.139144,39.031012,33.89
2026-10-05 10:11:50,44.138983,39.031177,34.22
2026-10-05 10:11:51,44.138822,39.03134,34.54
2026-10-05 10:11:53,44.138661,39.031502,34.85
2026-10-05 10:11:54,44.138502,39.031661,35.15
2026-10-05 10:11:55,44.138343,39.031818,35.43
2026-10-05 10:11:56,44.138185,39.031972,35.69
2026-10-05 10:11:58,44.138028,39.032125,35.93
2026-10-05 10:11:59,44.137872,39.032275,36.16
2026-10-05 10:12:00,44.137717,39.032423,36.36
2026-10-05 10:12:01,44.137563,39.032568,36.54
2026-10-05 10:12:02,44.13741,39.032711,36.7
2026-10-05 10:12:04,44.137258,39.032852,36.84
2026-10-05 10:12:05,44.137107,39.03299,36.95
2026-10-05 10:12:06,44.136957,39.033126,37.05
2026-10-05 10:12:08,44.136808,39.03326,37.12
2026-10-05 10:12:09,44.13666,39.033391,37.17
2026-10-05 10:12:10,44.136513,39.03352,37.2
2026-10-05 10:12:11,44.136368,39.033647,37.21
2026-10-05 10:12:12,44.136223,39.033771,37.2
2026-10-05 10:12:13,44.13608,39.033894,37.17
2026-10-05 10:12:14,44.135938,39.034014,37.13
2026-10-05 10:12:16,44.135797,39.034132,37.07
2026-10-05 10:12:17,44.135658,39.034247,37.0
2026-10-05 10:12:18,44.135519,39.034361,36.92
2026-10-05 10:12:20,44.135382,39.034473,36.83
2026-10-05 10:12:21,44.135246,39.034583,36.73
2026-10-05 10:12:22,44.135112,39.034691,36.62
2026-10-05 10:12:23,44.134978,39.034798,36.51
2026-10-05 10:12:24,44.134846,39.034902,36.4
2026-10-05 10:12:25,44.134715,39.035006,36.29
2026-10-05 10:12:26,44.134585,39.035108,36.18
2026-10-05 10:12:27,44.134457,39.035208,36.07
2026-10-05 10:12:28,44.134329,39.035307,35.97
2026-10-05 10:12:29,44.134203,39.035406,35.88
2026-10-05 10:12:30,44.134078,39.035503,35.8
2026-10-05 10:12:32,44.133955,39.035599,35.74
2026-10-05 10:12:32,44.133832,39.035695,35.68
2026-10-05 10:12:33,44.133711,39.03579,35.65
2026-10-05 10:12:34,44.13359,39.035884,35.63
2026-10-05 10:12:35,44.133471,39.035978,35.63
2026-10-05 10:12:36,44.133353,39.036072,35.65
2026-10-05 10:12:37,44.133236,39.036166,35.7
2026-10-05 10:12:38,44.13312,39.03626,35.76
2026-10-05 10:12:39,44.133005,39.036355,35.86
2026-10-05 10:12:40,44.132891,39.036449,35.97
2026-10-05 10:12:41,44.132778,39.036544,36.12
2026-10-05 10:12:42,44.132665,39.03664,36.28
2026-10-05 10:12:43,44.132554,39.036737,36.48
2026-10-05 10:12:44,44.132443,39.036835,36.7
2026-10-05 10:12:44,44.132333,39.036933,36.95
2026-10-05 10:12:45,44.132224,39.037033,37.22
2026-10-05 10:12:47,44.132116,39.037135,37.52
2026-10-05 10:12:48,44.132008,39.037238,37.85
2026-10-05 10:12:48,44.131901,39.037343,38.2
2026-10-05 10:12:49,44.131794,39.03745,38.57
2026-10-05 10:12:50,44.131688,39.037558,38.96
2026-10-05 10:12:51,44.131582,39.037669,39.37
2026-10-05 10:12:52,44.131477,39.037782,39.8
2026-10-05 10:12:53,44.131372,39.037898,40.25
2026-10-05 10:12:54,44.131268,39.038016,40.71
2026-10-05 10:12:55,44.131163,39.038136,41.18
2026-10-05 10:12:56,44.131059,39.03826,41.66
2026-10-05 10:12:58,44.130955,39.038386,42.15
2026-10-05 10:12:58,44.130851,39.038515,42.65
2026-10-05 10:12:59,44.130747,39.038648,43.14
2026-10-05 10:13:00,44.130643,39.038783,43.64
2026-10-05 10:13:01,44.130539,39.038922,44.13
2026-10-05 10:13:03,44.130435,39.039064,44.62
2026-10-05 10:13:04,44.13033,39.039209,45.09
2026-10-05 10:13:05,44.130226,39.039358,45.56
2026-10-05 10:13:06,44.130121,39.03951,46.01
2026-10-05 10:13:07,44.130015,39.039666,46.44
2026-10-05 10:13:08,44.12991,39.039826,46.86
2026-10-05 10:13:09,44.129803,39.039989,47.25
2026-10-05 10:13:11,44.129697,39.040155,47.61
2026-10-05 10:13:12,44.129589,39.040326,47.95
2026-10-05 10:13:13,44.129481,39.0405,48.25
2026-10-05 10:13:15,44.129372,39.040677,48.52
2026-10-05 10:13:16,44.129263,39.040859,48.76
2026-10-05 10:13:17,44.129153,39.041043,48.96
2026-10-05 10:13:18,44.129041,39.041232,49.12
2026-10-05 10:13:19,44.128929,39.041424,49.23
2026-10-05 10:13:20,44.128816,39.041619,49.31
2026-10-05 10:13:21,44.128702,39.041818,49.34
2026-10-05 10:13:23,44.128587,39.04202,49.32
2026-10-05 10:13:24,44.128471,39.042225,49.26
2026-10-05 10:13:25,44.128353,39.042433,49.15
2026-10-05 10:13:26,44.128235,39.042645,48.99
2026-10-05 10:13:27,44.128115,39.042859,48.78
2026-10-05 10:13:29,44.127994,39.043077,48.53
2026-10-05 10:13:30,44.127871,39.043297,48.22
2026-10-05 10:13:32,44.127748,39.043519,47.87
2026-10-05 10:13:33,44.127623,39.043744,47.47
2026-10-05 10:13:34,44.127496,39.043972,47.02
2026-10-05 10:13:36,44.127368,39.044201,46.52
2026-10-05 10:13:37,44.127238,39.044433,45.98
2026-10-05 10:13:39,44.127108,39.044666,45.4
2026-10-05 10:13:41,44.126975,39.044901,44.77
2026-10-05 10:13:42,44.126841,39.045138,44.1
2026-10-05 10:13:44,44.126705,39.045376,43.4
2026-10-05 10:13:45,44.126568,39.045615,42.66
2026-10-05 10:13:47,44.12643,39.045855,41.88
2026-10-05 10:13:48,44.126289,39.046096,41.07
2026-10-05 10:13:51,44.126147,39.046337,40.23
2026-10-05 10:13:53,44.126004,39.046579,39.37
2026-10-05 10:13:55,44.125859,39.046822,38.48
2026-10-05 10:13:56,44.125712,39.047064,37.56
2026-10-05 10:13:58,44.125564,39.047306,36.63
2026-10-05 10:13:59,44.125414,39.047547,35.69
2026-10-05 10:14:00,44.125262,39.047789,34.73
2026-10-05 10:14:03,44.125109,39.048029,33.76
2026-10-05 10:14:04,44.124954,39.048268,32.78
2026-10-05 10:14:06,44.124798,39.048507,31.8
2026-10-05 10:14:07,44.12464,39.048744,30.82
2026-10-05 10:14:10,44.124481,39.048979,29.84
2026-10-05 10:14:11,44.12432,39.049213,28.87
2026-10-05 10:14:13,44.124158,39.049445,27.9
2026-10-05 10:14:14,44.123994,39.049676,26.94
2026-10-05 10:14:16,44.123829,39.049904,25.99
2026-10-05 10:14:18,44.123662,39.050129,25.06
2026-10-05 10:14:19,44.123495,39.050353,24.14
2026-10-05 10:14:21,44.123325,39.050573,23.25
2026-10-05 10:14:23,44.123155,39.050791,22.37
2026-10-05 10:14:24,44.122983,39.051006,21.51
2026-10-05 10:14:26,44.12281,39.051218,20.68
2026-10-05 10:14:27,44.122636,39.051427,19.88
2026-10-05 10:14:29,44.122461,39.051633,19.1
2026-10-05 10:14:31,44.122285,39.051836,18.35
2026-10-05 10:14:33,44.122108,39.052035,17.62
2026-10-05 10:14:34,44.12193,39.05223,16.93
2026-10-05 10:14:36,44.121751,39.052423,16.26
2026-10-05 10:14:37,44.121571,39.052611,15.62
2026-10-05 10:14:38,44.121391,39.052796,15.02
2026-10-05 10:14:40,44.12121,39.052977,14.44
2026-10-05 10:14:41,44.121028,39.053155,13.89
2026-10-05 10:14:43,44.120845,39.053329,13.37
2026-10-05 10:14:45,44.120662,39.053499,12.87
2026-10-05 10:14:46,44.120479,39.053666,12.4
2026-10-05 10:14:48,44.120295,39.053829,11.96
2026-10-05 10:14:50,44.120111,39.053988,11.54
2026-10-05 10:14:51,44.119926,39.054144,11.15
2026-10-05 10:14:53,44.119742,39.054296,10.77
2026-10-05 10:14:54,44.119557,39.054444,10.42
2026-10-05 10:14:56,44.119372,39.054589,10.08
2026-10-05 10:14:58,44.119187,39.054731,9.76
2026-10-05 10:14:59,44.119002,39.054869,9.45
2026-10-05 10:15:01,44.118818,39.055004,9.15
2026-10-05 10:15:02,44.118633,39.055136,8.86
2026-10-05 10:15:04,44.118449,39.055265,8.59
2026-10-05 10:15:06,44.118265,39.055391,8.31
2026-10-05 10:15:07,44.118081,39.055514,8.05
2026-10-05 10:15:08,44.117898,39.055635,7.78
2026-10-05 10:15:10,44.117715,39.055753,7.51
2026-10-05 10:15:11,44.117533,39.055868,7.24
2026-10-05 10:15:13,44.117352,39.055982,6.97
2026-10-05 10:15:14,44.117171,39.056093,6.69
2026-10-05 10:15:15,44.116991,39.056202,6.4
2026-10-05 10:15:17,44.116811,39.05631,6.1
2026-10-05 10:15:18,44.116633,39.056416,5.8
2026-10-05 10:15:19,44.116455,39.056521,5.48
2026-10-05 10:15:21,44.116278,39.056624,5.14
2026-10-05 10:15:22,44.116103,39.056726,5.0
2026-10-05 10:15:24,44.115928,39.056827,5.0
2026-10-05 10:15:25,44.115754,39.056928,5.0
2026-10-05 10:15:27,44.115581,39.057027,5.0
2026-10-05 10:15:28,44.11541,39.057127,5.0
2026-10-05 10:15:29,44.11524,39.057226,5.0
2026-10-05 10:15:31,44.115071,39.057325,5.0
2026-10-05 10:15:32,44.114903,39.057424,5.0
2026-10-05 10:15:33,44.114736,39.057524,5.0
2026-10-05 10:15:34,44.114571,39.057623,5.0
2026-10-05 10:15:35,44.114407,39.057724,5.0
2026-10-05 10:15:36,44.114244,39.057825,5.0
2026-10-05 10:15:37,44.114083,39.057927,5.0
2026-10-05 10:15:38,44.113922,39.05803,5.0
2026-10-05 10:15:40,44.113764,39.058134,5.0
2026-10-05 10:15:41,44.113606,39.058239,5.0
2026-10-05 10:15:42,44.113451,39.058346,5.0
2026-10-05 10:15:43,44.113296,39.058454,5.0
2026-10-05 10:15:44,44.113143,39.058565,5.0
2026-10-05 10:15:45,44.112991,39.058676,5.0
2026-10-05 10:15:47,44.11284,39.05879,5.0
2026-10-05 10:15:48,44.112691,39.058906,5.0
2026-10-05 10:15:49,44.112544,39.059023,5.0
2026-10-05 10:15:50,44.112397,39.059143,5.0
2026-10-05 10:15:51,44.112252,39.059265,5.0
2026-10-05 10:15:53,44.112108,39.05939,5.0
2026-10-05 10:15:54,44.111966,39.059517,5.0
2026-10-05 10:15:56,44.111824,39.059646,5.0
2026-10-05 10:15:57,44.111684,39.059777,5.0
2026-10-05 10:15:58,44.111545,39.059911,5.0
2026-10-05 10:15:59,44.111408,39.060048,5.0
2026-10-05 10:16:01,44.111271,39.060187,5.0
2026-10-05 10:16:02,44.111136,39.060328,5.0
2026-10-05 10:16:03,44.111001,39.060472,5.0
2026-10-05 10:16:05,44.110868,39.060619,5.0
2026-10-05 10:16:06,44.110735,39.060768,5.0
2026-10-05 10:16:07,44.110604,39.060919,5.0
2026-10-05 10:16:08,44.110473,39.061073,5.0
2026-10-05 10:16:10,44.110343,39.06123,5.0
2026-10-05 10:16:11,44.110214,39.061388,5.0
2026-10-05 10:16:12,44.110086,39.061549,5.0
2026-10-05 10:16:13,44.109958,39.061713,5.0
2026-10-05 10:16:15,44.109831,39.061878,5.0
2026-10-05 10:16:16,44.109705,39.062046,5.0
2026-10-05 10:16:17,44.109579,39.062215,5.0
2026-10-05 10:16:18,44.109454,39.062387,5.0
2026-10-05 10:16:20,44.109329,39.062561,5.0
2026-10-05 10:16:21,44.109205,39.062736,5.0
2026-10-05 10:16:23,44.109081,39.062913,5.0
2026-10-05 10:16:24,44.108957,39.063092,5.0
2026-10-05 10:16:25,44.108834,39.063272,5.0
2026-10-05 10:16:27,44.10871,39.063454,5.0
2026-10-05 10:16:28,44.108587,39.063637,5.0
2026-10-05 10:16:29,44.108464,39.063822,5.0
2026-10-05 10:16:30,44.108341,39.064007,5.0
2026-10-05 10:16:32,44.108218,39.064194,5.0
2026-10-05 10:16:33,44.108095,39.064381,5.0
2026-10-05 10:16:35,44.107972,39.064569,5.0
2026-10-05 10:16:36,44.107849,39.064758,5.0
2026-10-05 10:16:37,44.107725,39.064948,5.0
2026-10-05 10:16:38,44.107601,39.065138,5.0
2026-10-05 10:16:40,44.107477,39.065329,5.0
2026-10-05 10:16:41,44.107353,39.06552,5.0
2026-10-05 10:16:42,44.107228,39.065711,5.0
2026-10-05 10:16:44,44.107103,39.065902,5.0
2026-10-05 10:16:45,44.106978,39.066094,5.0
2026-10-05 10:16:47,44.106852,39.066285,5.0
2026-10-05 10:16:49,44.106726,39.066476,5.0
2026-10-05 10:16:50,44.106599,39.066667,5.0
2026-10-05 10:16:51,44.106471,39.066858,5.0
2026-10-05 10:16:52,44.106343,39.067048,5.0
2026-10-05 10:16:53,44.106215,39.067238,5.0
2026-10-05 10:16:54,44.106086,39.067427,5.0
2026-10-05 10:16:56,44.105956,39.067616,5.0
2026-10-05 10:16:57,44.105826,39.067804,5.0
2026-10-05 10:16:58,44.105695,39.067991,5.0
2026-10-05 10:16:59,44.105563,39.068178,5.0
2026-10-05 10:17:01,44.105431,39.068363,5.0
2026-10-05 10:17:02,44.105298,39.068548,5.0
2026-10-05 10:17:04,44.105164,39.068732,5.0
2026-10-05 10:17:06,44.105029,39.068915,5.0
2026-10-05 10:17:07,44.104894,39.069098,5.0
2026-10-05 10:17:08,44.104759,39.069279,5.0
2026-10-05 10:17:10,44.104622,39.069459,5.0
2026-10-05 10:17:11,44.104485,39.069638,5.01
2026-10-05 10:17:12,44.104347,39.069816,5.21
2026-10-05 10:17:13,44.104209,39.069994,5.36
2026-10-05 10:17:15,44.10407,39.07017,5.48
2026-10-05 10:17:17,44.10393,39.070345,5.55
2026-10-05 10:17:18,44.10379,39.070519,5.59
2026-10-05 10:17:19,44.103649,39.070692,5.59
2026-10-05 10:17:20,44.103507,39.070864,5.55
2026-10-05 10:17:22,44.103365,39.071035,5.48
2026-10-05 10:17:24,44.103222,39.071205,5.37
2026-10-05 10:17:26,44.103079,39.071374,5.22
2026-10-05 10:17:27,44.102935,39.071542,5.04
2026-10-05 10:17:28,44.102791,39.071709,5.0
2026-10-05 10:17:29,44.102646,39.071875,5.0
2026-10-05 10:17:30,44.1025,39.072041,5.0
2026-10-05 10:17:32,44.102355,39.072205,5.0
2026-10-05 10:17:33,44.102209,39.072369,5.0
2026-10-05 10:17:35,44.102062,39.072532,5.0
2026-10-05 10:17:36,44.101915,39.072694,5.0
2026-10-05 10:17:37,44.101768,39.072856,5.0
2026-10-05 10:17:39,44.10162,39.073017,5.0
2026-10-05 10:17:40,44.101472,39.073177,5.0
2026-10-05 10:17:41,44.101324,39.073337,5.0
2026-10-05 10:17:43,44.101175,39.073496,5.0
2026-10-05 10:17:44,44.101026,39.073654,5.0
2026-10-05 10:17:45,44.100877,39.073812,5.0
2026-10-05 10:17:46,44.100728,39.07397,5.0
2026-10-05 10:17:48,44.100579,39.074127,5.0
2026-10-05 10:17:50,44.100429,39.074284,5.0
2026-10-05 10:17:51,44.100279,39.07444,5.0
2026-10-05 10:17:53,44.100129,39.074596,5.0
2026-10-05 10:17:54,44.099979,39.074752,5.0
2026-10-05 10:17:55,44.099829,39.074907,5.0
2026-10-05 10:17:57,44.099679,39.075063,5.0
2026-10-05 10:17:58,44.099528,39.075218,5.0
2026-10-05 10:18:00,44.099378,39.075372,5.0
2026-10-05 10:18:01,44.099227,39.075527,5.0
2026-10-05 10:18:03,44.099077,39.075681,5.0
2026-10-05 10:18:04,44.098926,39.075836,5.0
2026-10-05 10:18:06,44.098775,39.07599,5.0
2026-10-05 10:18:07,44.098625,39.076144,5.0
2026-10-05 10:18:08,44.098478,39.076303,5.0
2026-10-05 10:18:09,44.098347,39.076486,5.0
2026-10-05 10:18:11,44.098216,39.07667,5.0
2026-10-05 10:18:13,44.098085,39.076853,5.0
2026-10-05 10:18:15,44.097954,39.077036,5.0
2026-10-05 10:18:16,44.097823,39.077218,5.0
2026-10-05 10:18:18,44.097692,39.077401,5.0
2026-10-05 10:18:19,44.097561,39.077584,5.0
2026-10-05 10:18:20,44.09743,39.077767,5.0
2026-10-05 10:18:21,44.097299,39.077949,5.0
2026-10-05 10:18:23,44.097168,39.078132,5.0
2026-10-05 10:18:24,44.097037,39.078314,5.0
2026-10-05 10:18:26,44.096906,39.078497,5.0
2026-10-05 10:18:27,44.096775,39.078679,5.0
2026-10-05 10:18:28,44.096644,39.078861,5.0
2026-10-05 10:18:30,44.096513,39.079044,5.4
2026-10-05 10:18:32,44.096381,39.079226,6.19
2026-10-05 10:18:33,44.09625,39.079408,6.99
2026-10-05 10:18:34,44.096119,39.079589,7.79
2026-10-05 10:18:36,44.095987,39.079771,8.58
2026-10-05 10:18:37,44.095856,39.079953,9.38
2026-10-05 10:18:38,44.095724,39.080134,10.17
2026-10-05 10:18:40,44.095592,39.080316,10.95
2026-10-05 10:18:41,44.09546,39.080497,11.73
2026-10-05 10:18:43,44.095329,39.080678,12.49
2026-10-05 10:18:44,44.095197,39.080859,13.25
2026-10-05 10:18:45,44.095065,39.08104,13.99
2026-10-05 10:18:46,44.094933,39.081221,14.71
2026-10-05 10:18:47,44.0948,39.081401,15.42
2026-10-05 10:18:49,44.094668,39.081582,16.11
2026-10-05 10:18:50,44.094536,39.081762,16.77
2026-10-05 10:18:51,44.094404,39.081942,17.42
2026-10-05 10:18:53,44.094271,39.082123,18.05
2026-10-05 10:18:55,44.094139,39.082303,18.65
2026-10-05 10:18:56,44.094007,39.082483,19.23
2026-10-05 10:18:57,44.093874,39.082662,19.79
2026-10-05 10:18:58,44.093742,39.082842,20.32
2026-10-05 10:18:59,44.09361,39.083022,20.83
2026-10-05 10:19:01,44.093477,39.083202,21.31
2026-10-05 10:19:02,44.093345,39.083381,21.77
2026-10-05 10:19:03,44.093213,39.083561,22.21
2026-10-05 10:19:05,44.093081,39.083741,22.63
2026-10-05 10:19:06,44.092949,39.08392,23.02
2026-10-05 10:19:08,44.092817,39.0841,23.4
2026-10-05 10:19:09,44.092686,39.08428,23.75
2026-10-05 10:19:11,44.092554,39.08446,24.09
2026-10-05 10:19:12,44.092423,39.084641,24.42
2026-10-05 10:19:14,44.092292,39.084821,24.72
2026-10-05 10:19:15,44.092162,39.085002,25.02
2026-10-05 10:19:16,44.092031,39.085183,25.31
2026-10-05 10:19:18,44.091901,39.085364,25.59
2026-10-05 10:19:19,44.091772,39.085545,25.86
2026-10-05 10:19:20,44.091643,39.085727,26.14
2026-10-05 10:19:22,44.091514,39.08591,26.41
2026-10-05 10:19:23,44.091386,39.086093,26.68
2026-10-05 10:19:24,44.091258,39.086276,26.96
2026-10-05 10:19:26,44.091131,39.08646,27.25
2026-10-05 10:19:27,44.091005,39.086644,27.55
2026-10-05 10:19:29,44.090879,39.086829,27.86
2026-10-05 10:19:30,44.090753,39.087015,28.19
2026-10-05 10:19:32,44.090629,39.087201,28.54
2026-10-05 10:19:33,44.090505,39.087389,28.91
2026-10-05 10:19:34,44.090382,39.087576,29.3
2026-10-05 10:19:35,44.090259,39.087765,29.72
2026-10-05 10:19:36,44.090138,39.087955,30.17
2026-10-05 10:19:37,44.090017,39.088145,30.65
2026-10-05 10:19:39,44.089897,39.088336,31.16
2026-10-05 10:19:40,44.089777,39.088528,31.72
2026-10-05 10:19:42,44.089659,39.088722,32.31
2026-10-05 10:19:43,44.089542,39.088916,32.94
2026-10-05 10:19:44,44.089425,39.089111,33.61
2026-10-05 10:19:45,44.089309,39.089307,34.32
2026-10-05 10:19:46,44.089195,39.089505,35.08
2026-10-05 10:19:47,44.089081,39.089703,35.89
2026-10-05 10:19:48,44.088968,39.089903,36.74
2026-10-05 10:19:50,44.088856,39.090103,37.64
2026-10-05 10:19:51,44.088745,39.090305,38.59
2026-10-05 10:19:52,44.088634,39.090508,39.58
2026-10-05 10:19:53,44.088525,39.090712,40.63
2026-10-05 10:19:54,44.088417,39.090917,41.72
2026-10-05 10:19:56,44.088309,39.091124,42.86
2026-10-05 10:19:57,44.088202,39.091331,44.04
2026-10-05 10:19:58,44.088096,39.09154,45.27
2026-10-05 10:20:00,44.087991,39.091749,46.55
2026-10-05 10:20:01,44.087886,39.09196,47.87
2026-10-05 10:20:03,44.087782,39.092172,49.23
2026-10-05 10:20:04,44.087679,39.092385,50.64
2026-10-05 10:20:06,44.087577,39.0926,52.08
2026-10-05 10:20:07,44.087475,39.092815,53.56
2026-10-05 10:20:09,44.087373,39.093031,55.07
2026-10-05 10:20:10,44.087272,39.093248,56.61
2026-10-05 10:20:11,44.087171,39.093466,58.19
2026-10-05 10:20:12,44.087071,39.093685,59.79
2026-10-05 10:20:14,44.086971,39.093905,61.42
2026-10-05 10:20:15,44.086871,39.094126,63.07
2026-10-05 10:20:16,44.086771,39.094347,64.73
2026-10-05 10:20:18,44.086671,39.094569,66.42
2026-10-05 10:20:19,44.086572,39.094792,68.11
2026-10-05 10:20:20,44.086472,39.095015,69.82
2026-10-05 10:20:22,44.086372,39.095239,71.53
2026-10-05 10:20:23,44.086272,39.095463,73.25
2026-10-05 10:20:24,44.086171,39.095688,74.96
2026-10-05 10:20:26,44.08607,39.095913,76.68
2026-10-05 10:20:27,44.085969,39.096139,78.39
2026-10-05 10:20:28,44.085867,39.096364,80.09
2026-10-05 10:20:30,44.085764,39.09659,81.79
2026-10-05 10:20:31,44.085661,39.096816,83.47
2026-10-05 10:20:33,44.085557,39.097042,85.13
2026-10-05 10:20:34,44.085452,39.097267,86.78
2026-10-05 10:20:35,44.085345,39.097493,88.4
2026-10-05 10:20:37,44.085238,39.097718,90.01
2026-10-05 10:20:38,44.08513,39.097943,91.59
2026-10-05 10:20:39,44.08502,39.098168,93.14
2026-10-05 10:20:41,44.08491,39.098392,94.67
2026-10-05 10:20:42,44.084797,39.098615,96.17
2026-10-05 10:20:43,44.084684,39.098838,97.64
2026-10-05 10:20:45,44.084569,39.09906,99.07
2026-10-05 10:20:46,44.084452,39.099281,100.48
2026-10-05 10:20:48,44.084334,39.099502,101.85
2026-10-05 10:20:49,44.084214,39.099721,103.19
2026-10-05 10:20:50,44.084092,39.09994,104.5
2026-10-05 10:20:51,44.083969,39.100157,105.78
2026-10-05 10:20:53,44.083844,39.100373,107.02
2026-10-05 10:20:54,44.083716,39.100588,108.23
2026-10-05 10:20:56,44.083587,39.100802,109.41
2026-10-05 10:20:57,44.083457,39.101014,110.56
2026-10-05 10:20:58,44.083324,39.101225,111.68
2026-10-05 10:21:00,44.083189,39.101434,112.77
2026-10-05 10:21:01,44.083052,39.101642,113.84
2026-10-05 10:21:02,44.082914,39.101848,114.87
2026-10-05 10:21:04,44.082773,39.102053,115.89
2026-10-05 10:21:06,44.08263,39.102255,116.88
2026-10-05 10:21:07,44.082486,39.102456,117.85
2026-10-05 10:21:09,44.08234,39.102656,118.8
2026-10-05 10:21:10,44.082191,39.102853,119.74
2026-10-05 10:21:11,44.082041,39.103048,120.66
2026-10-05 10:21:13,44.081889,39.103242,121.57
2026-10-05 10:21:14,44.081735,39.103434,122.47
2026-10-05 10:21:15,44.08158,39.103623,123.35
2026-10-05 10:21:17,44.081423,39.103811,124.24
2026-10-05 10:21:19,44.081264,39.103996,125.12
2026-10-05 10:21:20,44.081104,39.10418,125.99
2026-10-05 10:21:22,44.080942,39.104362,126.87
2026-10-05 10:21:23,44.080779,39.104541,127.75
2026-10-05 10:21:24,44.080615,39.104718,128.63
2026-10-05 10:21:26,44.080449,39.104894,129.52
2026-10-05 10:21:27,44.080282,39.105067,130.41
2026-10-05 10:21:29,44.080114,39.105239,131.31
2026-10-05 10:21:30,44.079946,39.105408,132.23
2026-10-05 10:21:32,44.079776,39.105575,133.15
2026-10-05 10:21:33,44.079606,39.105741,134.09
2026-10-05 10:21:34,44.079435,39.105904,135.04
2026-10-05 10:21:36,44.079264,39.106066,136.01
2026-10-05 10:21:38,44.079092,39.106226,136.99
2026-10-05 10:21:39,44.078921,39.106384,137.98
2026-10-05 10:21:40,44.078749,39.10654,138.99
2026-10-05 10:21:42,44.078577,39.106694,140.02
2026-10-05 10:21:43,44.078405,39.106847,141.07
2026-10-05 10:21:45,44.078233,39.106998,142.13
2026-10-05 10:21:47,44.078062,39.107147,143.2
2026-10-05 10:21:48,44.077891,39.107295,144.29
2026-10-05 10:21:49,44.077721,39.107442,145.39
2026-10-05 10:21:51,44.077552,39.107587,146.51
2026-10-05 10:21:53,44.077384,39.107731,147.64
2026-10-05 10:21:55,44.077216,39.107873,148.78
2026-10-05 10:21:56,44.07705,39.108014,149.92
2026-10-05 10:21:57,44.076885,39.108155,151.08
2026-10-05 10:21:58,44.076722,39.108294,152.23
2026-10-05 10:22:00,44.07656,39.108432,153.4
2026-10-05 10:22:01,44.076399,39.10857,154.56
2026-10-05 10:22:03,44.07624,39.108706,155.73
2026-10-05 10:22:04,44.076084,39.108842,156.89
2026-10-05 10:22:06,44.075928,39.108978,158.04
2026-10-05 10:22:07,44.075775,39.109113,159.19
2026-10-05 10:22:09,44.075624,39.109247,160.33
2026-10-05 10:22:10,44.075476,39.109381,161.46
2026-10-05 10:22:11,44.075329,39.109515,162.57
2026-10-05 10:22:12,44.075185,39.109649,163.67
2026-10-05 10:22:13,44.075043,39.109783,164.75
2026-10-05 10:22:15,44.074903,39.109917,165.8
2026-10-05 10:22:16,44.074766,39.110051,166.84
2026-10-05 10:22:17,44.074632,39.110185,167.85
2026-10-05 10:22:18,44.0745,39.110319,168.83
2026-10-05 10:22:19,44.074371,39.110454,169.78
2026-10-05 10:22:21,44.074244,39.110589,170.7
2026-10-05 10:22:22,44.07412,39.110725,171.58
2026-10-05 10:22:23,44.073999,39.110862,172.43
2026-10-05 10:22:24,44.07388,39.110999,173.25
2026-10-05 10:22:25,44.073764,39.111137,174.03
2026-10-05 10:22:26,44.07365,39.111277,174.76
2026-10-05 10:22:27,44.07354,39.111417,175.46
2026-10-05 10:22:28,44.073431,39.111558,176.12
2026-10-05 10:22:29,44.073326,39.111701,176.74
2026-10-05 10:22:30,44.073223,39.111844,177.32
2026-10-05 10:22:31,44.073122,39.111989,177.86
2026-10-05 10:22:32,44.073024,39.112136,178.36
2026-10-05 10:22:33,44.072928,39.112284,178.81
2026-10-05 10:22:34,44.072834,39.112433,179.23
2026-10-05 10:22:35,44.072743,39.112584,179.6
2026-10-05 10:22:36,44.072654,39.112737,179.94
2026-10-05 10:22:37,44.072567,39.112891,180.24
2026-10-05 10:22:39,44.072482,39.113047,180.51
2026-10-05 10:22:40,44.072398,39.113205,180.74
2026-10-05 10:22:40,44.072317,39.113365,180.94
2026-10-05 10:22:41,44.072237,39.113527,181.1
2026-10-05 10:22:42,44.072159,39.11369,181.24
2026-10-05 10:22:43,44.072082,39.113856,181.36
2026-10-05 10:22:44,44.072006,39.114024,181.45
2026-10-05 10:22:45,44.071932,39.114194,181.51
2026-10-05 10:22:47,44.071859,39.114366,181.56
2026-10-05 10:22:47,44.071787,39.11454,181.6
2026-10-05 10:22:48,44.071715,39.114716,181.61
2026-10-05 10:22:49,44.071644,39.114894,181.62
2026-10-05 10:22:50,44.071574,39.115074,181.63
2026-10-05 10:22:51,44.071505,39.115257,181.63
2026-10-05 10:22:52,44.071435,39.115442,181.62
2026-10-05 10:22:53,44.071366,39.115629,181.62
2026-10-05 10:22:55,44.071297,39.115818,181.62
2026-10-05 10:22:56,44.071227,39.116009,181.64
2026-10-05 10:22:57,44.071158,39.116203,181.66
2026-10-05 10:22:58,44.071088,39.116399,181.69
2026-10-05 10:22:59,44.071018,39.116596,181.75
2026-10-05 10:23:00,44.070947,39.116796,181.82
2026-10-05 10:23:01,44.070875,39.116998,181.91
2026-10-05 10:23:03,44.070803,39.117203,182.03
2026-10-05 10:23:04,44.070729,39.117409,182.17
2026-10-05 10:23:05,44.070654,39.117617,182.34
2026-10-05 10:23:06,44.070578,39.117827,182.55
2026-10-05 10:23:07,44.070501,39.118039,182.79
2026-10-05 10:23:08,44.070423,39.118253,183.06
2026-10-05 10:23:09,44.070343,39.118469,183.37
2026-10-05 10:23:11,44.070261,39.118687,183.71
2026-10-05 10:23:12,44.070177,39.118907,184.09
2026-10-05 10:23:13,44.070092,39.119128,184.52
2026-10-05 10:23:14,44.070005,39.119351,184.98
2026-10-05 10:23:15,44.069916,39.119576,185.48
2026-10-05 10:23:17,44.069825,39.119802,186.03
2026-10-05 10:23:18,44.069731,39.120029,186.61
2026-10-05 10:23:20,44.069636,39.120258,187.24
2026-10-05 10:23:21,44.069538,39.120489,187.9
2026-10-05 10:23:22,44.069438,39.120721,188.61
2026-10-05 10:23:24,44.069336,39.120954,189.35
2026-10-05 10:23:25,44.069232,39.121188,190.14
2026-10-05 10:23:26,44.069125,39.121423,190.95
2026-10-05 10:23:28,44.069015,39.121659,191.81
2026-10-05 10:23:30,44.068904,39.121897,192.7
2026-10-05 10:23:31,44.068789,39.122135,193.62
2026-10-05 10:23:33,44.068673,39.122374,194.56
2026-10-05 10:23:34,44.068554,39.122614,195.54
2026-10-05 10:23:36,44.068433,39.122854,196.54
2026-10-05 10:23:38,44.068309,39.123095,197.57
2026-10-05 10:23:39,44.068183,39.123337,198.62
2026-10-05 10:23:40,44.068054,39.123579,199.68
2026-10-05 10:23:42,44.067923,39.123821,200.77
2026-10-05 10:23:43,44.06779,39.124064,201.86
2026-10-05 10:23:44,44.067655,39.124307,202.97
2026-10-05 10:23:46,44.067517,39.12455,204.08
2026-10-05 10:23:48,44.067378,39.124793,205.21
2026-10-05 10:23:50,44.067236,39.125036,206.33
2026-10-05 10:23:52,44.067092,39.125279,207.46
2026-10-05 10:23:53,44.066946,39.125522,208.58
2026-10-05 10:23:54,44.066798,39.125765,209.7
2026-10-05 10:23:56,44.066649,39.126007,210.81
2026-10-05 10:23:58,44.066498,39.126249,211.91
2026-10-05 10:23:59,44.066345,39.126491,213.0
2026-10-05 10:24:00,44.06619,39.126732,214.08
2026-10-05 10:24:02,44.066034,39.126972,215.14
2026-10-05 10:24:03,44.065877,39.127212,216.19
2026-10-05 10:24:05,44.065718,39.127452,217.22
2026-10-05 10:24:06,44.065558,39.12769,218.23
2026-10-05 10:24:08,44.065397,39.127928,219.21
2026-10-05 10:24:10,44.065234,39.128165,220.18
2026-10-05 10:24:12,44.065071,39.128401,221.12
2026-10-05 10:24:14,44.064907,39.128636,222.03
2026-10-05 10:24:16,44.064742,39.12887,222.92
2026-10-05 10:24:18,44.064577,39.129103,223.79
2026-10-05 10:24:20,44.064411,39.129334,224.63
2026-10-05 10:24:22,44.064245,39.129565,225.45
2026-10-05 10:24:23,44.064078,39.129795,226.24
2026-10-05 10:24:25,44.063911,39.130023,227.0
2026-10-05 10:24:26,44.063743,39.13025,227.74
2026-10-05 10:24:28,44.063576,39.130476,228.46
2026-10-05 10:24:30,44.063409,39.1307,229.16
2026-10-05 10:24:32,44.063241,39.130923,229.83
2026-10-05 10:24:33,44.063074,39.131144,230.49
2026-10-05 10:24:34,44.062908,39.131365,231.12
2026-10-05 10:24:36,44.062741,39.131583,231.74
2026-10-05 10:24:38,44.062575,39.1318,232.34
2026-10-05 10:24:39,44.06241,39.132016,232.93
2026-10-05 10:24:41,44.062245,39.132231,233.51
2026-10-05 10:24:42,44.062081,39.132443,234.07
2026-10-05 10:24:44,44.061918,39.132654,234.63
2026-10-05 10:24:46,44.061755,39.132864,235.18
2026-10-05 10:24:48,44.061594,39.133072,235.73
2026-10-05 10:24:50,44.061433,39.133279,236.27
2026-10-05 10:24:51,44.061273,39.133484,236.82
2026-10-05 10:24:52,44.061115,39.133688,237.37
2026-10-05 10:24:54,44.060957,39.13389,237.92
2026-10-05 10:24:55,44.060801,39.13409,238.47
2026-10-05 10:24:57,44.060646,39.134289,239.04
2026-10-05 10:24:58,44.060492,39.134487,239.61
2026-10-05 10:25:00,44.06034,39.134683,240.2
2026-10-05 10:25:02,44.060188,39.134877,240.8
2026-10-05 10:25:03,44.060039,39.135071,241.41
2026-10-05 10:25:04,44.05989,39.135262,242.04
2026-10-05 10:25:05,44.059743,39.135452,242.69
2026-10-05 10:25:07,44.059597,39.135641,243.36
2026-10-05 10:25:08,44.059453,39.135829,244.04
2026-10-05 10:25:09,44.05931,39.136015,244.75
2026-10-05 10:25:10,44.059169,39.1362,245.47
2026-10-05 10:25:11,44.059029,39.136384,246.22
2026-10-05 10:25:13,44.058891,39.136566,246.99
2026-10-05 10:25:14,44.058754,39.136747,247.78
2026-10-05 10:25:16,44.058618,39.136927,248.6
2026-10-05 10:25:17,44.058484,39.137106,249.43
2026-10-05 10:25:18,44.058352,39.137284,250.28
2026-10-05 10:25:20,44.058221,39.13746,251.16
2026-10-05 10:25:21,44.058091,39.137636,252.05
2026-10-05 10:25:23,44.057962,39.137811,252.96
2026-10-05 10:25:24,44.057835,39.137984,253.89
2026-10-05 10:25:25,44.057709,39.138157,254.84
2026-10-05 10:25:26,44.057585,39.138329,255.79
2026-10-05 10:25:28,44.057461,39.138501,256.76
2026-10-05 10:25:29,44.057339,39.138671,257.74
2026-10-05 10:25:30,44.057218,39.138841,258.73
2026-10-05 10:25:31,44.057098,39.13901,259.73
2026-10-05 10:25:33,44.05698,39.139178,260.72
2026-10-05 10:25:34,44.056862,39.139346,261.72
2026-10-05 10:25:35,44.056745,39.139513,262.72
2026-10-05 10:25:36,44.05663,39.13968,263.71
2026-10-05 10:25:38,44.056515,39.139846,264.7
2026-10-05 10:25:39,44.056401,39.140012,265.67
2026-10-05 10:25:41,44.056288,39.140178,266.64
2026-10-05 10:25:42,44.056176,39.140343,267.59
2026-10-05 10:25:43,44.056064,39.140508,268.52
2026-10-05 10:25:44,44.055954,39.140673,269.43
2026-10-05 10:25:46,44.055843,39.140838,270.32
2026-10-05 10:25:47,44.055734,39.141003,271.19
2026-10-05 10:25:49,44.055625,39.141167,272.03
2026-10-05 10:25:50,44.055516,39.141332,272.84
2026-10-05 10:25:51,44.055408,39.141496,273.61
2026-10-05 10:25:51,44.0553,39.14166,274.36
2026-10-05 10:25:52,44.055193,39.141825,275.06
2026-10-05 10:25:53,44.055086,39.14199,275.73
2026-10-05 10:25:55,44.054979,39.142155,276.36
2026-10-05 10:25:56,44.054872,39.14232,276.94
2026-10-05 10:25:57,44.054766,39.142485,277.48
2026-10-05 10:25:58,44.05466,39.14265,277.98
2026-10-05 10:25:59,44.054553,39.142816,278.44
2026-10-05 10:26:00,44.054447,39.142982,278.85
2026-10-05 10:26:01,44.054341,39.143149,279.21
2026-10-05 10:26:02,44.054234,39.143316,279.52
2026-10-05 10:26:03,44.054128,39.143483,279.79
2026-10-05 10:26:04,44.054022,39.143651,280.01
2026-10-05 10:26:06,44.053915,39.143819,280.19
2026-10-05 10:26:07,44.053808,39.143988,280.32
2026-10-05 10:26:08,44.053701,39.144157,280.4
2026-10-05 10:26:09,44.053594,39.144327,280.44
2026-10-05 10:26:11,44.053486,39.144497,280.44
2026-10-05 10:26:12,44.053378,39.144668,280.4
2026-10-05 10:26:13,44.05327,39.144839,280.31
2026-10-05 10:26:14,44.053161,39.145012,280.19
2026-10-05 10:26:16,44.053052,39.145184,280.03
2026-10-05 10:26:17,44.052943,39.145358,279.84
2026-10-05 10:26:18,44.052833,39.145531,279.61
2026-10-05 10:26:19,44.052723,39.145706,279.36
2026-10-05 10:26:20,44.052612,39.145881,279.08
2026-10-05 10:26:21,44.052501,39.146057,278.77
2026-10-05 10:26:23,44.052389,39.146234,278.45
2026-10-05 10:26:24,44.052277,39.146411,278.1
2026-10-05 10:26:25,44.052164,39.146589,277.74
2026-10-05 10:26:26,44.052051,39.146767,277.37
2026-10-05 10:26:27,44.051938,39.146946,276.98
2026-10-05 10:26:29,44.051823,39.147126,276.59
2026-10-05 10:26:30,44.051709,39.147307,276.2
2026-10-05 10:26:31,44.051594,39.147488,275.81
2026-10-05 10:26:32,44.051478,39.14767,275.41
2026-10-05 10:26:33,44.051362,39.147852,275.03
2026-10-05 10:26:35,44.051245,39.148035,274.65
2026-10-05 10:26:36,44.051128,39.148219,274.29
2026-10-05 10:26:38,44.05101,39.148403,273.93
2026-10-05 10:26:39,44.050892,39.148587,273.6
2026-10-05 10:26:40,44.050774,39.148773,273.28
2026-10-05 10:26:42,44.050655,39.148959,272.99
2026-10-05 10:26:43,44.050535,39.149145,272.72
2026-10-05 10:26:44,44.050415,39.149332,272.47
2026-10-05 10:26:45,44.050295,39.14952,272.25
2026-10-05 10:26:47,44.050174,39.149708,272.07
2026-10-05 10:26:48,44.050043,39.149882,271.17
2026-10-05 10:26:50,44.049908,39.150053,270.1
2026-10-05 10:26:51,44.049773,39.150224,269.07
2026-10-05 10:26:53,44.049638,39.150396,268.07
2026-10-05 10:26:54,44.049503,39.150568,267.11
2026-10-05 10:26:55,44.049367,39.15074,266.18
2026-10-05 10:26:56,44.049231,39.150913,265.29
2026-10-05 10:26:58,44.049094,39.151087,264.43
2026-10-05 10:26:59,44.048957,39.15126,263.61
2026-10-05 10:27:01,44.04882,39.151434,262.83
2026-10-05 10:27:02,44.048683,39.151608,262.08
2026-10-05 10:27:04,44.048545,39.151783,261.36
2026-10-05 10:27:05,44.048408,39.151957,260.68
2026-10-05 10:27:06,44.04827,39.152132,260.04
2026-10-05 10:27:07,44.048131,39.152307,259.42
2026-10-05 10:27:09,44.047993,39.152483,258.83
2026-10-05 10:27:10,44.047854,39.152658,258.28
2026-10-05 10:27:12,44.047715,39.152834,257.74
2026-10-05 10:27:14,44.047576,39.15301,257.24
2026-10-05 10:27:15,44.047437,39.153186,256.76
2026-10-05 10:27:16,44.047298,39.153362,256.3
2026-10-05 10:27:18,44.047159,39.153538,255.85
2026-10-05 10:27:19,44.047019,39.153715,255.43
2026-10-05 10:27:20,44.04688,39.153891,255.02
2026-10-05 10:27:22,44.04674,39.154068,254.62
2026-10-05 10:27:23,44.046601,39.154244,254.24
2026-10-05 10:27:24,44.046461,39.154421,253.86
2026-10-05 10:27:25,44.046321,39.154598,253.49
2026-10-05 10:27:26,44.046181,39.154774,253.12
2026-10-05 10:27:28,44.046041,39.154951,252.76
2026-10-05 10:27:29,44.045902,39.155128,252.39
2026-10-05 10:27:31,44.045762,39.155305,252.03
2026-10-05 10:27:32,44.045622,39.155482,251.66
2026-10-05 10:27:34,44.045482,39.155659,251.28
2026-10-05 10:27:35,44.045342,39.155836,250.9
2026-10-05 10:27:36,44.045202,39.156012,250.5
2026-10-05 10:27:38,44.045062,39.156189,250.1
2026-10-05 10:27:39,44.044922,39.156366,249.69
2026-10-05 10:27:41,44.044782,39.156543,249.26
2026-10-05 10:27:42,44.044641,39.15672,248.82
2026-10-05 10:27:43,44.044501,39.156897,248.37
2026-10-05 10:27:44,44.044361,39.157075,247.9
2026-10-05 10:27:46,44.044221,39.157252,247.42
2026-10-05 10:27:48,44.044081,39.157429,246.92
2026-10-05 10:27:49,44.043941,39.157606,246.41
2026-10-05 10:27:50,44.043801,39.157783,245.88
2026-10-05 10:27:51,44.043661,39.157961,245.33
2026-10-05 10:27:53,44.04352,39.158138,244.78
2026-10-05 10:27:54,44.04338,39.158316,244.21
2026-10-05 10:27:55,44.04324,39.158493,243.62
2026-10-05 10:27:56,44.043099,39.158671,243.03
2026-10-05 10:27:58,44.042959,39.158849,242.43
2026-10-05 10:28:00,44.042818,39.159027,241.81
2026-10-05 10:28:01,44.042678,39.159205,241.19
2026-10-05 10:28:02,44.042537,39.159383,240.57
2026-10-05 10:28:04,44.042396,39.159562,239.94
2026-10-05 10:28:05,44.042256,39.15974,239.31
2026-10-05 10:28:06,44.042115,39.159919,238.68
2026-10-05 10:28:07,44.041974,39.160098,238.05
2026-10-05 10:28:09,44.041832,39.160277,237.42
2026-10-05 10:28:11,44.041691,39.160457,236.81
2026-10-05 10:28:12,44.04155,39.160636,236.2
2026-10-05 10:28:14,44.041408,39.160816,235.6
2026-10-05 10:28:15,44.041266,39.160997,235.02
2026-10-05 10:28:17,44.041125,39.161177,234.45
2026-10-05 10:28:18,44.040982,39.161358,233.9
2026-10-05 10:28:20,44.04084,39.161539,233.37
2026-10-05 10:28:21,44.040698,39.16172,232.86
2026-10-05 10:28:22,44.040555,39.161901,232.38
2026-10-05 10:28:24,44.040412,39.162083,231.92
2026-10-05 10:28:25,44.040269,39.162265,231.49
2026-10-05 10:28:27,44.040126,39.162448,231.09
2026-10-05 10:28:28,44.039983,39.162631,230.72
2026-10-05 10:28:29,44.039839,39.162814,230.39
2026-10-05 10:28:30,44.039695,39.162997,230.08
2026-10-05 10:28:31,44.039551,39.16318,229.82
2026-10-05 10:28:33,44.039407,39.163364,229.59
2026-10-05 10:28:35,44.039263,39.163549,229.4
2026-10-05 10:28:36,44.039118,39.163733,229.24
2026-10-05 10:28:37,44.038973,39.163918,229.13
2026-10-05 10:28:38,44.038828,39.164103,229.05
2026-10-05 10:28:40,44.038682,39.164288,229.01
2026-10-05 10:28:41,44.038537,39.164473,229.01
2026-10-05 10:28:42,44.038391,39.164659,229.05
2026-10-05 10:28:44,44.038245,39.164845,229.13
2026-10-05 10:28:46,44.038099,39.165031,229.24
2026-10-05 10:28:47,44.037952,39.165217,229.39
2026-10-05 10:28:48,44.037805,39.165403,229.57
2026-10-05 10:28:49,44.037659,39.16559,229.79
2026-10-05 10:28:51,44.037511,39.165776,230.03
2026-10-05 10:28:52,44.037364,39.165963,230.31
2026-10-05 10:28:54,44.037217,39.166149,230.61
2026-10-05 10:28:55,44.037069,39.166336,230.94
2026-10-05 10:28:56,44.036921,39.166522,231.3
2026-10-05 10:28:57,44.036774,39.166709,231.67
2026-10-05 10:28:58,44.036625,39.166895,232.06
2026-10-05 10:29:00,44.036477,39.167081,232.47
2026-10-05 10:29:01,44.036329,39.167267,232.89
2026-10-05 10:29:03,44.036181,39.167453,233.32
2026-10-05 10:29:05,44.036032,39.167638,233.76
2026-10-05 10:29:06,44.035884,39.167824,234.2
2026-10-05 10:29:08,44.035735,39.168008,234.65
2026-10-05 10:29:09,44.035587,39.168193,235.09
2026-10-05 10:29:11,44.035438,39.168377,235.53
2026-10-05 10:29:13,44.03529,39.16856,235.96
2026-10-05 10:29:14,44.035141,39.168743,236.38
2026-10-05 10:29:15,44.034993,39.168925,236.78
2026-10-05 10:29:17,44.034844,39.169107,237.17
2026-10-05 10:29:18,44.034696,39.169288,237.54
2026-10-05 10:29:20,44.034548,39.169469,237.89
2026-10-05 10:29:21,44.0344,39.169648,238.22
2026-10-05 10:29:22,44.034252,39.169827,238.51
2026-10-05 10:29:23,44.034104,39.170005,238.78
2026-10-05 10:29:25,44.033957,39.170182,239.02
2026-10-05 10:29:26,44.033809,39.170358,239.22
2026-10-05 10:29:28,44.033662,39.170533,239.39
2026-10-05 10:29:30,44.033516,39.170707,239.52
2026-10-05 10:29:31,44.033369,39.17088,239.62
2026-10-05 10:29:32,44.033223,39.171052,239.67
2026-10-05 10:29:34,44.033077,39.171222,239.69
2026-10-05 10:29:36,44.032932,39.171392,239.66
2026-10-05 10:29:37,44.032787,39.17156,239.59
2026-10-05 10:29:38,44.032642,39.171727,239.48
2026-10-05 10:29:40,44.032498,39.171893,239.33
2026-10-05 10:29:41,44.032354,39.172058,239.14
2026-10-05 10:29:42,44.032211,39.172221,238.9
2026-10-05 10:29:43,44.032068,39.172383,238.63
2026-10-05 10:29:45,44.031926,39.172543,238.31
2026-10-05 10:29:46,44.031784,39.172702,237.96
2026-10-05 10:29:47,44.031643,39.17286,237.56
2026-10-05 10:29:48,44.031502,39.173016,237.13
2026-10-05 10:29:50,44.031362,39.173171,236.66
2026-10-05 10:29:51,44.031223,39.173325,236.16
2026-10-05 10:29:53,44.031085,39.173477,235.63
2026-10-05 10:29:54,44.030947,39.173628,235.07
2026-10-05 10:29:56,44.030809,39.173777,234.48
2026-10-05 10:29:57,44.030673,39.173925,233.86
2026-10-05 10:29:58,44.030537,39.174072,233.22
2026-10-05 10:29:59,44.030402,39.174217,232.56
2026-10-05 10:30:00,44.030267,39.174361,231.88
2026-10-05 10:30:01,44.030134,39.174504,231.19
2026-10-05 10:30:02,44.030001,39.174645,230.48
2026-10-05 10:30:03,44.029869,39.174786,229.77
2026-10-05 10:30:05,44.029738,39.174925,229.04
2026-10-05 10:30:06,44.029607,39.175063,228.31
2026-10-05 10:30:07,44.029478,39.1752,227.58
2026-10-05 10:30:08,44.029349,39.175336,226.85
2026-10-05 10:30:09,44.029221,39.175471,226.13
2026-10-05 10:30:10,44.029093,39.175606,225.41
2026-10-05 10:30:11,44.028967,39.175739,224.69
2026-10-05 10:30:13,44.028841,39.175872,223.99
2026-10-05 10:30:13,44.028717,39.176004,223.3
2026-10-05 10:30:14,44.028593,39.176136,222.63
2026-10-05 10:30:15,44.02847,39.176267,221.97
2026-10-05 10:30:16,44.028347,39.176397,221.33
2026-10-05 10:30:17,44.028226,39.176528,220.71
2026-10-05 10:30:19,44.028105,39.176658,220.11
2026-10-05 10:30:20,44.027985,39.176788,219.54
2026-10-05 10:30:21,44.027866,39.176918,218.99
2026-10-05 10:30:22,44.027748,39.177048,218.47
2026-10-05 10:30:23,44.02763,39.177179,217.97
2026-10-05 10:30:24,44.027513,39.177309,217.5
2026-10-05 10:30:25,44.027397,39.17744,217.05
2026-10-05 10:30:26,44.027281,39.177572,216.64
2026-10-05 10:30:27,44.027166,39.177704,216.25
2026-10-05 10:30:29,44.027052,39.177837,215.89
2026-10-05 10:30:29,44.026939,39.17797,215.55
2026-10-05 10:30:31,44.026825,39.178105,215.24
2026-10-05 10:30:32,44.026713,39.178241,214.96
2026-10-05 10:30:33,44.026601,39.178377,214.7
2026-10-05 10:30:34,44.02649,39.178516,214.47
2026-10-05 10:30:35,44.026379,39.178655,214.26
2026-10-05 10:30:36,44.026268,39.178796,214.07
2026-10-05 10:30:38,44.026158,39.178939,213.9
2026-10-05 10:30:39,44.026049,39.179083,213.74
2026-10-05 10:30:39,44.025939,39.179229,213.61
2026-10-05 10:30:40,44.025831,39.179377,213.48
2026-10-05 10:30:42,44.025722,39.179527,213.37
2026-10-05 10:30:43,44.025613,39.179679,213.27
2026-10-05 10:30:44,44.025505,39.179833,213.18
2026-10-05 10:30:45,44.025397,39.179989,213.1
2026-10-05 10:30:46,44.025289,39.180148,213.02
2026-10-05 10:30:47,44.025181,39.180309,212.94
2026-10-05 10:30:49,44.025073,39.180472,212.86
2026-10-05 10:30:50,44.024965,39.180638,212.78
2026-10-05 10:30:51,44.024857,39.180807,212.7
2026-10-05 10:30:52,44.024749,39.180978,212.61
2026-10-05 10:30:54,44.024641,39.181152,212.52
2026-10-05 10:30:55,44.024532,39.181329,212.41
2026-10-05 10:30:56,44.024424,39.181508,212.29
2026-10-05 10:30:57,44.024315,39.181691,212.16
2026-10-05 10:30:58,44.024205,39.181876,212.02
2026-10-05 10:30:59,44.024095,39.182063,211.86
2026-10-05 10:31:01,44.023985,39.182254,211.69
2026-10-05 10:31:02,44.023875,39.182447,211.5
2026-10-05 10:31:03,44.023763,39.182644,211.29
2026-10-05 10:31:05,44.023652,39.182843,211.06
2026-10-05 10:31:06,44.023539,39.183045,210.81
2026-10-05 10:31:07,44.023426,39.183249,210.54
2026-10-05 10:31:09,44.023313,39.183457,210.25
2026-10-05 10:31:11,44.023198,39.183667,209.94
2026-10-05 10:31:12,44.023083,39.183879,209.62
2026-10-05 10:31:13,44.022967,39.184094,209.27
2026-10-05 10:31:15,44.022849,39.184312,208.91
2026-10-05 10:31:16,44.022731,39.184532,208.53
2026-10-05 10:31:17,44.022613,39.184754,208.13
2026-10-05 10:31:19,44.022493,39.184978,207.71
2026-10-05 10:31:21,44.022372,39.185205,207.29
2026-10-05 10:31:23,44.02225,39.185433,206.85
2026-10-05 10:31:24,44.022126,39.185664,206.4
2026-10-05 10:31:25,44.022002,39.185896,205.94
2026-10-05 10:31:27,44.021876,39.18613,205.47
2026-10-05 10:31:28,44.02175,39.186365,205.01
2026-10-05 10:31:29,44.021622,39.186602,204.53
2026-10-05 10:31:31,44.021492,39.18684,204.06
2026-10-05 10:31:32,44.021362,39.187079,203.59
2026-10-05 10:31:34,44.02123,39.187319,203.13
2026-10-05 10:31:36,44.021097,39.18756,202.67
2026-10-05 10:31:37,44.020962,39.187802,202.22
2026-10-05 10:31:39,44.020826,39.188043,201.79
2026-10-05 10:31:41,44.020689,39.188286,201.37
2026-10-05 10:31:42,44.02055,39.188528,200.96
2026-10-05 10:31:44,44.02041,39.18877,200.58
2026-10-05 10:31:45,44.020268,39.189013,200.22
2026-10-05 10:31:47,44.020125,39.189254,199.89
2026-10-05 10:31:49,44.019981,39.189496,199.58
2026-10-05 10:31:50,44.019835,39.189736,199.3
2026-10-05 10:31:52,44.019687,39.189976,199.05
2026-10-05 10:31:54,44.019539,39.190214,198.84
2026-10-05 10:31:55,44.019388,39.190452,198.67
2026-10-05 10:31:57,44.019237,39.190688,198.53
2026-10-05 10:31:58,44.019084,39.190922,198.43
2026-10-05 10:31:59,44.018929,39.191155,198.37
2026-10-05 10:32:01,44.018773,39.191385,198.35
2026-10-05 10:32:02,44.018616,39.191614,198.38
2026-10-05 10:32:03,44.018457,39.191841,198.45
2026-10-05 10:32:05,44.018298,39.192065,198.56
2026-10-05 10:32:07,44.018136,39.192287,198.72
2026-10-05 10:32:08,44.017974,39.192506,198.92
2026-10-05 10:32:10,44.01781,39.192722,199.17
2026-10-05 10:32:12,44.017645,39.192936,199.46
2026-10-05 10:32:13,44.017479,39.193146,199.8
2026-10-05 10:32:15,44.017312,39.193354,200.18
2026-10-05 10:32:16,44.017144,39.193558,200.6
2026-10-05 10:32:18,44.016974,39.193759,201.07
2026-10-05 10:32:20,44.016804,39.193957,201.58
2026-10-05 10:32:22,44.016633,39.194151,202.12
2026-10-05 10:32:24,44.016461,39.194342,202.7
2026-10-05 10:32:26,44.016287,39.19453,203.32
2026-10-05 10:32:27,44.016114,39.194713,203.97
2026-10-05 10:32:29,44.015939,39.194893,204.65
2026-10-05 10:32:30,44.015764,39.19507,205.37
2026-10-05 10:32:32,44.015588,39.195243,206.1
2026-10-05 10:32:33,44.015411,39.195412,206.86
2026-10-05 10:32:35,44.015234,39.195577,207.65
2026-10-05 10:32:37,44.015056,39.195739,208.45
2026-10-05 10:32:38,44.014878,39.195897,209.26
2026-10-05 10:32:40,44.0147,39.196052,210.09
2026-10-05 10:32:42,44.014522,39.196203,210.92
2026-10-05 10:32:43,44.014343,39.196351,211.77
2026-10-05 10:32:45,44.014164,39.196495,212.61
2026-10-05 10:32:46,44.013985,39.196635,213.46
2026-10-05 10:32:48,44.013806,39.196773,214.3
2026-10-05 10:32:49,44.013627,39.196907,215.13
2026-10-05 10:32:50,44.013448,39.197038,215.96
2026-10-05 10:32:52,44.01327,39.197167,216.77
2026-10-05 10:32:53,44.013091,39.197292,217.57
2026-10-05 10:32:54,44.012913,39.197414,218.35
2026-10-05 10:32:55,44.012736,39.197534,219.11
2026-10-05 10:32:56,44.012559,39.197652,219.85
2026-10-05 10:32:58,44.012382,39.197767,220.56
2026-10-05 10:32:59,44.012206,39.19788,221.25
2026-10-05 10:33:01,44.012031,39.197991,221.9
2026-10-05 10:33:03,44.011856,39.1981,222.52
2026-10-05 10:33:04,44.011682,39.198208,223.11
2026-10-05 10:33:05,44.011509,39.198314,223.67
2026-10-05 10:33:06,44.011337,39.198418,224.19
2026-10-05 10:33:08,44.011166,39.198522,224.67
2026-10-05 10:33:09,44.010996,39.198624,225.12
2026-10-05 10:33:10,44.010827,39.198726,225.53
2026-10-05 10:33:11,44.010659,39.198827,225.89
2026-10-05 10:33:13,44.010492,39.198928,226.22
2026-10-05 10:33:14,44.010327,39.199029,226.51
2026-10-05 10:33:15,44.010162,39.199129,226.76
2026-10-05 10:33:17,44.009999,39.19923,226.97
2026-10-05 10:33:18,44.009838,39.199331,227.14
2026-10-05 10:33:19,44.009678,39.199432,227.28
2026-10-05 10:33:20,44.009519,39.199534,227.38
2026-10-05 10:33:22,44.009362,39.199637,227.44
2026-10-05 10:33:24,44.009206,39.199741,227.47
2026-10-05 10:33:25,44.009052,39.199847,227.47
2026-10-05 10:33:26,44.008899,39.199953,227.43
2026-10-05 10:33:27,44.008748,39.200062,227.37
2026-10-05 10:33:28,44.008599,39.200172,227.28
2026-10-05 10:33:30,44.008451,39.200284,227.16
2026-10-05 10:33:31,44.008305,39.200398,227.02
2026-10-05 10:33:33,44.00816,39.200514,226.86
2026-10-05 10:33:33,44.008017,39.200632,226.67
2026-10-05 10:33:34,44.007876,39.200753,226.48
2026-10-05 10:33:35,44.007736,39.200876,226.26
2026-10-05 10:33:37,44.007598,39.201002,226.04
2026-10-05 10:33:38,44.007461,39.201131,225.8
2026-10-05 10:33:39,44.007326,39.201262,225.56
2026-10-05 10:33:41,44.007193,39.201396,225.31
2026-10-05 10:33:42,44.007062,39.201534,225.06
2026-10-05 10:33:43,44.006932,39.201674,224.81
2026-10-05 10:33:44,44.006803,39.201818,224.55
2026-10-05 10:33:45,44.006676,39.201964,224.3
2026-10-05 10:33:46,44.00655,39.202114,224.06
2026-10-05 10:33:48,44.006426,39.202267,223.82
2026-10-05 10:33:49,44.006304,39.202423,223.59
2026-10-05 10:33:50,44.006183,39.202583,223.37
2026-10-05 10:33:51,44.006063,39.202746,223.16
2026-10-05 10:33:53,44.005944,39.202912,222.96
2026-10-05 10:33:54,44.005827,39.203081,222.77
2026-10-05 10:33:55,44.005711,39.203253,222.6
2026-10-05 10:33:56,44.005596,39.203428,222.44
2026-10-05 10:33:58,44.005482,39.203607,222.3
2026-10-05 10:33:59,44.005369,39.203788,222.17
2026-10-05 10:34:00,44.005257,39.203973,222.05
2026-10-05 10:34:01,44.005146,39.20416,221.96
2026-10-05 10:34:02,44.005036,39.20435,221.87
2026-10-05 10:34:04,44.004927,39.204543,221.8
2026-10-05 10:34:05,44.004818,39.204739,221.74
2026-10-05 10:34:06,44.004711,39.204937,221.7
2026-10-05 10:34:08,44.004603,39.205137,221.67
2026-10-05 10:34:09,44.004497,39.20534,221.65
2026-10-05 10:34:10,44.004391,39.205545,221.63
2026-10-05 10:34:12,44.004285,39.205752,221.63
2026-10-05 10:34:13,44.004179,39.205961,221.63
2026-10-05 10:34:14,44.004074,39.206172,221.64
2026-10-05 10:34:15,44.003969,39.206385,221.65
2026-10-05 10:34:17,44.003865,39.206599,221.65
2026-10-05 10:34:18,44.00376,39.206814,221.66
2026-10-05 10:34:20,44.003655,39.207031,221.67
2026-10-05 10:34:21,44.003551,39.207249,221.67
2026-10-05 10:34:23,44.003446,39.207468,221.66
2026-10-05 10:34:24,44.003341,39.207687,221.64
2026-10-05 10:34:25,44.003235,39.207908,221.61
2026-10-05 10:34:26,44.00313,39.208129,221.56
2026-10-05 10:34:27,44.003024,39.20835,221.5
2026-10-05 10:34:29,44.002917,39.208572,221.42
2026-10-05 10:34:30,44.00281,39.208794,221.32
2026-10-05 10:34:32,44.002702,39.209015,221.2
2026-10-05 10:34:33,44.002594,39.209237,221.06
2026-10-05 10:34:34,44.002485,39.209458,220.88
2026-10-05 10:34:36,44.002376,39.209679,220.68
2026-10-05 10:34:38,44.002265,39.2099,220.45
2026-10-05 10:34:40,44.002154,39.210119,220.19
2026-10-05 10:34:41,44.002042,39.210338,219.9
2026-10-05 10:34:42,44.001929,39.210557,219.57
2026-10-05 10:34:44,44.001815,39.210774,219.21
2026-10-05 10:34:46,44.0017,39.21099,218.81
2026-10-05 10:34:47,44.001584,39.211204,218.38
2026-10-05 10:34:48,44.001467,39.211418,217.92
2026-10-05 10:34:49,44.001349,39.21163,217.41
2026-10-05 10:34:51,44.00123,39.211841,216.88
2026-10-05 10:34:52,44.00111,39.21205,216.3
2026-10-05 10:34:54,44.000988,39.212258,215.69
2026-10-05 10:34:55,44.000866,39.212464,215.05
2026-10-05 10:34:57,44.000742,39.212668,214.37
2026-10-05 10:34:58,44.000617,39.212871,213.66
2026-10-05 10:35:00,44.000491,39.213072,212.91
2026-10-05 10:35:01,44.000363,39.21327,212.14
2026-10-05 10:35:02,44.000235,39.213468,211.34
2026-10-05 10:35:04,44.000105,39.213663,210.51
2026-10-05 10:35:05,43.999974,39.213856,209.66
2026-10-05 10:35:06,43.999842,39.214048,208.78
2026-10-05 10:35:08,43.999709,39.214237,207.89
2026-10-05 10:35:09,43.999575,39.214425,206.98
2026-10-05 10:35:11,43.999439,39.214611,206.05
2026-10-05 10:35:12,43.999303,39.214794,205.11
2026-10-05 10:35:14,43.999165,39.214976,204.15
2026-10-05 10:35:15,43.999026,39.215157,203.19
2026-10-05 10:35:16,43.998887,39.215335,202.23
2026-10-05 10:35:17,43.998746,39.215512,201.27
2026-10-05 10:35:19,43.998604,39.215687,200.3
2026-10-05 10:35:21,43.998461,39.21586,199.34
2026-10-05 10:35:22,43.998318,39.216031,198.39
2026-10-05 10:35:24,43.998173,39.216201,197.45
2026-10-05 10:35:25,43.998028,39.21637,196.52
2026-10-05 10:35:26,43.997882,39.216537,195.61
2026-10-05 10:35:28,43.997735,39.216703,194.72
2026-10-05 10:35:29,43.997588,39.216867,193.84
2026-10-05 10:35:30,43.99744,39.21703,193.0
2026-10-05 10:35:32,43.997291,39.217192,192.18
2026-10-05 10:35:33,43.997141,39.217352,191.38
2026-10-05 10:35:34,43.996992,39.217512,190.62
2026-10-05 10:35:35,43.996841,39.217671,189.89
2026-10-05 10:35:37,43.99669,39.217828,189.2
2026-10-05 10:35:38,43.996539,39.217985,188.54
2026-10-05 10:35:39,43.996388,39.218141,187.93
2026-10-05 10:35:41,43.996236,39.218297,187.35
2026-10-05 10:35:42,43.996084,39.218452,186.81
2026-10-05 10:35:43,43.995931,39.218606,186.31
2026-10-05 10:35:45,43.995779,39.21876,185.86
2026-10-05 10:35:46,43.995626,39.218913,185.45
2026-10-05 10:35:48,43.995473,39.219066,185.08
2026-10-05 10:35:49,43.995321,39.219219,184.75
2026-10-05 10:35:51,43.995168,39.219371,184.47
2026-10-05 10:35:52,43.995015,39.219524,184.23
2026-10-05 10:35:53,43.994863,39.219676,184.03
2026-10-05 10:35:55,43.99471,39.219828,183.87
2026-10-05 10:35:56,43.994558,39.219981,183.75
2026-10-05 10:35:57,43.994406,39.220133,183.67
2026-10-05 10:35:58,43.994254,39.220286,183.62
2026-10-05 10:35:59,43.994102,39.220439,183.61
2026-10-05 10:36:01,43.993951,39.220592,183.64
2026-10-05 10:36:02,43.9938,39.220746,183.69
2026-10-05 10:36:03,43.993649,39.220899,183.78
2026-10-05 10:36:04,43.993498,39.221054,183.89
2026-10-05 10:36:06,43.993348,39.221208,184.03
2026-10-05 10:36:07,43.993199,39.221363,184.19
2026-10-05 10:36:09,43.993049,39.221519,184.37
2026-10-05 10:36:10,43.9929,39.221675,184.57
2026-10-05 10:36:11,43.992752,39.221832,184.78
2026-10-05 10:36:13,43.992604,39.221989,185.0
2026-10-05 10:36:14,43.992456,39.222147,185.23
2026-10-05 10:36:16,43.992309,39.222305,185.47
2026-10-05 10:36:17,43.992163,39.222464,185.71
2026-10-05 10:36:18,43.992017,39.222623,185.95
2026-10-05 10:36:20,43.991871,39.222784,186.19
2026-10-05 10:36:21,43.991726,39.222944,186.43
2026-10-05 10:36:22,43.991581,39.223106,186.65
2026-10-05 10:36:23,43.991437,39.223268,186.87
2026-10-05 10:36:25,43.991293,39.223431,187.07
2026-10-05 10:36:26,43.991149,39.223594,187.26
2026-10-05 10:36:28,43.991007,39.223758,187.44
2026-10-05 10:36:29,43.990864,39.223922,187.59
2026-10-05 10:36:30,43.990722,39.224087,187.72
2026-10-05 10:36:31,43.99058,39.224253,187.83
2026-10-05 10:36:32,43.990439,39.224419,187.92
2026-10-05 10:36:34,43.990298,39.224586,187.98
2026-10-05 10:36:35,43.990158,39.224753,188.01
2026-10-05 10:36:37,43.990018,39.224921,188.02
2026-10-05 10:36:38,43.989878,39.225089,188.0
2026-10-05 10:36:39,43.989739,39.225258,187.95
2026-10-05 10:36:41,43.9896,39.225427,187.87
2026-10-05 10:36:42,43.989461,39.225597,187.76
2026-10-05 10:36:44,43.989323,39.225767,187.62
2026-10-05 10:36:45,43.989185,39.225937,187.45
2026-10-05 10:36:46,43.989047,39.226108,187.25
2026-10-05 10:36:48,43.988909,39.226279,187.02
2026-10-05 10:36:49,43.988772,39.226451,186.76
2026-10-05 10:36:50,43.988635,39.226623,186.48
2026-10-05 10:36:51,43.988498,39.226795,186.17
2026-10-05 10:36:53,43.988361,39.226968,185.84
2026-10-05 10:36:55,43.988225,39.22714,185.48
2026-10-05 10:36:56,43.988089,39.227313,185.1
2026-10-05 10:36:57,43.987953,39.227486,184.7
2026-10-05 10:36:58,43.987817,39.22766,184.29
2026-10-05 10:37:00,43.987681,39.227834,183.85
2026-10-05 10:37:01,43.987546,39.228007,183.4
2026-10-05 10:37:03,43.98741,39.228182,182.94
2026-10-05 10:37:04,43.987275,39.228356,182.47
2026-10-05 10:37:06,43.98714,39.22853,181.99
2026-10-05 10:37:07,43.987005,39.228705,181.5
2026-10-05 10:37:08,43.98687,39.22888,181.01
2026-10-05 10:37:10,43.986735,39.229054,180.51
2026-10-05 10:37:11,43.986601,39.229229,180.02
2026-10-05 10:37:13,43.986466,39.229405,179.53
2026-10-05 10:37:14,43.986332,39.22958,179.04
2026-10-05 10:37:15,43.986198,39.229756,178.55
2026-10-05 10:37:17,43.986063,39.229931,178.08
2026-10-05 10:37:18,43.985929,39.230107,177.61
2026-10-05 10:37:20,43.985796,39.230283,177.15
2026-10-05 10:37:21,43.985662,39.230459,176.71
2026-10-05 10:37:22,43.985528,39.230635,176.28
2026-10-05 10:37:23,43.985395,39.230812,175.86
2026-10-05 10:37:24,43.985262,39.230988,175.46
2026-10-05 10:37:25,43.985129,39.231165,175.08
2026-10-05 10:37:26,43.984996,39.231342,174.71
2026-10-05 10:37:28,43.984863,39.231519,174.36
2026-10-05 10:37:29,43.98473,39.231697,174.03
2026-10-05 10:37:31,43.984598,39.231874,173.72
2026-10-05 10:37:32,43.984466,39.232052,173.42
2026-10-05 10:37:33,43.984334,39.23223,173.15
2026-10-05 10:37:35,43.984202,39.232408,172.89
2026-10-05 10:37:36,43.98407,39.232587,172.65
2026-10-05 10:37:37,43.983939,39.232766,172.42
2026-10-05 10:37:39,43.983808,39.232945,172.21
2026-10-05 10:37:40,43.983677,39.233124,172.02
2026-10-05 10:37:41,43.983546,39.233304,171.83
2026-10-05 10:37:42,43.983415,39.233484,171.66
2026-10-05 10:37:44,43.983285,39.233664,171.5
2026-10-05 10:37:45,43.983154,39.233844,171.34
2026-10-05 10:37:46,43.983024,39.234025,171.19
2026-10-05 10:37:47,43.982894,39.234206,171.05
2026-10-05 10:37:49,43.982765,39.234388,170.91
2026-10-05 10:37:50,43.982635,39.23457,170.77
2026-10-05 10:37:51,43.982506,39.234752,170.62
2026-10-05 10:37:53,43.982376,39.234934,170.47
2026-10-05 10:37:54,43.982247,39.235117,170.31
2026-10-05 10:37:55,43.982118,39.2353,170.14
2026-10-05 10:37:57,43.981989,39.235483,169.96
2026-10-05 10:37:58,43.981861,39.235667,169.77
2026-10-05 10:37:59,43.981732,39.235851,169.55
2026-10-05 10:38:01,43.981603,39.236035,169.32
2026-10-05 10:38:02,43.981474,39.23622,169.07
2026-10-05 10:38:03,43.981346,39.236405,168.79
2026-10-05 10:38:04,43.981217,39.23659,168.48
2026-10-05 10:38:06,43.981088,39.236775,168.15
2026-10-05 10:38:07,43.980959,39.236961,167.78
2026-10-05 10:38:09,43.98083,39.237146,167.38
2026-10-05 10:38:10,43.980701,39.237332,166.95
2026-10-05 10:38:11,43.980572,39.237518,166.48
2026-10-05 10:38:12,43.980442,39.237705,165.98
2026-10-05 10:38:13,43.980313,39.237891,165.43
2026-10-05 10:38:14,43.980183,39.238078,164.84
2026-10-05 10:38:15,43.980052,39.238264,164.22
2026-10-05 10:38:17,43.979921,39.238451,163.55
2026-10-05 10:38:18,43.97979,39.238637,162.84
2026-10-05 10:38:20,43.979659,39.238824,162.08
2026-10-05 10:38:21,43.979527,39.23901,161.29
2026-10-05 10:38:23,43.979394,39.239197,160.45
2026-10-05 10:38:25,43.979261,39.239383,159.56
2026-10-05 10:38:26,43.979128,39.239569,158.64
2026-10-05 10:38:27,43.978994,39.239755,157.68
2026-10-05 10:38:29,43.978859,39.239941,156.67
2026-10-05 10:38:30,43.978723,39.240127,155.63
2026-10-05 10:38:32,43.978587,39.240312,154.55
2026-10-05 10:38:33,43.97845,39.240497,153.43
2026-10-05 10:38:35,43.978313,39.240681,152.28
2026-10-05 10:38:36,43.978174,39.240866,151.1
2026-10-05 10:38:37,43.978035,39.241049,149.88
2026-10-05 10:38:38,43.977895,39.241232,148.64
2026-10-05 10:38:40,43.977754,39.241415,147.38
2026-10-05 10:38:41,43.977612,39.241597,146.09
2026-10-05 10:38:42,43.97747,39.241779,144.78
2026-10-05 10:38:44,43.977326,39.241959,143.45
2026-10-05 10:38:45,43.977181,39.24214,142.11
2026-10-05 10:38:47,43.977036,39.242319,140.76
2026-10-05 10:38:48,43.976889,39.242498,139.4
2026-10-05 10:38:49,43.976742,39.242676,138.03
2026-10-05 10:38:51,43.976594,39.242853,136.66
2026-10-05 10:38:53,43.976444,39.243029,135.3
2026-10-05 10:38:55,43.976294,39.243205,133.93
2026-10-05 10:38:56,43.976143,39.243379,132.58
2026-10-05 10:38:57,43.975991,39.243553,131.23
2026-10-05 10:38:59,43.975838,39.243726,129.9
2026-10-05 10:39:00,43.975684,39.243897,128.58
2026-10-05 10:39:02,43.975529,39.244068,127.29
2026-10-05 10:39:03,43.975374,39.244237,126.01
2026-10-05 10:39:05,43.975217,39.244406,124.76
2026-10-05 10:39:06,43.97506,39.244574,123.53
2026-10-05 10:39:07,43.974902,39.24474,122.34
2026-10-05 10:39:09,43.974744,39.244905,121.17
2026-10-05 10:39:11,43.974584,39.24507,120.04
2026-10-05 10:39:12,43.974424,39.245233,118.94
2026-10-05 10:39:13,43.974264,39.245395,117.88
2026-10-05 10:39:15,43.974103,39.245556,116.86
2026-10-05 10:39:17,43.973941,39.245716,115.88
2026-10-05 10:39:19,43.97378,39.245875,114.93
2026-10-05 10:39:20,43.973617,39.246032,114.03
2026-10-05 10:39:22,43.973455,39.246189,113.17
2026-10-05 10:39:23,43.973292,39.246344,112.36
2026-10-05 10:39:24,43.973129,39.246498,111.58
2026-10-05 10:39:25,43.972967,39.246652,110.85
2026-10-05 10:39:27,43.972804,39.246804,110.16
2026-10-05 10:39:28,43.972641,39.246955,109.51
2026-10-05 10:39:30,43.972478,39.247105,108.9
2026-10-05 10:39:31,43.972315,39.247254,108.33
2026-10-05 10:39:32,43.972153,39.247402,107.8
2026-10-05 10:39:34,43.971991,39.247549,107.31
2026-10-05 10:39:35,43.97183,39.247695,106.85
2026-10-05 10:39:36,43.971669,39.247841,106.43
2026-10-05 10:39:37,43.971509,39.247985,106.04
2026-10-05 10:39:39,43.971349,39.248129,105.69
2026-10-05 10:39:40,43.97119,39.248272,105.36
2026-10-05 10:39:41,43.971032,39.248414,105.06
2026-10-05 10:39:43,43.970874,39.248556,104.78
2026-10-05 10:39:44,43.970718,39.248696,104.53
2026-10-05 10:39:46,43.970563,39.248837,104.3
2026-10-05 10:39:47,43.970409,39.248976,104.09
2026-10-05 10:39:49,43.970256,39.249115,103.89
2026-10-05 10:39:50,43.970104,39.249254,103.71
2026-10-05 10:39:51,43.969953,39.249392,103.53
2026-10-05 10:39:52,43.969804,39.24953,103.37
2026-10-05 10:39:54,43.969656,39.249668,103.21
2026-10-05 10:39:55,43.96951,39.249805,103.06
2026-10-05 10:39:56,43.969365,39.249943,102.91
2026-10-05 10:39:57,43.969222,39.25008,102.76
2026-10-05 10:39:58,43.96908,39.250217,102.6
2026-10-05 10:40:00,43.96894,39.250354,102.44
2026-10-05 10:40:01,43.968801,39.250491,102.28
2026-10-05 10:40:02,43.968664,39.250628,102.11
2026-10-05 10:40:03,43.968529,39.250765,101.93
2026-10-05 10:40:05,43.968396,39.250903,101.74
2026-10-05 10:40:06,43.968264,39.251041,101.53
2026-10-05 10:40:07,43.968134,39.251179,101.32
2026-10-05 10:40:08,43.968006,39.251318,101.09
2026-10-05 10:40:09,43.967879,39.251457,100.84
2026-10-05 10:40:10,43.967755,39.251596,100.58
2026-10-05 10:40:11,43.967631,39.251737,100.31
2026-10-05 10:40:12,43.96751,39.251878,100.01
2026-10-05 10:40:13,43.967391,39.252019,99.71
2026-10-05 10:40:14,43.967273,39.252162,99.39
2026-10-05 10:40:16,43.967156,39.252305,99.05
2026-10-05 10:40:16,43.967042,39.252449,98.7
2026-10-05 10:40:17,43.966928,39.252594,98.33
2026-10-05 10:40:19,43.966817,39.25274,97.96
2026-10-05 10:40:19,43.966707,39.252887,97.57
2026-10-05 10:40:20,43.966598,39.253035,97.17
2026-10-05 10:40:22,43.96649,39.253184,96.76
2026-10-05 10:40:23,43.966384,39.253335,96.35
2026-10-05 10:40:24,43.966279,39.253486,95.93
2026-10-05 10:40:25,43.966176,39.253639,95.5
2026-10-05 10:40:26,43.966073,39.253794,95.07
2026-10-05 10:40:27,43.965971,39.253949,94.65
2026-10-05 10:40:28,43.965871,39.254106,94.22
2026-10-05 10:40:29,43.965771,39.254265,93.8
2026-10-05 10:40:30,43.965672,39.254424,93.38
2026-10-05 10:40:31,43.965573,39.254586,92.97
2026-10-05 10:40:32,43.965476,39.254749,92.58
2026-10-05 10:40:33,43.965378,39.254913,92.19
2026-10-05 10:40:35,43.965281,39.255079,91.82
2026-10-05 10:40:36,43.965185,39.255246,91.47
2026-10-05 10:40:37,43.965088,39.255415,91.13
2026-10-05 10:40:38,43.964992,39.255586,90.81
2026-10-05 10:40:39,43.964896,39.255758,90.52
2026-10-05 10:40:40,43.964799,39.255932,90.25
2026-10-05 10:40:41,43.964703,39.256108,90.01
2026-10-05 10:40:42,43.964606,39.256285,89.79
2026-10-05 10:40:43,43.964509,39.256464,89.6
2026-10-05 10:40:44,43.964411,39.256645,89.44
2026-10-05 10:40:46,43.964312,39.256827,89.31
2026-10-05 10:40:47,43.964213,39.257011,89.22
2026-10-05 10:40:48,43.964114,39.257196,89.15
2026-10-05 10:40:49,43.964013,39.257383,89.12
2026-10-05 10:40:50,43.963911,39.257572,89.12
2026-10-05 10:40:52,43.963809,39.257762,89.16
2026-10-05 10:40:53,43.963705,39.257954,89.22
2026-10-05 10:40:54,43.9636,39.258147,89.33
2026-10-05 10:40:55,43.963493,39.258342,89.46
2026-10-05 10:40:56,43.963386,39.258538,89.62
2026-10-05 10:40:57,43.963277,39.258736,89.82
2026-10-05 10:40:59,43.963166,39.258935,90.05
2026-10-05 10:41:00,43.963054,39.259136,90.3
2026-10-05 10:41:01,43.96294,39.259338,90.58
2026-10-05 10:41:03,43.962824,39.259541,90.89
2026-10-05 10:41:04,43.962707,39.259746,91.22
2026-10-05 10:41:05,43.962588,39.259952,91.58
2026-10-05 10:41:07,43.962467,39.260159,91.95
2026-10-05 10:41:08,43.962344,39.260367,92.34
2026-10-05 10:41:09,43.962219,39.260576,92.75
2026-10-05 10:41:10,43.962092,39.260787,93.16
2026-10-05 10:41:12,43.961963,39.260998,93.59
2026-10-05 10:41:14,43.961832,39.261211,94.03
2026-10-05 10:41:15,43.9617,39.261424,94.47
2026-10-05 10:41:17,43.961565,39.261638,94.91
2026-10-05 10:41:18,43.961428,39.261853,95.35
2026-10-05 10:41:20,43.961289,39.262069,95.79
2026-10-05 10:41:21,43.961148,39.262285,96.22
2026-10-05 10:41:23,43.961005,39.262502,96.64
2026-10-05 10:41:25,43.96086,39.262719,97.05
2026-10-05 10:41:26,43.960713,39.262937,97.44
2026-10-05 10:41:27,43.960564,39.263156,97.81
2026-10-05 10:41:29,43.960413,39.263375,98.17
2026-10-05 10:41:31,43.96026,39.263594,98.5
2026-10-05 10:41:33,43.960105,39.263813,98.8
2026-10-05 10:41:35,43.959948,39.264033,99.08
2026-10-05 10:41:36,43.95979,39.264252,99.32
2026-10-05 10:41:38,43.95963,39.264472,99.53
2026-10-05 10:41:39,43.959468,39.264692,99.71
2026-10-05 10:41:40,43.959304,39.264912,99.85
2026-10-05 10:41:42,43.959139,39.265131,99.95
2026-10-05 10:41:43,43.958973,39.26535,100.02
2026-10-05 10:41:45,43.958805,39.265569,100.04
2026-10-05 10:41:47,43.958635,39.265788,100.02
2026-10-05 10:41:49,43.958465,39.266007,99.96
2026-10-05 10:41:50,43.958293,39.266225,99.86
2026-10-05 10:41:51,43.95812,39.266442,99.71
2026-10-05 10:41:53,43.957946,39.266659,99.52
2026-10-05 10:41:55,43.957771,39.266875,99.29
2026-10-05 10:41:56,43.957595,39.267091,99.01
2026-10-05 10:41:58,43.957418,39.267306,98.7
2026-10-05 10:42:00,43.95724,39.26752,98.34
2026-10-05 10:42:02,43.957062,39.267733,97.94
2026-10-05 10:42:04,43.956883,39.267945,97.5
2026-10-05 10:42:06,43.956704,39.268157,97.02
2026-10-05 10:42:07,43.956524,39.268367,96.51
2026-10-05 10:42:09,43.956344,39.268576,95.96
2026-10-05 10:42:11,43.956164,39.268785,95.38
2026-10-05 10:42:12,43.955984,39.268992,94.76
2026-10-05 10:42:13,43.955804,39.269198,94.12
2026-10-05 10:42:15,43.955624,39.269403,93.46
2026-10-05 10:42:16,43.955444,39.269606,92.77
2026-10-05 10:42:18,43.955264,39.269809,92.06
2026-10-05 10:42:20,43.955085,39.27001,91.33
2026-10-05 10:42:21,43.954905,39.270209,90.58
2026-10-05 10:42:23,43.954727,39.270407,89.83
2026-10-05 10:42:25,43.954549,39.270604,89.06
2026-10-05 10:42:27,43.954372,39.2708,88.28
2026-10-05 10:42:28,43.954195,39.270994,87.51
2026-10-05 10:42:30,43.954019,39.271186,86.73
2026-10-05 10:42:31,43.953844,39.271377,85.95
2026-10-05 10:42:33,43.95367,39.271567,85.17
2026-10-05 10:42:34,43.953497,39.271755,84.41
2026-10-05 10:42:36,43.953325,39.271941,83.65
2026-10-05 10:42:37,43.953154,39.272126,82.9
2026-10-05 10:42:38,43.952984,39.27231,82.17
2026-10-05 10:42:40,43.952816,39.272492,81.46
2026-10-05 10:42:42,43.952648,39.272672,80.76
2026-10-05 10:42:44,43.952483,39.272851,80.09
2026-10-05 10:42:45,43.952318,39.273028,79.44
2026-10-05 10:42:47,43.952155,39.273204,78.82
2026-10-05 10:42:48,43.951993,39.273378,78.22
2026-10-05 10:42:50,43.951833,39.27355,77.65
2026-10-05 10:42:51,43.951674,39.273721,77.11
2026-10-05 10:42:53,43.951516,39.273891,76.6
2026-10-05 10:42:55,43.951361,39.274059,76.11
2026-10-05 10:42:56,43.951206,39.274226,75.67
2026-10-05 10:42:58,43.951054,39.274391,75.25
2026-10-05 10:42:59,43.950903,39.274554,74.86
2026-10-05 10:43:01,43.950753,39.274717,74.51
2026-10-05 10:43:02,43.950605,39.274878,74.19
2026-10-05 10:43:04,43.950459,39.275037,73.9
2026-10-05 10:43:05,43.950314,39.275195,73.65
2026-10-05 10:43:06,43.950171,39.275352,73.42
2026-10-05 10:43:08,43.950029,39.275508,73.22
2026-10-05 10:43:09,43.949889,39.275662,73.05
2026-10-05 10:43:10,43.94975,39.275815,72.91
2026-10-05 10:43:11,43.949613,39.275967,72.79
2026-10-05 10:43:13,43.949478,39.276118,72.7
2026-10-05 10:43:14,43.949343,39.276268,72.63
2026-10-05 10:43:15,43.949211,39.276417,72.58
2026-10-05 10:43:16,43.949079,39.276565,72.55
2026-10-05 10:43:18,43.948949,39.276712,72.53
2026-10-05 10:43:19,43.948821,39.276857,72.53
2026-10-05 10:43:20,43.948694,39.277003,72.55
2026-10-05 10:43:22,43.948567,39.277147,72.57
2026-10-05 10:43:23,43.948443,39.27729,72.6
2026-10-05 10:43:24,43.948319,39.277433,72.64
2026-10-05 10:43:25,43.948196,39.277575,72.68
2026-10-05 10:43:26,43.948075,39.277716,72.73
2026-10-05 10:43:27,43.947954,39.277857,72.77
2026-10-05 10:43:28,43.947835,39.277998,72.82
2026-10-05 10:43:29,43.947716,39.278137,72.86
2026-10-05 10:43:31,43.947598,39.278277,72.89
2026-10-05 10:43:32,43.947482,39.278416,72.92
2026-10-05 10:43:33,43.947365,39.278555,72.93
2026-10-05 10:43:34,43.94725,39.278693,72.94
2026-10-05 10:43:35,43.947135,39.278831,72.93
2026-10-05 10:43:37,43.947021,39.278969,72.91
2026-10-05 10:43:38,43.946907,39.279107,72.88
2026-10-05 10:43:39,43.946794,39.279245,72.83
2026-10-05 10:43:40,43.946682,39.279383,72.76
2026-10-05 10:43:41,43.946569,39.279521,72.68
2026-10-05 10:43:42,43.946457,39.279659,72.58
2026-10-05 10:43:43,43.946346,39.279797,72.46
2026-10-05 10:43:45,43.946234,39.279935,72.33
2026-10-05 10:43:45,43.946123,39.280073,72.18
2026-10-05 10:43:46,43.946012,39.280212,72.01
2026-10-05 10:43:47,43.9459,39.280351,71.83
2026-10-05 10:43:48,43.945789,39.280491,71.63
2026-10-05 10:43:50,43.945678,39.28063,71.41
2026-10-05 10:43:51,43.945567,39.28077,71.18
2026-10-05 10:43:52,43.945455,39.280911,70.94
2026-10-05 10:43:53,43.945344,39.281052,70.69
2026-10-05 10:43:54,43.945232,39.281194,70.43
2026-10-05 10:43:55,43.94512,39.281336,70.16
2026-10-05 10:43:56,43.945007,39.281479,69.88
2026-10-05 10:43:58,43.944895,39.281623,69.61
2026-10-05 10:43:59,43.944782,39.281767,69.32
2026-10-05 10:44:00,43.944668,39.281912,69.04
2026-10-05 10:44:01,43.944554,39.282058,68.77
2026-10-05 10:44:02,43.944439,39.282205,68.49
2026-10-05 10:44:03,43.944324,39.282352,68.23
2026-10-05 10:44:04,43.944209,39.2825,67.97
2026-10-05 10:44:05,43.944092,39.282649,67.72
2026-10-05 10:44:07,43.943976,39.282799,67.49
2026-10-05 10:44:08,43.943858,39.28295,67.28
2026-10-05 10:44:09,43.94374,39.283102,67.08
2026-10-05 10:44:10,43.943621,39.283254,66.91
2026-10-05 10:44:12,43.943502,39.283408,66.75
2026-10-05 10:44:13,43.943381,39.283562,66.63
2026-10-05 10:44:14,43.943261,39.283718,66.53
2026-10-05 10:44:15,43.943139,39.283874,66.46
2026-10-05 10:44:16,43.943016,39.284032,66.42
2026-10-05 10:44:17,43.942893,39.28419,66.42
2026-10-05 10:44:18,43.942769,39.284349,66.44
2026-10-05 10:44:20,43.942645,39.28451,66.51
2026-10-05 10:44:22,43.942519,39.284671,66.61
2026-10-05 10:44:23,43.942393,39.284833,66.75
2026-10-05 10:44:24,43.942266,39.284997,66.93
2026-10-05 10:44:25,43.942138,39.285161,67.15
2026-10-05 10:44:26,43.942009,39.285326,67.4
2026-10-05 10:44:27,43.94188,39.285492,67.7
2026-10-05 10:44:29,43.94175,39.285659,68.04
2026-10-05 10:44:30,43.941619,39.285827,68.42
2026-10-05 10:44:31,43.941487,39.285996,68.84
2026-10-05 10:44:33,43.941355,39.286166,69.29
2026-10-05 10:44:34,43.941222,39.286337,69.79
2026-10-05 10:44:35,43.941088,39.286508,70.32
2026-10-05 10:44:36,43.940954,39.286681,70.88
2026-10-05 10:44:37,43.940818,39.286854,71.48
2026-10-05 10:44:39,43.940683,39.287028,72.12
2026-10-05 10:44:40,43.940546,39.287203,72.78
2026-10-05 10:44:42,43.940409,39.287379,73.48
2026-10-05 10:44:43,43.940271,39.287555,74.19
2026-10-05 10:44:45,43.940133,39.287732,74.94
2026-10-05 10:44:46,43.939994,39.28791,75.7
2026-10-05 10:44:47,43.939855,39.288088,76.49
2026-10-05 10:44:48,43.939715,39.288268,77.29
2026-10-05 10:44:50,43.939574,39.288447,78.1
2026-10-05 10:44:51,43.939433,39.288628,78.93
2026-10-05 10:44:52,43.939292,39.288808,79.76
2026-10-05 10:44:53,43.93915,39.28899,80.59
2026-10-05 10:44:55,43.939007,39.289172,81.43
2026-10-05 10:44:56,43.938865,39.289354,82.27
2026-10-05 10:44:57,43.938722,39.289537,83.1
2026-10-05 10:44:58,43.938578,39.28972,83.92
2026-10-05 10:45:00,43.938434,39.289903,84.74
2026-10-05 10:45:01,43.93829,39.290087,85.54
2026-10-05 10:45:03,43.938146,39.290272,86.32
2026-10-05 10:45:04,43.938001,39.290456,87.08
2026-10-05 10:45:05,43.937856,39.290641,87.82
2026-10-05 10:45:06,43.937711,39.290826,88.53
2026-10-05 10:45:08,43.937566,39.291011,89.22
2026-10-05 10:45:10,43.937421,39.291196,89.88
2026-10-05 10:45:11,43.937275,39.291382,90.5
2026-10-05 10:45:13,43.93713,39.291567,91.09
2026-10-05 10:45:15,43.936984,39.291753,91.64
2026-10-05 10:45:16,43.936838,39.291939,92.16
2026-10-05 10:45:17,43.936692,39.292124,92.63
2026-10-05 10:45:19,43.936546,39.29231,93.07
2026-10-05 10:45:21,43.9364,39.292496,93.46
2026-10-05 10:45:22,43.936254,39.292682,93.8
2026-10-05 10:45:23,43.936108,39.292867,94.11
2026-10-05 10:45:25,43.935962,39.293053,94.37
2026-10-05 10:45:26,43.935816,39.293238,94.58
2026-10-05 10:45:27,43.93567,39.293424,94.75
2026-10-05 10:45:29,43.935524,39.293609,94.88
2026-10-05 10:45:30,43.935378,39.293794,94.96
2026-10-05 10:45:32,43.935232,39.293979,94.99
2026-10-05 10:45:33,43.935087,39.294163,94.99
2026-10-05 10:45:35,43.934941,39.294348,94.94
2026-10-05 10:45:37,43.934796,39.294532,94.85
2026-10-05 10:45:38,43.934651,39.294716,94.72
2026-10-05 10:45:39,43.934505,39.2949,94.55
2026-10-05 10:45:41,43.93436,39.295083,94.35
2026-10-05 10:45:42,43.934216,39.295267,94.11
2026-10-05 10:45:44,43.934071,39.29545,93.84
2026-10-05 10:45:45,43.933926,39.295632,93.54
2026-10-05 10:45:47,43.933782,39.295815,93.21
2026-10-05 10:45:48,43.933638,39.295997,92.86
2026-10-05 10:45:50,43.933494,39.296179,92.48
2026-10-05 10:45:51,43.93335,39.296361,92.08
2026-10-05 10:45:52,43.933206,39.296542,91.66
2026-10-05 10:45:54,43.933063,39.296723,91.22
2026-10-05 10:45:55,43.932919,39.296904,90.77
2026-10-05 10:45:57,43.932776,39.297084,90.31
2026-10-05 10:45:58,43.932633,39.297264,89.84
2026-10-05 10:45:59,43.93249,39.297444,89.36
2026-10-05 10:46:01,43.932347,39.297624,88.88
2026-10-05 10:46:02,43.932205,39.297803,88.4
2026-10-05 10:46:04,43.932063,39.297982,87.91
2026-10-05 10:46:05,43.93192,39.298161,87.43
2026-10-05 10:46:07,43.931778,39.29834,86.96
2026-10-05 10:46:08,43.931636,39.298518,86.49
2026-10-05 10:46:09,43.931495,39.298696,86.02
2026-10-05 10:46:10,43.931353,39.298874,85.57
2026-10-05 10:46:12,43.931211,39.299052,85.13
2026-10-05 10:46:13,43.93107,39.299229,84.7
2026-10-05 10:46:15,43.930929,39.299407,84.29
2026-10-05 10:46:16,43.930788,39.299584,83.89
2026-10-05 10:46:18,43.930647,39.299761,83.51
2026-10-05 10:46:19,43.930506,39.299937,83.14
2026-10-05 10:46:21,43.930365,39.300114,82.79
2026-10-05 10:46:22,43.930224,39.30029,82.45
2026-10-05 10:46:23,43.930083,39.300467,82.13
2026-10-05 10:46:25,43.929943,39.300643,81.83
2026-10-05 10:46:27,43.929802,39.300819,81.55
2026-10-05 10:46:28,43.929662,39.300995,81.28
2026-10-05 10:46:29,43.929521,39.301171,81.02
2026-10-05 10:46:30,43.929381,39.301346,80.78
2026-10-05 10:46:32,43.929241,39.301522,80.55
2026-10-05 10:46:33,43.9291,39.301697,80.34
2026-10-05 10:46:35,43.92896,39.301873,80.13
2026-10-05 10:46:36,43.92882,39.302048,79.94
2026-10-05 10:46:38,43.928679,39.302223,79.75
2026-10-05 10:46:39,43.928539,39.302398,79.57
2026-10-05 10:46:41,43.928399,39.302574,79.39
2026-10-05 10:46:43,43.928259,39.302749,79.21
2026-10-05 10:46:44,43.928119,39.302924,79.04
2026-10-05 10:46:46,43.927978,39.303098,78.86
2026-10-05 10:46:47,43.927838,39.303273,78.68
2026-10-05 10:46:49,43.927698,39.303448,78.49
2026-10-05 10:46:50,43.927558,39.303623,78.3
2026-10-05 10:46:52,43.927417,39.303797,78.09
2026-10-05 10:46:53,43.927277,39.303972,77.87
2026-10-05 10:46:54,43.927137,39.304146,77.64
2026-10-05 10:46:56,43.926997,39.30432,77.39
2026-10-05 10:46:57,43.926856,39.304494,77.13
2026-10-05 10:46:58,43.926716,39.304669,76.84
2026-10-05 10:47:00,43.926576,39.304842,76.54
2026-10-05 10:47:01,43.926435,39.305016,76.21
2026-10-05 10:47:03,43.926295,39.30519,75.85
2026-10-05 10:47:04,43.926155,39.305363,75.47
2026-10-05 10:47:05,43.926015,39.305537,75.07
2026-10-05 10:47:06,43.925874,39.30571,74.63
2026-10-05 10:47:07,43.925734,39.305883,74.17
2026-10-05 10:47:09,43.925594,39.306055,73.67
2026-10-05 10:47:10,43.925453,39.306228,73.15
2026-10-05 10:47:12,43.925313,39.3064,72.6
2026-10-05 10:47:13,43.925173,39.306572,72.01
2026-10-05 10:47:14,43.925033,39.306743,71.4
2026-10-05 10:47:16,43.924893,39.306915,70.75
2026-10-05 10:47:17,43.924753,39.307086,70.08
2026-10-05 10:47:18,43.924613,39.307256,69.37
2026-10-05 10:47:20,43.924473,39.307426,68.64
2026-10-05 10:47:21,43.924333,39.307596,67.88
2026-10-05 10:47:22,43.924193,39.307766,67.09
2026-10-05 10:47:23,43.924054,39.307935,66.29
2026-10-05 10:47:25,43.923914,39.308104,65.45
2026-10-05 10:47:26,43.923775,39.308272,64.6
2026-10-05 10:47:27,43.923636,39.30844,63.73
2026-10-05 10:47:29,43.923497,39.308607,62.84
2026-10-05 10:47:30,43.923358,39.308774,61.93
2026-10-05 10:47:31,43.923219,39.30894,61.01
2026-10-05 10:47:33,43.923081,39.309106,60.09
2026-10-05 10:47:34,43.922942,39.309271,59.15
2026-10-05 10:47:35,43.922804,39.309436,58.21
2026-10-05 10:47:37,43.922666,39.309601,57.27
2026-10-05 10:47:38,43.922528,39.309764,56.33
2026-10-05 10:47:39,43.922391,39.309927,55.39
2026-10-05 10:47:40,43.922254,39.31009,54.46
2026-10-05 10:47:42,43.922117,39.310252,53.53
2026-10-05 10:47:43,43.92198,39.310414,52.62
2026-10-05 10:47:45,43.921844,39.310575,51.73
2026-10-05 10:47:46,43.921708,39.310735,50.85
2026-10-05 10:47:47,43.921572,39.310895,49.99
2026-10-05 10:47:48,43.921436,39.311055,49.15
2026-10-05 10:47:49,43.921301,39.311213,48.34
2026-10-05 10:47:50,43.921166,39.311372,47.56
2026-10-05 10:47:52,43.921032,39.31153,46.8
2026-10-05 10:47:53,43.920898,39.311687,46.08
2026-10-05 10:47:54,43.920764,39.311844,45.39
2026-10-05 10:47:56,43.92063,39.312001,44.74
2026-10-05 10:47:57,43.920497,39.312157,44.12
2026-10-05 10:47:58,43.920365,39.312313,43.54
2026-10-05 10:48:00,43.920233,39.312468,43.01
2026-10-05 10:48:01,43.920101,39.312623,42.51
2026-10-05 10:48:02,43.919969,39.312778,42.05
2026-10-05 10:48:04,43.919838,39.312933,41.64
2026-10-05 10:48:05,43.919707,39.313087,41.27
2026-10-05 10:48:06,43.919577,39.313241,40.95
2026-10-05 10:48:07,43.919447,39.313395,40.67
2026-10-05 10:48:08,43.919318,39.313549,40.43
2026-10-05 10:48:10,43.919189,39.313703,40.23
2026-10-05 10:48:11,43.91906,39.313858,40.07
2026-10-05 10:48:12,43.918932,39.314012,39.96
2026-10-05 10:48:13,43.918804,39.314166,39.89
2026-10-05 10:48:15,43.918677,39.31432,39.85
2026-10-05 10:48:16,43.918549,39.314475,39.85
2026-10-05 10:48:17,43.918423,39.31463,39.89
2026-10-05 10:48:18,43.918296,39.314785,39.96
2026-10-05 10:48:18,43.918171,39.31494,40.06
2026-10-05 10:48:20,43.918045,39.315097,40.19
2026-10-05 10:48:22,43.91792,39.315253,40.35
2026-10-05 10:48:23,43.917795,39.31541,40.53
2026-10-05 10:48:24,43.91767,39.315568,40.73
2026-10-05 10:48:25,43.917546,39.315727,40.96
2026-10-05 10:48:26,43.917422,39.315886,41.2
2026-10-05 10:48:27,43.917298,39.316046,41.45
2026-10-05 10:48:29,43.917175,39.316207,41.71
2026-10-05 10:48:30,43.917052,39.316369,41.98
2026-10-05 10:48:32,43.916929,39.316532,42.26
2026-10-05 10:48:33,43.916806,39.316696,42.54
2026-10-05 10:48:34,43.916684,39.316861,42.82
2026-10-05 10:48:35,43.916561,39.317027,43.09
2026-10-05 10:48:36,43.916439,39.317194,43.36
2026-10-05 10:48:37,43.916317,39.317363,43.62
2026-10-05 10:48:38,43.916195,39.317533,43.86
2026-10-05 10:48:40,43.916074,39.317704,44.09
2026-10-05 10:48:41,43.915952,39.317877,44.31
2026-10-05 10:48:43,43.91583,39.318051,44.5
2026-10-05 10:48:44,43.915708,39.318227,44.68
2026-10-05 10:48:46,43.915586,39.318404,44.83
2026-10-05 10:48:47,43.915465,39.318582,44.95
2026-10-05 10:48:48,43.915343,39.318762,45.04
2026-10-05 10:48:49,43.915221,39.318944,45.11
2026-10-05 10:48:50,43.915099,39.319128,45.15
2026-10-05 10:48:52,43.914976,39.319312,45.15
2026-10-05 10:48:53,43.914854,39.319499,45.12
2026-10-05 10:48:54,43.914731,39.319687,45.06
2026-10-05 10:48:56,43.914608,39.319877,44.97
2026-10-05 10:48:58,43.914485,39.320068,44.84
2026-10-05 10:48:59,43.914362,39.320261,44.67
2026-10-05 10:49:00,43.914238,39.320456,44.47
2026-10-05 10:49:01,43.914113,39.320652,44.24
2026-10-05 10:49:03,43.913989,39.32085,43.97
2026-10-05 10:49:04,43.913864,39.321049,43.67
2026-10-05 10:49:06,43.913738,39.32125,43.33
2026-10-05 10:49:07,43.913612,39.321452,42.97
2026-10-05 10:49:08,43.913485,39.321656,42.57
2026-10-05 10:49:09,43.913358,39.321861,42.15
2026-10-05 10:49:11,43.91323,39.322067,41.69
2026-10-05 10:49:12,43.913102,39.322274,41.22
2026-10-05 10:49:13,43.912973,39.322483,40.71
2026-10-05 10:49:15,43.912843,39.322693,40.19
2026-10-05 10:49:16,43.912713,39.322903,39.64
2026-10-05 10:49:18,43.912582,39.323115,39.07
2026-10-05 10:49:19,43.91245,39.323328,38.49
2026-10-05 10:49:21,43.912317,39.323541,37.9
2026-10-05 10:49:22,43.912184,39.323755,37.29
2026-10-05 10:49:23,43.912049,39.32397,36.67
2026-10-05 10:49:24,43.911914,39.324185,36.04
2026-10-05 10:49:26,43.911778,39.3244,35.41
2026-10-05 10:49:28,43.911641,39.324616,34.77
2026-10-05 10:49:29,43.911504,39.324832,34.14
2026-10-05 10:49:30,43.911365,39.325048,33.5
2026-10-05 10:49:31,43.911225,39.325264,32.87
2026-10-05 10:49:33,43.911085,39.32548,32.24
2026-10-05 10:49:35,43.910943,39.325696,31.62
2026-10-05 10:49:37,43.9108,39.325911,31.0
2026-10-05 10:49:38,43.910657,39.326126,30.4
2026-10-05 10:49:40,43.910512,39.32634,29.81
2026-10-05 10:49:42,43.910367,39.326553,29.23
2026-10-05 10:49:43,43.91022,39.326766,28.66
2026-10-05 10:49:45,43.910073,39.326978,28.11
2026-10-05 10:49:47,43.909924,39.327188,27.57
2026-10-05 10:49:48,43.909775,39.327397,27.05
2026-10-05 10:49:49,43.909624,39.327605,26.55
2026-10-05 10:49:51,43.909473,39.327812,26.06
2026-10-05 10:49:52,43.90932,39.328017,25.59
2026-10-05 10:49:53,43.909167,39.328221,25.14
2026-10-05 10:49:55,43.909013,39.328422,24.7
2026-10-05 10:49:57,43.908857,39.328622,24.28
2026-10-05 10:49:59,43.908701,39.32882,23.87
2026-10-05 10:50:00,43.908544,39.329016,23.49
2026-10-05 10:50:02,43.908386,39.32921,23.11
2026-10-05 10:50:03,43.908227,39.329401,22.75
2026-10-05 10:50:05,43.908067,39.329591,22.39
2026-10-05 10:50:06,43.907906,39.329778,22.05
2026-10-05 10:50:08,43.907745,39.329962,21.72
2026-10-05 10:50:10,43.907583,39.330144,21.39
2026-10-05 10:50:11,43.90742,39.330324,21.07
2026-10-05 10:50:12,43.907256,39.330501,20.74
2026-10-05 10:50:13,43.907092,39.330675,20.43
2026-10-05 10:50:15,43.906927,39.330847,20.1
2026-10-05 10:50:16,43.906761,39.331016,19.78
2026-10-05 10:50:18,43.906595,39.331182,19.45
2026-10-05 10:50:20,43.906428,39.331346,19.11
2026-10-05 10:50:21,43.906261,39.331507,18.76
2026-10-05 10:50:23,43.906097,39.33167,18.63
2026-10-05 10:50:24,43.905937,39.331836,18.75
2026-10-05 10:50:26,43.905776,39.331999,18.86
2026-10-05 10:50:27,43.905615,39.33216,18.95
2026-10-05 10:50:28,43.905454,39.332318,19.02
2026-10-05 10:50:30,43.905292,39.332474,19.06
2026-10-05 10:50:31,43.905131,39.332627,19.08
2026-10-05 10:50:33,43.904969,39.332777,19.07
2026-10-05 10:50:34,43.904807,39.332925,19.03
2026-10-05 10:50:35,43.904646,39.333071,18.97
2026-10-05 10:50:37,43.904484,39.333215,18.87
2026-10-05 10:50:38,43.904323,39.333356,18.73
2026-10-05 10:50:40,43.904161,39.333496,18.56
2026-10-05 10:50:41,43.904,39.333633,18.36
2026-10-05 10:50:43,43.90384,39.333769,18.12
2026-10-05 10:50:44,43.903679,39.333902,17.84
2026-10-05 10:50:45,43.903519,39.334034,17.53
2026-10-05 10:50:47,43.90336,39.334165,17.18
2026-10-05 10:50:48,43.903201,39.334294,16.79
2026-10-05 10:50:49,43.903042,39.334422,16.37
2026-10-05 10:50:50,43.902884,39.334549,15.91
2026-10-05 10:50:51,43.902727,39.334675,15.41
2026-10-05 10:50:53,43.902571,39.3348,14.88
2026-10-05 10:50:54,43.902415,39.334924,14.31
2026-10-05 10:50:55,43.902261,39.335048,13.72
2026-10-05 10:50:57,43.902107,39.335171,13.09
2026-10-05 10:50:58,43.901954,39.335294,12.43
2026-10-05 10:50:59,43.901802,39.335417,11.75
2026-10-05 10:51:00,43.901651,39.335541,11.04
2026-10-05 10:51:01,43.901501,39.335664,10.31
2026-10-05 10:51:02,43.901352,39.335788,9.56
2026-10-05 10:51:03,43.901205,39.335912,8.79
2026-10-05 10:51:04,43.901058,39.336037,8.0
2026-10-05 10:51:06,43.900913,39.336163,7.2
2026-10-05 10:51:06,43.900769,39.33629,6.4
2026-10-05 10:51:08,43.900627,39.336418,5.58
2026-10-05 10:51:09,43.900486,39.336548,5.0
2026-10-05 10:51:11,43.900346,39.336678,5.0
2026-10-05 10:51:12,43.900207,39.336811,5.0
2026-10-05 10:51:13,43.90007,39.336945,5.0
2026-10-05 10:51:15,43.899935,39.337081,5.0
2026-10-05 10:51:16,43.8998,39.337219,5.0
2026-10-05 10:51:17,43.899668,39.337359,5.0
2026-10-05 10:51:19,43.899536,39.337501,5.0
2026-10-05 10:51:20,43.899407,39.337646,5.0
2026-10-05 10:51:21,43.899278,39.337793,5.0
2026-10-05 10:51:22,43.899151,39.337943,5.0
2026-10-05 10:51:24,43.899026,39.338095,5.0
2026-10-05 10:51:25,43.898902,39.33825,5.0
2026-10-05 10:51:26,43.89878,39.338407,5.0
2026-10-05 10:51:27,43.898659,39.338568,5.0
2026-10-05 10:51:29,43.89854,39.338731,5.0
2026-10-05 10:51:30,43.898422,39.338897,5.0
2026-10-05 10:51:32,43.898305,39.339066,5.0
2026-10-05 10:51:33,43.89819,39.339238,5.0
2026-10-05 10:51:34,43.898076,39.339414,5.0
2026-10-05 10:51:35,43.897964,39.339592,5.0
2026-10-05 10:51:36,43.897852,39.339773,5.0
2026-10-05 10:51:37,43.897743,39.339957,5.0
2026-10-05 10:51:38,43.897634,39.340145,5.0
2026-10-05 10:51:40,43.897526,39.340335,5.0
2026-10-05 10:51:41,43.89742,39.340528,5.0
2026-10-05 10:51:42,43.897315,39.340724,5.0
2026-10-05 10:51:43,43.897211,39.340923,5.0
2026-10-05 10:51:45,43.897108,39.341125,5.0
2026-10-05 10:51:46,43.897006,39.34133,5.0
2026-10-05 10:51:47,43.896905,39.341537,5.0
2026-10-05 10:51:49,43.896805,39.341747,5.0
2026-10-05 10:51:50,43.896705,39.34196,5.0
2026-10-05 10:51:51,43.896606,39.342175,5.0
2026-10-05 10:51:52,43.896508,39.342392,5.0
2026-10-05 10:51:53,43.896411,39.342612,5.0
2026-10-05 10:51:55,43.896314,39.342834,5.0
2026-10-05 10:51:56,43.896218,39.343058,5.0
2026-10-05 10:51:57,43.896122,39.343283,5.0
2026-10-05 10:51:58,43.896026,39.343511,5.0
2026-10-05 10:52:00,43.895931,39.34374,5.0
2026-10-05 10:52:01,43.895835,39.343971,5.0
2026-10-05 10:52:02,43.89574,39.344203,5.0
2026-10-05 10:52:04,43.895646,39.344436,5.0
2026-10-05 10:52:05,43.895551,39.344671,5.0
2026-10-05 10:52:06,43.895456,39.344906,5.0
2026-10-05 10:52:08,43.89536,39.345142,5.0
2026-10-05 10:52:09,43.895265,39.345379,5.0
2026-10-05 10:52:10,43.89517,39.345617,5.0
2026-10-05 10:52:12,43.895074,39.345855,5.0
2026-10-05 10:52:13,43.894977,39.346093,5.0
2026-10-05 10:52:15,43.89488,39.346331,5.0
2026-10-05 10:52:16,43.894783,39.346569,5.0
2026-10-05 10:52:18,43.894685,39.346807,5.0
2026-10-05 10:52:19,43.894586,39.347045,5.0
2026-10-05 10:52:21,43.894487,39.347282,5.0
2026-10-05 10:52:22,43.894386,39.347519,5.0
2026-10-05 10:52:24,43.894285,39.347754,5.0
2026-10-05 10:52:25,43.894183,39.347989,5.17
2026-10-05 10:52:26,43.89408,39.348223,5.67
2026-10-05 10:52:27,43.893976,39.348456,6.15
2026-10-05 10:52:29,43.893871,39.348688,6.61
2026-10-05 10:52:30,43.893765,39.348918,7.05
2026-10-05 10:52:31,43.893657,39.349147,7.48
2026-10-05 10:52:33,43.893549,39.349374,7.88
2026-10-05 10:52:34,43.893439,39.349599,8.27
2026-10-05 10:52:35,43.893328,39.349823,8.64
2026-10-05 10:52:36,43.893216,39.350045,8.99
2026-10-05 10:52:38,43.893102,39.350265,9.32
2026-10-05 10:52:40,43.892987,39.350483,9.64
2026-10-05 10:52:42,43.89287,39.350699,9.95
2026-10-05 10:52:43,43.892752,39.350913,10.24
2026-10-05 10:52:44,43.892633,39.351125,10.51
2026-10-05 10:52:45,43.892512,39.351335,10.78
2026-10-05 10:52:47,43.89239,39.351542,11.03
2026-10-05 10:52:48,43.892267,39.351747,11.28
2026-10-05 10:52:50,43.892142,39.35195,11.52
2026-10-05 10:52:51,43.892015,39.35215,11.76
2026-10-05 10:52:53,43.891888,39.352349,11.99
2026-10-05 10:52:55,43.891758,39.352544,12.23
2026-10-05 10:52:56,43.891628,39.352738,12.46
2026-10-05 10:52:57,43.891496,39.352929,12.7
2026-10-05 10:52:58,43.891362,39.353118,12.94
2026-10-05 10:53:00,43.891228,39.353305,13.2
2026-10-05 10:53:01,43.891092,39.353489,13.46
2026-10-05 10:53:02,43.890954,39.353672,13.73
2026-10-05 10:53:03,43.890816,39.353852,14.02
2026-10-05 10:53:05,43.890676,39.35403,14.32
2026-10-05 10:53:06,43.890535,39.354206,14.64
2026-10-05 10:53:07,43.890393,39.35438,14.97
2026-10-05 10:53:09,43.89025,39.354552,15.33
2026-10-05 10:53:11,43.890105,39.354722,15.71
2026-10-05 10:53:12,43.88996,39.35489,16.11
2026-10-05 10:53:13,43.889814,39.355057,16.54
2026-10-05 10:53:14,43.889667,39.355222,16.99
2026-10-05 10:53:16,43.889519,39.355385,17.47
2026-10-05 10:53:17,43.88937,39.355547,17.98
2026-10-05 10:53:19,43.88922,39.355707,18.51
2026-10-05 10:53:20,43.88907,39.355867,19.07
2026-10-05 10:53:22,43.888919,39.356025,19.66
2026-10-05 10:53:23,43.888768,39.356181,20.28
2026-10-05 10:53:24,43.888616,39.356337,20.92
2026-10-05 10:53:26,43.888464,39.356492,21.59
2026-10-05 10:53:27,43.888311,39.356646,22.29
2026-10-05 10:53:29,43.888158,39.356799,23.02
2026-10-05 10:53:30,43.888004,39.356952,23.76
2026-10-05 10:53:32,43.887851,39.357104,24.53
2026-10-05 10:53:33,43.887697,39.357256,25.33
2026-10-05 10:53:34,43.887544,39.357407,26.14
2026-10-05 10:53:36,43.88739,39.357558,26.97
2026-10-05 10:53:37,43.887236,39.357709,27.82
2026-10-05 10:53:39,43.887083,39.35786,28.69
2026-10-05 10:53:40,43.886929,39.358011,29.56
2026-10-05 10:53:41,43.886776,39.358161,30.45
2026-10-05 10:53:42,43.886623,39.358312,31.34
2026-10-05 10:53:44,43.88647,39.358464,32.24
2026-10-05 10:53:45,43.886318,39.358615,33.14
2026-10-05 10:53:47,43.886166,39.358767,34.05
2026-10-05 10:53:48,43.886015,39.35892,34.95
2026-10-05 10:53:50,43.885864,39.359073,35.84
2026-10-05 10:53:51,43.885714,39.359227,36.73
2026-10-05 10:53:52,43.885564,39.359381,37.61
2026-10-05 10:53:54,43.885415,39.359536,38.47
2026-10-05 10:53:55,43.885266,39.359692,39.32
2026-10-05 10:53:56,43.885119,39.359849,40.15
2026-10-05 10:53:57,43.884972,39.360007,40.95
2026-10-05 10:53:59,43.884825,39.360166,41.74
2026-10-05 10:54:01,43.88468,39.360325,42.49
2026-10-05 10:54:02,43.884535,39.360486,43.22
2026-10-05 10:54:03,43.884392,39.360648,43.92
2026-10-05 10:54:04,43.884249,39.36081,44.59
2026-10-05 10:54:06,43.884106,39.360974,45.22
2026-10-05 10:54:07,43.883965,39.361139,45.81
2026-10-05 10:54:09,43.883825,39.361305,46.37
2026-10-05 10:54:10,43.883685,39.361473,46.89
2026-10-05 10:54:11,43.883547,39.361641,47.37
2026-10-05 10:54:12,43.883409,39.361811,47.8
2026-10-05 10:54:14,43.883272,39.361981,48.2
2026-10-05 10:54:15,43.883136,39.362153,48.55
2026-10-05 10:54:17,43.883001,39.362326,48.86
2026-10-05 10:54:18,43.882867,39.362501,49.13
2026-10-05 10:54:20,43.882733,39.362676,49.36
2026-10-05 10:54:21,43.8826,39.362852,49.54
2026-10-05 10:54:22,43.882469,39.36303,49.68
2026-10-05 10:54:23,43.882338,39.363208,49.78
2026-10-05 10:54:24,43.882207,39.363388,49.84
2026-10-05 10:54:26,43.882078,39.363569,49.86
2026-10-05 10:54:27,43.881949,39.36375,49.85
2026-10-05 10:54:29,43.881821,39.363933,49.8
2026-10-05 10:54:30,43.881694,39.364116,49.71
2026-10-05 10:54:31,43.881567,39.364301,49.6
2026-10-05 10:54:33,43.881441,39.364486,49.45
2026-10-05 10:54:34,43.881315,39.364672,49.28
2026-10-05 10:54:36,43.88119,39.364859,49.08
2026-10-05 10:54:37,43.881066,39.365047,48.86
2026-10-05 10:54:38,43.880941,39.365235,48.62
2026-10-05 10:54:40,43.880818,39.365424,48.36
2026-10-05 10:54:41,43.880695,39.365614,48.08
2026-10-05 10:54:42,43.880572,39.365804,47.8
2026-10-05 10:54:43,43.88045,39.365994,47.51
2026-10-05 10:54:45,43.880327,39.366186,47.21
2026-10-05 10:54:46,43.880206,39.366377,46.91
2026-10-05 10:54:48,43.880084,39.366569,46.61
2026-10-05 10:54:49,43.879963,39.366762,46.31
2026-10-05 10:54:51,43.879841,39.366955,46.02
2026-10-05 10:54:53,43.87972,39.367148,45.74
2026-10-05 10:54:54,43.879599,39.367341,45.47
2026-10-05 10:54:55,43.879479,39.367535,45.22
2026-10-05 10:54:57,43.879358,39.367728,44.98
2026-10-05 10:54:58,43.879237,39.367922,44.77
2026-10-05 10:55:00,43.879116,39.368116,44.57
2026-10-05 10:55:01,43.878996,39.36831,44.4
2026-10-05 10:55:02,43.878875,39.368504,44.26
2026-10-05 10:55:04,43.878754,39.368699,44.14
2026-10-05 10:55:06,43.878633,39.368893,44.06
2026-10-05 10:55:07,43.878512,39.369087,44.0
2026-10-05 10:55:09,43.87839,39.369281,43.98
2026-10-05 10:55:11,43.878269,39.369475,44.0
2026-10-05 10:55:12,43.878147,39.369669,44.04
2026-10-05 10:55:13,43.878026,39.369862,44.13
2026-10-05 10:55:15,43.877904,39.370056,44.25
2026-10-05 10:55:16,43.877781,39.370249,44.41
2026-10-05 10:55:17,43.877659,39.370442,44.6
2026-10-05 10:55:18,43.877536,39.370635,44.84
2026-10-05 10:55:20,43.877413,39.370828,45.11
2026-10-05 10:55:21,43.87729,39.371021,45.41
2026-10-05 10:55:22,43.877167,39.371213,45.75
2026-10-05 10:55:24,43.877043,39.371405,46.13
2026-10-05 10:55:25,43.876919,39.371597,46.54
2026-10-05 10:55:26,43.876795,39.371788,46.98
2026-10-05 10:55:27,43.87667,39.37198,47.45
2026-10-05 10:55:28,43.876546,39.372171,47.95
2026-10-05 10:55:30,43.876421,39.372362,48.48
2026-10-05 10:55:31,43.876295,39.372552,49.04
2026-10-05 10:55:33,43.87617,39.372742,49.62
2026-10-05 10:55:34,43.876044,39.372932,50.22
2026-10-05 10:55:36,43.875918,39.373122,50.84
2026-10-05 10:55:37,43.875792,39.373312,51.48
2026-10-05 10:55:38,43.875665,39.373501,52.14
2026-10-05 10:55:40,43.875538,39.37369,52.81
2026-10-05 10:55:41,43.875411,39.373879,53.49
2026-10-05 10:55:42,43.875284,39.374068,54.18
2026-10-05 10:55:44,43.875157,39.374256,54.88
2026-10-05 10:55:45,43.875029,39.374444,55.58
2026-10-05 10:55:46,43.874901,39.374632,56.28
2026-10-05 10:55:47,43.874773,39.37482,56.98
2026-10-05 10:55:49,43.874645,39.375008,57.68
2026-10-05 10:55:50,43.874516,39.375195,58.38
2026-10-05 10:55:52,43.874388,39.375383,59.07
2026-10-05 10:55:53,43.874259,39.37557,59.76
2026-10-05 10:55:54,43.87413,39.375757,60.43
2026-10-05 10:55:55,43.874001,39.375944,61.09
2026-10-05 10:55:56,43.873872,39.376131,61.74
2026-10-05 10:55:58,43.873743,39.376317,62.38
2026-10-05 10:56:00,43.873613,39.376504,63.0
2026-10-05 10:56:01,43.873484,39.37669,63.61
2026-10-05 10:56:03,43.873354,39.376877,64.2
2026-10-05 10:56:04,43.873224,39.377063,64.78
2026-10-05 10:56:05,43.873094,39.377249,65.33
2026-10-05 10:56:06,43.872964,39.377435,65.87
2026-10-05 10:56:08,43.872833,39.377621,66.4
2026-10-05 10:56:09,43.872703,39.377807,66.9
2026-10-05 10:56:11,43.872572,39.377993,67.39
2026-10-05 10:56:12,43.872442,39.378178,67.86
2026-10-05 10:56:14,43.872311,39.378364,68.32
2026-10-05 10:56:16,43.87218,39.37855,68.76
2026-10-05 10:56:17,43.872049,39.378735,69.19
2026-10-05 10:56:19,43.871918,39.378921,69.61
2026-10-05 10:56:20,43.871786,39.379106,70.02
2026-10-05 10:56:22,43.871655,39.379291,70.42
2026-10-05 10:56:23,43.871523,39.379476,70.81
2026-10-05 10:56:25,43.871391,39.379662,71.19
2026-10-05 10:56:26,43.871259,39.379847,71.57
2026-10-05 10:56:27,43.871127,39.380032,71.95
2026-10-05 10:56:29,43.870994,39.380216,72.33
2026-10-05 10:56:30,43.870861,39.380401,72.71
2026-10-05 10:56:32,43.870729,39.380586,73.09
2026-10-05 10:56:33,43.870595,39.38077,73.48
2026-10-05 10:56:34,43.870462,39.380954,73.88
2026-10-05 10:56:36,43.870329,39.381139,74.3
2026-10-05 10:56:37,43.870195,39.381323,74.72
2026-10-05 10:56:38,43.870061,39.381506,75.16
2026-10-05 10:56:39,43.869927,39.38169,75.62
2026-10-05 10:56:41,43.869792,39.381873,76.09
2026-10-05 10:56:43,43.869658,39.382057,76.59
2026-10-05 10:56:44,43.869523,39.38224,77.11
2026-10-05 10:56:46,43.869387,39.382423,77.65
2026-10-05 10:56:47,43.869252,39.382605,78.23
2026-10-05 10:56:48,43.869116,39.382787,78.83
2026-10-05 10:56:50,43.86898,39.382969,79.46
2026-10-05 10:56:51,43.868844,39.383151,80.12
2026-10-05 10:56:52,43.868708,39.383333,80.81
2026-10-05 10:56:54,43.868571,39.383514,81.53
2026-10-05 10:56:55,43.868434,39.383695,82.29
2026-10-05 10:56:57,43.868297,39.383875,83.08
2026-10-05 10:56:58,43.868159,39.384055,83.9
2026-10-05 10:57:00,43.868022,39.384235,84.76
2026-10-05 10:57:01,43.867884,39.384415,85.65
2026-10-05 10:57:02,43.867746,39.384594,86.58
2026-10-05 10:57:04,43.867608,39.384773,87.54
2026-10-05 10:57:05,43.867469,39.384951,88.53
2026-10-05 10:57:06,43.867331,39.385129,89.55
2026-10-05 10:57:07,43.867192,39.385306,90.6
2026-10-05 10:57:09,43.867054,39.385484,91.68
2026-10-05 10:57:10,43.866915,39.38566,92.79
2026-10-05 10:57:11,43.866776,39.385837,93.92
2026-10-05 10:57:13,43.866637,39.386013,95.08
2026-10-05 10:57:14,43.866498,39.386188,96.26
2026-10-05 10:57:15,43.866359,39.386363,97.46
2026-10-05 10:57:17,43.86622,39.386538,98.67
2026-10-05 10:57:18,43.866081,39.386712,99.9
2026-10-05 10:57:20,43.865943,39.386886,101.14
2026-10-05 10:57:21,43.865804,39.38706,102.39
2026-10-05 10:57:22,43.865665,39.387233,103.64
2026-10-05 10:57:23,43.865527,39.387405,104.9
2026-10-05 10:57:24,43.865389,39.387578,106.15
2026-10-05 10:57:26,43.865251,39.387749,107.41
2026-10-05 10:57:27,43.865113,39.387921,108.66
2026-10-05 10:57:29,43.864976,39.388092,109.9
2026-10-05 10:57:31,43.864839,39.388263,111.13
2026-10-05 10:57:32,43.864702,39.388433,112.34
2026-10-05 10:57:33,43.864566,39.388603,113.53
2026-10-05 10:57:35,43.86443,39.388773,114.71
2026-10-05 10:57:37,43.864295,39.388943,115.86
2026-10-05 10:57:38,43.86416,39.389112,116.98
2026-10-05 10:57:39,43.864026,39.389281,118.07
2026-10-05 10:57:40,43.863892,39.38945,119.14
2026-10-05 10:57:42,43.863759,39.389618,120.17
2026-10-05 10:57:44,43.863626,39.389786,121.16
2026-10-05 10:57:45,43.863494,39.389954,122.11
2026-10-05 10:57:46,43.863363,39.390122,123.02
2026-10-05 10:57:47,43.863232,39.39029,123.9
2026-10-05 10:57:48,43.863102,39.390458,124.72
2026-10-05 10:57:49,43.862973,39.390625,125.51
2026-10-05 10:57:51,43.862844,39.390793,126.24
2026-10-05 10:57:52,43.862716,39.390961,126.93
2026-10-05 10:57:53,43.862589,39.391128,127.57
2026-10-05 10:57:54,43.862463,39.391296,128.17
2026-10-05 10:57:55,43.862338,39.391463,128.71
2026-10-05 10:57:57,43.862213,39.391631,129.21
2026-10-05 10:57:58,43.862089,39.391799,129.65
2026-10-05 10:57:59,43.861966,39.391967,130.05
2026-10-05 10:58:00,43.861844,39.392135,130.41
2026-10-05 10:58:02,43.861723,39.392303,130.71
2026-10-05 10:58:03,43.861602,39.392472,130.97
2026-10-05 10:58:04,43.861482,39.392641,131.19
2026-10-05 10:58:05,43.861363,39.39281,131.36
2026-10-05 10:58:06,43.861245,39.39298,131.49
2026-10-05 10:58:08,43.861128,39.39315,131.58
2026-10-05 10:58:09,43.861011,39.39332,131.64
2026-10-05 10:58:11,43.860895,39.393491,131.66
2026-10-05 10:58:12,43.86078,39.393662,131.64
2026-10-05 10:58:13,43.860665,39.393834,131.6
2026-10-05 10:58:14,43.860551,39.394006,131.52
2026-10-05 10:58:15,43.860438,39.394179,131.42
2026-10-05 10:58:16,43.860326,39.394352,131.3
2026-10-05 10:58:18,43.860213,39.394526,131.15
2026-10-05 10:58:19,43.860102,39.3947,130.99
2026-10-05 10:58:20,43.859991,39.394876,130.81
2026-10-05 10:58:21,43.85988,39.395052,130.61
2026-10-05 10:58:22,43.85977,39.395228,130.41
2026-10-05 10:58:23,43.85966,39.395405,130.2
2026-10-05 10:58:24,43.859551,39.395584,129.98
2026-10-05 10:58:26,43.859442,39.395762,129.76
2026-10-05 10:58:27,43.859333,39.395942,129.55
2026-10-05 10:58:28,43.859224,39.396123,129.33
2026-10-05 10:58:30,43.859115,39.396304,129.12
2026-10-05 10:58:31,43.859007,39.396486,128.92
2026-10-05 10:58:33,43.858898,39.396669,128.72
2026-10-05 10:58:34,43.85879,39.396853,128.54
2026-10-05 10:58:35,43.858681,39.397038,128.37
2026-10-05 10:58:37,43.858572,39.397224,128.21
2026-10-05 10:58:38,43.858463,39.39741,128.07
2026-10-05 10:58:40,43.858354,39.397598,127.94
2026-10-05 10:58:41,43.858245,39.397786,127.84
2026-10-05 10:58:42,43.858135,39.397976,127.75
2026-10-05 10:58:43,43.858024,39.398166,127.68
2026-10-05 10:58:44,43.857914,39.398357,127.64
2026-10-05 10:58:45,43.857802,39.39855,127.61
2026-10-05 10:58:47,43.85769,39.398743,127.61
2026-10-05 10:58:48,43.857578,39.398937,127.62
2026-10-05 10:58:49,43.857465,39.399132,127.66
2026-10-05 10:58:50,43.857351,39.399328,127.71
2026-10-05 10:58:51,43.857236,39.399525,127.79
2026-10-05 10:58:52,43.857121,39.399723,127.88
2026-10-05 10:58:54,43.857004,39.399922,127.99
2026-10-05 10:58:56,43.856887,39.400122,128.12
2026-10-05 10:58:57,43.856769,39.400322,128.26
2026-10-05 10:58:58,43.856649,39.400524,128.42
2026-10-05 10:59:00,43.856529,39.400726,128.59
2026-10-05 10:59:01,43.856408,39.400929,128.77
2026-10-05 10:59:02,43.856285,39.401133,128.95
2026-10-05 10:59:03,43.856162,39.401338,129.15
2026-10-05 10:59:04,43.856037,39.401543,129.35
2026-10-05 10:59:06,43.855911,39.40175,129.55
2026-10-05 10:59:07,43.855784,39.401957,129.76
2026-10-05 10:59:08,43.855656,39.402164,129.96
2026-10-05 10:59:10,43.855526,39.402373,130.16
2026-10-05 10:59:12,43.855395,39.402582,130.36
2026-10-05 10:59:13,43.855263,39.402791,130.55
2026-10-05 10:59:15,43.85513,39.403002,130.73
2026-10-05 10:59:17,43.854995,39.403212,130.9
2026-10-05 10:59:18,43.854859,39.403424,131.05
2026-10-05 10:59:19,43.854722,39.403635,131.2
2026-10-05 10:59:21,43.854584,39.403848,131.32
2026-10-05 10:59:23,43.854444,39.40406,131.43
2026-10-05 10:59:24,43.854303,39.404273,131.52
2026-10-05 10:59:26,43.854161,39.404486,131.59
2026-10-05 10:59:27,43.854018,39.4047,131.63
2026-10-05 10:59:28,43.853873,39.404914,131.66
2026-10-05 10:59:30,43.853728,39.405128,131.66
2026-10-05 10:59:31,43.853581,39.405342,131.63
2026-10-05 10:59:33,43.853433,39.405556,131.58
2026-10-05 10:59:34,43.853284,39.405771,131.51
2026-10-05 10:59:36,43.853134,39.405985,131.41
2026-10-05 10:59:38,43.852982,39.4062,131.28
2026-10-05 10:59:39,43.85283,39.406414,131.13
2026-10-05 10:59:41,43.852677,39.406628,130.96
2026-10-05 10:59:43,43.852524,39.406843,130.76
2026-10-05 10:59:44,43.852369,39.407057,130.53
2026-10-05 10:59:45,43.852213,39.40727,130.29
2026-10-05 10:59:47,43.852057,39.407484,130.02
2026-10-05 10:59:48,43.8519,39.407697,129.74
2026-10-05 10:59:50,43.851743,39.40791,129.43
2026-10-05 10:59:51,43.851585,39.408123,129.11
2026-10-05 10:59:53,43.851426,39.408335,128.78
2026-10-05 10:59:54,43.851267,39.408546,128.43
2026-10-05 10:59:55,43.851107,39.408757,128.07
2026-10-05 10:59:57,43.850947,39.408968,127.7
2026-10-05 10:59:59,43.850787,39.409178,127.33
2026-10-05 11:00:00,43.850627,39.409387,126.95
2026-10-05 11:00:01,43.850466,39.409596,126.58
2026-10-05 11:00:03,43.850306,39.409804,126.2
2026-10-05 11:00:05,43.850145,39.410011,125.83
2026-10-05 11:00:06,43.849985,39.410218,125.46
2026-10-05 11:00:08,43.849824,39.410423,125.1
2026-10-05 11:00:09,43.849664,39.410628,124.76
2026-10-05 11:00:11,43.849503,39.410832,124.43
2026-10-05 11:00:13,43.849344,39.411035,124.11
2026-10-05 11:00:14,43.849184,39.411237,123.82
2026-10-05 11:00:16,43.849025,39.411438,123.55
2026-10-05 11:00:18,43.848866,39.411638,123.3
2026-10-05 11:00:19,43.848708,39.411837,123.08
2026-10-05 11:00:21,43.84855,39.412035,122.89
2026-10-05 11:00:22,43.848393,39.412232,122.73
2026-10-05 11:00:23,43.848237,39.412428,122.6
2026-10-05 11:00:25,43.848081,39.412623,122.5
2026-10-05 11:00:27,43.847926,39.412817,122.45
2026-10-05 11:00:28,43.847772,39.413009,122.43
2026-10-05 11:00:30,43.847619,39.413201,122.44
2026-10-05 11:00:31,43.847466,39.413391,122.5
2026-10-05 11:00:33,43.847315,39.41358,122.6
2026-10-05 11:00:35,43.847164,39.413768,122.74
2026-10-05 11:00:36,43.847015,39.413955,122.92
2026-10-05 11:00:38,43.846866,39.41414,123.15
2026-10-05 11:00:39,43.846719,39.414324,123.41
2026-10-05 11:00:41,43.846573,39.414507,123.72
2026-10-05 11:00:42,43.846428,39.414689,124.07
2026-10-05 11:00:43,43.846284,39.41487,124.46
2026-10-05 11:00:44,43.846141,39.415049,124.88
2026-10-05 11:00:46,43.846,39.415227,125.35
2026-10-05 11:00:47,43.84586,39.415404,125.85
2026-10-05 11:00:49,43.845721,39.41558,126.39
2026-10-05 11:00:50,43.845583,39.415755,126.96
2026-10-05 11:00:51,43.845446,39.415928,127.57
2026-10-05 11:00:53,43.845311,39.416101,128.2
2026-10-05 11:00:54,43.845177,39.416272,128.86
2026-10-05 11:00:55,43.845044,39.416442,129.55
2026-10-05 11:00:57,43.844913,39.416611,130.26
2026-10-05 11:00:58,43.844783,39.416778,130.99
2026-10-05 11:00:59,43.844654,39.416945,131.74
2026-10-05 11:01:01,43.844526,39.417111,132.5
2026-10-05 11:01:02,43.844399,39.417275,133.28
2026-10-05 11:01:03,43.844274,39.417439,134.06
2026-10-05 11:01:04,43.84415,39.417602,134.85
2026-10-05 11:01:06,43.844027,39.417763,135.64
2026-10-05 11:01:07,43.843906,39.417924,136.43
2026-10-05 11:01:08,43.843785,39.418084,137.22
2026-10-05 11:01:09,43.843666,39.418243,138.0
2026-10-05 11:01:10,43.843547,39.418401,138.78
2026-10-05 11:01:11,43.84343,39.418559,139.54
2026-10-05 11:01:12,43.843314,39.418715,140.29
2026-10-05 11:01:13,43.843198,39.418871,141.01
2026-10-05 11:01:15,43.843084,39.419027,141.72
2026-10-05 11:01:16,43.842971,39.419181,142.41
2026-10-05 11:01:17,43.842858,39.419335,143.07
2026-10-05 11:01:18,43.842746,39.419489,143.71
2026-10-05 11:01:20,43.842636,39.419642,144.31
2026-10-05 11:01:21,43.842525,39.419794,144.89
2026-10-05 11:01:22,43.842416,39.419946,145.43
2026-10-05 11:01:23,43.842307,39.420098,145.94
2026-10-05 11:01:24,43.842199,39.420249,146.41
2026-10-05 11:01:25,43.842092,39.420401,146.84
2026-10-05 11:01:26,43.841985,39.420551,147.24
2026-10-05 11:01:27,43.841879,39.420702,147.6
2026-10-05 11:01:28,43.841773,39.420852,147.92
2026-10-05 11:01:29,43.841667,39.421002,148.2
2026-10-05 11:01:30,43.841562,39.421153,148.44
2026-10-05 11:01:31,43.841457,39.421303,148.65
2026-10-05 11:01:32,43.841353,39.421453,148.81
2026-10-05 11:01:33,43.841248,39.421603,148.94
2026-10-05 11:01:34,43.841144,39.421753,149.03
2026-10-05 11:01:35,43.84104,39.421904,149.08
2026-10-05 11:01:36,43.840936,39.422054,149.09
2026-10-05 11:01:37,43.840832,39.422205,149.08
2026-10-05 11:01:38,43.840728,39.422356,149.03
2026-10-05 11:01:39,43.840624,39.422508,148.95
2026-10-05 11:01:40,43.84052,39.42266,148.84
2026-10-05 11:01:42,43.840416,39.422812,148.7
2026-10-05 11:01:43,43.840312,39.422964,148.54
2026-10-05 11:01:44,43.840207,39.423117,148.35
2026-10-05 11:01:45,43.840102,39.423271,148.14
2026-10-05 11:01:46,43.839997,39.423425,147.92
2026-10-05 11:01:47,43.839891,39.42358,147.68
2026-10-05 11:01:48,43.839785,39.423735,147.42
2026-10-05 11:01:49,43.839679,39.423891,147.15
2026-10-05 11:01:50,43.839572,39.424048,146.87
2026-10-05 11:01:51,43.839465,39.424206,146.59
2026-10-05 11:01:52,43.839357,39.424364,146.3
2026-10-05 11:01:53,43.839249,39.424523,146.0
2026-10-05 11:01:54,43.83914,39.424682,145.71
2026-10-05 11:01:55,43.839031,39.424843,145.42
2026-10-05 11:01:57,43.838921,39.425005,145.13
2026-10-05 11:01:58,43.83881,39.425167,144.85
2026-10-05 11:01:59,43.838698,39.42533,144.58
2026-10-05 11:02:01,43.838586,39.425495,144.31
2026-10-05 11:02:02,43.838474,39.42566,144.06
2026-10-05 11:02:03,43.83836,39.425826,143.82
2026-10-05 11:02:04,43.838246,39.425993,143.59
2026-10-05 11:02:05,43.838131,39.426161,143.38
2026-10-05 11:02:07,43.838015,39.42633,143.19
2026-10-05 11:02:09,43.837898,39.4265,143.01
2026-10-05 11:02:10,43.837781,39.426672,142.85
2026-10-05 11:02:11,43.837663,39.426844,142.7
2026-10-05 11:02:12,43.837544,39.427017,142.58
2026-10-05 11:02:13,43.837424,39.427191,142.47
2026-10-05 11:02:14,43.837303,39.427367,142.38
2026-10-05 11:02:15,43.837182,39.427543,142.31
2026-10-05 11:02:17,43.837059,39.427721,142.26
2026-10-05 11:02:18,43.836936,39.427899,142.22
2026-10-05 11:02:19,43.836812,39.428079,142.2
2026-10-05 11:02:21,43.836688,39.428259,142.19
2026-10-05 11:02:22,43.836562,39.428441,142.2
2026-10-05 11:02:23,43.836436,39.428624,142.22
2026-10-05 11:02:24,43.836309,39.428807,142.25
2026-10-05 11:02:26,43.836181,39.428992,142.29
2026-10-05 11:02:27,43.836052,39.429178,142.33
2026-10-05 11:02:28,43.835923,39.429364,142.39
2026-10-05 11:02:30,43.835793,39.429552,142.44
2026-10-05 11:02:31,43.835662,39.42974,142.5
2026-10-05 11:02:33,43.835531,39.42993,142.56
2026-10-05 11:02:34,43.835398,39.43012,142.61
2026-10-05 11:02:35,43.835266,39.430311,142.67
2026-10-05 11:02:37,43.835132,39.430503,142.71
2026-10-05 11:02:38,43.834998,39.430696,142.75
2026-10-05 11:02:40,43.834863,39.430889,142.77
2026-10-05 11:02:41,43.834728,39.431084,142.78
2026-10-05 11:02:43,43.834592,39.431279,142.78
2026-10-05 11:02:44,43.834455,39.431475,142.76
2026-10-05 11:02:45,43.834318,39.431671,142.73
2026-10-05 11:02:47,43.83418,39.431868,142.67
2026-10-05 11:02:48,43.834042,39.432066,142.59
2026-10-05 11:02:49,43.833904,39.432264,142.48
2026-10-05 11:02:51,43.833765,39.432463,142.35
2026-10-05 11:02:52,43.833626,39.432663,142.2
2026-10-05 11:02:53,43.833486,39.432862,142.02
2026-10-05 11:02:55,43.833346,39.433063,141.8
2026-10-05 11:02:56,43.833205,39.433263,141.56
2026-10-05 11:02:58,43.833065,39.433464,141.29
2026-10-05 11:02:59,43.832924,39.433666,140.99
2026-10-05 11:03:01,43.832782,39.433868,140.66
2026-10-05 11:03:03,43.832641,39.43407,140.3
2026-10-05 11:03:04,43.832499,39.434272,139.91
2026-10-05 11:03:05,43.832357,39.434474,139.48
2026-10-05 11:03:07,43.832215,39.434677,139.03
2026-10-05 11:03:08,43.832073,39.434879,138.55
2026-10-05 11:03:10,43.83193,39.435082,138.04
2026-10-05 11:03:11,43.831788,39.435285,137.51
2026-10-05 11:03:13,43.831645,39.435488,136.95
2026-10-05 11:03:14,43.831503,39.435691,136.36
2026-10-05 11:03:16,43.83136,39.435893,135.76
2026-10-05 11:03:17,43.831218,39.436096,135.13
2026-10-05 11:03:19,43.831075,39.436299,134.49
2026-10-05 11:03:21,43.830932,39.436501,133.83
2026-10-05 11:03:22,43.83079,39.436703,133.16
2026-10-05 11:03:24,43.830648,39.436906,132.47
2026-10-05 11:03:26,43.830505,39.437107,131.78
2026-10-05 11:03:28,43.830363,39.437309,131.09
2026-10-05 11:03:29,43.830221,39.43751,130.39
2026-10-05 11:03:31,43.830079,39.437711,129.69
2026-10-05 11:03:33,43.829937,39.437912,129.0
2026-10-05 11:03:34,43.829796,39.438112,128.31
2026-10-05 11:03:35,43.829654,39.438312,127.63
2026-10-05 11:03:37,43.829513,39.438512,126.96
2026-10-05 11:03:38,43.829372,39.438711,126.31
2026-10-05 11:03:39,43.829232,39.438909,125.67
2026-10-05 11:03:41,43.829091,39.439107,125.06
2026-10-05 11:03:43,43.828951,39.439305,124.47
2026-10-05 11:03:44,43.828811,39.439502,123.91
2026-10-05 11:03:46,43.828671,39.439699,123.38
2026-10-05 11:03:47,43.828532,39.439895,122.88
2026-10-05 11:03:49,43.828393,39.440091,122.41
2026-10-05 11:03:50,43.828254,39.440286,121.98
2026-10-05 11:03:51,43.828115,39.44048,121.59
2026-10-05 11:03:53,43.827977,39.440674,121.23
2026-10-05 11:03:55,43.827839,39.440868,120.93
2026-10-05 11:03:56,43.827701,39.441061,120.66
2026-10-05 11:03:57,43.827564,39.441253,120.44
2026-10-05 11:03:59,43.827427,39.441445,120.27
2026-10-05 11:04:00,43.82729,39.441636,120.15
2026-10-05 11:04:02,43.827154,39.441827,120.07
2026-10-05 11:04:03,43.827018,39.442017,120.04
2026-10-05 11:04:05,43.826882,39.442206,120.06
2026-10-05 11:04:07,43.826747,39.442395,120.14
2026-10-05 11:04:09,43.826612,39.442584,120.26
2026-10-05 11:04:10,43.826477,39.442772,120.43
2026-10-05 11:04:11,43.826343,39.442959,120.65
2026-10-05 11:04:13,43.826208,39.443146,120.92
2026-10-05 11:04:14,43.826075,39.443332,121.23
2026-10-05 11:04:16,43.825941,39.443518,121.59
2026-10-05 11:04:17,43.825808,39.443703,122.0
2026-10-05 11:04:18,43.825675,39.443888,122.45
2026-10-05 11:04:20,43.825542,39.444072,122.94
2026-10-05 11:04:21,43.825409,39.444256,123.46
2026-10-05 11:04:23,43.825277,39.44444,124.03
2026-10-05 11:04:24,43.825145,39.444623,124.63
2026-10-05 11:04:25,43.825014,39.444806,125.27
2026-10-05 11:04:27,43.824882,39.444988,125.93
2026-10-05 11:04:28,43.824751,39.44517,126.62
2026-10-05 11:04:29,43.82462,39.445351,127.34
2026-10-05 11:04:31,43.824489,39.445533,128.08
2026-10-05 11:04:32,43.824359,39.445713,128.84
2026-10-05 11:04:34,43.824228,39.445894,129.62
2026-10-05 11:04:35,43.824098,39.446074,130.41
2026-10-05 11:04:36,43.823968,39.446254,131.22
2026-10-05 11:04:38,43.823838,39.446434,132.03
2026-10-05 11:04:39,43.823708,39.446614,132.85
2026-10-05 11:04:40,43.823579,39.446793,133.67
2026-10-05 11:04:41,43.82345,39.446972,134.49
2026-10-05 11:04:43,43.82332,39.447151,135.31
2026-10-05 11:04:44,43.823191,39.44733,136.12
2026-10-05 11:04:45,43.823062,39.447509,136.93
2026-10-05 11:04:47,43.822933,39.447688,137.73
2026-10-05 11:04:48,43.822805,39.447866,138.52
2026-10-05 11:04:49,43.822676,39.448044,139.3
2026-10-05 11:04:50,43.822547,39.448223,140.06
2026-10-05 11:04:52,43.822419,39.448401,140.8
2026-10-05 11:04:53,43.82229,39.448579,141.52
2026-10-05 11:04:55,43.822162,39.448757,142.23
2026-10-05 11:04:56,43.822034,39.448935,142.92
2026-10-05 11:04:57,43.821905,39.449113,143.58
2026-10-05 11:04:59,43.821777,39.449291,144.22
2026-10-05 11:05:00,43.821649,39.449469,144.84
2026-10-05 11:05:01,43.821521,39.449647,145.43
2026-10-05 11:05:02,43.821393,39.449825,146.01
2026-10-05 11:05:03,43.821264,39.450003,146.56
2026-10-05 11:05:04,43.821136,39.450181,147.08
2026-10-05 11:05:06,43.821008,39.450359,147.58
2026-10-05 11:05:07,43.82088,39.450537,148.07
2026-10-05 11:05:08,43.820752,39.450716,148.52
2026-10-05 11:05:09,43.820624,39.450894,148.96
2026-10-05 11:05:11,43.820496,39.451072,149.38
2026-10-05 11:05:12,43.820368,39.45125,149.79
2026-10-05 11:05:13,43.82024,39.451429,150.17
2026-10-05 11:05:14,43.820112,39.451607,150.54
2026-10-05 11:05:16,43.819983,39.451785,150.9
2026-10-05 11:05:17,43.819855,39.451964,151.25
2026-10-05 11:05:18,43.819727,39.452142,151.58
2026-10-05 11:05:20,43.819599,39.452321,151.91
2026-10-05 11:05:21,43.819471,39.4525,152.24
2026-10-05 11:05:23,43.819343,39.452678,152.56
2026-10-05 11:05:24,43.819215,39.452857,152.87
2026-10-05 11:05:26,43.819086,39.453036,153.19
2026-10-05 11:05:27,43.818958,39.453214,153.51
2026-10-05 11:05:28,43.81883,39.453393,153.83
2026-10-05 11:05:29,43.818702,39.453572,154.16
2026-10-05 11:05:31,43.818574,39.453751,154.5
2026-10-05 11:05:33,43.818445,39.453929,154.85
2026-10-05 11:05:34,43.818317,39.454108,155.21
2026-10-05 11:05:35,43.818189,39.454287,155.59
2026-10-05 11:05:36,43.818061,39.454466,155.98
2026-10-05 11:05:38,43.817933,39.454644,156.39
2026-10-05 11:05:39,43.817805,39.454823,156.81
2026-10-05 11:05:40,43.817676,39.455002,157.26
2026-10-05 11:05:42,43.817548,39.455181,157.72
2026-10-05 11:05:43,43.81742,39.455359,158.21
2026-10-05 11:05:44,43.817292,39.455538,158.72
2026-10-05 11:05:45,43.817164,39.455717,159.25
2026-10-05 11:05:47,43.817036,39.455895,159.8
2026-10-05 11:05:48,43.816908,39.456074,160.38
2026-10-05 11:05:49,43.816781,39.456253,160.98
2026-10-05 11:05:50,43.816653,39.456431,161.6
2026-10-05 11:05:52,43.816525,39.45661,162.25
2026-10-05 11:05:54,43.816398,39.456788,162.92
2026-10-05 11:05:55,43.81627,39.456967,163.6
2026-10-05 11:05:56,43.816143,39.457145,164.31
2026-10-05 11:05:57,43.816015,39.457324,165.04
2026-10-05 11:05:59,43.815888,39.457502,165.79
2026-10-05 11:06:00,43.815761,39.457681,166.55
2026-10-05 11:06:02,43.815634,39.457859,167.33
2026-10-05 11:06:03,43.815506,39.458038,168.12
2026-10-05 11:06:04,43.81538,39.458217,168.93
2026-10-05 11:06:05,43.815253,39.458395,169.74
2026-10-05 11:06:07,43.815126,39.458574,170.56
2026-10-05 11:06:08,43.814999,39.458753,171.38
2026-10-05 11:06:09,43.814873,39.458932,172.21
2026-10-05 11:06:10,43.814746,39.459111,173.03
2026-10-05 11:06:11,43.81462,39.45929,173.86
2026-10-05 11:06:13,43.814494,39.459469,174.68
2026-10-05 11:06:15,43.814368,39.459649,175.49
2026-10-05 11:06:16,43.814242,39.459828,176.29
2026-10-05 11:06:18,43.814116,39.460008,177.08
2026-10-05 11:06:19,43.81399,39.460188,177.86
2026-10-05 11:06:20,43.813865,39.460368,178.61
2026-10-05 11:06:22,43.813739,39.460549,179.35
2026-10-05 11:06:23,43.813614,39.460729,180.06
2026-10-05 11:06:24,43.813489,39.460911,180.75
2026-10-05 11:06:26,43.813364,39.461092,181.42
2026-10-05 11:06:27,43.813238,39.461274,182.05
2026-10-05 11:06:29,43.813113,39.461456,182.65
2026-10-05 11:06:30,43.812988,39.461638,183.23
2026-10-05 11:06:31,43.812864,39.461821,183.76
2026-10-05 11:06:32,43.812739,39.462004,184.26
2026-10-05 11:06:33,43.812614,39.462188,184.73
2026-10-05 11:06:35,43.81249,39.462372,185.15
2026-10-05 11:06:36,43.812365,39.462557,185.54
2026-10-05 11:06:37,43.81224,39.462742,185.89
2026-10-05 11:06:39,43.812116,39.462927,186.2
2026-10-05 11:06:40,43.811991,39.463114,186.46
2026-10-05 11:06:42,43.811867,39.4633,186.69
2026-10-05 11:06:43,43.811743,39.463488,186.88
2026-10-05 11:06:45,43.811618,39.463675,187.02
2026-10-05 11:06:46,43.811494,39.463864,187.13
2026-10-05 11:06:47,43.811369,39.464053,187.2
2026-10-05 11:06:48,43.811245,39.464243,187.23
2026-10-05 11:06:49,43.81112,39.464433,187.22
2026-10-05 11:06:51,43.810995,39.464624,187.18
2026-10-05 11:06:52,43.810871,39.464815,187.11
2026-10-05 11:06:53,43.810746,39.465007,187.0
2026-10-05 11:06:54,43.810621,39.4652,186.87
2026-10-05 11:06:55,43.810496,39.465393,186.7
2026-10-05 11:06:56,43.810371,39.465587,186.51
2026-10-05 11:06:58,43.810245,39.465781,186.3
2026-10-05 11:06:59,43.81012,39.465976,186.07
2026-10-05 11:07:00,43.809994,39.466172,185.82
2026-10-05 11:07:01,43.809868,39.466368,185.56
2026-10-05 11:07:03,43.809742,39.466565,185.28
2026-10-05 11:07:04,43.809616,39.466762,184.99
2026-10-05 11:07:06,43.80949,39.46696,184.7
2026-10-05 11:07:07,43.809363,39.467158,184.41
2026-10-05 11:07:08,43.809236,39.467357,184.11
2026-10-05 11:07:09,43.809108,39.467556,183.82
2026-10-05 11:07:11,43.808981,39.467756,183.53
2026-10-05 11:07:12,43.808853,39.467956,183.26
2026-10-05 11:07:13,43.808725,39.468156,182.99
2026-10-05 11:07:14,43.808596,39.468356,182.74
2026-10-05 11:07:16,43.808467,39.468557,182.51
2026-10-05 11:07:17,43.808338,39.468758,182.29
2026-10-05 11:07:19,43.808208,39.468959,182.1
2026-10-05 11:07:20,43.808078,39.46916,181.94
2026-10-05 11:07:22,43.807948,39.469362,181.8
2026-10-05 11:07:24,43.807817,39.469563,181.69
2026-10-05 11:07:25,43.807685,39.469764,181.61
2026-10-05 11:07:27,43.807554,39.469965,181.57
2026-10-05 11:07:28,43.807421,39.470166,181.56
2026-10-05 11:07:30,43.807289,39.470367,181.59
2026-10-05 11:07:31,43.807156,39.470568,181.66
2026-10-05 11:07:33,43.807022,39.470768,181.77
2026-10-05 11:07:34,43.806888,39.470968,181.91
2026-10-05 11:07:36,43.806753,39.471167,182.1
2026-10-05 11:07:37,43.806618,39.471366,182.32
2026-10-05 11:07:38,43.806483,39.471564,182.59
2026-10-05 11:07:40,43.806347,39.471762,182.9
2026-10-05 11:07:41,43.80621,39.471959,183.25
2026-10-05 11:07:43,43.806073,39.472156,183.64
2026-10-05 11:07:44,43.805936,39.472351,184.07
2026-10-05 11:07:46,43.805798,39.472546,184.54
2026-10-05 11:07:47,43.805659,39.47274,185.05
2026-10-05 11:07:48,43.80552,39.472933,185.59
2026-10-05 11:07:50,43.80538,39.473125,186.17
2026-10-05 11:07:51,43.80524,39.473316,186.78
2026-10-05 11:07:53,43.8051,39.473506,187.43
2026-10-05 11:07:55,43.804959,39.473695,188.1
2026-10-05 11:07:56,43.804817,39.473883,188.8
2026-10-05 11:07:57,43.804676,39.47407,189.53
2026-10-05 11:07:59,43.804533,39.474255,190.28
2026-10-05 11:08:00,43.80439,39.474439,191.06
2026-10-05 11:08:02,43.804247,39.474621,191.85
2026-10-05 11:08:03,43.804104,39.474803,192.66
2026-10-05 11:08:04,43.80396,39.474983,193.49
2026-10-05 11:08:06,43.803816,39.475162,194.33
2026-10-05 11:08:07,43.803671,39.475339,195.17
2026-10-05 11:08:08,43.803526,39.475515,196.03
2026-10-05 11:08:09,43.803381,39.475689,196.88
2026-10-05 11:08:11,43.803235,39.475862,197.75
2026-10-05 11:08:12,43.803089,39.476034,198.61
2026-10-05 11:08:14,43.802943,39.476204,199.47
2026-10-05 11:08:15,43.802797,39.476373,200.32
2026-10-05 11:08:16,43.80265,39.476541,201.17
2026-10-05 11:08:18,43.802504,39.476707,202.01
2026-10-05 11:08:19,43.802357,39.476871,202.84
2026-10-05 11:08:20,43.80221,39.477035,203.65
2026-10-05 11:08:21,43.802063,39.477197,204.46
2026-10-05 11:08:22,43.801916,39.477358,205.24
2026-10-05 11:08:23,43.801769,39.477518,206.02
2026-10-05 11:08:25,43.801622,39.477676,206.77
2026-10-05 11:08:26,43.801475,39.477834,207.51
2026-10-05 11:08:27,43.801329,39.47799,208.23
2026-10-05 11:08:28,43.801182,39.478146,208.93
2026-10-05 11:08:30,43.801035,39.4783,209.61
2026-10-05 11:08:31,43.800889,39.478454,210.27
2026-10-05 11:08:33,43.800743,39.478606,210.91
2026-10-05 11:08:34,43.800597,39.478758,211.53
2026-10-05 11:08:36,43.800451,39.47891,212.13
2026-10-05 11:08:37,43.800306,39.47906,212.72
2026-10-05 11:08:38,43.800161,39.47921,213.28
2026-10-05 11:08:39,43.800017,39.47936,213.83
2026-10-05 11:08:41,43.799873,39.47951,214.37
2026-10-05 11:08:42,43.799729,39.479659,214.89
2026-10-05 11:08:44,43.799586,39.479808,215.39
2026-10-05 11:08:45,43.799433,39.479941,215.45
2026-10-05 11:08:46,43.799278,39.48007,215.39
2026-10-05 11:08:48,43.799124,39.4802,215.32
2026-10-05 11:08:49,43.798971,39.480329,215.25
2026-10-05 11:08:50,43.798818,39.480459,215.17
2026-10-05 11:08:51,43.798665,39.480589,215.09
2026-10-05 11:08:53,43.798514,39.48072,215.01
2026-10-05 11:08:54,43.798363,39.480851,214.93
2026-10-05 11:08:56,43.798213,39.480983,214.85
2026-10-05 11:08:58,43.798064,39.481116,214.78
2026-10-05 11:08:59,43.797915,39.48125,214.72
2026-10-05 11:09:01,43.797768,39.481384,214.67
2026-10-05 11:09:02,43.797621,39.48152,214.63
2026-10-05 11:09:03,43.797475,39.481657,214.6
2026-10-05 11:09:05,43.79733,39.481795,214.59
2026-10-05 11:09:06,43.797186,39.481934,214.6
2026-10-05 11:09:07,43.797043,39.482074,214.63
2026-10-05 11:09:09,43.796901,39.482216,214.67
2026-10-05 11:09:10,43.796759,39.48236,214.74
2026-10-05 11:09:11,43.796619,39.482505,214.83
2026-10-05 11:09:12,43.79648,39.482651,214.95
2026-10-05 11:09:14,43.796341,39.4828,215.09
2026-10-05 11:09:15,43.796204,39.48295,215.26
2026-10-05 11:09:16,43.796068,39.483102,215.46
2026-10-05 11:09:18,43.795932,39.483256,215.68
2026-10-05 11:09:19,43.795798,39.483411,215.93
2026-10-05 11:09:21,43.795664,39.483569,216.21
2026-10-05 11:09:22,43.795532,39.483728,216.51
2026-10-05 11:09:23,43.7954,39.48389,216.84
2026-10-05 11:09:25,43.795269,39.484053,217.2
2026-10-05 11:09:26,43.79514,39.484219,217.58
2026-10-05 11:09:27,43.795011,39.484386,217.99
2026-10-05 11:09:28,43.794883,39.484556,218.41
2026-10-05 11:09:30,43.794756,39.484727,218.87
2026-10-05 11:09:31,43.794629,39.4849,219.34
2026-10-05 11:09:32,43.794504,39.485076,219.83
2026-10-05 11:09:33,43.794379,39.485253,220.33
2026-10-05 11:09:34,43.794255,39.485433,220.85
2026-10-05 11:09:36,43.794132,39.485614,221.39
2026-10-05 11:09:37,43.79401,39.485797,221.93
2026-10-05 11:09:38,43.793888,39.485982,222.48
2026-10-05 11:09:39,43.793767,39.486168,223.03
2026-10-05 11:09:41,43.793646,39.486357,223.59
2026-10-05 11:09:42,43.793526,39.486547,224.15
2026-10-05 11:09:43,43.793407,39.486738,224.7
2026-10-05 11:09:44,43.793287,39.486931,225.25
2026-10-05 11:09:45,43.793169,39.487126,225.78
2026-10-05 11:09:47,43.79305,39.487322,226.31
2026-10-05 11:09:48,43.792932,39.487519,226.82
2026-10-05 11:09:49,43.792815,39.487717,227.31
2026-10-05 11:09:50,43.792697,39.487916,227.79
2026-10-05 11:09:52,43.79258,39.488117,228.23
2026-10-05 11:09:53,43.792463,39.488318,228.66
2026-10-05 11:09:55,43.792346,39.488521,229.05
2026-10-05 11:09:56,43.792228,39.488724,229.41
2026-10-05 11:09:58,43.792111,39.488927,229.74
2026-10-05 11:09:59,43.791994,39.489131,230.03
2026-10-05 11:10:01,43.791877,39.489336,230.29
2026-10-05 11:10:02,43.791759,39.489541,230.5
2026-10-05 11:10:04,43.791641,39.489746,230.67
2026-10-05 11:10:05,43.791523,39.489951,230.8
2026-10-05 11:10:06,43.791404,39.490156,230.88
2026-10-05 11:10:08,43.791286,39.490361,230.91
2026-10-05 11:10:09,43.791166,39.490565,230.9
2026-10-05 11:10:10,43.791046,39.49077,230.84
2026-10-05 11:10:12,43.790926,39.490974,230.72
2026-10-05 11:10:13,43.790805,39.491177,230.56
2026-10-05 11:10:14,43.790683,39.49138,230.35
2026-10-05 11:10:15,43.790561,39.491582,230.09
2026-10-05 11:10:17,43.790437,39.491783,229.78
2026-10-05 11:10:18,43.790313,39.491984,229.42
2026-10-05 11:10:20,43.790189,39.492183,229.01
2026-10-05 11:10:21,43.790063,39.492381,228.55
2026-10-05 11:10:22,43.789936,39.492578,228.05
2026-10-05 11:10:24,43.789809,39.492774,227.5
2026-10-05 11:10:25,43.78968,39.492968,226.9
2026-10-05 11:10:27,43.789551,39.493161,226.27
2026-10-05 11:10:28,43.78942,39.493352,225.59
2026-10-05 11:10:29,43.789288,39.493542,224.87
2026-10-05 11:10:31,43.789156,39.49373,224.12
2026-10-05 11:10:32,43.789022,39.493917,223.34
2026-10-05 11:10:33,43.788887,39.494101,222.52
2026-10-05 11:10:34,43.78875,39.494284,221.67
2026-10-05 11:10:36,43.788613,39.494466,220.8
2026-10-05 11:10:37,43.788474,39.494645,219.9
2026-10-05 11:10:39,43.788335,39.494822,218.98
2026-10-05 11:10:40,43.788194,39.494998,218.05
2026-10-05 11:10:42,43.788051,39.495172,217.1
2026-10-05 11:10:43,43.787908,39.495343,216.14
2026-10-05 11:10:44,43.787764,39.495513,215.16
2026-10-05 11:10:46,43.787618,39.495681,214.18
2026-10-05 11:10:48,43.787471,39.495847,213.2
2026-10-05 11:10:49,43.787323,39.496011,212.22
2026-10-05 11:10:50,43.787173,39.496173,211.24
2026-10-05 11:10:51,43.787023,39.496333,210.26
2026-10-05 11:10:53,43.786871,39.496492,209.29
2026-10-05 11:10:54,43.786719,39.496648,208.33
2026-10-05 11:10:55,43.786565,39.496803,207.38
2026-10-05 11:10:57,43.78641,39.496956,206.44
2026-10-05 11:10:58,43.786254,39.497107,205.52
2026-10-05 11:11:00,43.786097,39.497257,204.62
2026-10-05 11:11:01,43.78594,39.497405,203.74
2026-10-05 11:11:02,43.785781,39.497551,202.88
2026-10-05 11:11:03,43.785622,39.497696,202.04
2026-10-05 11:11:04,43.785461,39.497839,201.22
2026-10-05 11:11:06,43.7853,39.497981,200.43
2026-10-05 11:11:07,43.785138,39.498122,199.66
2026-10-05 11:11:09,43.784976,39.498261,198.92
2026-10-05 11:11:10,43.784812,39.4984,198.21
2026-10-05 11:11:11,43.784649,39.498537,197.52
2026-10-05 11:11:13,43.784484,39.498673,196.86
2026-10-05 11:11:15,43.784319,39.498808,196.22
2026-10-05 11:11:16,43.784154,39.498943,195.61
2026-10-05 11:11:17,43.783989,39.499077,195.02
2026-10-05 11:11:18,43.783823,39.49921,194.46
2026-10-05 11:11:19,43.783656,39.499342,193.92
2026-10-05 11:11:21,43.78349,39.499474,193.41
2026-10-05 11:11:22,43.783323,39.499605,192.91
2026-10-05 11:11:24,43.783157,39.499737,192.43
2026-10-05 11:11:25,43.78299,39.499867,191.97
2026-10-05 11:11:26,43.782824,39.499998,191.53
2026-10-05 11:11:28,43.782657,39.500129,191.1
2026-10-05 11:11:29,43.782491,39.500259,190.69
2026-10-05 11:11:30,43.782324,39.50039,190.28
2026-10-05 11:11:32,43.782158,39.500521,189.88
2026-10-05 11:11:33,43.781993,39.500652,189.49
2026-10-05 11:11:34,43.781827,39.500784,189.11
2026-10-05 11:11:35,43.781662,39.500915,188.72
2026-10-05 11:11:36,43.781498,39.501048,188.34
2026-10-05 11:11:38,43.781334,39.501181,187.95
2026-10-05 11:11:39,43.78117,39.501314,187.56
2026-10-05 11:11:40,43.781008,39.501448,187.16
2026-10-05 11:11:42,43.780845,39.501583,186.76
2026-10-05 11:11:43,43.780684,39.501719,186.35
2026-10-05 11:11:45,43.780523,39.501855,185.92
2026-10-05 11:11:46,43.780363,39.501992,185.48
2026-10-05 11:11:48,43.780204,39.502131,185.03
2026-10-05 11:11:49,43.780045,39.50227,184.56
2026-10-05 11:11:50,43.779888,39.502411,184.08
2026-10-05 11:11:52,43.779731,39.502552,183.57
2026-10-05 11:11:53,43.779575,39.502695,183.05
2026-10-05 11:11:54,43.77942,39.502838,182.5
2026-10-05 11:11:56,43.779266,39.502983,181.94
2026-10-05 11:11:57,43.779113,39.503129,181.35
2026-10-05 11:11:58,43.778961,39.503276,180.75
2026-10-05 11:11:59,43.77881,39.503425,180.12
2026-10-05 11:12:01,43.778659,39.503575,179.47
2026-10-05 11:12:02,43.77851,39.503726,178.8
2026-10-05 11:12:03,43.778362,39.503878,178.11
2026-10-05 11:12:04,43.778215,39.504032,177.39
2026-10-05 11:12:05,43.778069,39.504186,176.66
2026-10-05 11:12:06,43.777923,39.504342,175.92
2026-10-05 11:12:07,43.777779,39.5045,175.15
2026-10-05 11:12:09,43.777636,39.504658,174.37
2026-10-05 11:12:10,43.777493,39.504818,173.58
2026-10-05 11:12:11,43.777352,39.504979,172.77
2026-10-05 11:12:13,43.777211,39.505141,171.96
2026-10-05 11:12:14,43.777071,39.505304,171.13
2026-10-05 11:12:16,43.776932,39.505469,170.3
2026-10-05 11:12:17,43.776794,39.505634,169.47
2026-10-05 11:12:19,43.776657,39.505801,168.63
2026-10-05 11:12:20,43.776521,39.505969,167.8
2026-10-05 11:12:21,43.776385,39.506137,166.96
2026-10-05 11:12:23,43.77625,39.506307,166.14
2026-10-05 11:12:24,43.776115,39.506478,165.32
2026-10-05 11:12:26,43.775982,39.506649,164.51
2026-10-05 11:12:27,43.775849,39.506821,163.71
2026-10-05 11:12:28,43.775716,39.506994,162.93
2026-10-05 11:12:30,43.775584,39.507168,162.16
2026-10-05 11:12:31,43.775452,39.507343,161.42
2026-10-05 11:12:32,43.775321,39.507518,160.7
2026-10-05 11:12:33,43.77519,39.507694,160.0
2026-10-05 11:12:34,43.77506,39.507871,159.33
2026-10-05 11:12:36,43.77493,39.508048,158.68
2026-10-05 11:12:37,43.7748,39.508225,158.07
2026-10-05 11:12:38,43.77467,39.508403,157.49
2026-10-05 11:12:40,43.774541,39.508582,156.94
2026-10-05 11:12:41,43.774412,39.508761,156.43
2026-10-05 11:12:42,43.774283,39.50894,155.95
2026-10-05 11:12:43,43.774154,39.509119,155.51
2026-10-05 11:12:44,43.774025,39.509298,155.1
2026-10-05 11:12:46,43.773895,39.509478,154.74
2026-10-05 11:12:47,43.773766,39.509658,154.41
2026-10-05 11:12:48,43.773637,39.509838,154.12
2026-10-05 11:12:49,43.773508,39.510018,153.87
2026-10-05 11:12:51,43.773378,39.510197,153.66
2026-10-05 11:12:52,43.773248,39.510377,153.49
2026-10-05 11:12:53,43.773119,39.510557,153.36
2026-10-05 11:12:54,43.772988,39.510737,153.26
2026-10-05 11:12:56,43.772858,39.510916,153.2
2026-10-05 11:12:57,43.772727,39.511095,153.17
2026-10-05 11:12:58,43.772596,39.511274,153.17
2026-10-05 11:13:00,43.772464,39.511453,153.21
2026-10-05 11:13:01,43.772332,39.511632,153.27
2026-10-05 11:13:02,43.7722,39.51181,153.37
2026-10-05 11:13:03,43.772067,39.511988,153.48
2026-10-05 11:13:04,43.771934,39.512165,153.62
2026-10-05 11:13:05,43.771801,39.512342,153.78
2026-10-05 11:13:07,43.771666,39.512519,153.96
2026-10-05 11:13:09,43.771532,39.512695,154.16
2026-10-05 11:13:10,43.771397,39.512871,154.36
2026-10-05 11:13:11,43.771261,39.513047,154.58
2026-10-05 11:13:12,43.771125,39.513222,154.8
2026-10-05 11:13:14,43.770988,39.513396,155.02
2026-10-05 11:13:16,43.770851,39.51357,155.25
2026-10-05 11:13:17,43.770714,39.513743,155.47
2026-10-05 11:13:18,43.770575,39.513916,155.69
2026-10-05 11:13:20,43.770437,39.514089,155.89
2026-10-05 11:13:21,43.770298,39.514261,156.09
2026-10-05 11:13:23,43.770158,39.514432,156.27
2026-10-05 11:13:24,43.770018,39.514603,156.44
2026-10-05 11:13:25,43.769877,39.514774,156.58
2026-10-05 11:13:26,43.769736,39.514943,156.7
2026-10-05 11:13:28,43.769594,39.515113,156.8
2026-10-05 11:13:29,43.769452,39.515282,156.87
2026-10-05 11:13:30,43.76931,39.51545,156.91
2026-10-05 11:13:32,43.769167,39.515618,156.91
2026-10-05 11:13:34,43.769024,39.515786,156.88
2026-10-05 11:13:35,43.76888,39.515953,156.82
2026-10-05 11:13:37,43.768736,39.516119,156.72
2026-10-05 11:13:38,43.768592,39.516285,156.58
2026-10-05 11:13:39,43.768447,39.516451,156.4
2026-10-05 11:13:40,43.768302,39.516616,156.18
2026-10-05 11:13:41,43.768157,39.516781,155.92
2026-10-05 11:13:43,43.768011,39.516946,155.61
2026-10-05 11:13:44,43.767865,39.51711,155.27
2026-10-05 11:13:45,43.767719,39.517274,154.88
2026-10-05 11:13:47,43.767573,39.517437,154.45
2026-10-05 11:13:48,43.767426,39.5176,153.97
2026-10-05 11:13:49,43.767279,39.517763,153.46
2026-10-05 11:13:51,43.767132,39.517926,152.9
2026-10-05 11:13:52,43.766985,39.518088,152.3
2026-10-05 11:13:54,43.766838,39.51825,151.67
2026-10-05 11:13:55,43.766691,39.518412,150.99
2026-10-05 11:13:57,43.766544,39.518573,150.29
2026-10-05 11:13:58,43.766396,39.518735,149.54
2026-10-05 11:14:00,43.766249,39.518896,148.77
2026-10-05 11:14:01,43.766101,39.519057,147.96
2026-10-05 11:14:02,43.765954,39.519218,147.12
2026-10-05 11:14:04,43.765806,39.519378,146.26
2026-10-05 11:14:05,43.765659,39.519539,145.38
2026-10-05 11:14:06,43.765511,39.519699,144.47
2026-10-05 11:14:08,43.765364,39.51986,143.54
2026-10-05 11:14:10,43.765216,39.52002,142.6
2026-10-05 11:14:11,43.765069,39.52018,141.64
2026-10-05 11:14:12,43.764921,39.52034,140.68
2026-10-05 11:14:13,43.764774,39.5205,139.7
2026-10-05 11:14:15,43.764627,39.52066,138.71
2026-10-05 11:14:17,43.76448,39.52082,137.73
2026-10-05 11:14:18,43.764332,39.52098,136.74
2026-10-05 11:14:19,43.764185,39.52114,135.75
2026-10-05 11:14:20,43.764039,39.5213,134.76
2026-10-05 11:14:22,43.763892,39.52146,133.78
2026-10-05 11:14:23,43.763745,39.52162,132.81
2026-10-05 11:14:24,43.763598,39.52178,131.85
2026-10-05 11:14:26,43.763452,39.52194,130.89
2026-10-05 11:14:27,43.763306,39.5221,129.96
2026-10-05 11:14:28,43.763159,39.52226,129.03
2026-10-05 11:14:30,43.763013,39.52242,128.13
2026-10-05 11:14:32,43.762867,39.52258,127.24
2026-10-05 11:14:33,43.762721,39.52274,126.37
2026-10-05 11:14:35,43.762575,39.5229,125.52
2026-10-05 11:14:36,43.76243,39.52306,124.69
2026-10-05 11:14:37,43.762284,39.52322,123.88
2026-10-05 11:14:39,43.762138,39.523381,123.09
2026-10-05 11:14:41,43.761993,39.523541,122.33
2026-10-05 11:14:42,43.761848,39.523701,121.58
2026-10-05 11:14:44,43.761702,39.523862,120.86
2026-10-05 11:14:45,43.761557,39.524022,120.16
2026-10-05 11:14:46,43.761412,39.524183,119.48
2026-10-05 11:14:47,43.761267,39.524343,118.82
2026-10-05 11:14:49,43.761122,39.524504,118.18
2026-10-05 11:14:51,43.760977,39.524664,117.55
2026-10-05 11:14:52,43.760832,39.524825,116.95
2026-10-05 11:14:54,43.760688,39.524985,116.35
2026-10-05 11:14:55,43.760543,39.525146,115.77
2026-10-05 11:14:56,43.760398,39.525306,115.21
2026-10-05 11:14:58,43.760254,39.525467,114.65
2026-10-05 11:15:00,43.760109,39.525628,114.11
2026-10-05 11:15:01,43.759965,39.525788,113.57
2026-10-05 11:15:02,43.759821,39.525949,113.03
2026-10-05 11:15:03,43.759677,39.526109,112.5
2026-10-05 11:15:04,43.759532,39.52627,111.97
2026-10-05 11:15:06,43.759388,39.52643,111.44
2026-10-05 11:15:07,43.759244,39.526591,110.9
2026-10-05 11:15:08,43.7591,39.526751,110.36
2026-10-05 11:15:09,43.758956,39.526912,109.81
2026-10-05 11:15:10,43.758813,39.527072,109.26
2026-10-05 11:15:12,43.758669,39.527232,108.69
2026-10-05 11:15:13,43.758525,39.527393,108.11
2026-10-05 11:15:15,43.758382,39.527553,107.51
2026-10-05 11:15:16,43.758238,39.527713,106.9
2026-10-05 11:15:17,43.758095,39.527873,106.27
2026-10-05 11:15:19,43.757951,39.528034,105.63
2026-10-05 11:15:20,43.757808,39.528194,104.96
2026-10-05 11:15:21,43.757665,39.528354,104.27
2026-10-05 11:15:23,43.757522,39.528514,103.56
2026-10-05 11:15:24,43.75738,39.528674,102.82
2026-10-05 11:15:25,43.757237,39.528834,102.07
2026-10-05 11:15:26,43.757094,39.528993,101.29
2026-10-05 11:15:27,43.756952,39.529153,100.48
2026-10-05 11:15:28,43.75681,39.529313,99.65
2026-10-05 11:15:30,43.756668,39.529473,98.8
2026-10-05 11:15:31,43.756526,39.529632,97.92
2026-10-05 11:15:32,43.756384,39.529792,97.02
2026-10-05 11:15:33,43.756242,39.529952,96.1
2026-10-05 11:15:34,43.756101,39.530111,95.16
2026-10-05 11:15:36,43.75596,39.530271,94.19
2026-10-05 11:15:37,43.755819,39.530431,93.21
2026-10-05 11:15:38,43.755678,39.53059,92.21
2026-10-05 11:15:39,43.755537,39.53075,91.2
2026-10-05 11:15:41,43.755397,39.530909,90.17
2026-10-05 11:15:42,43.755257,39.531069,89.13
2026-10-05 11:15:44,43.755117,39.531228,88.08
2026-10-05 11:15:45,43.754977,39.531388,87.03
2026-10-05 11:15:47,43.754837,39.531548,85.97
2026-10-05 11:15:48,43.754698,39.531708,84.91
2026-10-05 11:15:49,43.754559,39.531867,83.85
2026-10-05 11:15:51,43.75442,39.532027,82.79
2026-10-05 11:15:52,43.754281,39.532187,81.74
2026-10-05 11:15:53,43.754143,39.532347,80.69
2026-10-05 11:15:54,43.754005,39.532507,79.66
2026-10-05 11:15:56,43.753866,39.532668,78.64
2026-10-05 11:15:58,43.753729,39.532828,77.64
2026-10-05 11:15:59,43.753591,39.532988,76.66
2026-10-05 11:16:00,43.753453,39.533149,75.7
2026-10-05 11:16:01,43.753316,39.53331,74.77
2026-10-05 11:16:03,43.753179,39.533471,73.87
2026-10-05 11:16:04,43.753042,39.533632,73.0
2026-10-05 11:16:06,43.752905,39.533793,72.15
2026-10-05 11:16:07,43.752769,39.533955,71.35
2026-10-05 11:16:08,43.752632,39.534116,70.58
2026-10-05 11:16:10,43.752496,39.534278,69.85
2026-10-05 11:16:12,43.752359,39.534441,69.17
2026-10-05 11:16:13,43.752223,39.534603,68.53
2026-10-05 11:16:14,43.752087,39.534766,67.93
2026-10-05 11:16:16,43.751951,39.534928,67.38
2026-10-05 11:16:17,43.751815,39.535092,66.87
2026-10-05 11:16:19,43.751679,39.535255,66.42
2026-10-05 11:16:20,43.751543,39.535419,66.01
2026-10-05 11:16:21,43.751407,39.535583,65.65
2026-10-05 11:16:23,43.751271,39.535747,65.34
2026-10-05 11:16:24,43.751135,39.535912,65.09
2026-10-05 11:16:25,43.750999,39.536077,64.88
2026-10-05 11:16:27,43.750863,39.536242,64.72
2026-10-05 11:16:29,43.750727,39.536408,64.61
2026-10-05 11:16:30,43.75059,39.536574,64.55
2026-10-05 11:16:31,43.750454,39.53674,64.54
2026-10-05 11:16:32,43.750317,39.536907,64.57
2026-10-05 11:16:34,43.75018,39.537074,64.64
2026-10-05 11:16:35,43.750043,39.537241,64.76
2026-10-05 11:16:36,43.749906,39.537409,64.92
2026-10-05 11:16:37,43.749768,39.537577,65.12
2026-10-05 11:16:39,43.74963,39.537746,65.36
2026-10-05 11:16:40,43.749492,39.537914,65.63
2026-10-05 11:16:42,43.749354,39.538084,65.93
2026-10-05 11:16:43,43.749215,39.538253,66.27
2026-10-05 11:16:45,43.749076,39.538423,66.63
2026-10-05 11:16:46,43.748936,39.538594,67.01
2026-10-05 11:16:47,43.748796,39.538764,67.42
2026-10-05 11:16:49,43.748656,39.538936,67.84
2026-10-05 11:16:50,43.748515,39.539107,68.28
2026-10-05 11:16:51,43.748374,39.539279,68.73
2026-10-05 11:16:52,43.748233,39.539451,69.2
2026-10-05 11:16:54,43.748091,39.539624,69.67
2026-10-05 11:16:56,43.747948,39.539797,70.14
2026-10-05 11:16:57,43.747806,39.53997,70.61
2026-10-05 11:16:58,43.747662,39.540143,71.09
2026-10-05 11:16:59,43.747518,39.540317,71.55
2026-10-05 11:17:01,43.747374,39.540491,72.02
2026-10-05 11:17:02,43.747229,39.540666,72.47
2026-10-05 11:17:03,43.747083,39.540841,72.9
2026-10-05 11:17:04,43.746937,39.541016,73.33
2026-10-05 11:17:06,43.746791,39.541191,73.74
2026-10-05 11:17:08,43.746644,39.541366,74.12
2026-10-05 11:17:09,43.746496,39.541542,74.49
2026-10-05 11:17:10,43.746348,39.541718,74.84
2026-10-05 11:17:12,43.7462,39.541895,75.16
2026-10-05 11:17:13,43.746051,39.542071,75.45
2026-10-05 11:17:15,43.745901,39.542248,75.72
2026-10-05 11:17:16,43.745751,39.542424,75.96
2026-10-05 11:17:18,43.7456,39.542601,76.17
2026-10-05 11:17:19,43.745449,39.542778,76.36
2026-10-05 11:17:21,43.745298,39.542955,76.51
2026-10-05 11:17:23,43.745146,39.543133,76.64
2026-10-05 11:17:24,43.744993,39.54331,76.74
2026-10-05 11:17:25,43.74484,39.543487,76.81
2026-10-05 11:17:27,43.744687,39.543665,76.84
2026-10-05 11:17:28,43.744533,39.543842,76.86
2026-10-05 11:17:29,43.744379,39.54402,76.84
2026-10-05 11:17:30,43.744224,39.544197,76.8
2026-10-05 11:17:32,43.744069,39.544374,76.73
2026-10-05 11:17:33,43.743914,39.544552,76.64
2026-10-05 11:17:35,43.743759,39.544729,76.53
2026-10-05 11:17:37,43.743603,39.544906,76.4
2026-10-05 11:17:38,43.743447,39.545083,76.25
2026-10-05 11:17:40,43.74329,39.545259,76.08
2026-10-05 11:17:41,43.743134,39.545436,75.9
2026-10-05 11:17:43,43.742977,39.545612,75.7
2026-10-05 11:17:44,43.74282,39.545789,75.5
2026-10-05 11:17:45,43.742663,39.545965,75.28
2026-10-05 11:17:47,43.742506,39.54614,75.06
2026-10-05 11:17:48,43.742349,39.546316,74.83
2026-10-05 11:17:49,43.742192,39.546491,74.6
2026-10-05 11:17:51,43.742035,39.546665,74.37
2026-10-05 11:17:53,43.741878,39.54684,74.15
2026-10-05 11:17:54,43.74172,39.547014,73.92
2026-10-05 11:17:56,43.741563,39.547188,73.7
2026-10-05 11:17:58,43.741407,39.547361,73.49
2026-10-05 11:17:59,43.74125,39.547534,73.29
2026-10-05 11:18:00,43.741093,39.547706,73.1
2026-10-05 11:18:02,43.740937,39.547878,72.93
2026-10-05 11:18:03,43.74078,39.54805,72.76
2026-10-05 11:18:05,43.740624,39.548221,72.62
2026-10-05 11:18:06,43.740469,39.548391,72.49
2026-10-05 11:18:08,43.740313,39.548561,72.38
2026-10-05 11:18:09,43.740158,39.548731,72.28
2026-10-05 11:18:10,43.740004,39.548899,72.21
2026-10-05 11:18:12,43.73985,39.549068,72.15
2026-10-05 11:18:13,43.739696,39.549236,72.12
2026-10-05 11:18:15,43.739542,39.549403,72.1
2026-10-05 11:18:16,43.739389,39.549569,72.11
2026-10-05 11:18:17,43.739237,39.549735,72.13
2026-10-05 11:18:19,43.739085,39.5499,72.18
2026-10-05 11:18:20,43.738933,39.550065,72.24
2026-10-05 11:18:22,43.738783,39.550229,72.32
2026-10-05 11:18:23,43.738632,39.550393,72.42
2026-10-05 11:18:24,43.738483,39.550555,72.53
2026-10-05 11:18:25,43.738333,39.550717,72.66
2026-10-05 11:18:27,43.738185,39.550879,72.8
2026-10-05 11:18:28,43.738037,39.55104,72.96
2026-10-05 11:18:29,43.73789,39.5512,73.12
2026-10-05 11:18:31,43.737743,39.551359,73.29
2026-10-05 11:18:32,43.737597,39.551518,73.47
2026-10-05 11:18:34,43.737452,39.551676,73.65
2026-10-05 11:18:35,43.737307,39.551834,73.83
2026-10-05 11:18:36,43.737163,39.55199,74.01
2026-10-05 11:18:38,43.73702,39.552147,74.19
2026-10-05 11:18:39,43.736878,39.552302,74.36
2026-10-05 11:18:40,43.736736,39.552457,74.53
2026-10-05 11:18:42,43.736595,39.552611,74.68
2026-10-05 11:18:43,43.736454,39.552765,74.83
2026-10-05 11:18:45,43.736314,39.552918,74.96
2026-10-05 11:18:46,43.736175,39.55307,75.07
2026-10-05 11:18:47,43.736037,39.553222,75.16
2026-10-05 11:18:49,43.735899,39.553373,75.23
2026-10-05 11:18:50,43.735762,39.553523,75.28
2026-10-05 11:18:51,43.735625,39.553673,75.3
2026-10-05 11:18:52,43.73549,39.553823,75.3
2026-10-05 11:18:53,43.735354,39.553972,75.26
2026-10-05 11:18:55,43.73522,39.55412,75.2
2026-10-05 11:18:56,43.735086,39.554268,75.1
2026-10-05 11:18:57,43.734952,39.554416,74.97
2026-10-05 11:18:58,43.734819,39.554563,74.81
2026-10-05 11:18:59,43.734687,39.554709,74.61
2026-10-05 11:19:00,43.734555,39.554855,74.38
2026-10-05 11:19:02,43.734424,39.555001,74.1
2026-10-05 11:19:03,43.734293,39.555146,73.8
2026-10-05 11:19:04,43.734163,39.555291,73.45
2026-10-05 11:19:05,43.734033,39.555436,73.07
2026-10-05 11:19:07,43.733904,39.55558,72.65
2026-10-05 11:19:08,43.733775,39.555724,72.2
2026-10-05 11:19:10,43.733646,39.555868,71.71
2026-10-05 11:19:11,43.733518,39.556012,71.18
2026-10-05 11:19:12,43.73339,39.556155,70.62
2026-10-05 11:19:13,43.733262,39.556298,70.03
2026-10-05 11:19:15,43.733135,39.556442,69.41
2026-10-05 11:19:16,43.733008,39.556585,68.77
2026-10-05 11:19:17,43.732881,39.556727,68.09
2026-10-05 11:19:18,43.732754,39.55687,67.39
2026-10-05 11:19:19,43.732628,39.557013,66.67
2026-10-05 11:19:20,43.732501,39.557156,65.92
2026-10-05 11:19:21,43.732375,39.557298,65.16
2026-10-05 11:19:23,43.732249,39.557441,64.39
2026-10-05 11:19:24,43.732123,39.557584,63.6
2026-10-05 11:19:26,43.731997,39.557727,62.8
2026-10-05 11:19:27,43.73187,39.55787,62.0
2026-10-05 11:19:27,43.731744,39.558013,61.19
2026-10-05 11:19:29,43.731618,39.558157,60.39
2026-10-05 11:19:30,43.731492,39.558301,59.58
2026-10-05 11:19:32,43.731365,39.558444,58.78
2026-10-05 11:19:33,43.731239,39.558589,57.99
2026-10-05 11:19:34,43.731112,39.558733,57.21
2026-10-05 11:19:36,43.730985,39.558878,56.44
2026-10-05 11:19:36,43.730858,39.559023,55.69
2026-10-05 11:19:38,43.730731,39.559169,54.96
2026-10-05 11:19:39,43.730603,39.559315,54.25
2026-10-05 11:19:40,43.730475,39.559461,53.57
2026-10-05 11:19:41,43.730347,39.559608,52.92
2026-10-05 11:19:42,43.730219,39.559755,52.29
2026-10-05 11:19:43,43.73009,39.559903,51.7
2026-10-05 11:19:44,43.72996,39.560051,51.14
2026-10-05 11:19:45,43.729831,39.5602,50.62
2026-10-05 11:19:46,43.729701,39.56035,50.14
2026-10-05 11:19:47,43.72957,39.5605,49.69
2026-10-05 11:19:48,43.72944,39.56065,49.29
2026-10-05 11:19:49,43.729308,39.560802,48.93
2026-10-05 11:19:50,43.729177,39.560953,48.61
2026-10-05 11:19:51,43.729044,39.561106,48.33
2026-10-05 11:19:53,43.728911,39.561259,48.1
2026-10-05 11:19:54,43.728778,39.561413,47.91
2026-10-05 11:19:56,43.728644,39.561568,47.76
2026-10-05 11:19:57,43.72851,39.561723,47.66
2026-10-05 11:19:58,43.728375,39.561879,47.6
2026-10-05 11:19:59,43.72824,39.562036,47.58
2026-10-05 11:20:00,43.728104,39.562193,47.61
2026-10-05 11:20:02,43.727967,39.562351,47.67
2026-10-05 11:20:03,43.72783,39.56251,47.78
2026-10-05 11:20:04,43.727693,39.56267,47.92
2026-10-05 11:20:06,43.727555,39.562831,48.1
2026-10-05 11:20:07,43.727416,39.562992,48.31
2026-10-05 11:20:08,43.727277,39.563154,48.55
2026-10-05 11:20:10,43.727137,39.563317,48.83
2026-10-05 11:20:11,43.726996,39.56348,49.14
2026-10-05 11:20:12,43.726855,39.563645,49.47
2026-10-05 11:20:14,43.726714,39.56381,49.82
2026-10-05 11:20:15,43.726571,39.563976,50.19
2026-10-05 11:20:17,43.726429,39.564142,50.59
2026-10-05 11:20:18,43.726285,39.56431,51.0
2026-10-05 11:20:19,43.726142,39.564478,51.42
2026-10-05 11:20:21,43.725997,39.564646,51.85
2026-10-05 11:20:22,43.725852,39.564816,52.29
2026-10-05 11:20:23,43.725707,39.564986,52.74
2026-10-05 11:20:25,43.725561,39.565157,53.19
2026-10-05 11:20:26,43.725415,39.565328,53.64
2026-10-05 11:20:28,43.725268,39.565501,54.09
2026-10-05 11:20:29,43.725121,39.565674,54.53
2026-10-05 11:20:30,43.724973,39.565847,54.96
2026-10-05 11:20:31,43.724825,39.566021,55.39
2026-10-05 11:20:33,43.724676,39.566196,55.8
2026-10-05 11:20:34,43.724527,39.566371,56.2
2026-10-05 11:20:35,43.724377,39.566547,56.59
2026-10-05 11:20:36,43.724227,39.566723,56.96
2026-10-05 11:20:38,43.724077,39.5669,57.31
2026-10-05 11:20:39,43.723926,39.567077,57.64
2026-10-05 11:20:41,43.723775,39.567255,57.95
2026-10-05 11:20:42,43.723624,39.567433,58.24
2026-10-05 11:20:44,43.723473,39.567612,58.5
2026-10-05 11:20:45,43.723321,39.567791,58.74
2026-10-05 11:20:47,43.723168,39.56797,58.96
2026-10-05 11:20:48,43.723016,39.56815,59.15
2026-10-05 11:20:50,43.722863,39.568329,59.32
2026-10-05 11:20:51,43.72271,39.56851,59.47
2026-10-05 11:20:52,43.722557,39.56869,59.59
2026-10-05 11:20:53,43.722404,39.568871,59.69
2026-10-05 11:20:55,43.722251,39.569052,59.76
2026-10-05 11:20:56,43.722097,39.569233,59.82
2026-10-05 11:20:58,43.721943,39.569414,59.85
2026-10-05 11:21:00,43.72179,39.569595,59.87
2026-10-05 11:21:01,43.721636,39.569776,59.86
2026-10-05 11:21:02,43.721482,39.569957,59.84
2026-10-05 11:21:04,43.721328,39.570139,59.81
2026-10-05 11:21:05,43.721173,39.57032,59.76
2026-10-05 11:21:06,43.721019,39.570501,59.7
2026-10-05 11:21:08,43.720865,39.570683,59.63
2026-10-05 11:21:10,43.720711,39.570864,59.55
2026-10-05 11:21:11,43.720557,39.571045,59.47
2026-10-05 11:21:13,43.720403,39.571225,59.38
2026-10-05 11:21:15,43.720249,39.571406,59.29
2026-10-05 11:21:16,43.720095,39.571586,59.2
2026-10-05 11:21:18,43.719941,39.571766,59.12
2026-10-05 11:21:19,43.719788,39.571946,59.03
2026-10-05 11:21:20,43.719634,39.572126,58.96
2026-10-05 11:21:22,43.719481,39.572305,58.89
2026-10-05 11:21:23,43.719327,39.572484,58.83
2026-10-05 11:21:25,43.719174,39.572663,58.78
2026-10-05 11:21:26,43.719021,39.572841,58.75
2026-10-05 11:21:27,43.718868,39.573019,58.73
2026-10-05 11:21:28,43.718716,39.573196,58.72
2026-10-05 11:21:30,43.718563,39.573373,58.74
2026-10-05 11:21:32,43.718411,39.57355,58.77
2026-10-05 11:21:33,43.718259,39.573726,58.82
2026-10-05 11:21:34,43.718108,39.573901,58.89
2026-10-05 11:21:35,43.717956,39.574076,58.98
2026-10-05 11:21:37,43.717805,39.574251,59.09
2026-10-05 11:21:38,43.717654,39.574425,59.22
2026-10-05 11:21:40,43.717503,39.574598,59.38
2026-10-05 11:21:41,43.717353,39.574771,59.55
2026-10-05 11:21:43,43.717203,39.574944,59.75
2026-10-05 11:21:44,43.717053,39.575116,59.97
2026-10-05 11:21:46,43.716903,39.575287,60.2
2026-10-05 11:21:47,43.716754,39.575458,60.45
2026-10-05 11:21:48,43.716605,39.575628,60.72
2026-10-05 11:21:50,43.716456,39.575797,61.01
2026-10-05 11:21:51,43.716308,39.575966,61.31
2026-10-05 11:21:52,43.71616,39.576135,61.62
2026-10-05 11:21:54,43.716012,39.576303,61.95
2026-10-05 11:21:55,43.715865,39.57647,62.28
2026-10-05 11:21:56,43.715717,39.576637,62.62
2026-10-05 11:21:57,43.71557,39.576803,62.97
2026-10-05 11:21:59,43.715424,39.576968,63.31
2026-10-05 11:22:00,43.715278,39.577133,63.66
2026-10-05 11:22:02,43.715132,39.577298,64.0
2026-10-05 11:22:03,43.714986,39.577462,64.34
2026-10-05 11:22:04,43.714841,39.577625,64.67
2026-10-05 11:22:06,43.714696,39.577788,64.99
2026-10-05 11:22:07,43.714551,39.577951,65.3
2026-10-05 11:22:09,43.714406,39.578112,65.59
2026-10-05 11:22:11,43.714262,39.578274,65.86
2026-10-05 11:22:12,43.714118,39.578435,66.11
2026-10-05 11:22:14,43.713974,39.578595,66.34
2026-10-05 11:22:16,43.713831,39.578756,66.54
2026-10-05 11:22:17,43.713688,39.578915,66.71
2026-10-05 11:22:18,43.713545,39.579075,66.85
2026-10-05 11:22:20,43.713402,39.579234,66.95
2026-10-05 11:22:21,43.71326,39.579392,67.02
2026-10-05 11:22:22,43.713117,39.57955,67.05
2026-10-05 11:22:23,43.712976,39.579708,67.04
2026-10-05 11:22:25,43.712834,39.579866,66.99
2026-10-05 11:22:26,43.712692,39.580023,66.89
2026-10-05 11:22:27,43.712551,39.58018,66.75
2026-10-05 11:22:29,43.71241,39.580337,66.57
2026-10-05 11:22:30,43.712269,39.580494,66.33
2026-10-05 11:22:31,43.712128,39.58065,66.05
2026-10-05 11:22:33,43.711987,39.580806,65.72
2026-10-05 11:22:34,43.711847,39.580962,65.34
2026-10-05 11:22:35,43.711706,39.581118,64.91
2026-10-05 11:22:36,43.711566,39.581274,64.43
2026-10-05 11:22:37,43.711426,39.581429,63.9
2026-10-05 11:22:39,43.711286,39.581585,63.33
2026-10-05 11:22:40,43.711146,39.581741,62.7
2026-10-05 11:22:41,43.711007,39.581896,62.03
2026-10-05 11:22:42,43.710867,39.582052,61.32
2026-10-05 11:22:44,43.710727,39.582207,60.56
2026-10-05 11:22:45,43.710588,39.582362,59.75
2026-10-05 11:22:47,43.710449,39.582518,58.91
2026-10-05 11:22:48,43.710309,39.582674,58.02
2026-10-05 11:22:49,43.71017,39.582829,57.1
2026-10-05 11:22:50,43.710031,39.582985,56.15
2026-10-05 11:22:52,43.709892,39.583141,55.16
2026-10-05 11:22:54,43.709752,39.583297,54.14
2026-10-05 11:22:55,43.709613,39.583453,53.1
2026-10-05 11:22:56,43.709474,39.583609,52.03
2026-10-05 11:22:57,43.709335,39.583765,50.94
2026-10-05 11:22:58,43.709196,39.583922,49.83
2026-10-05 11:22:59,43.709057,39.584078,48.7
2026-10-05 11:23:01,43.708918,39.584235,47.56
2026-10-05 11:23:02,43.708779,39.584392,46.41
2026-10-05 11:23:04,43.70864,39.584549,45.26
2026-10-05 11:23:05,43.7085,39.584707,44.1
2026-10-05 11:23:06,43.708361,39.584864,42.94
2026-10-05 11:23:07,43.708222,39.585022,41.78
2026-10-05 11:23:08,43.708083,39.58518,40.63
2026-10-05 11:23:10,43.707943,39.585339,39.48
2026-10-05 11:23:11,43.707804,39.585497,38.35
2026-10-05 11:23:12,43.707665,39.585656,37.22
2026-10-05 11:23:13,43.707498,39.585752,36.39
2026-10-05 11:23:15,43.707328,39.585838,35.62
2026-10-05 11:23:16,43.707158,39.585925,34.87
2026-10-05 11:23:17,43.706988,39.586012,34.14
2026-10-05 11:23:18,43.706818,39.586099,33.44
2026-10-05 11:23:20,43.706647,39.586186,32.76
2026-10-05 11:23:21,43.706477,39.586274,32.11
2026-10-05 11:23:23,43.706306,39.586362,31.49
2026-10-05 11:23:25,43.706136,39.58645,30.9
2026-10-05 11:23:26,43.705965,39.586538,30.33
2026-10-05 11:23:27,43.705794,39.586627,29.8
2026-10-05 11:23:28,43.705624,39.586715,29.3
2026-10-05 11:23:29,43.705453,39.586804,28.84
2026-10-05 11:23:31,43.705282,39.586894,28.4
2026-10-05 11:23:32,43.705111,39.586983,28.0
2026-10-05 11:23:33,43.704939,39.587072,27.63
2026-10-05 11:23:34,43.704768,39.587162,27.29
2026-10-05 11:23:35,43.704597,39.587252,26.98
2026-10-05 11:23:37,43.704425,39.587342,26.71
2026-10-05 11:23:38,43.704254,39.587432,26.46
2026-10-05 11:23:39,43.704082,39.587523,26.23
2026-10-05 11:23:41,43.703911,39.587613,26.04
2026-10-05 11:23:42,43.703739,39.587704,25.87
2026-10-05 11:23:43,43.703567,39.587795,25.72
2026-10-05 11:23:45,43.703396,39.587886,25.59
2026-10-05 11:23:46,43.703224,39.587977,25.48
2026-10-05 11:23:47,43.703052,39.588068,25.39
2026-10-05 11:23:49,43.70288,39.588159,25.32
2026-10-05 11:23:50,43.702708,39.588251,25.26
2026-10-05 11:23:51,43.702536,39.588342,25.2
2026-10-05 11:23:53,43.702363,39.588434,25.16
2026-10-05 11:23:54,43.702191,39.588526,25.13
2026-10-05 11:23:56,43.702019,39.588617,25.1
2026-10-05 11:23:57,43.701847,39.588709,25.07
2026-10-05 11:23:58,43.701674,39.588801,25.04
2026-10-05 11:23:59,43.701502,39.588893,25.01
2026-10-05 11:24:01,43.701329,39.588985,24.97
2026-10-05 11:24:02,43.701157,39.589077,24.93
2026-10-05 11:24:04,43.700984,39.589169,24.88
2026-10-05 11:24:05,43.700812,39.589261,24.82
2026-10-05 11:24:06,43.700639,39.589354,24.75
2026-10-05 11:24:07,43.700467,39.589446,24.67
2026-10-05 11:24:08,43.700294,39.589538,24.57
2026-10-05 11:24:10,43.700121,39.589631,24.46
2026-10-05 11:24:12,43.699949,39.589723,24.33
2026-10-05 11:24:13,43.699776,39.589815,24.18
2026-10-05 11:24:14,43.699604,39.589908,24.01
2026-10-05 11:24:16,43.699431,39.59,23.83
2026-10-05 11:24:17,43.699258,39.590093,23.62
2026-10-05 11:24:18,43.699085,39.590185,23.4
2026-10-05 11:24:19,43.698913,39.590278,23.16
2026-10-05 11:24:21,43.69874,39.590371,22.9
2026-10-05 11:24:22,43.698567,39.590464,22.62
2026-10-05 11:24:23,43.698395,39.590556,22.32
2026-10-05 11:24:25,43.698222,39.590649,22.0
2026-10-05 11:24:26,43.698049,39.590742,21.67
2026-10-05 11:24:27,43.697876,39.590835,21.32
2026-10-05 11:24:28,43.697704,39.590928,20.96
2026-10-05 11:24:29,43.697531,39.591021,20.58
2026-10-05 11:24:30,43.697358,39.591114,20.19
2026-10-05 11:24:31,43.697185,39.591207,19.8
2026-10-05 11:24:32,43.697012,39.591301,19.39
2026-10-05 11:24:33,43.69684,39.591394,18.98
2026-10-05 11:24:35,43.696667,39.591487,18.57
2026-10-05 11:24:36,43.696494,39.591581,18.15
2026-10-05 11:24:37,43.696321,39.591675,17.73
2026-10-05 11:24:38,43.696148,39.591768,17.32
2026-10-05 11:24:40,43.695976,39.591862,16.91
2026-10-05 11:24:41,43.695803,39.591956,16.51
2026-10-05 11:24:42,43.69563,39.59205,16.11
2026-10-05 11:24:43,43.695457,39.592144,15.73
2026-10-05 11:24:45,43.695284,39.592238,15.36
2026-10-05 11:24:46,43.695111,39.592332,15.01
2026-10-05 11:24:47,43.694938,39.592426,14.68
2026-10-05 11:24:48,43.694765,39.59252,14.36
2026-10-05 11:24:50,43.694591,39.592614,14.07
2026-10-05 11:24:51,43.694418,39.592709,13.8
2026-10-05 11:24:52,43.694245,39.592803,13.56
2026-10-05 11:24:54,43.694072,39.592898,13.34
2026-10-05 11:24:55,43.693898,39.592992,13.16
2026-10-05 11:24:57,43.693725,39.593087,13.0
2026-10-05 11:24:58,43.693551,39.593182,12.88
2026-10-05 11:24:59,43.693378,39.593276,12.79
2026-10-05 11:25:00,43.693204,39.593371,12.73
2026-10-05 11:25:01,43.693031,39.593466,12.71
2026-10-05 11:25:03,43.692857,39.59356,12.72
2026-10-05 11:25:04,43.692683,39.593655,12.76
2026-10-05 11:25:06,43.692509,39.59375,12.84
2026-10-05 11:25:07,43.692335,39.593844,12.96
2026-10-05 11:25:08,43.69216,39.593939,13.11
2026-10-05 11:25:09,43.691986,39.594033,13.29
2026-10-05 11:25:11,43.691812,39.594128,13.51
2026-10-05 11:25:12,43.691637,39.594222,13.75
2026-10-05 11:25:14,43.691463,39.594317,14.03
2026-10-05 11:25:16,43.691288,39.594411,14.34
2026-10-05 11:25:17,43.691113,39.594505,14.68
2026-10-05 11:25:18,43.690938,39.594599,15.04
2026-10-05 11:25:19,43.690763,39.594692,15.42
2026-10-05 11:25:21,43.690587,39.594786,15.83
2026-10-05 11:25:22,43.690412,39.594879,16.26
2026-10-05 11:25:23,43.690236,39.594972,16.71
2026-10-05 11:25:24,43.690061,39.595065,17.17
2026-10-05 11:25:25,43.689885,39.595158,17.64
2026-10-05 11:25:26,43.689709,39.595251,18.12
2026-10-05 11:25:27,43.689533,39.595343,18.61
2026-10-05 11:25:29,43.689356,39.595435,19.1
2026-10-05 11:25:30,43.68918,39.595526,19.6
2026-10-05 11:25:32,43.689003,39.595618,20.09
2026-10-05 11:25:33,43.688827,39.595709,20.58
2026-10-05 11:25:35,43.68865,39.595799,21.06
2026-10-05 11:25:36,43.688473,39.59589,21.53
2026-10-05 11:25:38,43.688296,39.59598,21.98
2026-10-05 11:25:39,43.688119,39.596069,22.42
2026-10-05 11:25:41,43.687941,39.596158,22.84
2026-10-05 11:25:43,43.687764,39.596247,23.24
2026-10-05 11:25:44,43.687586,39.596336,23.61
2026-10-05 11:25:45,43.687409,39.596424,23.96
2026-10-05 11:25:46,43.687231,39.596511,24.27
2026-10-05 11:25:48,43.687053,39.596598,24.55
2026-10-05 11:25:50,43.686875,39.596685,24.8
2026-10-05 11:25:51,43.686697,39.596772,25.02
2026-10-05 11:25:53,43.686518,39.596858,25.19
2026-10-05 11:25:54,43.68634,39.596943,25.33
2026-10-05 11:25:55,43.686162,39.597028,25.43
2026-10-05 11:25:56,43.685983,39.597113,25.48
2026-10-05 11:25:58,43.685805,39.597197,25.49
2026-10-05 11:25:59,43.685626,39.597281,25.46
2026-10-05 11:26:00,43.685448,39.597365,25.38
2026-10-05 11:26:02,43.685269,39.597448,25.26
2026-10-05 11:26:03,43.685091,39.597531,25.1
2026-10-05 11:26:04,43.684912,39.597613,24.89
2026-10-05 11:26:05,43.684733,39.597695,24.64
2026-10-05 11:26:07,43.684555,39.597777,24.34
2026-10-05 11:26:08,43.684376,39.597859,24.0
2026-10-05 11:26:09,43.684198,39.59794,23.62
2026-10-05 11:26:11,43.684019,39.598021,23.19
2026-10-05 11:26:12,43.683841,39.598102,22.73
2026-10-05 11:26:13,43.683663,39.598182,22.23
2026-10-05 11:26:14,43.683485,39.598262,21.7
2026-10-05 11:26:15,43.683306,39.598343,21.13
2026-10-05 11:26:16,43.683128,39.598423,20.53
2026-10-05 11:26:18,43.682951,39.598502,19.9
2026-10-05 11:26:19,43.682773,39.598582,19.24
2026-10-05 11:26:20,43.682595,39.598662,18.56
2026-10-05 11:26:22,43.682418,39.598742,17.85
2026-10-05 11:26:23,43.682241,39.598822,17.13
2026-10-05 11:26:24,43.682064,39.598901,16.39
2026-10-05 11:26:25,43.681887,39.598981,15.63
2026-10-05 11:26:26,43.68171,39.599061,14.86
2026-10-05 11:26:28,43.681534,39.599141,14.08
2026-10-05 11:26:29,43.681358,39.599222,13.3
2026-10-05 11:26:30,43.681182,39.599302,12.51
2026-10-05 11:26:32,43.681007,39.599383,11.72
2026-10-05 11:26:33,43.680831,39.599464,10.93
2026-10-05 11:26:35,43.680656,39.599545,10.15
2026-10-05 11:26:36,43.680482,39.599627,9.37
2026-10-05 11:26:37,43.680307,39.599709,8.6
2026-10-05 11:26:38,43.680133,39.599792,7.85
2026-10-05 11:26:40,43.679959,39.599874,7.11
2026-10-05 11:26:42,43.679786,39.599958,6.38
2026-10-05 11:26:43,43.679613,39.600042,5.67
2026-10-05 11:26:44,43.67944,39.600126,5.0
2026-10-05 11:26:46,43.679268,39.600211,5.0
2026-10-05 11:26:47,43.679096,39.600297,5.0
2026-10-05 11:26:48,43.678924,39.600383,5.0
2026-10-05 11:26:49,43.678753,39.60047,5.0
2026-10-05 11:26:50,43.678582,39.600557,5.0
2026-10-05 11:26:51,43.678412,39.600646,5.0
2026-10-05 11:26:52,43.678242,39.600734,5.0
2026-10-05 11:26:54,43.678072,39.600824,5.0
2026-10-05 11:26:55,43.677902,39.600914,5.0
2026-10-05 11:26:56,43.677733,39.601005,5.0
2026-10-05 11:26:58,43.677565,39.601097,5.0
2026-10-05 11:26:59,43.677397,39.60119,5.0
2026-10-05 11:27:00,43.677229,39.601283,5.0
2026-10-05 11:27:02,43.677061,39.601377,5.0
2026-10-05 11:27:04,43.676894,39.601472,5.0
2026-10-05 11:27:05,43.676727,39.601568,5.0
2026-10-05 11:27:06,43.676561,39.601664,5.0
2026-10-05 11:27:07,43.676395,39.601761,5.0
2026-10-05 11:27:08,43.676229,39.601859,5.0
2026-10-05 11:27:10,43.676063,39.601958,5.0
2026-10-05 11:27:11,43.675898,39.602057,5.0
2026-10-05 11:27:12,43.675733,39.602157,5.0
2026-10-05 11:27:13,43.675569,39.602258,5.0
2026-10-05 11:27:14,43.675404,39.60236,5.0
2026-10-05 11:27:16,43.67524,39.602462,5.0
2026-10-05 11:27:17,43.675076,39.602565,5.0
2026-10-05 11:27:18,43.674913,39.602668,5.0
2026-10-05 11:27:20,43.674749,39.602772,5.0
2026-10-05 11:27:21,43.674586,39.602877,5.0
2026-10-05 11:27:23,43.674423,39.602982,5.0
2026-10-05 11:27:24,43.67426,39.603088,5.0
2026-10-05 11:27:25,43.674097,39.603194,5.0
2026-10-05 11:27:27,43.673934,39.6033,5.0
2026-10-05 11:27:28,43.673771,39.603407,5.0
2026-10-05 11:27:30,43.673608,39.603514,5.0
2026-10-05 11:27:31,43.673446,39.603622,5.0
2026-10-05 11:27:33,43.673283,39.60373,5.0
2026-10-05 11:27:34,43.67312,39.603838,5.0
2026-10-05 11:27:35,43.672958,39.603946,5.0
2026-10-05 11:27:36,43.672795,39.604054,5.0
2026-10-05 11:27:37,43.672632,39.604163,5.0
2026-10-05 11:27:38,43.672469,39.604271,5.0
2026-10-05 11:27:40,43.672306,39.60438,5.0
2026-10-05 11:27:42,43.672142,39.604488,5.0
2026-10-05 11:27:43,43.671979,39.604596,5.0
2026-10-05 11:27:45,43.671815,39.604704,5.0
2026-10-05 11:27:46,43.671651,39.604812,5.0
2026-10-05 11:27:48,43.671487,39.60492,5.0
2026-10-05 11:27:49,43.671323,39.605027,5.0
2026-10-05 11:27:50,43.671158,39.605135,5.0
2026-10-05 11:27:51,43.670993,39.605241,5.0
2026-10-05 11:27:52,43.670827,39.605347,5.0
2026-10-05 11:27:54,43.670661,39.605453,5.0
2026-10-05 11:27:55,43.670495,39.605559,5.0
2026-10-05 11:27:57,43.670329,39.605663,5.0
2026-10-05 11:27:58,43.670162,39.605768,5.0
2026-10-05 11:28:00,43.669994,39.605871,5.0
2026-10-05 11:28:01,43.669826,39.605974,5.0
2026-10-05 11:28:02,43.669658,39.606076,5.0
2026-10-05 11:28:04,43.669489,39.606178,5.0
2026-10-05 11:28:05,43.669319,39.606279,5.0
2026-10-05 11:28:06,43.669149,39.606379,5.0
2026-10-05 11:28:07,43.668979,39.606478,5.0
2026-10-05 11:28:09,43.668808,39.606576,5.0
2026-10-05 11:28:10,43.668636,39.606674,5.0
2026-10-05 11:28:11,43.668464,39.60677,5.0
2026-10-05 11:28:13,43.668291,39.606866,5.0
2026-10-05 11:28:14,43.668118,39.606961,5.0
2026-10-05 11:28:15,43.667944,39.607055,5.0
2026-10-05 11:28:17,43.667769,39.607148,5.0
2026-10-05 11:28:18,43.667594,39.60724,5.0
2026-10-05 11:28:19,43.667418,39.607331,5.0
2026-10-05 11:28:20,43.667242,39.607422,5.0
2026-10-05 11:28:21,43.667065,39.607511,5.0
2026-10-05 11:28:22,43.666888,39.607599,5.0
2026-10-05 11:28:23,43.66671,39.607687,5.0
2026-10-05 11:28:25,43.666531,39.607774,5.0
2026-10-05 11:28:26,43.666352,39.607859,5.0
2026-10-05 11:28:28,43.666173,39.607944,5.0
2026-10-05 11:28:29,43.665992,39.608028,5.0
2026-10-05 11:28:30,43.665812,39.608111,5.0
2026-10-05 11:28:31,43.665631,39.608193,5.0
2026-10-05 11:28:33,43.665449,39.608275,5.0
2026-10-05 11:28:34,43.665267,39.608356,5.0
2026-10-05 11:28:36,43.665084,39.608436,5.0
2026-10-05 11:28:37,43.664901,39.608515,5.0
2026-10-05 11:28:39,43.664718,39.608593,5.0
2026-10-05 11:28:40,43.664534,39.608671,5.0
2026-10-05 11:28:42,43.66435,39.608749,5.0
2026-10-05 11:28:43,43.664165,39.608825,5.0
2026-10-05 11:28:44,43.66398,39.608901,5.0
2026-10-05 11:28:46,43.663795,39.608977,5.0
2026-10-05 11:28:48,43.66361,39.609052,5.0
2026-10-05 11:28:49,43.663424,39.609127,5.0
2026-10-05 11:28:50,43.663239,39.609201,5.0
2026-10-05 11:28:51,43.663053,39.609275,5.0
2026-10-05 11:28:53,43.662866,39.609349,5.0
2026-10-05 11:28:54,43.66268,39.609422,5.0
2026-10-05 11:28:55,43.662494,39.609495,5.0
2026-10-05 11:28:57,43.662308,39.609568,5.0
2026-10-05 11:28:58,43.662121,39.609641,5.0
2026-10-05 11:29:00,43.661935,39.609714,5.0
2026-10-05 11:29:01,43.661748,39.609786,5.0
2026-10-05 11:29:02,43.661562,39.609859,5.0
2026-10-05 11:29:04,43.661376,39.609932,5.0
2026-10-05 11:29:05,43.66119,39.610004,5.0
2026-10-05 11:29:06,43.661004,39.610077,5.0
2026-10-05 11:29:07,43.660818,39.61015,5.0
2026-10-05 11:29:09,43.660633,39.610224,5.0
2026-10-05 11:29:10,43.660448,39.610297,5.0
2026-10-05 11:29:11,43.660263,39.610371,5.0
2026-10-05 11:29:13,43.660078,39.610445,5.0
2026-10-05 11:29:14,43.659894,39.61052,5.0
2026-10-05 11:29:15,43.65971,39.610595,5.0
2026-10-05 11:29:16,43.659526,39.61067,5.0
2026-10-05 11:29:18,43.659343,39.610746,5.0
2026-10-05 11:29:19,43.65916,39.610822,5.0
2026-10-05 11:29:20,43.658978,39.610899,5.27
2026-10-05 11:29:22,43.658796,39.610977,6.01
2026-10-05 11:29:23,43.658615,39.611055,6.71
2026-10-05 11:29:24,43.658434,39.611133,7.39
2026-10-05 11:29:26,43.658253,39.611212,8.03
2026-10-05 11:29:27,43.658074,39.611292,8.64
2026-10-05 11:29:28,43.657894,39.611373,9.21
2026-10-05 11:29:29,43.657716,39.611454,9.75
2026-10-05 11:29:30,43.657538,39.611536,10.25
2026-10-05 11:29:31,43.65736,39.611619,10.72
2026-10-05 11:29:33,43.657183,39.611702,11.15
2026-10-05 11:29:34,43.657007,39.611786,11.55
2026-10-05 11:29:35,43.656831,39.611871,11.91
2026-10-05 11:29:37,43.656656,39.611956,12.24
2026-10-05 11:29:39,43.656481,39.612043,12.54
2026-10-05 11:29:40,43.656307,39.61213,12.81
2026-10-05 11:29:41,43.656133,39.612217,13.04
2026-10-05 11:29:43,43.655961,39.612306,13.25
2026-10-05 11:29:44,43.655788,39.612395,13.43
2026-10-05 11:29:45,43.655617,39.612485,13.59
2026-10-05 11:29:46,43.655445,39.612576,13.72
2026-10-05 11:29:47,43.655275,39.612667,13.83
2026-10-05 11:29:48,43.655105,39.612759,13.92
2026-10-05 11:29:50,43.654935,39.612852,14.0
2026-10-05 11:29:51,43.654766,39.612946,14.06
2026-10-05 11:29:53,43.654598,39.61304,14.1
2026-10-05 11:29:54,43.65443,39.613135,14.14
2026-10-05 11:29:55,43.654262,39.61323,14.17
2026-10-05 11:29:56,43.654095,39.613326,14.19
2026-10-05 11:29:57,43.653928,39.613423,14.21
2026-10-05 11:29:58,43.653762,39.61352,14.23
2026-10-05 11:30:00,43.653596,39.613617,14.24
2026-10-05 11:30:02,43.65343,39.613716,14.26
2026-10-05 11:30:03,43.653265,39.613814,14.29
2026-10-05 11:30:04,43.6531,39.613913,14.32
2026-10-05 11:30:06,43.652935,39.614013,14.36
2026-10-05 11:30:07,43.65277,39.614113,14.42
2026-10-05 11:30:08,43.652606,39.614213,14.48
2026-10-05 11:30:09,43.652442,39.614314,14.56
2026-10-05 11:30:11,43.652278,39.614415,14.65
2026-10-05 11:30:12,43.652114,39.614516,14.76
2026-10-05 11:30:14,43.651985,39.614662,14.89
2026-10-05 11:30:15,43.65194,39.614918,15.06
2026-10-05 11:30:17,43.651894,39.615174,15.25
2026-10-05 11:30:18,43.651849,39.615429,15.46
2026-10-05 11:30:19,43.651803,39.615686,15.69
2026-10-05 11:30:20,43.651758,39.615942,15.94
2026-10-05 11:30:22,43.651713,39.616198,16.21
2026-10-05 11:30:23,43.651667,39.616454,16.49
2026-10-05 11:30:24,43.651621,39.616711,16.8
2026-10-05 11:30:25,43.651576,39.616967,17.12
2026-10-05 11:30:26,43.65153,39.617223,17.46
2026-10-05 11:30:28,43.651484,39.61748,17.81
2026-10-05 11:30:29,43.651437,39.617736,18.18
2026-10-05 11:30:30,43.651391,39.617992,18.56
2026-10-05 11:30:32,43.651344,39.618248,18.96
2026-10-05 11:30:34,43.651297,39.618504,19.36
2026-10-05 11:30:36,43.65125,39.618759,19.77
2026-10-05 11:30:37,43.651202,39.619015,20.19
2026-10-05 11:30:39,43.651155,39.61927,20.62
2026-10-05 11:30:40,43.651106,39.619525,21.04
2026-10-05 11:30:41,43.651058,39.61978,21.47
2026-10-05 11:30:43,43.651009,39.620035,21.9
2026-10-05 11:30:44,43.65096,39.620289,22.32
2026-10-05 11:30:46,43.65091,39.620543,22.74
2026-10-05 11:30:47,43.65086,39.620797,23.15
2026-10-05 11:30:49,43.65081,39.62105,23.54
2026-10-05 11:30:50,43.650759,39.621303,23.93
2026-10-05 11:30:52,43.650708,39.621556,24.3
2026-10-05 11:30:53,43.650657,39.621808,24.66
2026-10-05 11:30:55,43.650605,39.62206,24.99
2026-10-05 11:30:56,43.650552,39.622311,25.31
2026-10-05 11:30:57,43.6505,39.622563,25.6
2026-10-05 11:30:59,43.650447,39.622813,25.87
2026-10-05 11:31:00,43.650393,39.623064,26.11
2026-10-05 11:31:02,43.650339,39.623314,26.33
2026-10-05 11:31:03,43.650285,39.623564,26.52
2026-10-05 11:31:05,43.65023,39.623813,26.68
2026-10-05 11:31:06,43.650175,39.624062,26.81
2026-10-05 11:31:07,43.65012,39.62431,26.9
2026-10-05 11:31:08,43.650064,39.624558,26.97
2026-10-05 11:31:10,43.650008,39.624806,27.0
2026-10-05 11:31:11,43.649951,39.625053,27.0
2026-10-05 11:31:12,43.649895,39.6253,26.97
2026-10-05 11:31:13,43.649837,39.625547,26.9
2026-10-05 11:31:14,43.64978,39.625793,26.81
2026-10-05 11:31:16,43.649722,39.626039,26.68
2026-10-05 11:31:17,43.649664,39.626285,26.52
2026-10-05 11:31:18,43.649606,39.62653,26.33
2026-10-05 11:31:19,43.649548,39.626775,26.12
2026-10-05 11:31:21,43.649489,39.627019,25.87
2026-10-05 11:31:22,43.64943,39.627263,25.6
2026-10-05 11:31:23,43.649371,39.627507,25.31
2026-10-05 11:31:25,43.649312,39.627751,25.0
2026-10-05 11:31:26,43.649252,39.627994,24.66
2026-10-05 11:31:28,43.649192,39.628237,24.31
2026-10-05 11:31:29,43.649133,39.62848,23.95
2026-10-05 11:31:30,43.649073,39.628723,23.57
2026-10-05 11:31:32,43.649013,39.628965,23.18
2026-10-05 11:31:33,43.648953,39.629207,22.79
2026-10-05 11:31:35,43.648893,39.629449,22.39
2026-10-05 11:31:37,43.648832,39.629691,21.99
2026-10-05 11:31:38,43.648772,39.629932,21.59
2026-10-05 11:31:40,43.648712,39.630174,21.19
2026-10-05 11:31:41,43.648652,39.630415,20.81
2026-10-05 11:31:43,43.648592,39.630656,20.43
2026-10-05 11:31:44,43.648531,39.630897,20.06
2026-10-05 11:31:45,43.648471,39.631137,19.71
2026-10-05 11:31:46,43.648411,39.631378,19.38
2026-10-05 11:31:48,43.648351,39.631619,19.07
2026-10-05 11:31:49,43.648291,39.631859,18.79
2026-10-05 11:31:50,43.648231,39.6321,18.53
2026-10-05 11:31:52,43.648171,39.63234,18.3
2026-10-05 11:31:53,43.648112,39.63258,18.1
2026-10-05 11:31:54,43.648052,39.632821,17.93
2026-10-05 11:31:56,43.647993,39.633061,17.8
2026-10-05 11:31:57,43.647934,39.633301,17.71
2026-10-05 11:31:58,43.647874,39.633541,17.66
2026-10-05 11:32:00,43.647815,39.633782,17.64
2026-10-05 11:32:01,43.647756,39.634022,17.67
2026-10-05 11:32:02,43.647698,39.634262,17.74
2026-10-05 11:32:04,43.647639,39.634503,17.86
2026-10-05 11:32:05,43.647581,39.634743,18.01
2026-10-05 11:32:06,43.647523,39.634983,18.22
2026-10-05 11:32:07,43.647465,39.635224,18.46
2026-10-05 11:32:08,43.647407,39.635464,18.76
2026-10-05 11:32:09,43.647349,39.635705,19.09
2026-10-05 11:32:10,43.647291,39.635946,19.47
2026-10-05 11:32:12,43.647234,39.636187,19.9
2026-10-05 11:32:13,43.647177,39.636427,20.37
2026-10-05 11:32:14,43.64712,39.636668,20.87
2026-10-05 11:32:16,43.647063,39.636909,21.42
2026-10-05 11:32:17,43.647006,39.637151,22.01
2026-10-05 11:32:18,43.64695,39.637392,22.63
2026-10-05 11:32:19,43.646893,39.637633,23.29
2026-10-05 11:32:20,43.646837,39.637875,23.98
2026-10-05 11:32:21,43.646781,39.638116,24.7
2026-10-05 11:32:22,43.646725,39.638358,25.45
2026-10-05 11:32:24,43.646669,39.6386,26.23
2026-10-05 11:32:25,43.646614,39.638842,27.03
2026-10-05 11:32:27,43.646558,39.639084,27.85
2026-10-05 11:32:29,43.646503,39.639326,28.69
2026-10-05 11:32:30,43.646448,39.639568,29.55
2026-10-05 11:32:31,43.646393,39.63981,30.42
2026-10-05 11:32:32,43.646338,39.640053,31.29
2026-10-05 11:32:33,43.646283,39.640295,32.18
2026-10-05 11:32:35,43.646228,39.640538,33.07
2026-10-05 11:32:36,43.646173,39.640781,33.96
2026-10-05 11:32:38,43.646118,39.641024,34.85
2026-10-05 11:32:40,43.646064,39.641267,35.73
2026-10-05 11:32:41,43.646009,39.64151,36.61
2026-10-05 11:32:43,43.645955,39.641753,37.48
2026-10-05 11:32:44,43.6459,39.641996,38.34
2026-10-05 11:32:46,43.645846,39.64224,39.18
2026-10-05 11:32:47,43.645792,39.642483,40.01
2026-10-05 11:32:48,43.645737,39.642727,40.81
2026-10-05 11:32:49,43.645683,39.64297,41.6
2026-10-05 11:32:51,43.645629,39.643214,42.37
2026-10-05 11:32:52,43.645575,39.643458,43.11
2026-10-05 11:32:53,43.645521,39.643702,43.82
2026-10-05 11:32:55,43.645467,39.643946,44.51
2026-10-05 11:32:56,43.645412,39.64419,45.18
2026-10-05 11:32:57,43.645358,39.644434,45.81
2026-10-05 11:32:58,43.645304,39.644678,46.42
2026-10-05 11:32:59,43.64525,39.644922,46.99
2026-10-05 11:33:01,43.645196,39.645167,47.54
2026-10-05 11:33:02,43.645142,39.645411,48.05
2026-10-05 11:33:04,43.645088,39.645655,48.54
2026-10-05 11:33:05,43.645034,39.6459,48.99
2026-10-05 11:33:07,43.64498,39.646144,49.42
2026-10-05 11:33:08,43.644926,39.646389,49.82
2026-10-05 11:33:09,43.644871,39.646633,50.19
2026-10-05 11:33:11,43.644817,39.646878,50.54
2026-10-05 11:33:12,43.644763,39.647122,50.86
2026-10-05 11:33:13,43.644709,39.647367,51.15
2026-10-05 11:33:15,43.644655,39.647611,51.43
2026-10-05 11:33:16,43.644601,39.647856,51.68
2026-10-05 11:33:17,43.644546,39.648101,51.91
2026-10-05 11:33:19,43.644492,39.648345,52.13
2026-10-05 11:33:20,43.644438,39.64859,52.33
2026-10-05 11:33:21,43.644384,39.648835,52.52
2026-10-05 11:33:23,43.644329,39.649079,52.69
2026-10-05 11:33:24,43.644275,39.649324,52.86
2026-10-05 11:33:25,43.644221,39.649569,53.01
2026-10-05 11:33:27,43.644166,39.649814,53.17
2026-10-05 11:33:28,43.644112,39.650058,53.31
2026-10-05 11:33:29,43.644058,39.650303,53.46
2026-10-05 11:33:31,43.644003,39.650548,53.61
2026-10-05 11:33:32,43.643949,39.650793,53.76
2026-10-05 11:33:33,43.643894,39.651038,53.91
2026-10-05 11:33:34,43.64384,39.651282,54.07
2026-10-05 11:33:35,43.643786,39.651527,54.24
2026-10-05 11:33:37,43.643731,39.651772,54.42
2026-10-05 11:33:38,43.643677,39.652017,54.61
2026-10-05 11:33:39,43.643622,39.652262,54.81
2026-10-05 11:33:41,43.643568,39.652506,55.02
2026-10-05 11:33:42,43.643513,39.652751,55.25
2026-10-05 11:33:43,43.643459,39.652996,55.49
2026-10-05 11:33:45,43.643404,39.653241,55.75
2026-10-05 11:33:46,43.64335,39.653486,56.02
2026-10-05 11:33:48,43.643295,39.653731,56.31
2026-10-05 11:33:49,43.643241,39.653976,56.61
2026-10-05 11:33:50,43.643186,39.654221,56.94
2026-10-05 11:33:52,43.643132,39.654466,57.28
2026-10-05 11:33:53,43.643077,39.654711,57.63
2026-10-05 11:33:55,43.643023,39.654956,58.0
2026-10-05 11:33:56,43.642968,39.655201,58.38
2026-10-05 11:33:58,43.642914,39.655446,58.78
2026-10-05 11:34:00,43.642859,39.655691,59.19
2026-10-05 11:34:01,43.642805,39.655936,59.61
2026-10-05 11:34:02,43.64275,39.656181,60.04
2026-10-05 11:34:03,43.642695,39.656426,60.47
2026-10-05 11:34:04,43.642641,39.656671,60.91
2026-10-05 11:34:06,43.642586,39.656917,61.36
2026-10-05 11:34:07,43.642531,39.657162,61.8
2026-10-05 11:34:08,43.642477,39.657407,62.25
2026-10-05 11:34:10,43.642422,39.657653,62.69
2026-10-05 11:34:11,43.642367,39.657898,63.13
2026-10-05 11:34:12,43.642312,39.658144,63.56
2026-10-05 11:34:13,43.642257,39.658389,63.98
2026-10-05 11:34:14,43.642202,39.658635,64.39
2026-10-05 11:34:16,43.642147,39.65888,64.78
2026-10-05 11:34:17,43.642092,39.659126,65.16
2026-10-05 11:34:19,43.642037,39.659372,65.51
2026-10-05 11:34:20,43.641982,39.659617,65.85
2026-10-05 11:34:21,43.641927,39.659863,66.15
2026-10-05 11:34:23,43.641872,39.660109,66.43
2026-10-05 11:34:24,43.641817,39.660355,66.69
2026-10-05 11:34:25,43.641761,39.660601,66.9
2026-10-05 11:34:26,43.641706,39.660847,67.09
2026-10-05 11:34:27,43.64165,39.661093,67.24
2026-10-05 11:34:29,43.641595,39.661339,67.35
2026-10-05 11:34:31,43.641539,39.661586,67.42
2026-10-05 11:34:33,43.641483,39.661832,67.45
2026-10-05 11:34:34,43.641428,39.662078,67.44
2026-10-05 11:34:36,43.641372,39.662325,67.39
2026-10-05 11:34:37,43.641316,39.662571,67.29
2026-10-05 11:34:38,43.64126,39.662818,67.15
2026-10-05 11:34:40,43.641204,39.663064,66.96
2026-10-05 11:34:41,43.641147,39.663311,66.73
2026-10-05 11:34:43,43.641091,39.663557,66.44
2026-10-05 11:34:44,43.641035,39.663804,66.12
2026-10-05 11:34:46,43.640978,39.664051,65.75
2026-10-05 11:34:47,43.640922,39.664298,65.33
2026-10-05 11:34:48,43.640865,39.664545,64.86
2026-10-05 11:34:49,43.640808,39.664791,64.36
2026-10-05 11:34:51,43.640751,39.665038,63.81
2026-10-05 11:34:52,43.640695,39.665285,63.22
2026-10-05 11:34:54,43.640638,39.665532,62.59
2026-10-05 11:34:55,43.64058,39.665779,61.92
2026-10-05 11:34:56,43.640523,39.666026,61.22
2026-10-05 11:34:58,43.640466,39.666273,60.48
2026-10-05 11:34:59,43.640409,39.666521,59.72
2026-10-05 11:35:00,43.640351,39.666768,58.92
2026-10-05 11:35:02,43.640294,39.667015,58.1
2026-10-05 11:35:03,43.640236,39.667262,57.25
2026-10-05 11:35:05,43.640179,39.667509,56.38
2026-10-05 11:35:06,43.640121,39.667756,55.49
2026-10-05 11:35:08,43.640063,39.668003,54.59
2026-10-05 11:35:09,43.640005,39.66825,53.67
2026-10-05 11:35:11,43.639948,39.668497,52.75
2026-10-05 11:35:12,43.63989,39.668744,51.82
2026-10-05 11:35:14,43.639832,39.668992,50.89
2026-10-05 11:35:16,43.639774,39.669239,49.95
2026-10-05 11:35:17,43.639716,39.669486,49.02
2026-10-05 11:35:18,43.639658,39.669732,48.1
2026-10-05 11:35:19,43.6396,39.669979,47.18
2026-10-05 11:35:20,43.639542,39.670226,46.28
2026-10-05 11:35:22,43.639484,39.670473,45.39
2026-10-05 11:35:23,43.639425,39.67072,44.52
2026-10-05 11:35:24,43.639367,39.670967,43.67
2026-10-05 11:35:26,43.639309,39.671213,42.84
2026-10-05 11:35:27,43.639251,39.67146,42.04
2026-10-05 11:35:28,43.639193,39.671706,41.27
2026-10-05 11:35:29,43.639135,39.671953,40.52
2026-10-05 11:35:31,43.639077,39.672199,39.8
2026-10-05 11:35:32,43.639019,39.672445,39.12
2026-10-05 11:35:33,43.638961,39.672691,38.47
2026-10-05 11:35:34,43.638903,39.672937,37.85
2026-10-05 11:35:36,43.638845,39.673183,37.27
2026-10-05 11:35:37,43.638788,39.673429,36.73
2026-10-05 11:35:39,43.63873,39.673675,36.23
2026-10-05 11:35:40,43.638672,39.67392,35.76
2026-10-05 11:35:41,43.638615,39.674166,35.33
2026-10-05 11:35:43,43.638557,39.674411,34.94
2026-10-05 11:35:44,43.6385,39.674657,34.59
2026-10-05 11:35:45,43.638443,39.674902,34.27
2026-10-05 11:35:46,43.638386,39.675147,34.0
2026-10-05 11:35:48,43.638329,39.675392,33.75
2026-10-05 11:35:49,43.638272,39.675636,33.55
2026-10-05 11:35:51,43.638215,39.675881,33.37
2026-10-05 11:35:52,43.638158,39.676125,33.23
2026-10-05 11:35:54,43.638102,39.67637,33.12
2026-10-05 11:35:55,43.638045,39.676614,33.04
2026-10-05 11:35:57,43.637989,39.676858,32.98
2026-10-05 11:35:58,43.637933,39.677102,32.95
2026-10-05 11:35:59,43.637877,39.677345,32.94
2026-10-05 11:36:01,43.637821,39.677589,32.96
2026-10-05 11:36:02,43.637765,39.677832,32.99
2026-10-05 11:36:04,43.637709,39.678075,33.04
2026-10-05 11:36:05,43.637654,39.678318,33.1
2026-10-05 11:36:07,43.637599,39.678561,33.17
2026-10-05 11:36:08,43.637544,39.678804,33.26
2026-10-05 11:36:10,43.637489,39.679047,33.35
2026-10-05 11:36:11,43.637434,39.679289,33.44
2026-10-05 11:36:12,43.637379,39.679531,33.54
2026-10-05 11:36:13,43.637325,39.679774,33.64
2026-10-05 11:36:15,43.63727,39.680016,33.74
2026-10-05 11:36:16,43.637216,39.680257,33.83
2026-10-05 11:36:17,43.637162,39.680499,33.91
2026-10-05 11:36:19,43.637108,39.680741,33.99
2026-10-05 11:36:21,43.637054,39.680982,34.05
2026-10-05 11:36:22,43.637001,39.681223,34.11
2026-10-05 11:36:24,43.636947,39.681464,34.15
2026-10-05 11:36:25,43.636894,39.681705,34.18
2026-10-05 11:36:26,43.636841,39.681946,34.19
2026-10-05 11:36:27,43.636788,39.682187,34.18
2026-10-05 11:36:29,43.636735,39.682428,34.16
2026-10-05 11:36:30,43.636682,39.682668,34.11
2026-10-05 11:36:31,43.636629,39.682909,34.05
2026-10-05 11:36:32,43.636577,39.683149,33.97
2026-10-05 11:36:34,43.636524,39.683389,33.87
2026-10-05 11:36:35,43.636472,39.683629,33.75
2026-10-05 11:36:37,43.63642,39.683869,33.61
2026-10-05 11:36:38,43.636368,39.684109,33.45
2026-10-05 11:36:39,43.636316,39.684349,33.27
2026-10-05 11:36:41,43.636264,39.684589,33.08
2026-10-05 11:36:43,43.636212,39.684829,32.87
2026-10-05 11:36:44,43.636161,39.685068,32.64
2026-10-05 11:36:45,43.636109,39.685308,32.4
2026-10-05 11:36:46,43.636057,39.685547,32.14
2026-10-05 11:36:47,43.636006,39.685787,31.88
2026-10-05 11:36:49,43.635955,39.686026,31.61
2026-10-05 11:36:50,43.635903,39.686266,31.32
2026-10-05 11:36:51,43.635852,39.686505,31.03
2026-10-05 11:36:53,43.6358,39.686745,30.74
2026-10-05 11:36:54,43.635749,39.686984,30.45
2026-10-05 11:36:55,43.635698,39.687224,30.15
2026-10-05 11:36:57,43.635647,39.687463,29.86
2026-10-05 11:36:58,43.635595,39.687703,29.57
2026-10-05 11:36:59,43.635544,39.687942,29.29
2026-10-05 11:37:01,43.635493,39.688182,29.02
2026-10-05 11:37:02,43.635442,39.688421,28.76
2026-10-05 11:37:04,43.635391,39.688661,28.51
2026-10-05 11:37:05,43.635339,39.6889,28.28
2026-10-05 11:37:06,43.635288,39.68914,28.06
2026-10-05 11:37:07,43.635237,39.68938,27.86
2026-10-05 11:37:09,43.635185,39.68962,27.68
2026-10-05 11:37:10,43.635134,39.68986,27.53
2026-10-05 11:37:11,43.635082,39.6901,27.39
2026-10-05 11:37:12,43.635031,39.69034,27.29
2026-10-05 11:37:14,43.634979,39.69058,27.21
2026-10-05 11:37:15,43.634927,39.690821,27.15
2026-10-05 11:37:16,43.634875,39.691061,27.13
2026-10-05 11:37:17,43.634823,39.691302,27.13
2026-10-05 11:37:19,43.634771,39.691543,27.17
2026-10-05 11:37:20,43.634719,39.691784,27.23
2026-10-05 11:37:21,43.634667,39.692025,27.32
2026-10-05 11:37:22,43.634615,39.692266,27.45
2026-10-05 11:37:23,43.634562,39.692507,27.6
2026-10-05 11:37:25,43.63451,39.692749,27.79
2026-10-05 11:37:26,43.634457,39.692991,28.0
2026-10-05 11:37:27,43.634404,39.693232,28.24
2026-10-05 11:37:28,43.634352,39.693475,28.51
2026-10-05 11:37:30,43.634298,39.693717,28.8
2026-10-05 11:37:31,43.634245,39.693959,29.12
2026-10-05 11:37:33,43.634192,39.694202,29.46
2026-10-05 11:37:34,43.634139,39.694445,29.82
2026-10-05 11:37:36,43.634085,39.694688,30.2
2026-10-05 11:37:37,43.634031,39.694931,30.6
2026-10-05 11:37:39,43.633977,39.695174,31.02
2026-10-05 11:37:40,43.633923,39.695418,31.44
2026-10-05 11:37:41,43.633869,39.695662,31.88
2026-10-05 11:37:43,43.633815,39.695906,32.32
2026-10-05 11:37:44,43.63376,39.69615,32.77
2026-10-05 11:37:45,43.633705,39.696395,33.22
2026-10-05 11:37:47,43.633651,39.696639,33.67
2026-10-05 11:37:48,43.633596,39.696884,34.12
2026-10-05 11:37:50,43.633541,39.697129,34.56
2026-10-05 11:37:51,43.633431,39.697318,35.77
2026-10-05 11:37:52,43.633277,39.697463,37.57
2026-10-05 11:37:54,43.633124,39.697609,39.36
2026-10-05 11:37:55,43.63297,39.697754,41.14
2026-10-05 11:37:56,43.632816,39.6979,42.89
2026-10-05 11:37:58,43.632662,39.698046,44.62
2026-10-05 11:37:59,43.632508,39.698192,46.33
2026-10-05 11:38:00,43.632354,39.698338,48.0
2026-10-05 11:38:01,43.6322,39.698485,49.65
2026-10-05 11:38:03,43.632045,39.698631,51.26
2026-10-05 11:38:05,43.631891,39.698778,52.85
2026-10-05 11:38:06,43.631736,39.698925,54.39
2026-10-05 11:38:07,43.631581,39.699073,55.89
2026-10-05 11:38:09,43.631426,39.69922,57.36
2026-10-05 11:38:10,43.631271,39.699368,58.79
2026-10-05 11:38:11,43.631115,39.699515,60.17
2026-10-05 11:38:12,43.63096,39.699663,61.51
2026-10-05 11:38:13,43.630805,39.699811,62.81
2026-10-05 11:38:15,43.630649,39.699959,64.06
2026-10-05 11:38:17,43.630493,39.700108,65.27
2026-10-05 11:38:18,43.630338,39.700256,66.43
2026-10-05 11:38:20,43.630182,39.700405,67.55
2026-10-05 11:38:22,43.630026,39.700553,68.63
2026-10-05 11:38:23,43.62987,39.700702,69.66
2026-10-05 11:38:24,43.629714,39.700851,70.65
2026-10-05 11:38:25,43.629558,39.701,71.59
2026-10-05 11:38:27,43.629401,39.701149,72.5
2026-10-05 11:38:28,43.629245,39.701298,73.37
2026-10-05 11:38:29,43.629089,39.701447,74.2
2026-10-05 11:38:31,43.628932,39.701596,74.99
2026-10-05 11:38:32,43.628776,39.701746,75.75
2026-10-05 11:38:34,43.628619,39.701895,76.49
2026-10-05 11:38:35,43.628463,39.702044,77.19
2026-10-05 11:38:37,43.628306,39.702194,77.86
2026-10-05 11:38:38,43.62815,39.702343,78.51
2026-10-05 11:38:39,43.627993,39.702492,79.14
2026-10-05 11:38:41,43.627837,39.702642,79.75
2026-10-05 11:38:43,43.62768,39.702791,80.34
2026-10-05 11:38:44,43.627523,39.702941,80.92
2026-10-05 11:38:45,43.627367,39.70309,81.49
2026-10-05 11:38:46,43.62721,39.703239,82.05
2026-10-05 11:38:48,43.627053,39.703388,82.61
2026-10-05 11:38:49,43.626897,39.703538,83.17
2026-10-05 11:38:50,43.62674,39.703687,83.72
2026-10-05 11:38:51,43.626584,39.703836,84.29
2026-10-05 11:38:52,43.626427,39.703985,84.85
2026-10-05 11:38:54,43.626271,39.704134,85.43
2026-10-05 11:38:55,43.626114,39.704282,86.02
2026-10-05 11:38:56,43.625958,39.704431,86.63
2026-10-05 11:38:57,43.625801,39.70458,87.25
2026-10-05 11:38:59,43.625645,39.704728,87.89
2026-10-05 11:39:00,43.625489,39.704877,88.55
2026-10-05 11:39:02,43.625333,39.705025,89.24
2026-10-05 11:39:03,43.625177,39.705173,89.95
2026-10-05 11:39:05,43.62502,39.705321,90.69
2026-10-05 11:39:06,43.624864,39.705469,91.46
2026-10-05 11:39:07,43.624708,39.705617,92.25
2026-10-05 11:39:08,43.624553,39.705764,93.08
2026-10-05 11:39:09,43.624397,39.705911,93.94
2026-10-05 11:39:11,43.624241,39.706059,94.83
2026-10-05 11:39:12,43.624085,39.706206,95.75
2026-10-05 11:39:13,43.62393,39.706353,96.71
2026-10-05 11:39:15,43.623774,39.706499,97.7
2026-10-05 11:39:16,43.623619,39.706646,98.72
2026-10-05 11:39:17,43.623463,39.706792,99.77
2026-10-05 11:39:18,43.623308,39.706938,100.86
2026-10-05 11:39:19,43.623153,39.707085,101.98
2026-10-05 11:39:21,43.622998,39.70723,103.13
2026-10-05 11:39:23,43.622843,39.707376,104.31
2026-10-05 11:39:24,43.622688,39.707521,105.51
2026-10-05 11:39:26,43.622533,39.707667,106.74
2026-10-05 11:39:27,43.622379,39.707812,108.0
2026-10-05 11:39:29,43.622224,39.707957,109.29
2026-10-05 11:39:31,43.62207,39.708102,110.59
2026-10-05 11:39:32,43.621915,39.708246,111.91
2026-10-05 11:39:33,43.621761,39.708391,113.26
2026-10-05 11:39:35,43.621607,39.708535,114.62
2026-10-05 11:39:36,43.621452,39.708679,115.99
2026-10-05 11:39:37,43.621298,39.708823,117.37
2026-10-05 11:39:38,43.621144,39.708967,118.77
2026-10-05 11:39:39,43.620991,39.70911,120.17
2026-10-05 11:39:40,43.620837,39.709254,121.58
2026-10-05 11:39:42,43.620683,39.709397,123.0
2026-10-05 11:39:44,43.620529,39.70954,124.41
2026-10-05 11:39:45,43.620376,39.709683,125.83
2026-10-05 11:39:46,43.620223,39.709826,127.24
2026-10-05 11:39:47,43.620069,39.709968,128.65
2026-10-05 11:39:48,43.619912,39.7101,129.73
2026-10-05 11:39:49,43.619734,39.710167,128.94
2026-10-05 11:39:50,43.619555,39.710234,128.15
2026-10-05 11:39:52,43.619377,39.710301,127.35
2026-10-05 11:39:53,43.619199,39.710368,126.53
2026-10-05 11:39:54,43.61902,39.710434,125.71
2026-10-05 11:39:56,43.618842,39.710501,124.87
2026-10-05 11:39:57,43.618664,39.710567,124.02
2026-10-05 11:39:58,43.618486,39.710634,123.15
2026-10-05 11:39:59,43.618308,39.7107,122.27
2026-10-05 11:40:00,43.61813,39.710766,121.37
2026-10-05 11:40:02,43.617952,39.710833,120.46
2026-10-05 11:40:03,43.617775,39.710899,119.53
2026-10-05 11:40:04,43.617597,39.710965,118.59
2026-10-05 11:40:06,43.617419,39.711031,117.64
2026-10-05 11:40:07,43.617242,39.711097,116.67
2026-10-05 11:40:08,43.617064,39.711163,115.69
2026-10-05 11:40:09,43.616886,39.711229,114.7
2026-10-05 11:40:11,43.616709,39.711295,113.7
2026-10-05 11:40:12,43.616531,39.711361,112.69
2026-10-05 11:40:13,43.616354,39.711427,111.68
2026-10-05 11:40:14,43.616177,39.711493,110.66
2026-10-05 11:40:15,43.615999,39.711559,109.64
2026-10-05 11:40:17,43.615822,39.711625,108.61
2026-10-05 11:40:18,43.615645,39.711691,107.59
2026-10-05 11:40:19,43.615467,39.711757,106.57
2026-10-05 11:40:21,43.61529,39.711823,105.56
2026-10-05 11:40:22,43.615113,39.711889,104.55
2026-10-05 11:40:23,43.614935,39.711956,103.55
2026-10-05 11:40:25,43.614758,39.712022,102.57
2026-10-05 11:40:26,43.614581,39.712088,101.6
2026-10-05 11:40:28,43.614404,39.712154,100.65
2026-10-05 11:40:29,43.614226,39.712221,99.72
2026-10-05 11:40:30,43.614049,39.712287,98.8
2026-10-05 11:40:31,43.613872,39.712354,97.92
2026-10-05 11:40:32,43.613695,39.71242,97.06
2026-10-05 11:40:33,43.613517,39.712487,96.23
2026-10-05 11:40:34,43.61334,39.712554,95.43
2026-10-05 11:40:36,43.613163,39.712621,94.66
2026-10-05 11:40:37,43.612985,39.712688,93.93
2026-10-05 11:40:39,43.612808,39.712755,93.23
2026-10-05 11:40:40,43.612631,39.712822,92.57
2026-10-05 11:40:41,43.612453,39.712889,91.96
2026-10-05 11:40:42,43.612276,39.712956,91.38
2026-10-05 11:40:44,43.612099,39.713024,90.84
2026-10-05 11:40:45,43.611921,39.713091,90.35
2026-10-05 11:40:46,43.611744,39.713159,89.89
2026-10-05 11:40:48,43.611566,39.713226,89.49
2026-10-05 11:40:49,43.611389,39.713294,89.12
2026-10-05 11:40:50,43.611211,39.713362,88.8
2026-10-05 11:40:52,43.611034,39.71343,88.53
2026-10-05 11:40:53,43.610856,39.713498,88.29
2026-10-05 11:40:54,43.610679,39.713566,88.1
2026-10-05 11:40:56,43.610501,39.713634,87.95
2026-10-05 11:40:57,43.610323,39.713703,87.84
2026-10-05 11:40:58,43.610146,39.713771,87.78
2026-10-05 11:40:59,43.609968,39.713839,87.75
2026-10-05 11:41:00,43.60979,39.713908,87.75
2026-10-05 11:41:02,43.609612,39.713977,87.79
2026-10-05 11:41:03,43.609434,39.714045,87.87
2026-10-05 11:41:05,43.609256,39.714114,87.97
2026-10-05 11:41:06,43.609079,39.714183,88.1
2026-10-05 11:41:07,43.608901,39.714252,88.26
2026-10-05 11:41:09,43.608723,39.714321,88.44
2026-10-05 11:41:10,43.608545,39.71439,88.64
2026-10-05 11:41:12,43.608367,39.714459,88.86
2026-10-05 11:41:13,43.608189,39.714528,89.1
2026-10-05 11:41:15,43.60801,39.714598,89.34
2026-10-05 11:41:16,43.607832,39.714667,89.59
2026-10-05 11:41:18,43.607654,39.714736,89.85
2026-10-05 11:41:19,43.607476,39.714806,90.12
2026-10-05 11:41:21,43.607298,39.714875,90.38
2026-10-05 11:41:22,43.607119,39.714944,90.64
2026-10-05 11:41:23,43.606941,39.715014,90.89
2026-10-05 11:41:25,43.606763,39.715083,91.13
2026-10-05 11:41:26,43.606584,39.715153,91.36
2026-10-05 11:41:27,43.606406,39.715223,91.57
2026-10-05 11:41:28,43.606228,39.715292,91.77
2026-10-05 11:41:30,43.606049,39.715362,91.94
2026-10-05 11:41:31,43.605871,39.715431,92.09
2026-10-05 11:41:32,43.605692,39.715501,92.21
2026-10-05 11:41:33,43.605514,39.715571,92.31
2026-10-05 11:41:35,43.605335,39.71564,92.38
2026-10-05 11:41:36,43.605157,39.71571,92.41
2026-10-05 11:41:38,43.604978,39.71578,92.41
2026-10-05 11:41:39,43.6048,39.715849,92.37
2026-10-05 11:41:40,43.604621,39.715919,92.3
2026-10-05 11:41:41,43.604442,39.715989,92.19
2026-10-05 11:41:43,43.604264,39.716058,92.04
2026-10-05 11:41:44,43.604085,39.716128,91.85
2026-10-05 11:41:45,43.603906,39.716198,91.62
2026-10-05 11:41:47,43.603728,39.716267,91.35
2026-10-05 11:41:48,43.603549,39.716337,91.04
2026-10-05 11:41:50,43.60337,39.716406,90.69
2026-10-05 11:41:51,43.603191,39.716476,90.29
2026-10-05 11:41:53,43.603013,39.716546,89.86
2026-10-05 11:41:54,43.602834,39.716615,89.39
2026-10-05 11:41:56,43.602655,39.716685,88.88
2026-10-05 11:41:57,43.602476,39.716754,88.34
2026-10-05 11:41:58,43.602298,39.716823,87.76
2026-10-05 11:41:59,43.602119,39.716893,87.14
2026-10-05 11:42:01,43.60194,39.716962,86.5
2026-10-05 11:42:03,43.601761,39.717032,85.82
2026-10-05 11:42:04,43.601582,39.717101,85.12
2026-10-05 11:42:06,43.601404,39.71717,84.38
2026-10-05 11:42:07,43.601225,39.71724,83.63
2026-10-05 11:42:09,43.601046,39.717309,82.85
2026-10-05 11:42:10,43.600867,39.717378,82.05
2026-10-05 11:42:11,43.600688,39.717447,81.24
2026-10-05 11:42:12,43.60051,39.717517,80.41
2026-10-05 11:42:14,43.600331,39.717586,79.56
2026-10-05 11:42:15,43.600152,39.717655,78.71
2026-10-05 11:42:17,43.599973,39.717724,77.85
2026-10-05 11:42:19,43.599794,39.717793,76.99
2026-10-05 11:42:20,43.599615,39.717862,76.12
2026-10-05 11:42:21,43.599437,39.717932,75.25
2026-10-05 11:42:22,43.599258,39.718001,74.39
2026-10-05 11:42:24,43.599079,39.71807,73.52
2026-10-05 11:42:25,43.5989,39.718139,72.67
2026-10-05 11:42:27,43.598721,39.718208,71.82
2026-10-05 11:42:28,43.598543,39.718277,70.99
2026-10-05 11:42:29,43.598364,39.718346,70.16
2026-10-05 11:42:30,43.598185,39.718415,69.35
2026-10-05 11:42:31,43.598006,39.718484,68.56
2026-10-05 11:42:32,43.597828,39.718552,67.78
2026-10-05 11:42:34,43.597649,39.718621,67.02
2026-10-05 11:42:35,43.59747,39.71869,66.27
2026-10-05 11:42:37,43.597291,39.718759,65.55
2026-10-05 11:42:39,43.597112,39.718828,64.85
2026-10-05 11:42:40,43.596934,39.718897,64.16
2026-10-05 11:42:42,43.596755,39.718966,63.5
2026-10-05 11:42:43,43.596576,39.719035,62.86
2026-10-05 11:42:44,43.596397,39.719104,62.23
2026-10-05 11:42:45,43.596219,39.719172,61.63
2026-10-05 11:42:46,43.59604,39.719241,61.05
2026-10-05 11:42:48,43.595861,39.71931,60.48
2026-10-05 11:42:50,43.595683,39.719379,59.94
2026-10-05 11:42:51,43.595504,39.719448,59.41
2026-10-05 11:42:52,43.595325,39.719516,58.89
2026-10-05 11:42:54,43.595146,39.719585,58.39
2026-10-05 11:42:55,43.594968,39.719654,57.91
2026-10-05 11:42:57,43.594789,39.719723,57.43
2026-10-05 11:42:58,43.59461,39.719792,56.96
2026-10-05 11:42:59,43.594431,39.71986,56.5
2026-10-05 11:43:01,43.594253,39.719929,56.05
2026-10-05 11:43:02,43.594074,39.719998,55.6
2026-10-05 11:43:03,43.593895,39.720067,55.15
2026-10-05 11:43:05,43.593717,39.720135,54.7
2026-10-05 11:43:06,43.593538,39.720204,54.25
2026-10-05 11:43:08,43.593359,39.720273,53.79
2026-10-05 11:43:09,43.593181,39.720342,53.33
2026-10-05 11:43:10,43.593002,39.720411,52.86
2026-10-05 11:43:11,43.592823,39.720479,52.37
2026-10-05 11:43:13,43.592644,39.720548,51.88
2026-10-05 11:43:14,43.592466,39.720617,51.37
2026-10-05 11:43:15,43.592287,39.720686,50.84
2026-10-05 11:43:16,43.592108,39.720754,50.29
2026-10-05 11:43:18,43.59193,39.720823,49.73
2026-10-05 11:43:19,43.591751,39.720892,49.14
2026-10-05 11:43:20,43.591572,39.720961,48.53
2026-10-05 11:43:21,43.591394,39.721029,47.89
2026-10-05 11:43:23,43.591215,39.721098,47.23
2026-10-05 11:43:24,43.591036,39.721167,46.55
2026-10-05 11:43:26,43.590858,39.721235,45.83
2026-10-05 11:43:28,43.590679,39.721304,45.09
2026-10-05 11:43:29,43.5905,39.721373,44.32
2026-10-05 11:43:30,43.590322,39.721442,43.53
2026-10-05 11:43:31,43.590143,39.72151,42.7
2026-10-05 11:43:33,43.589964,39.721579,41.85
2026-10-05 11:43:34,43.589786,39.721648,40.97
2026-10-05 11:43:36,43.589607,39.721717,40.07
2026-10-05 11:43:37,43.589429,39.721785,39.14
2026-10-05 11:43:38,43.58925,39.721854,38.18
2026-10-05 11:43:39,43.589071,39.721923,37.2
2026-10-05 11:43:40,43.588893,39.721992,36.2
2026-10-05 11:43:42,43.588714,39.72206,35.18
2026-10-05 11:43:43,43.588535,39.722129,34.13
2026-10-05 11:43:44,43.588357,39.722198,33.07
2026-10-05 11:43:45,43.588178,39.722267,32.0
2026-10-05 11:43:46,43.588,39.722336,30.91
2026-10-05 11:43:48,43.587821,39.722404,29.82
2026-10-05 11:43:49,43.587643,39.722473,28.71
2026-10-05 11:43:51,43.587464,39.722542,27.6
2026-10-05 11:43:52,43.587285,39.722611,26.48
2026-10-05 11:43:53,43.587107,39.72268,25.37
2026-10-05 11:43:55,43.586928,39.722749,24.26
2026-10-05 11:43:56,43.58675,39.722818,23.15
2026-10-05 11:43:57,43.586571,39.722886,22.05
2026-10-05 11:43:59,43.586393,39.722955,20.96
2026-10-05 11:44:00,43.586214,39.723024,19.88
2026-10-05 11:44:01,43.586036,39.723093,18.82
2026-10-05 11:44:02,43.585857,39.723162,17.78
2026-10-05 11:44:03,43.585679,39.723231,16.76
2026-10-05 11:44:05,43.5855,39.7233,15.77
